实际房价,预测房价,残差
4.526,4.131649827076732,0.3943501729232679
3.585,3.9766064387043327,-0.39160643870433276
3.521,3.6765709410685212,-0.15557094106852132
3.413,3.241598495832279,0.17140150416772082
3.422,2.4135874350223805,1.0084125649776197
2.697,2.675277017208004,0.021722982791996248
2.992,2.3953942948530056,0.5966057051469944
2.414,2.2466875187848383,0.16731248121516185
2.267,1.7916266674670212,0.47537333253297875
2.611,2.42832807238549,0.18267192761451012
2.815,2.2207706646963556,0.5942293353036443
2.418,2.288801325803983,0.12919867419601694
2.135,2.1373228456383018,-0.0023228456383019846
1.913,2.1673205732048815,-0.25432057320488144
1.592,1.744236066796124,-0.152236066796124
1.4,1.8581610556342727,-0.4581610556342728
1.525,1.9683863539976596,-0.4433863539976597
1.555,1.8340113730142633,-0.2790113730142634
1.587,1.6945958067017302,-0.10759580670173019
1.629,1.971253054050343,-0.342253054050343
1.475,1.4282221417264245,0.04677785827357561
1.598,1.536823578644215,0.06117642135578505
1.139,1.6585669650888903,-0.5195669650888903
0.997,1.7845936375685565,-0.7875936375685565
1.326,1.9589687680945214,-0.6329687680945213
1.075,1.8531657271418385,-0.7781657271418385
0.938,1.9192681933151308,-0.9812681933151308
1.055,1.6799525572455511,-0.6249525572455512
1.089,1.6219271828620492,-0.5329271828620492
1.32,1.6253602780558432,-0.3053602780558431
1.223,1.7586685183568775,-0.5356685183568775
1.152,1.7600664409255011,-0.6080664409255012
1.104,1.637292913583534,-0.5332929135835338
1.049,1.476622706361116,-0.427622706361116
1.097,2.0645838541893093,-0.9675838541893094
0.972,1.543756811033136,-0.5717568110331359
1.045,1.3950467177564336,-0.3500467177564337
1.039,1.5684454446360196,-0.5294454446360197
1.914,2.420922732501172,-0.5069227325011723
1.76,2.1397152127406995,-0.3797152127406995
1.554,1.8692107675481355,-0.3152107675481355
1.5,1.6782106538016417,-0.1782106538016417
1.188,1.4226303676922138,-0.2346303676922139
1.888,2.5934195508292905,-0.7054195508292906
1.844,2.195101640236075,-0.35110164023607493
1.823,2.1370224947630936,-0.31402249476309363
1.425,1.8759140769901668,-0.4509140769901667
1.375,1.7730394833562775,-0.3980394833562775
1.875,1.3960986147437908,0.4789013852562092
1.125,1.793001892575694,-0.6680018925756941
1.719,1.2909976108877024,0.4280023891122977
0.938,1.5307735987746134,-0.5927735987746134
0.975,1.3899269149231461,-0.41492691492314615
1.042,1.5698192607619919,-0.5278192607619918
0.875,1.547471180971896,-0.672471180971896
0.831,1.6025808304004983,-0.7715808304004983
0.875,1.59723669699003,-0.72223669699003
0.853,1.320360921771453,-0.46736092177145294
0.803,1.4947438870583576,-0.6917438870583575
0.6,1.5810762974565526,-0.9810762974565527
0.757,2.2998368164314575,-1.5428368164314574
0.75,3.5637404258734025,-2.8137404258734025
0.861,1.4530102992055345,-0.5920102992055345
0.761,1.4008341605325718,-0.6398341605325718
0.735,2.0566899514038064,-1.3216899514038065
0.784,1.3960357972382111,-0.6120357972382111
0.844,1.2792810383120292,-0.43528103831202924
0.813,2.2055487695639497,-1.3925487695639498
0.85,1.6635437042072014,-0.8135437042072015
1.292,1.2963266035363685,-0.00432660353636849
0.825,1.3937755200247137,-0.5687755200247138
0.952,1.3362011750598701,-0.38420117505987017
0.75,1.7450857321341737,-0.9950857321341737
0.675,1.0920389308212934,-0.4170389308212934
1.375,1.6355659623932999,-0.2605659623932999
1.775,1.1913323184093105,0.5836676815906894
1.021,1.752250156136501,-0.731250156136501
1.083,1.0404239704424616,0.042576029557538364
1.125,0.9819969510490587,0.1430030489509413
1.313,1.7507510473228765,-0.4377510473228765
1.625,1.3675046373144188,0.25749536268558115
1.125,1.4858369640055562,-0.3608369640055562
1.125,1.7056004478615139,-0.5806004478615139
1.375,1.5092416387712402,-0.13424163877124018
1.188,1.4686483277822668,-0.2806483277822669
0.982,1.8696960438505499,-0.8876960438505499
1.188,1.5692026556469827,-0.38120265564698275
1.625,1.0696736062965715,0.5553263937034285
1.375,1.1724128768431035,0.20258712315689653
5.00001,1.5523747063029223,3.4476352936970773
1.625,1.717998077642434,-0.09299807764243395
1.375,1.4669598134322785,-0.09195981343227855
1.625,1.3460089128412291,0.27899108715877086
1.875,2.0246446226382515,-0.1496446226382515
1.792,1.8856514004197023,-0.09365140041970221
1.3,1.895497069303858,-0.5954970693038579
1.838,2.0728243759291254,-0.2348243759291253
1.25,1.7557551510983902,-0.5057551510983902
1.7,1.3123991331323173,0.3876008668676827
1.931,2.038601073573242,-0.107601073573242
2.578,1.9228217984145963,0.6551782015854035
2.734,2.1746664496241195,0.5593335503758805
2.375,2.2548324291303308,0.12016757086966923
3.5,2.2158917018459285,1.2841082981540715
3.357,2.1346745757476846,1.2223254242523156
3.134,2.800722100839355,0.3332778991606449
2.685,2.3592802864412263,0.3257197135587737
2.594,2.369253460189274,0.224746539810726
2.757,2.573734500196011,0.18326549980398932
2.25,2.4412567726023893,-0.19125677260238927
2.625,3.0798256549108856,-0.45482565491088556
2.185,1.9785309735874803,0.20646902641251974
2.55,2.0812725082549766,0.46872749174502326
2.241,2.2974821069184768,-0.05648210691847666
2.431,2.320884247625413,0.11011575237458704
2.316,2.257633470757112,0.058366529242887655
2.185,1.9006883864872146,0.28431161351278544
2.341,2.319082042990612,0.021917957009388367
3.276,3.2094902913604075,0.06650970863959227
3.476,2.8666757187257437,0.6093242812742563
3.661,3.1726406573672405,0.4883593426327595
3.35,2.7134750260380502,0.6365249739619498
3.736,3.3807486867061347,0.3552513132938655
3.895,2.9540828918490303,0.9409171081509697
3.911,3.7414457841740836,0.16955421582591645
3.373,2.962334648292082,0.4106653517079182
2.952,3.935939602656925,-0.9839396026569251
2.923,3.2767992702479227,-0.3537992702479227
4.115,3.7280520677649718,0.38694793223502844
3.115,3.091670950363472,0.023329049636528154
3.259,3.585748954773382,-0.32674895477338195
3.926,5.236217606495704,-1.310217606495704
3.193,3.775737344069474,-0.5827373440694741
3.333,3.4940725848441323,-0.16107258484413212
3.352,3.924851205162581,-0.5728512051625811
3.512,3.9929769787867415,-0.4809769787867415
3.689,3.4030181256291354,0.28598187437086464
3.659,4.038173850997488,-0.37917385099748824
3.667,3.538430163231733,0.12856983676826683
3.628,3.219013966548814,0.4089860334511859
4.833,3.1376279852519016,1.6953720147480986
3.314,3.6708327845778457,-0.3568327845778456
3.235,3.513143258266649,-0.278143258266649
2.167,2.1119659553982446,0.055034044601755205
2.331,2.139167934932125,0.19183206506787487
2.964,2.9434968078221777,0.02050319217782226
2.737,3.5754728426267217,-0.8384728426267216
2.277,2.2833267922444787,-0.0063267922444785185
1.996,2.161327645080858,-0.16532764508085807
2.398,2.8103100547681685,-0.4123100547681684
2.701,2.4961908250134988,0.2048091749865013
3.021,3.107386356814687,-0.0863863568146872
2.695,2.311793618521368,0.38320638147863173
3.147,2.771013924005446,0.3759860759945539
3.901,4.128475629834273,-0.22747562983427283
4.103,4.358018287824355,-0.2550182878243552
3.524,3.516169405369408,0.007830594630592103
2.873,3.330315956420242,-0.4573159564202416
3.487,3.806139598517916,-0.31913959851791596
2.438,2.192344737424011,0.24565526257598913
2.115,1.7617573188702689,0.35324268112973134
2.184,2.260071127052548,-0.07607112705254782
2.699,2.431308753319856,0.267691246680144
2.188,2.3341655709403417,-0.14616557094034155
2.25,2.157474521162572,0.09252547883742812
2.5,1.936908888340955,0.5630911116590449
1.714,1.67888190089482,0.035118099105180045
1.938,1.5001143265710772,0.4378856734289227
1.25,1.834815660604845,-0.5848156606048449
0.975,1.7595396076079766,-0.7845396076079766
1.25,2.140143080624437,-0.890143080624437
1.388,1.982301263060213,-0.5943012630602131
1.167,1.9355922972140396,-0.7685922972140395
1.518,1.6187510338184972,-0.10075103381849715
1.27,1.8903718195227481,-0.6203718195227481
1.286,1.8643404665125252,-0.5783404665125251
1.406,1.913178586079202,-0.5071785860792022
1.827,2.1141783095178237,-0.28717830951782375
1.469,1.987611336302551,-0.5186113363025509
1.228,2.204675707596843,-0.9766757075968429
1.693,2.0613803857261663,-0.36838038572616627
1.266,1.754229535320478,-0.48822953532047797
1.279,1.788193748472728,-0.509193748472728
1.235,1.9768804745360955,-0.7418804745360954
1.119,1.972821767172075,-0.8538217671720749
1.128,1.7636756864979017,-0.6356756864979018
1.079,2.152037097411773,-1.0730370974117729
1.375,1.5749224579767747,-0.19992245797677466
1.055,1.853838395294823,-0.798838395294823
0.955,1.9576156212741513,-1.0026156212741513
1.161,2.4594917441722925,-1.2984917441722925
1.122,1.8135644109576547,-0.6915644109576546
0.75,1.8004378781384525,-1.0504378781384525
1.125,1.5836693279680327,-0.4586693279680327
1.25,2.5591448590145687,-1.3091448590145687
1.15,1.5347659244530958,-0.3847659244530959
0.95,1.7391516619849894,-0.7891516619849894
0.964,2.1354299116618054,-1.1714299116618054
0.72,2.1286698327555476,-1.4086698327555476
0.713,2.2275395544050047,-1.5145395544050047
0.808,2.2585750243608786,-1.4505750243608786
1.288,1.6355259955254238,-0.34752599552542374
1.125,1.8298471125509457,-0.7048471125509457
1.194,1.6090267865152594,-0.4150267865152595
1.181,1.7145751606531807,-0.5335751606531807
1.225,1.7817424365454317,-0.5567424365454317
1.063,1.7560086651346423,-0.6930086651346423
1.325,1.7397712019227556,-0.41477120192275563
1.227,1.4249562979860955,-0.19795629798609538
1.133,1.3459895679851763,-0.21298956798517632
1.095,2.334045532596355,-1.2390455325963552
1.647,2.5304586395559676,-0.8834586395559676
1.25,2.2733797708910974,-1.0233797708910974
1.247,2.017770246685875,-0.7707702466858748
1.367,2.003893814750577,-0.6368938147505769
1.417,2.0011779347795766,-0.5841779347795766
1.5,1.9260913000155686,-0.4260913000155686
1.388,2.0704183645863434,-0.6824183645863435
1.392,1.9855042914455556,-0.5935042914455557
1.438,2.0068521512756954,-0.5688521512756954
1.565,2.160545002520348,-0.5955450025203479
1.51,2.0911496040505186,-0.5811496040505186
2.73,2.7754246557125684,-0.045424655712568374
2.171,2.8775345996418746,-0.7065345996418748
1.871,2.344448548804017,-0.4734485488040172
2.396,2.858089299547837,-0.46208929954783695
2.297,2.5776969116129917,-0.2806969116129916
2.573,2.676194574854396,-0.10319457485439587
2.469,2.5498002912931343,-0.08080029129313449
1.799,2.112579051073568,-0.31357905107356787
1.696,2.639554908933662,-0.9435549089336621
2.033,2.4362461726747635,-0.4032461726747636
2.634,2.3854601285948593,0.24853987140514056
2.318,2.672497019931748,-0.3544970199317481
1.405,1.9860976713985747,-0.5810976713985747
1.26,1.819910378804477,-0.559910378804477
1.22,1.993090853858064,-0.7730908538580641
1.347,2.0167508670411447,-0.6697508670411447
1.394,1.9466808725370974,-0.5526808725370975
1.154,2.1132556947459413,-0.9592556947459414
1.373,2.0100622141631765,-0.6370622141631765
1.37,1.6509730003901302,-0.28097300039013007
1.426,2.0060753758940804,-0.5800753758940804
1.375,2.272515701651917,-0.8975157016519169
1.117,1.911750659717045,-0.7947506597170451
1.268,1.6630465904592737,-0.3950465904592737
1.113,2.0892002364557802,-0.9762002364557802
1.148,1.986619604642154,-0.8386196046421541
1.023,1.7108327984495846,-0.6878327984495847
1.319,1.8568844199224512,-0.5378844199224513
1.191,2.1071699275042377,-0.9161699275042376
0.806,1.6572260842333342,-0.8512260842333341
0.806,2.8643110060995105,-2.0583110060995105
0.888,2.018303256465704,-1.1303032564657043
1.024,1.908903080521398,-0.884903080521398
0.987,1.9907589376674237,-1.0037589376674236
1.0,1.994851006311855,-0.994851006311855
0.923,1.6484599135543119,-0.7254599135543118
0.948,1.7547895140824337,-0.8067895140824337
1.02,1.8101370140087618,-0.7901370140087618
1.584,2.35105148561615,-0.7670514856161499
1.216,2.1368458991370414,-0.9208458991370414
1.291,1.9613008139251122,-0.6703008139251123
1.214,2.025983998774265,-0.8119839987742652
1.028,1.858270445959668,-0.8302704459596679
1.6,2.0034870534814164,-0.40348705348141634
1.439,2.2888946249690614,-0.8498946249690613
1.512,2.3363714147321266,-0.8243714147321266
1.644,2.5930326550137655,-0.9490326550137655
1.565,2.1715959906310682,-0.6065959906310683
2.25,2.2858884839305667,-0.03588848393056665
1.742,2.995827921762449,-1.2538279217624488
1.669,2.389516106067583,-0.7205161060675831
1.635,2.7289362016372487,-1.0939362016372487
2.53,2.8336021438827155,-0.30360214388271567
2.407,3.6885793998268026,-1.2815793998268026
2.081,2.4502797629443323,-0.3692797629443323
1.981,2.048339383233974,-0.0673393832339737
1.728,2.040742080536792,-0.3127420805367922
3.367,2.9049969702470255,0.46200302975297447
3.182,3.1751713410530855,0.006828658946914423
2.858,3.2750197548095676,-0.41701975480956754
2.93,3.3288651561550906,-0.39886515615509044
3.71,2.9794971159158727,0.7305028840841272
1.573,2.235730344949382,-0.6627303449493822
1.353,1.928958907920423,-0.575958907920423
1.367,2.288694928512775,-0.9216949285127751
1.607,2.2404242065498465,-0.6334242065498465
1.406,2.4695712487459605,-1.0635712487459605
1.44,2.6319823200870633,-1.1919823200870634
1.619,2.5908577957844603,-0.9718577957844603
1.563,2.8630913305950347,-1.3000913305950348
1.76,2.2145317256301427,-0.45453172563014266
1.458,2.1062705613530213,-0.6482705613530213
1.419,2.2140035876755846,-0.7950035876755845
0.907,1.5074560924493379,-0.6004560924493378
0.906,1.6351781259240121,-0.7291781259240121
1.079,1.7200652850190743,-0.6410652850190743
1.07,1.766724713056717,-0.6967247130567169
0.982,1.829107512309111,-0.847107512309111
0.895,1.709543978104934,-0.814543978104934
0.938,2.616350754609633,-1.6783507546096332
0.967,1.5855159944854706,-0.6185159944854707
0.975,1.733556342931826,-0.7585563429318259
0.973,1.9886023037462128,-1.015602303746213
0.912,1.580920593079662,-0.6689205930796619
0.914,1.565853539167538,-0.6518535391675381
0.962,1.8082017402720343,-0.8462017402720343
1.201,2.2992636183459787,-1.0982636183459786
1.0,1.7329664318187445,-0.7329664318187445
0.947,1.8947505934273867,-0.9477505934273868
0.857,1.609565973384575,-0.7525659733845751
0.893,1.7449533553853627,-0.8519533553853627
1.014,1.9889915670726925,-0.9749915670726925
0.725,1.360645664561799,-0.635645664561799
0.741,1.6923746135124118,-0.9513746135124118
0.7,1.4150845300283785,-0.7150845300283786
0.846,1.4735549441857638,-0.6275549441857639
0.818,1.1431481923535374,-0.3251481923535374
0.814,1.2308664169235393,-0.4168664169235393
0.818,1.0343731542125474,-0.21637315421254744
0.858,1.4965539166712627,-0.6385539166712627
0.871,1.376989322424123,-0.505989322424123
0.835,1.989567658333732,-1.154567658333732
0.797,1.7947498157941826,-0.9977498157941825
0.834,1.8648524096059,-1.0308524096059002
0.847,1.2999753227682103,-0.4529753227682103
0.8,2.1090648353111567,-1.3090648353111567
0.764,1.8812415584593913,-1.1172415584593913
0.797,1.7060030076671178,-0.9090030076671177
0.824,1.8572552608570938,-1.0332552608570937
0.977,1.9341660498129274,-0.9571660498129274
0.972,1.8824931796794917,-0.9104931796794917
1.016,1.922570020823198,-0.9065700208231979
0.865,1.814520650854788,-0.949520650854788
0.905,1.6189189139716402,-0.7139189139716402
1.076,2.1423205705932826,-1.0663205705932826
0.842,1.840858845920588,-0.9988588459205879
0.889,1.7170055402350703,-0.8280055402350703
0.807,2.589856770242003,-1.7828567702420028
0.871,1.443741689609724,-0.5727416896097239
0.851,1.5740448876308812,-0.7230448876308813
0.82,1.8381336445735565,-1.0181336445735565
0.828,1.7346961175220983,-0.9066961175220983
0.846,1.7210630852254305,-0.8750630852254305
0.821,1.4669072812967412,-0.6459072812967412
0.893,1.8591109457785886,-0.9661109457785886
0.983,1.6124625213321913,-0.6294625213321913
0.923,1.8750787370373347,-0.9520787370373347
0.888,1.7706279740724211,-0.8826279740724211
0.9,1.4872007827720035,-0.5872007827720035
0.955,1.9094331306029433,-0.9544331306029433
0.917,1.544647975671973,-0.6276479756719731
1.004,2.203043612801005,-1.1990436128010051
0.948,1.5197826154549807,-0.5717826154549808
1.643,2.6946113638759375,-1.0516113638759375
1.555,1.7654586844813027,-0.21045868448130278
1.969,3.190902271267649,-1.221902271267649
2.791,2.5510985134144524,0.23990148658554755
2.528,2.8986973217617766,-0.3706973217617766
2.754,2.72985711402308,0.02414288597692016
2.5,3.3884625221414013,-0.8884625221414013
3.298,3.7020467169667355,-0.40404671696673544
1.955,2.255541338203498,-0.30054133820349804
2.559,3.436744857027364,-0.877744857027364
3.111,2.47337392799625,0.6376260720037501
3.3,2.649637204841273,0.6503627951587267
2.489,2.7149336292337987,-0.22593362923379878
1.429,1.9423296090360407,-0.5133296090360406
1.263,2.3295071216691574,-1.0665071216691575
1.358,2.187461463505568,-0.8294614635055679
1.306,2.100734629387004,-0.7947346293870039
1.079,1.8133561858499143,-0.7343561858499144
1.111,1.8887197208232727,-0.7777197208232727
1.22,2.2625484410420516,-1.0425484410420516
1.18,2.2585004313659596,-1.0785004313659596
0.952,1.6123390719699995,-0.6603390719699995
0.943,2.353020629255538,-1.4100206292555377
0.925,1.727989422075584,-0.802989422075584
0.918,1.805062340304469,-0.887062340304469
1.094,2.4926347723328,-1.3986347723328
1.295,2.2110700336229603,-0.9160700336229604
1.434,2.6121169362312076,-1.1781169362312076
0.982,2.1472325646210653,-1.1652325646210653
1.031,1.6926830196352463,-0.6616830196352463
2.768,2.200485130295956,0.567514869704044
2.709,3.0297406118283785,-0.32074061182837843
2.462,2.3084671671732506,0.15353283282674957
2.242,2.296408053409676,-0.054408053409675805
2.291,2.254535378219816,0.03646462178018384
2.116,2.138897570131399,-0.022897570131398925
2.561,2.56251515286284,-0.0015151528628400968
2.063,2.151203667776337,-0.08820366777633692
2.213,2.6769365285172486,-0.46393652851724854
2.074,2.7758773368884873,-0.7018773368884874
3.5,1.638065321873442,1.861934678126558
2.182,2.2541418772158206,-0.07214187721582066
2.167,2.554285370706292,-0.3872853707062922
2.706,3.0187944377249583,-0.3127944377249583
2.614,2.969458755020243,-0.35545875502024327
2.613,2.6195249223813883,-0.006524922381388354
2.322,3.006622862796508,-0.6846228627965081
3.754,3.056596091121309,0.697403908878691
3.573,4.043261073180522,-0.47026107318052235
3.744,3.9999609483118093,-0.25596094831180904
3.588,3.2296912751851288,0.3583087248148713
4.175,3.5500965594263354,0.6249034405736644
4.305,4.320559075215839,-0.015559075215839435
3.629,3.714962746716203,-0.08596274671620296
3.97,4.883319244926462,-0.9133192449264622
3.468,2.7514180631604077,0.7165819368395923
3.271,3.101883107806067,0.16911689219393278
2.901,2.7496438993515073,0.15135610064849248
2.92,3.0388354106956657,-0.11883541069566572
2.709,2.5561135676981666,0.15288643230183352
3.711,3.738841819732607,-0.02784181973260713
3.356,2.972275157900966,0.383724842099034
3.713,3.909675046892432,-0.1966750468924321
3.44,3.3094166683265476,0.13058333167345237
3.422,3.457826695067104,-0.03582669506710401
3.709,3.503744455154683,0.20525554484531705
3.5,3.7823106410575567,-0.28231064105755665
3.686,3.5056341874008763,0.18036581259912365
3.918,3.415280270256009,0.5027197297439909
4.153,3.2929594375392433,0.8600405624607563
2.849,2.6669847714219,0.18201522857810026
2.875,2.4465871700731068,0.4284128299268932
2.729,2.201855158034454,0.527144841965546
2.596,2.6235437792707406,-0.027543779270740476
2.545,2.545418799315404,-0.0004187993154038949
2.356,2.4808616459385684,-0.12486164593856852
2.184,2.521057364822334,-0.33705736482233384
2.292,2.163614393384688,0.12838560661531195
1.921,2.156755618284457,-0.2357556182844569
1.793,2.471720891330654,-0.6787208913306542
1.875,1.617350562919157,0.2576494370808431
1.388,1.6532103178738369,-0.265210317873837
1.5,1.4979448017841095,0.002055198215890508
1.406,2.132851598825739,-0.7268515988257389
1.2,2.092767902538868,-0.892767902538868
1.448,2.1129855371197444,-0.6649855371197444
1.448,1.90463808631603,-0.45663808631603
2.455,2.231596854293487,0.22340314570651287
2.0,2.4191261225250518,-0.41912612252505177
1.737,1.8127968342880363,-0.07579683428803619
1.856,2.153535780332194,-0.2975357803321941
1.826,2.56898274561928,-0.7429827456192801
2.279,2.1799339244927065,0.0990660755072934
2.207,1.9520579169106305,0.2549420830893694
2.12,2.136310644181747,-0.01631064418174688
2.714,2.004050271130932,0.7099497288690682
2.688,1.5755896569719048,1.1124103430280954
2.778,1.9225036899277415,0.8554963100722586
3.325,2.7376373733968267,0.5873626266031735
3.389,2.219515597640368,1.1694844023596316
2.875,1.7889873519400292,1.0860126480599708
3.846,3.025034541420494,0.8209654585795061
3.714,1.9707211310713886,1.7432788689286114
3.5,1.454456714371111,2.045543285628889
5.00001,1.545336946591488,3.454673053408512
1.75,1.6301979094399686,0.11980209056003144
2.417,1.5861558509658131,0.8308441490341867
2.167,1.6801620462372064,0.4868379537627934
2.113,2.2067636287179737,-0.09376362871797372
2.102,2.075312086592537,0.026687913407462904
1.964,2.538966261881809,-0.574966261881809
1.917,2.3668239878635378,-0.4498239878635377
1.823,1.9209287271104285,-0.09792872711042855
1.75,2.0507108194524157,-0.30071081945241573
1.659,1.9912858326628702,-0.33228583266287015
1.569,1.8141594062822257,-0.24515940628222577
1.643,2.120078818268151,-0.4770788182681509
1.5,1.9929652069366208,-0.4929652069366208
1.505,1.7736878919941363,-0.26868789199413645
1.699,1.7246468847991652,-0.025646884799165104
1.474,1.7436669636692286,-0.2696669636692286
1.527,1.918477862876278,-0.39147786287627806
1.827,1.9411277883617428,-0.11412778836174287
1.793,2.351531233795648,-0.5585312337956483
1.577,2.028048514028391,-0.4510485140283911
1.531,1.8173365927185425,-0.2863365927185426
2.5,2.1549984283632737,0.3450015716367263
2.063,2.2628518636110257,-0.19985186361102558
2.188,2.0261999309190664,0.1618000690809338
1.982,1.7535291588219413,0.22847084117805871
2.536,1.5808342045779895,0.9551657954220105
2.574,2.1799660872198814,0.39403391278011846
2.895,2.101871846406288,0.7931281535937118
2.417,2.335805119321151,0.08119488067884895
4.896,2.2105542326963747,2.685445767303625
4.462,3.6733964334488705,0.7886035665511293
4.563,2.982300589993553,1.5806994100064466
3.368,1.7355900456478899,1.63240995435211
5.00001,3.972208198992442,1.0278018010075578
5.00001,4.614459284773561,0.38555071522643836
3.769,3.0410940449312376,0.7279059550687625
3.096,2.2784129872243746,0.8175870127756255
1.823,2.0873278893912586,-0.2643278893912586
1.727,1.7588705012829435,-0.03187050128294344
1.508,1.7499561492802118,-0.2419561492802118
1.536,1.5814991537561727,-0.04549915375617264
1.063,1.947769834397433,-0.8847698343974331
1.423,1.4296370133324796,-0.006637013332479569
1.194,2.20498844131676,-1.0109884413167602
1.479,1.4897745158563684,-0.01077451585636835
1.329,1.8667164913828405,-0.5377164913828405
1.325,1.7020655868204828,-0.37706558682048286
1.269,2.156731369793696,-0.8877313697936959
1.438,2.490669997241948,-1.0526699972419482
5.00001,3.9355848551700285,1.064425144829971
5.00001,5.55041419527873,-0.5504041952787304
5.00001,6.192768103915091,-1.1927581039150912
5.00001,5.7264442464016225,-0.7264342464016229
4.661,4.064906233270438,0.5960937667295614
5.00001,5.803052201010672,-0.8030422010106726
4.578,3.1558898061602076,1.4221101938397926
4.716,4.061602175309187,0.6543978246908129
5.00001,4.296992798710152,0.7030172012898479
3.986,3.2858196832995032,0.700180316700497
3.407,3.2741574321433573,0.13284256785664272
2.899,3.026255789363603,-0.12725578936360282
3.353,2.688972160301973,0.664027839698027
3.33,2.883917840849677,0.44608215915032323
2.41,2.0188076912044863,0.3911923087955138
1.896,2.389278251037255,-0.4932782510372551
2.063,2.503707860994375,-0.44070786099437465
2.157,2.198807112438021,-0.041807112438021043
2.102,2.2739418508601656,-0.17194185086016578
2.088,2.408972230160961,-0.32097223016096077
1.979,2.682580727624144,-0.7035807276241437
2.013,2.376123198799893,-0.3631231987998933
1.908,2.2147127011726626,-0.3067127011726627
2.079,2.028320024043369,0.05067997595663121
2.153,2.5423909531894706,-0.3893909531894706
2.129,2.557995545609718,-0.42899554560971787
2.927,2.941281887832851,-0.014281887832850781
2.75,1.767653194885701,0.982346805114299
2.0,1.8600347916617768,0.13996520833822323
1.734,1.9176727763653207,-0.18367277636532076
1.022,1.7290114393111136,-0.7070114393111135
2.208,2.2723184429400467,-0.06431844294004652
2.428,2.4271855249638508,0.0008144750361491759
2.654,2.9788284102624956,-0.32482841026249565
2.19,1.9470039400894732,0.24299605991052675
2.821,2.2001980209662424,0.6208019790337578
3.72,3.1869094238413123,0.5330905761586879
2.258,2.728868386797523,-0.4708683867975232
2.208,2.214741612125306,-0.006741612125305885
2.345,2.405240212866119,-0.0602402128661188
2.542,2.315388463657491,0.22661153634250875
3.518,2.9537688915718885,0.5642311084281113
2.75,2.7608012978505414,-0.010801297850541403
4.054,2.0897546243340583,1.964245375665942
2.281,2.2015486190835225,0.07945138091647763
2.34,2.2358495315111546,0.10415046848884524
1.625,2.0013991874396906,-0.3763991874396906
2.434,2.1922182932714462,0.24178170672855392
2.738,3.0144544191216367,-0.2764544191216367
2.485,2.5898233202381387,-0.10482332023813878
2.44,2.397003611308421,0.04299638869157896
2.409,2.153356842357726,0.25564315764227397
3.063,3.1530083467327144,-0.09000834673271418
2.4,2.532838875551419,-0.13283887555141893
2.471,2.872570334692388,-0.401570334692388
2.866,2.7012397028005855,0.16476029719941465
2.667,2.2576010935832205,0.40939890641677934
2.298,2.475803276952982,-0.17780327695298181
2.293,2.7669677926405347,-0.47396779264053457
2.284,2.470169343542759,-0.18616934354275916
2.062,2.5236046997821915,-0.46160469978219165
3.507,3.5609589897695537,-0.0539589897695536
2.31,2.1942911675308867,0.11570883246911334
2.529,2.476557306749004,0.05244269325099582
3.539,2.316604440321183,1.2223955596788172
2.917,2.7355522789580586,0.18144772104194118
1.0,2.203296299714391,-1.203296299714391
3.416,3.3247450995835846,0.09125490041641537
4.125,3.1423096597593085,0.9826903402406915
2.486,2.531041567847326,-0.045041567847325936
2.549,2.893398536262645,-0.34439853626264494
2.415,2.7121159231819725,-0.29711592318197244
2.952,2.755722241668065,0.19627775833193484
3.404,3.0515694332716596,0.3524305667283403
2.747,2.8752249026322505,-0.12822490263225061
2.386,2.8860958250146167,-0.5000958250146166
2.664,2.685187421410151,-0.021187421410151064
3.302,2.916777571996508,0.38522242800349193
2.068,2.632611978460022,-0.5646119784600221
2.092,2.501575237819658,-0.409575237819658
1.958,2.247263904920971,-0.28926390492097087
2.535,2.7481731801778824,-0.21317318017788223
2.418,2.3866402074340494,0.031359792565950784
2.525,2.7048059201612276,-0.17980592016122765
2.639,3.061551226209251,-0.42255122620925123
2.27,2.806775632836104,-0.536775632836104
2.209,2.7016789096550244,-0.49267890965502437
2.593,2.7909600323398487,-0.1979600323398487
2.325,2.456846314472423,-0.13184631447242268
2.316,2.5461464622835424,-0.23014646228354252
2.094,2.159649936995475,-0.06564993699547506
2.232,1.9719394722114307,0.2600605277885695
2.099,2.140528441924113,-0.04152844192411287
2.082,2.051539207531719,0.03046079246828093
2.038,1.8641906493867433,0.17380935061325653
1.957,2.141729319708627,-0.18472931970862683
1.905,2.0057485627836305,-0.10074856278363042
1.81,2.0029457358644596,-0.1929457358644595
1.849,2.17261922188226,-0.3236192218822602
1.908,1.808377257751188,0.09962274224881185
2.422,2.068277180949904,0.35372281905009606
1.883,2.5823096815383058,-0.6993096815383057
1.835,2.4791506413125743,-0.6441506413125744
2.042,2.5617481880299247,-0.5197481880299248
2.519,2.658968979540254,-0.1399689795402539
1.875,1.797193181636601,0.07780681836339909
1.982,2.579885486545769,-0.597885486545769
2.19,2.412958057096321,-0.22295805709632122
2.75,2.674836473013251,0.07516352698674922
2.454,2.0560766032631577,0.3979233967368425
1.775,2.251320657771522,-0.476320657771522
1.716,2.1397114410162894,-0.42371144101628944
1.833,2.416209203970459,-0.5832092039704591
1.75,1.9066919268144618,-0.15669192681446176
1.567,2.459524427508424,-0.8925244275084239
1.575,2.2662849162915615,-0.6912849162915615
1.798,2.1881157213244222,-0.3901157213244222
2.055,2.464712248348811,-0.4097122483488107
1.789,2.215647134250432,-0.4266471342504319
2.625,3.113658198409798,-0.48865819840979796
1.65,2.255482374663508,-0.6054823746635081
1.597,2.3392237568566077,-0.7422237568566077
1.583,2.1139069079959434,-0.5309069079959434
1.448,2.0571762638279605,-0.6091762638279605
1.663,2.5441393334874434,-0.8811393334874433
1.91,2.554688967702806,-0.644688967702806
1.75,2.193273048982733,-0.443273048982733
1.375,2.096345194395573,-0.7213451943955729
1.417,1.6953912273996061,-0.2783912273996061
2.109,1.9703366142061784,0.13866338579382154
1.983,2.2780087078617597,-0.2950087078617596
1.574,1.9647419229652205,-0.3907419229652205
2.647,2.8625906602770708,-0.21559066027707097
2.184,2.117120621632161,0.06687937836783897
2.351,2.3141139404289053,0.0368860595710947
3.418,3.3923607150668547,0.02563928493314549
3.673,3.7862934327307056,-0.11329343273070558
2.435,2.2593986526433936,0.17560134735660649
1.679,2.4038955838465874,-0.7248955838465874
3.712,3.168384454040389,0.5436155459596113
2.189,2.1374507251272505,0.05154927487274952
2.027,2.0077158283198107,0.019284171680189477
1.862,2.279866232743517,-0.417866232743517
1.889,2.1310188219153425,-0.24201882191534252
1.8,2.3513530679647694,-0.5513530679647693
2.027,2.0524282377991696,-0.025428237799169473
1.817,1.9115980496527252,-0.09459804965272522
1.668,2.2285342394974426,-0.5605342394974426
1.837,2.202624888653624,-0.3656248886536242
2.18,2.223253215457867,-0.043253215457866645
1.915,2.3707701318001804,-0.45577013180018033
1.947,2.1310227781703235,-0.18402277817032342
1.872,2.4933304946418344,-0.6213304946418343
2.231,1.810243208732019,0.4207567912679808
2.713,2.2511202738504617,0.4618797261495384
1.941,2.3543587516234217,-0.4133587516234216
1.904,2.794426360003321,-0.8904263600033211
1.891,2.6637811520678927,-0.7727811520678927
1.846,2.238949788213533,-0.3929497882135329
1.973,2.3661227723499474,-0.3931227723499473
1.926,2.1071204950030995,-0.18112049500309957
1.922,2.3303805156677972,-0.4083805156677973
1.946,1.9621266811584543,-0.016126681158454392
1.935,2.5540075478280047,-0.6190075478280046
2.026,2.3486686815590936,-0.3226686815590938
0.833,1.571483618961529,-0.7384836189615291
2.126,2.578527837819267,-0.4525278378192672
1.878,2.799524663711117,-0.9215246637111172
2.057,2.5774061972285813,-0.5204061972285814
1.929,2.3686874023522586,-0.43968740235225856
2.052,2.5007821931342686,-0.4487821931342686
2.134,2.5123976517299296,-0.3783976517299297
1.836,2.906796461873172,-1.070796461873172
1.784,2.1036255479740107,-0.31962554797401066
2.192,2.1434480717317355,0.04855192826826471
1.831,1.943457507707825,-0.11245750770782514
1.571,2.068788870563691,-0.49778887056369103
1.578,2.1750700249193855,-0.5970700249193854
1.617,2.0555438031588955,-0.4385438031588955
1.521,2.107692386408043,-0.5866923864080431
1.449,1.954196500248989,-0.5051965002489889
1.799,1.9337262893017406,-0.1347262893017407
1.791,2.4212027480375435,-0.6302027480375436
1.599,1.773204412130799,-0.17420441213079907
1.614,1.6429124563281632,-0.028912456328163083
1.704,1.6821776075190222,0.021822392480977726
1.375,1.7568751405839647,-0.38187514058396466
1.784,2.3986303579512622,-0.6146303579512622
1.552,1.9813080386108686,-0.4293080386108685
1.609,2.2697871360023933,-0.6607871360023934
1.673,1.628087829772945,0.04491217022705496
3.4,3.047022151833681,0.35297784816631905
4.31,3.0585517710029775,1.2514482289970221
3.011,2.1749462751349755,0.8360537248650246
2.419,2.5550045034451325,-0.13600450344513249
1.625,1.9470602938671109,-0.3220602938671109
2.992,2.6578698392362887,0.33413016076371127
3.155,2.9969109025787675,0.15808909742123234
2.168,2.6777710344584955,-0.5097710344584954
2.181,2.1522886225579976,0.028711377442002473
1.703,2.0645381602740107,-0.36153816027401064
2.75,2.350300286474976,0.399699713525024
1.841,1.8832336628206638,-0.042233662820663875
1.6,1.2852311585911815,0.31476884140881856
1.75,1.9014288751450321,-0.15142887514503212
1.975,2.3945527529952972,-0.41955275299529715
1.5,2.2152453087434663,-0.7152453087434663
2.056,1.7229724016596775,0.3330275983403226
1.703,2.0611204335046107,-0.35812043350461065
1.909,1.9752637505697113,-0.06626375056971123
1.969,2.2946036127197256,-0.3256036127197255
1.74,1.896795606708505,-0.156795606708505
1.702,1.9126918678551537,-0.2106918678551537
1.809,2.122185628753602,-0.3131856287536021
1.505,2.038805903517763,-0.5338059035177629
1.671,2.0660777970480178,-0.3950777970480177
1.489,2.0778746755416453,-0.5888746755416452
1.964,2.5097805602213854,-0.5457805602213854
1.911,2.333612499744005,-0.42261249974400483
1.875,2.297401096263868,-0.4224010962638678
1.806,2.238368933580192,-0.4323689335801921
1.828,2.4879248410915777,-0.6599248410915777
1.793,2.5497359669482065,-0.7567359669482066
1.794,2.3338882677048307,-0.5398882677048307
2.103,2.459824916520857,-0.356824916520857
1.923,2.450665844238416,-0.5276658442384159
1.981,2.991907613420709,-1.0109076134207091
1.962,2.3666366292467553,-0.40463662924675536
1.816,2.0089710660218536,-0.19297106602185354
1.869,2.698417374759795,-0.8294173747597948
1.883,2.7036192399653523,-0.8206192399653522
1.84,2.3614719405605653,-0.5214719405605652
1.847,2.3674736502731473,-0.5204736502731473
1.799,2.15351747179413,-0.35451747179412996
1.672,2.157233308559163,-0.4852333085591629
1.654,2.148663589109867,-0.4946635891098672
1.54,1.9772428120877596,-0.4372428120877596
1.535,2.157182220206894,-0.6221822202068943
1.354,2.3355024834097295,-0.9815024834097295
1.583,1.7220735943096732,-0.13907359430967325
2.407,3.137558196058443,-0.7305581960584431
1.807,2.4287328783436557,-0.6217328783436558
2.306,2.024229777760718,0.28177022223928194
2.108,2.1557302574622033,-0.04773025746220316
1.653,2.3614039430950275,-0.7084039430950275
2.542,3.035162868542038,-0.49316286854203817
3.326,3.225089191920288,0.10091080807971187
3.5,3.1032753207302974,0.39672467926970256
1.612,1.9038762156251017,-0.2918762156251016
1.793,2.3089772432138527,-0.5159772432138527
1.543,1.8593822727384406,-0.31638227273844066
1.618,2.0364839515944952,-0.41848395159449514
1.619,1.8896755043057527,-0.2706755043057527
1.654,2.3212728061822014,-0.6672728061822015
1.666,1.6557777950094676,0.01022220499053228
1.497,2.338929523243949,-0.8419295232439488
1.621,2.374488631984862,-0.7534886319848622
1.526,2.072261766978473,-0.5462617669784728
1.952,2.007083568286236,-0.05508356828623606
1.906,2.4932636797112906,-0.5872636797112907
1.938,2.6309140726084355,-0.6929140726084355
2.006,2.6341473527197854,-0.6281473527197856
1.5,2.13604275143477,-0.6360427514347702
1.853,2.4583088292715423,-0.6053088292715423
1.727,2.429788819315843,-0.7027888193158429
1.741,2.092036279742066,-0.3510362797420661
1.944,2.547652565944091,-0.603652565944091
2.067,2.5746473293332954,-0.5076473293332953
2.045,2.5263888504411405,-0.48138885044114055
1.75,2.6163793753673272,-0.8663793753673272
1.375,1.5287464444256558,-0.15374644442565577
1.872,2.1854354559588094,-0.3134354559588093
1.736,2.6433972073906915,-0.9073972073906915
1.63,2.4086181640619415,-0.7786181640619416
3.316,2.0038798533820446,1.3121201466179553
1.976,2.8909500621775286,-0.9149500621775286
1.979,2.136891311763798,-0.15789131176379811
2.281,2.576054584214749,-0.29505458421474895
1.895,2.2698638790376156,-0.37486387903761553
1.842,2.290638241748514,-0.44863824174851397
1.809,2.284802760401761,-0.47580276040176117
1.72,2.286561498848288,-0.5665614988482879
1.779,3.111893856416603,-1.3328938564166033
1.731,2.354823484931835,-0.6238234849318347
1.726,2.93203690913165,-1.20603690913165
1.821,2.1786617789233444,-0.3576617789233445
1.795,2.0118623974629766,-0.21686239746297664
1.76,2.322449323103255,-0.562449323103255
1.926,2.456225388884842,-0.530225388884842
1.827,2.298990832414768,-0.47199083241476814
1.349,1.7499216895368757,-0.4009216895368757
1.576,1.8059275051519037,-0.22992750515190363
1.909,2.5928896879495937,-0.6838896879495937
1.582,2.5232354511769772,-0.9412354511769772
3.5,2.228371961534976,1.2716280384650238
1.582,2.371782613762241,-0.789782613762241
1.461,2.376248626427119,-0.9152486264271189
2.267,2.000301851868499,0.2666981481315007
1.987,2.6180124793564015,-0.6310124793564014
2.212,2.4379469190708916,-0.22594691907089137
2.085,3.3528595469924527,-1.2678595469924527
2.042,2.262708691117897,-0.22070869111789726
1.932,2.104769392447168,-0.17276939244716827
2.095,2.3113476856646473,-0.21634768566464713
1.649,2.2695392577809916,-0.6205392577809916
1.614,2.3989748747546544,-0.7849748747546543
1.87,2.459857498937856,-0.5898574989378558
1.904,2.5295756377200265,-0.6255756377200266
1.566,2.29026413666628,-0.7242641366662801
1.573,1.6979569421683163,-0.12495694216831632
1.681,2.290773165227387,-0.609773165227387
1.776,2.569661593052871,-0.7936615930528708
2.089,2.146146959665809,-0.05714695966580896
1.692,1.972660829522827,-0.280660829522827
1.639,1.7843750838455736,-0.14537508384557363
1.647,2.3618905537195616,-0.7148905537195616
1.569,2.473413562885785,-0.904413562885785
1.688,2.9502018134256676,-1.2622018134256676
1.741,2.672830780230986,-0.9318307802309858
2.065,2.9657767618617,-0.9007767618617
2.039,2.2546818944660254,-0.21568189446602526
2.17,2.403316824720739,-0.2333168247207391
1.596,2.3077964754796216,-0.7117964754796215
1.598,1.9044534154096864,-0.3064534154096863
1.543,2.185999284324739,-0.6429992843247392
1.496,2.091661150879009,-0.5956611508790091
1.886,2.8773315612527957,-0.9913315612527958
2.385,2.3947240328108097,-0.009724032810809913
2.353,2.457557254987575,-0.10455725498757484
2.614,2.556227691237778,0.05777230876222195
2.344,2.9292660050258412,-0.5852660050258414
2.317,2.705168365347434,-0.38816836534743393
1.563,2.3608948882628256,-0.7978948882628256
2.22,2.622105352561741,-0.40210535256174085
2.544,2.7848581096625495,-0.2408581096625495
2.443,3.187562301198569,-0.7445623011985689
2.47,2.980492987560954,-0.5104929875609536
2.365,3.003951914670429,-0.6389519146704288
1.514,2.5029445646291792,-0.9889445646291792
2.137,2.7202144571918345,-0.5832144571918345
2.436,2.728949212406637,-0.29294921240663685
2.125,2.1274225598116443,-0.002422559811644298
2.147,2.505123760990135,-0.3581237609901353
2.132,2.2903702952510776,-0.1583702952510775
2.56,2.5446195792008095,0.015380420799190553
2.375,2.1767539003136083,0.19824609968639173
1.781,2.058269950682787,-0.2772699506827869
2.318,2.8901821299041397,-0.5721821299041396
1.479,2.100027394029244,-0.6210273940292441
1.917,2.215826901456806,-0.2988269014568059
2.476,2.470745953917748,0.005254046082252106
2.835,2.8409073286714843,-0.005907328671484358
2.169,2.2358273470184695,-0.06682734701846949
2.825,3.2184820828298197,-0.39348208282981956
2.956,2.797274249712573,0.15872575028742686
2.818,2.947733077132024,-0.12973307713202376
2.698,2.8553154444643623,-0.1573154444643623
2.312,2.7224666674035642,-0.4104666674035644
3.183,3.1627050845148226,0.020294915485177256
2.534,2.863526524113726,-0.3295265241137262
2.782,2.9733515412959397,-0.19135154129593968
3.0,2.1525414565752503,0.8474585434247497
2.735,3.0614036202691506,-0.3264036202691507
2.234,2.458631026744583,-0.22463102674458302
2.145,3.0566439873759577,-0.9116439873759576
2.202,2.7593832417282167,-0.5573832417282167
2.403,2.5439115931345664,-0.14091159313456636
1.58,2.4642856474938575,-0.8842856474938574
2.242,2.1677590191931175,0.07424098080688246
1.772,2.6764756576861686,-0.9044756576861686
2.161,2.204133718586275,-0.043133718586275016
2.697,2.6315545870714736,0.06544541292852646
2.312,2.4146799742080773,-0.1026799742080775
1.625,2.3470975118902797,-0.7220975118902797
2.54,2.548106776979833,-0.008106776979833086
1.962,2.580144230613518,-0.6181442306135179
1.894,1.9905605531977832,-0.09656055319778334
2.208,2.000274449458897,0.2077255505411033
2.138,1.9732353185202045,0.1647646814797954
4.429,3.828240702019885,0.6007592979801153
3.334,3.1974186884051807,0.13658131159481934
3.524,3.2427544840026323,0.2812455159973677
3.053,3.0682587437020006,-0.015258743702000643
2.596,3.028561264950405,-0.4325612649504049
2.489,2.589304759335496,-0.10030475933549621
3.56,3.3938849382973038,0.1661150617026963
2.36,2.2980213020096656,0.061978697990334286
2.188,2.4569795764337194,-0.2689795764337193
2.28,2.698910337908472,-0.4189103379084722
2.359,1.8230258914971178,0.5359741085028822
2.032,2.6996933811357193,-0.6676933811357193
1.97,2.694852911365689,-0.7248529113656892
2.364,2.7958323177180935,-0.4318323177180936
2.232,2.6173146009480006,-0.3853146009480004
2.227,2.4798064962813346,-0.2528064962813348
2.25,2.802233303456245,-0.5522333034562452
2.401,2.2402261571318416,0.1607738428681582
2.279,2.819537813459385,-0.5405378134593852
2.686,2.6273872761508255,0.058612723849174486
2.751,2.8105722662104444,-0.059572266210444536
2.563,2.747503850624258,-0.184503850624258
3.324,2.430176363764237,0.893823636235763
2.876,2.6912876713712186,0.18471232862878129
2.989,3.12870975202242,-0.1397097520224202
2.876,2.9698106960395814,-0.09381069603958148
2.222,2.695226164621737,-0.47322616462173706
2.326,2.451392861041111,-0.12539286104111103
2.583,2.787030992093509,-0.2040309920935086
2.309,2.756501586500101,-0.44750158650010086
1.969,2.894752552919109,-0.9257525529191091
2.235,2.4515606180218033,-0.21656061802180337
2.239,2.791109216881268,-0.5521092168812682
2.435,2.567255818481695,-0.1322558184816951
4.511,3.7513453744075087,0.7596546255924914
5.00001,4.272974727067207,0.7270352729327927
1.931,2.719082057300481,-0.788082057300481
2.644,2.747092420700511,-0.10309242070051106
2.469,3.1108346123096533,-0.6418346123096534
3.373,3.212341466534258,0.16065853346574244
2.848,3.423658265313785,-0.575658265313785
2.173,2.657427869116171,-0.48442786911617075
2.917,2.409220774488366,0.507779225511634
2.238,2.678122458058562,-0.44012245805856187
2.231,2.823714380043011,-0.5927143800430112
2.113,2.808736348378492,-0.695736348378492
2.185,2.3483433954200956,-0.16334339542009557
1.563,2.0074681212912875,-0.44446812129128754
2.482,2.6543959774220585,-0.17239597742205826
1.86,2.744761165888593,-0.884761165888593
1.782,2.2998072589943854,-0.5178072589943854
1.904,2.3362863156153324,-0.4322863156153325
2.103,2.2408346124495773,-0.13783461244957707
2.08,2.691811770967557,-0.6118117709675568
1.833,2.078589714504723,-0.245589714504723
2.457,3.0236104896712264,-0.5666104896712265
2.422,2.897815812281518,-0.4758158122815179
1.817,2.650196939230444,-0.8331969392304439
2.994,2.5491332357117473,0.4448667642882529
2.195,2.6105175974357273,-0.41551759743572747
2.318,2.799612288166795,-0.481612288166795
2.213,2.3266024247577612,-0.11360242475776117
2.138,2.5065968126465985,-0.3685968126465986
2.06,2.2566825917269826,-0.19668259172698255
2.711,2.433386299802234,0.27761370019776566
3.365,3.182502840587044,0.1824971594129563
3.156,2.8310019323490474,0.32499806765095274
5.00001,3.8571560814627914,1.1428539185372082
2.854,3.3771040787582183,-0.5231040787582182
3.23,3.089459688981065,0.14054031101893516
2.919,3.360092392749231,-0.4410923927492312
2.256,2.343883496371096,-0.08788349637109638
2.596,2.825842507752673,-0.2298425077526729
2.629,2.910818865581982,-0.281818865581982
2.573,2.774638523261641,-0.2016385232616411
2.592,2.975341237886865,-0.383341237886865
3.397,2.979962469999098,0.41703753000090193
3.372,3.3167481481484207,0.055251851851579215
3.341,2.884597623264721,0.45640237673527917
3.115,3.068855995679114,0.04614400432088628
2.969,3.0406108859911725,-0.0716108859911726
2.479,2.944673123247364,-0.4656731232473641
3.004,3.0557394327744403,-0.051739432774440264
3.324,3.2687190017717542,0.055280998228245615
3.898,3.2857874300642362,0.6122125699357639
2.33,2.0009787410859587,0.3290212589140413
2.385,1.7785093793960907,0.6064906206039091
2.333,2.864851251575722,-0.5318512515757217
2.313,1.3833443867097945,0.9296556132902056
4.758,4.989052340930886,-0.23105234093088622
3.932,3.3056168836903574,0.6263831163096425
2.472,2.6891786640180015,-0.21717866401800157
2.294,2.5514007097299456,-0.25740070972994555
2.825,3.085916676915951,-0.2609166769159508
3.006,2.7104735479991415,0.29552645200085825
2.932,2.2083864056668734,0.7236135943331266
2.785,2.8421255444401146,-0.05712554444011442
3.529,2.6507965814998506,0.8782034185001493
4.0,5.048076670314393,-1.0480766703143933
3.75,2.484287589237224,1.265712410762776
3.137,3.016894742138416,0.12010525786158421
1.393,1.9938376589698346,-0.6008376589698345
3.275,3.271352502183637,0.0036474978163627547
4.306,2.8098746582345564,1.4961253417654437
1.25,2.1914223913444335,-0.9414223913444335
4.5,3.0643277709001393,1.4356722290998607
2.002,1.9683239016160403,0.03367609838395946
1.924,2.33030219594589,-0.4063021959458899
4.188,4.280061049154977,-0.09206104915497715
2.168,2.3698978983521712,-0.2018978983521711
2.155,2.5949877282465583,-0.4399877282465585
2.277,2.436433824747112,-0.15943382474711187
1.844,1.9459362399009275,-0.10193623990092737
1.584,2.129959074366506,-0.5459590743665061
1.746,2.016504025296204,-0.2705040252962041
1.684,2.434287814013139,-0.750287814013139
1.884,2.311740039853885,-0.4277400398538851
2.567,2.711820197238765,-0.14482019723876505
1.838,2.0533233376752693,-0.21532333767526923
1.834,2.7097113457098896,-0.8757113457098895
1.775,2.3384973399160964,-0.5634973399160965
1.869,1.8600845193712443,0.00891548062875569
2.389,2.5924655296816006,-0.2034655296816008
1.725,1.9009811027782653,-0.17598110277826517
1.792,1.8381139333794467,-0.04611393337944669
2.044,2.2878647623880934,-0.2438647623880934
2.094,2.6241384260208753,-0.5301384260208755
2.642,2.7268142673152367,-0.08481426731523678
3.5,2.9380956101828293,0.5619043898171707
1.998,2.582645152610384,-0.5846451526103842
2.11,2.953859813364985,-0.8438598133649853
2.011,2.432282462703274,-0.4212824627032741
1.93,2.1828443617267657,-0.2528443617267657
2.45,2.823689176905007,-0.3736891769050068
1.176,0.2577192685787679,0.918280731421232
0.979,0.36500673360210323,0.6139932663978968
1.406,0.7191023867013144,0.6868976132986855
1.209,1.0379621492844542,0.1710378507155459
1.19,0.7704977045869339,0.41950229541306605
1.292,0.8056758931870507,0.48632410681294935
0.991,0.6616323985154833,0.3293676014845167
1.089,0.6603126054277828,0.42868739457221716
1.117,0.7457945666818842,0.37120543331811584
0.689,0.7355264780832738,-0.046526478083273815
0.964,1.0107800281182229,-0.046780028118222905
1.167,0.6007567107632616,0.5662432892367384
1.238,1.1492096336560225,0.08879036634397752
0.979,0.8729368120957559,0.10606318790424407
1.298,1.469191019712048,-0.17119101971204786
1.213,1.3451437597305047,-0.13214375973050463
1.072,1.0503724238185925,0.021627576181407537
1.219,1.4497600747520667,-0.2307600747520666
1.134,0.9814188268451334,0.15258117315486652
0.991,1.3404805202730847,-0.34948052027308474
1.03,1.056060222080587,-0.026060222080587003
1.142,1.2479842078713679,-0.10598420787136797
1.441,0.8963816206456625,0.5446183793543375
1.286,0.5986354462817691,0.6873645537182309
1.572,0.6216777129191524,0.9503222870808476
1.185,0.9578395286412054,0.2271604713587947
1.167,0.7565077715786503,0.4104922284213497
1.348,0.6898720418305708,0.6581279581694293
1.099,0.7735276198778402,0.32547238012215973
1.443,1.504720068726495,-0.06172006872649494
1.236,1.2364435624654164,-0.00044356246541643607
1.126,0.7919489028957059,0.33405109710429404
1.073,0.8146277146717193,0.2583722853282806
1.178,0.8188268201803219,0.359173179819678
0.899,0.39763623320666475,0.5013637667933353
1.023,0.6472051913116488,0.37579480868835113
0.873,0.5117708565364838,0.3612291434635162
1.426,0.7758117731587486,0.6501882268412513
1.531,0.25200039316942835,1.2789996068305716
1.266,1.0843153853383498,0.1816846146616502
1.183,1.0220441367447024,0.16095586325529765
1.47,1.0272032154966708,0.44279678450332915
0.781,0.5681421031480991,0.21285789685190093
0.858,0.7987111781986125,0.0592888218013875
0.845,0.526498482957414,0.318501517042586
1.375,1.2416944219883508,0.13330557801164922
0.889,0.03205737986870716,0.8569426201312929
1.202,0.07023081033279688,1.131769189667203
0.745,0.47558553768059575,0.26941446231940425
0.851,0.7567529094614098,0.09424709053859015
1.303,0.7501828678367586,0.5528171321632414
1.252,1.2957660726723048,-0.04376607267230481
1.114,0.8566058897390874,0.25739411026091275
0.97,0.9769156213065702,-0.006915621306570197
1.226,0.7540125728064462,0.4719874271935538
1.163,0.7750637320403551,0.387936267959645
1.792,0.3396440865172434,1.4523559134827566
0.858,0.8322230808269615,0.02577691917303848
0.948,0.6386531175351973,0.3093468824648027
2.0,0.5204170290371795,1.4795829709628205
1.125,0.46139440446676483,0.6636055955332352
0.69,0.43745930295112423,0.2525406970488757
0.55,0.6375745068956951,-0.08757450689569501
0.779,0.8028686350800958,-0.023868635080095735
0.988,0.29263922319734115,0.6953607768026588
0.787,0.6500431168803131,0.1369568831196869
0.813,0.2684126103605122,0.5445873896394877
0.603,0.5165586106122237,0.08644138938777624
0.663,0.48074203669087545,0.18225796330912458
1.167,0.40644257933688155,0.7605574206631185
1.597,1.2654786679282757,0.3315213320717243
1.392,1.1291582900665842,0.2628417099334157
0.896,1.1167018528097719,-0.22070185280977184
1.531,1.2664178071510097,0.2645821928489902
0.875,0.8271902737105892,0.047809726289410825
1.586,1.4707350983512806,0.1152649016487195
0.951,0.5861916268072738,0.3648083731927262
0.938,0.9457186336726664,-0.007718633672666453
0.953,0.5972883731058811,0.35571162689411884
1.413,0.8884957180508106,0.5245042819491894
0.675,3.0430145415527696,-2.3680145415527694
0.73,0.3290831274218946,0.4009168725781054
1.196,0.5051991952452364,0.6908008047547636
0.932,0.33021521304468227,0.6017847869553178
1.179,0.3164083320775668,0.8625916679224332
0.972,0.42444211628473116,0.5475578837152688
0.976,0.31958713053659893,0.656412869463401
0.953,0.29456783529473984,0.6584321647052601
1.077,0.4278265602241218,0.6491734397758782
1.029,0.5161670483018792,0.5128329516981207
0.883,0.19631696635177875,0.6866830336482213
0.865,0.016343236161211472,0.8486567638387885
0.58,0.394527315334926,0.18547268466507394
0.84,0.39423060048523206,0.4457693995147679
0.895,0.7550408517600873,0.13995914823991273
0.934,0.6713343199130106,0.26266568008698943
1.152,0.3005816009339184,0.8514183990660815
1.057,0.3044723379002998,0.7525276620997001
0.973,0.4056206542019052,0.5673793457980948
1.086,0.6209882970621043,0.46501170293789573
1.049,0.29411557260668886,0.7548844273933111
1.102,0.7582313139204429,0.34376868607955724
1.038,0.18142331370745435,0.8565766862925457
0.808,0.4501959516129108,0.35780404838708924
0.873,0.5351306104083449,0.33786938959165513
0.855,0.30807940443782567,0.5469205955621743
0.85,0.7000603582505704,0.14993964174942953
0.935,0.27684999545060407,0.658150004549396
0.967,0.8653644390932098,0.10163556090679016
1.097,0.6468411080095358,0.4501588919904642
0.858,0.31378665317511345,0.5442133468248865
0.928,-0.036031610069153786,0.9640316100691538
0.705,0.5139185710904242,0.1910814289095758
1.218,0.4457217817277681,0.7722782182722319
1.026,0.822347020491033,0.203652979508967
1.012,0.7240504842423503,0.2879495157576497
1.683,0.6479159233871807,1.0350840766128193
1.261,0.4136365461236462,0.8473634538763537
0.838,0.441276481912112,0.39672351808788797
0.926,0.3216352447595585,0.6043647552404415
1.112,0.48091964096727846,0.6310803590327216
0.875,0.11727410405407679,0.7577258959459232
0.875,0.4123069773457073,0.4626930226542927
0.947,0.8004733289455637,0.14652667105443629
0.625,0.6598478965197399,-0.03484789651973985
0.833,-0.03188589920018803,0.864885899200188
0.857,0.45836374947302305,0.39863625052697693
0.795,0.27657549117722047,0.5184245088227796
0.536,0.3836356159403098,0.15236438405969022
0.652,0.20679804502406496,0.44520195497593507
0.841,0.4289670910933041,0.41203290890669586
1.423,0.6375531371739194,0.7854468628260807
0.938,1.1742346385887088,-0.23623463858870886
0.908,0.8558019451716907,0.052198054828309304
0.918,0.7084805127338503,0.20951948726614977
0.975,0.5520776846797677,0.4229223153202323
0.912,1.4843440288863539,-0.5723440288863538
0.738,0.5266804325385483,0.21131956746145164
0.864,0.7740859070621009,0.08991409293789909
0.621,0.7452735506019788,-0.12427355060197876
0.722,0.6070720533302978,0.11492794666970219
0.576,0.6705789647488487,-0.09457896474884875
0.583,0.26156280126570186,0.3214371987342981
0.517,0.4778808874386202,0.03911911256137979
0.579,0.48756009612605533,0.09143990387394463
0.531,0.4993033059802574,0.03169669401974262
0.561,0.4010676611862314,0.15993233881376867
0.58,0.44696583487911123,0.13303416512088873
0.567,0.2706727301841596,0.29632726981584034
0.576,0.5627692642081907,0.013230735791809223
0.633,0.24215442341726146,0.39084557658273855
0.598,0.3881684685315865,0.2098315314684135
0.652,0.32630881960420366,0.32569118039579636
0.425,0.06488088348697785,0.36011911651302214
0.451,0.1759470624935524,0.2750529375064476
0.394,0.3179893087897865,0.07601069121021353
0.503,0.23636765627806433,0.26663234372193567
0.538,0.3982079361916284,0.1397920638083716
0.539,0.5060076550967385,0.03299234490326153
0.418,0.7933984628160138,-0.3753984628160138
0.889,0.7687249398218294,0.12027506017817058
0.826,0.9456084732117591,-0.11960847321175916
0.636,0.7502005097166833,-0.11420050971668327
0.594,0.3798954552910405,0.21410454470895945
0.606,0.19800064003715212,0.40799935996284786
0.571,0.7051381465365596,-0.13413814653655964
0.49,0.40852022959303547,0.08147977040696452
0.804,0.4660733692473491,0.33792663075265095
0.962,0.5567931540778561,0.40520684592214384
0.6,1.0496410185428466,-0.44964101854284666
0.613,0.7886940622094594,-0.17569406220945938
0.738,0.5266941589735314,0.21130584102646854
0.863,0.539017539185076,0.323982460814924
0.864,0.5472822305402674,0.3167177694597326
0.846,0.7815935697842571,0.06440643021574288
0.735,1.020426533439057,-0.285426533439057
0.562,0.7771386220037071,-0.21513862200370704
0.57,0.5358092810523458,0.03419071894765413
0.639,0.72445789903967,-0.08545789903966994
0.56,0.7279044007301532,-0.1679044007301531
0.63,0.6358915672840335,-0.005891567284033505
0.855,0.6245175571515842,0.2304824428484158
0.813,0.8637632144823932,-0.05076321448239329
0.576,0.6209409179679417,-0.04494091796794175
0.594,0.5606899121044862,0.03331008789551382
0.819,0.7994675117345369,0.019532488265463055
0.821,1.1678073963162694,-0.34680739631626945
1.16,0.5760696986005442,0.5839303013994557
1.161,0.6938505516700821,0.4671494483299179
0.949,0.8699273759828872,0.07907262401711279
0.922,0.9920266422880557,-0.07002664228805566
0.799,0.8501915725241795,-0.051191572524179496
1.33,0.8823163042710878,0.4476836957289123
1.226,0.8889430452242324,0.3370569547757676
0.904,1.1319130858896087,-0.22791308588960868
0.932,0.6763246132747041,0.255675386725296
1.259,1.404979596499652,-0.1459795964996522
1.331,1.283156312388473,0.04784368761152691
1.306,1.2461308859908147,0.059869114009185376
1.04,0.6677117705875899,0.37228822941241013
1.016,0.9297093898789899,0.08629061012101014
0.926,0.5722749486316285,0.3537250513683715
1.223,0.761815180474019,0.4611848195259811
1.125,0.6325778621978511,0.49242213780214894
0.866,0.8459423221696074,0.020057677830392584
0.774,0.6920562067180316,0.08194379328196844
0.919,0.8262764812972314,0.09272351870276863
1.009,0.9689032030334364,0.04009679696656354
0.947,0.38217771104224174,0.5648222889577582
0.848,0.7029512220789214,0.14504877792107862
1.399,0.7060952120130362,0.6929047879869639
1.214,1.2415287681013025,-0.02752876810130256
1.558,1.5934166597302646,-0.03541665973026453
1.115,0.9052717487823108,0.20972825121768923
1.235,0.7030627058859564,0.5319372941140437
1.137,0.6129383908221089,0.5240616091778911
1.038,1.3321061008333428,-0.29410610083334277
1.083,1.3850719176342285,-0.3020719176342286
0.775,2.6676988759458515,-1.8926988759458516
0.658,1.354927518954391,-0.696927518954391
0.675,1.4310677167464632,-0.7560677167464631
0.592,1.0004682719761795,-0.4084682719761795
0.72,0.966474819345345,-0.246474819345345
0.928,1.3549087132132127,-0.42690871321321266
1.125,1.3750160233692938,-0.25001602336929385
0.75,1.0367602079954006,-0.2867602079954006
1.08,1.3110848713060481,-0.23108487130604805
0.655,1.0419663776150556,-0.3869663776150556
0.615,1.369272798935779,-0.7542727989357789
0.627,1.1321740849757804,-0.5051740849757804
0.688,1.0092199500852925,-0.3212199500852926
0.691,1.2279001243463912,-0.5369001243463912
0.758,1.2462053393479,-0.4882053393479
0.75,1.1055831141347998,-0.3555831141347998
1.125,0.8999856862222679,0.22501431377773207
1.924,1.8763949758776102,0.04760502412238976
2.094,1.856501796647676,0.23749820335232386
1.838,1.6762731306231866,0.16172686937681346
1.891,2.12327118759082,-0.2322711875908201
1.565,2.1342797962324793,-0.5692797962324794
1.688,2.147212987062833,-0.459212987062833
1.628,1.7191183880284746,-0.09111838802847472
1.729,2.241454293599408,-0.5124542935994079
1.297,1.706784767437807,-0.409784767437807
2.135,2.105985734920112,0.029014265079887913
1.194,1.2259205297708422,-0.031920529770842254
1.311,1.6143670764485698,-0.30336707644856986
1.254,1.946803319072391,-0.692803319072391
1.514,1.746788716012087,-0.23278871601208695
2.631,2.2048446256417606,0.42615537435823914
1.871,2.1641794254189946,-0.29317942541899455
1.567,1.208709029734603,0.3582909702653969
1.863,2.440219750845631,-0.5772197508456309
1.525,2.148453240102549,-0.623453240102549
2.414,2.2235758622726203,0.19042413772737987
3.409,2.891760066121102,0.5172399338788978
1.544,1.9373355001848973,-0.39333550018489727
2.539,2.2709351143790024,0.26806488562099773
1.094,1.5407566784423798,-0.44675667844237976
1.051,1.5528613977928993,-0.5018613977928994
1.285,1.6059211253716579,-0.32092112537165796
0.938,1.5939744189000384,-0.6559744189000385
0.991,1.5098246295891502,-0.5188246295891502
0.964,1.3894655223747154,-0.42546552237471547
1.27,1.8293679390440398,-0.5593679390440398
0.875,0.9806430326393976,-0.10564303263939756
1.339,2.098734689208545,-0.7597346892085448
1.468,1.6410796656306432,-0.17307966563064325
1.247,1.9386179779692099,-0.6916179779692098
1.102,1.6172769909460336,-0.5152769909460335
1.308,1.9097285526622636,-0.6017285526622635
1.745,2.317347674680903,-0.5723476746809029
1.681,1.849566268942273,-0.1685662689422729
1.704,2.2057960815133755,-0.5017960815133755
1.508,2.363099288456443,-0.8550992884564428
1.652,2.2188013374075086,-0.5668013374075087
0.935,1.673534369672062,-0.7385343696720619
1.134,1.6497998538300447,-0.5157998538300448
0.973,1.7288614957996082,-0.7558614957996083
1.31,2.2188704230261234,-0.9088704230261233
1.334,2.093826952811909,-0.7598269528119088
1.0,1.3436101507718718,-0.34361015077187185
1.036,1.4743225068384964,-0.4383225068384964
1.453,2.326504356686465,-0.8735043566864651
1.524,2.2743012730155767,-0.7503012730155767
1.459,2.0750501989291688,-0.6160501989291687
1.425,2.2079200115744246,-0.7829200115744246
0.758,1.0891107333408874,-0.33111073334088736
1.261,1.7068572082375395,-0.4458572082375396
1.426,2.109110855253541,-0.6831108552535412
1.647,2.56800017045548,-0.92100017045548
1.085,1.5595162691169973,-0.4745162691169973
1.786,2.423350923821769,-0.6373509238217689
1.647,2.53900545000411,-0.8920054500041099
1.225,1.848493193074227,-0.6234931930742269
1.795,2.4413931359564067,-0.6463931359564068
2.051,2.2142172440937995,-0.16321724409379934
1.586,2.088827578555409,-0.502827578555409
0.902,1.0550827677177363,-0.15308276771773632
0.675,1.2912258907205865,-0.6162258907205864
0.994,1.7349836521300679,-0.7409836521300679
1.014,1.472301433472277,-0.45830143347227703
0.877,1.5447642141251612,-0.6677642141251612
0.87,1.7324107269561209,-0.8624107269561209
0.946,1.8975255497940904,-0.9515255497940904
1.818,1.8080580410839058,0.009941958916094285
1.178,1.768778236720107,-0.5907782367201071
1.403,1.98194492087883,-0.57894492087883
1.5,1.4759016227701283,0.024098377229871737
1.344,2.1678139388530946,-0.8238139388530945
1.519,2.5060000151946697,-0.9870000151946698
1.652,1.7718939246704553,-0.11989392467045534
1.617,2.3218538039894403,-0.7048538039894403
1.705,2.1627524372429368,-0.4577524372429367
1.742,2.4284184866946257,-0.6864184866946257
1.441,2.2486383112696733,-0.8076383112696732
1.639,2.192002565901814,-0.5530025659018138
1.039,1.7060614631106041,-0.6670614631106042
1.222,1.2510690529620743,-0.029069052962074293
1.36,2.2060822260900452,-0.8460822260900451
1.565,2.329730468232966,-0.7647304682329659
0.992,2.149291639799177,-1.157291639799177
1.106,1.966944742433261,-0.8609447424332608
1.622,2.010365708237501,-0.3883657082375007
1.775,2.638085535930981,-0.8630855359309813
1.66,2.685954205220818,-1.025954205220818
1.608,2.4360118787482143,-0.8280118787482142
1.548,2.4371471391704955,-0.8891471391704955
1.431,1.9435450527314198,-0.5125450527314197
0.871,1.220951802985182,-0.349951802985182
0.953,1.784595910137248,-0.831595910137248
1.007,1.2317428440895748,-0.2247428440895749
1.139,1.612971705491906,-0.4739717054919059
1.002,1.8435027433438154,-0.8415027433438154
1.25,2.0773549664408595,-0.8273549664408595
1.298,1.7334146092293228,-0.43541460922932274
0.835,1.6748833589229737,-0.8398833589229737
1.398,1.8636412385599763,-0.4656412385599764
0.985,1.8374005600822105,-0.8524005600822105
1.569,2.5932179684530667,-1.0242179684530668
1.659,2.7345465561494393,-1.0755465561494393
1.339,1.6820538236796205,-0.34305382367962056
2.25,1.9316676265154695,0.3183323734845305
1.66,2.0384852982491504,-0.37848529824915045
1.448,1.5542103124944617,-0.10621031249446178
1.783,2.638869668782953,-0.8558696687829532
1.393,1.7561352773846406,-0.3631352773846406
1.508,1.7115916082946243,-0.2035916082946243
1.961,2.7005579343955373,-0.7395579343955372
1.161,2.087962512969389,-0.9269625129693888
1.294,2.064105321076421,-0.770105321076421
1.664,2.2300631425952133,-0.5660631425952134
1.265,2.4166838698403286,-1.1516838698403287
1.357,2.2595002730540124,-0.9025002730540124
1.724,2.2843293383950662,-0.5603293383950663
1.137,2.209116200836276,-1.072116200836276
1.597,2.0236631555823257,-0.4266631555823257
1.563,2.1477498134290887,-0.5847498134290887
2.042,2.466565021068588,-0.42456502106858807
2.126,2.7067395248482273,-0.5807395248482274
1.999,2.4336971922595017,-0.43469719225950154
2.054,2.6336553225851267,-0.5796553225851269
2.067,2.541111914556751,-0.47411191455675095
2.877,2.1540112042987785,0.7229887957012213
2.452,3.084238006930265,-0.6322380069302649
2.941,3.102719750621681,-0.16171975062168098
2.973,2.833425085728078,0.1395749142719218
2.11,2.685093584949857,-0.5750935849498573
2.254,2.4564166476453293,-0.2024166476453293
2.696,2.6889995509989566,0.007000449001043574
2.282,2.2129391465778716,0.06906085342212842
2.355,3.0632421107485155,-0.7082421107485155
1.669,2.3467647197657073,-0.6777647197657073
1.861,2.159774092525111,-0.2987740925251112
2.118,2.036035755587375,0.08196424441262495
1.971,2.622558859164218,-0.6515588591642181
1.896,2.346418904874696,-0.45041890487469605
2.66,2.9479838601722617,-0.2879838601722615
1.864,2.5325097301088357,-0.6685097301088356
1.9,2.5053503480554493,-0.6053503480554494
2.43,2.5631781015482655,-0.13317810154826537
2.356,2.4682015335481555,-0.11220153354815565
1.962,2.633573022892672,-0.671573022892672
1.82,2.1312607424707855,-0.3112607424707854
1.694,2.3347956361533884,-0.6407956361533884
1.793,1.685267299233514,0.10773270076648589
2.357,1.5981040925752887,0.7588959074247115
2.051,2.038176173307933,0.012823826692067275
2.208,1.839292952865743,0.3687070471342573
2.332,2.668184565365424,-0.33618456536542407
2.321,2.572392450790657,-0.25139245079065686
2.657,2.44193650952932,0.21506349047067985
2.479,2.996867842179339,-0.517867842179339
2.732,3.0017029818613223,-0.26970298186132213
0.911,1.833370117006752,-0.922370117006752
1.345,1.835684928956355,-0.49068492895635507
1.362,2.2540466170989437,-0.8920466170989436
2.5,2.911039585106247,-0.41103958510624716
0.875,1.5407299214740207,-0.6657299214740207
1.375,1.2701549244272863,0.10484507557271372
1.364,2.1326009264976635,-0.7686009264976634
0.75,1.3502967570536584,-0.6002967570536584
1.563,1.199746881190338,0.36325311880966193
1.406,1.5305928476116448,-0.12459284761164491
1.783,2.776252575744617,-0.9932525757446169
1.759,2.328406901262664,-0.5694069012626639
1.399,2.2501666800456674,-0.8511666800456674
1.382,2.1784123825019948,-0.7964123825019949
1.782,2.3920375693155536,-0.6100375693155535
1.693,2.553494152100578,-0.860494152100578
1.619,2.4159072205505203,-0.7969072205505203
1.666,2.4810890965357677,-0.8150890965357678
1.489,2.1216387023949377,-0.6326387023949376
1.655,2.0271381325767717,-0.37213813257677164
1.94,2.2867271695086737,-0.34672716950867377
2.269,2.591922405756092,-0.322922405756092
2.028,2.559624754155408,-0.5316247541554078
2.115,1.987405912137227,0.12759408786277326
1.655,1.8636064245772976,-0.2086064245772976
1.617,2.096448070878785,-0.47944807087878516
1.923,2.663912620853871,-0.7409126208538708
1.932,2.5686982585480616,-0.6366982585480616
1.84,2.2594244509660215,-0.41942445096602143
2.172,2.9629606756648856,-0.7909606756648855
1.82,2.5430055424182854,-0.7230055424182853
1.613,2.443549459515335,-0.8305494595153351
1.61,2.2977451955452897,-0.6877451955452896
1.449,2.1265189532680404,-0.6775189532680403
2.595,2.783395513541615,-0.18839551354161488
2.105,2.9875120288732506,-0.8825120288732506
2.441,2.3371874722328316,0.1038125277671682
1.848,2.5104163498769956,-0.6624163498769955
2.292,2.505088175865081,-0.2130881758650811
1.961,1.8547832752369442,0.10621672476305588
2.041,1.9317786053393635,0.1092213946606364
2.402,2.647275148018773,-0.2452751480187727
2.311,2.7981632655210302,-0.4871632655210303
2.132,2.540074888938878,-0.40807488893887767
2.072,2.554682904048974,-0.48268290404897396
1.841,2.3894984811770676,-0.5484984811770677
1.79,2.0755968670452654,-0.2855968670452653
1.907,2.356965678717544,-0.4499656787175441
1.678,1.7251188248881666,-0.047118824888166655
2.467,2.4971273324753653,-0.030127332475365254
1.267,1.721431251252261,-0.454431251252261
2.604,3.4269065116772706,-0.8229065116772705
2.006,2.6020265384388868,-0.596026538438887
2.674,2.970497577801893,-0.296497577801893
2.659,3.0190755624340175,-0.3600755624340177
2.062,2.6712230165186206,-0.6092230165186208
1.71,2.2229017397264643,-0.5129017397264644
1.511,2.0488575943869396,-0.5378575943869397
1.609,1.8678493287764175,-0.25884932877641753
1.667,1.75156058699188,-0.08456058699187996
1.063,1.7204340883983449,-0.6574340883983449
1.125,1.6782043822107564,-0.5532043822107564
1.51,1.901326298744957,-0.39132629874495706
1.518,1.5881184610078656,-0.07011846100786556
1.598,2.1230999519791465,-0.5250999519791464
1.657,2.088708998721588,-0.4317089987215881
1.75,1.444101332473788,0.3058986675262121
1.82,1.9209934233985686,-0.10099342339856854
1.908,2.730876028908683,-0.8228760289086829
2.982,2.670526893023492,0.311473106976508
3.051,3.1025761425846614,-0.051576142584661255
1.625,1.4463699076465824,0.17863009235341765
2.205,1.8170731362729011,0.38792686372709895
2.083,1.5254630529613329,0.5575369470386673
2.023,2.5180839485254105,-0.4950839485254104
2.37,2.653387572622799,-0.2833875726227988
2.131,2.232756182858055,-0.10175618285805532
3.223,3.0615406652039567,0.16145933479604313
2.671,2.1476806254443854,0.5233193745556144
2.68,2.836711523799636,-0.1567115237996357
2.736,2.9238365443558236,-0.18783654435582342
3.392,2.820599353523791,0.5714006464762087
3.302,3.421542263717484,-0.11954226371748389
1.631,1.883485397352376,-0.25248539735237596
2.314,2.7074340428688055,-0.39343404286880546
2.278,2.340917156718283,-0.06291715671828291
1.971,2.3910119737572537,-0.42001197375725363
1.446,1.741017281582039,-0.2950172815820391
2.793,2.583162146937614,0.20983785306238634
3.448,2.773998898235282,0.6740011017647181
2.665,2.235771779217408,0.42922822078259193
1.849,2.3030214497900054,-0.45402144979000547
2.347,2.3950582835534524,-0.04805828355345243
3.512,3.3830172540650194,0.1289827459349806
3.588,2.9463636969901508,0.6416363030098493
3.677,3.41350319486038,0.26349680513962026
2.753,2.5392089938727187,0.2137910061272814
2.328,2.329560252631742,-0.0015602526317421983
2.161,1.8188964994521255,0.34210350054787453
1.143,2.0028135558065445,-0.8598135558065445
2.26,2.6908088794034537,-0.4308088794034539
2.521,2.1130568252654958,0.40794317473450414
2.25,2.3772470816097027,-0.12724708160970266
2.5,2.432922649533078,0.06707735046692198
2.649,3.0088424973707593,-0.35984249737075924
2.598,2.593592692065181,0.004407307934819027
2.925,2.0835100244161637,0.8414899755838361
3.068,2.5973306144701303,0.4706693855298698
3.069,3.313592293653095,-0.2445922936530951
2.668,2.4735527894403124,0.19444721055968772
2.839,3.239955657456063,-0.4009556574560631
2.88,2.6968058540879865,0.18319414591201344
2.688,2.8870673372899383,-0.19906733728993808
2.633,2.942692383017147,-0.30969238301714697
3.409,3.2103243319740846,0.1986756680259152
3.975,3.233118778695253,0.7418812213047472
2.71,1.8709619562159967,0.8390380437840033
3.357,2.4975382785152904,0.8594617214847098
3.106,2.302638071311228,0.8033619286887719
3.491,3.5582240876493794,-0.06722408764937926
3.212,2.5954141036654867,0.6165858963345134
2.758,2.8673618882496132,-0.10936188824961324
3.562,3.476594045056708,0.08540595494329173
3.127,2.453500145904159,0.6734998540958408
3.906,3.023245555800431,0.8827544441995689
4.694,4.370365038438347,0.3236349615616527
2.582,2.9931588236242694,-0.4111588236242696
2.603,2.974988354028211,-0.37198835402821073
2.75,2.9071125748020887,-0.15711257480208873
3.5,1.9501191508668616,1.5498808491331384
2.5,3.0098533571521084,-0.5098533571521084
2.66,2.946949132119248,-0.2869491321192479
2.698,2.927332547877749,-0.22933254787774926
1.572,1.6429248729935144,-0.07092487299351435
3.435,3.060983879353723,0.3740161206462771
2.961,3.0588920125580823,-0.09789201255808244
3.125,3.0617343664890164,0.06326563351098358
3.458,3.4090941963232932,0.04890580367670694
3.437,3.67018137227977,-0.2331813722797702
3.591,2.559655140339954,1.031344859660046
4.034,3.5918402643835536,0.44215973561644617
3.56,3.5147210258083756,0.04527897419162441
3.692,3.4900116465713324,0.20198835342866772
3.413,3.025277915568899,0.3877220844311009
3.567,3.0263819998939026,0.5406180001060976
4.251,4.167020117365919,0.08397988263408163
3.561,2.3469157897553785,1.2140842102446214
4.614,4.407897357112967,0.20610264288703295
4.324,5.331765556977944,-1.0077655569779438
4.347,1.4738266660180113,2.873173333981989
3.5,5.758214809512267,-2.2582148095122667
3.819,3.0845193052621456,0.7344806947378544
3.246,3.2586052652966684,-0.012605265296668389
3.993,3.5486175305560135,0.4443824694439864
4.438,3.6912267683409916,0.7467732316590081
3.866,3.146994135009552,0.7190058649904483
2.564,2.4580393398929963,0.10596066010700378
2.0,1.9532286863518085,0.04677131364819154
5.00001,4.433268318220016,0.566741681779984
2.948,2.5196366746127024,0.4283633253872976
1.885,2.4760318771223857,-0.5910318771223857
3.593,3.4886520149134013,0.1043479850865987
3.587,3.7264464011625353,-0.13944640116253515
2.873,3.373205727605896,-0.5002057276058958
4.414,3.682432326316919,0.7315676736830805
4.94,3.340233011245789,1.5997669887542112
5.00001,4.683104916833493,0.3169050831665068
5.00001,5.77499011123143,-0.7749801112314305
3.982,3.45896392983938,0.5230360701606203
5.00001,4.179189595060413,0.8208204049395862
5.00001,5.276279416313118,-0.2762694163131183
3.72,3.613801123747893,0.10619887625210733
3.513,3.6183758343900463,-0.10537583439004639
4.504,3.8947486331580903,0.6092513668419093
3.822,3.6744486405286003,0.14755135947139975
5.00001,4.674368278347401,0.3256417216525982
2.944,3.364297663731849,-0.4202976637318492
5.00001,4.768365557953677,0.2316444420463224
4.553,3.935805279778261,0.6171947202217392
4.065,3.4262824315674942,0.6387175684325062
3.103,2.72145044797975,0.3815495520202501
2.795,2.4896042001319367,0.3053957998680632
3.482,3.258129851030964,0.223870148969036
4.333,3.810346314398881,0.522653685601119
2.571,2.4146941854504123,0.15630581454958792
3.5,1.950003948329852,1.549996051670148
4.261,4.620819248564612,-0.35981924856461145
3.944,3.1514385974599657,0.7925614025400343
3.872,2.1237894340951042,1.7482105659048957
0.994,1.6725309667613746,-0.6785309667613746
0.85,1.8234799935765127,-0.9734799935765127
1.027,1.8065030377753037,-0.7795030377753038
1.865,2.0249361263755024,-0.15993612637550236
1.55,1.8378628446332912,-0.28786284463329115
2.524,2.3273326390934166,0.19666736090658343
2.063,1.9950973049633278,0.06790269503667234
0.734,1.67238491974808,-0.93838491974808
3.671,3.514459549824042,0.15654045017595797
4.026,3.592016804805194,0.43398319519480566
3.142,3.2380204293180426,-0.09602042931804267
4.541,3.6381748182291207,0.9028251817708797
5.00001,5.103103531606118,-0.10309353160611856
4.165,3.561432011645443,0.6035679883545568
3.645,3.203540829218098,0.441459170781902
3.699,3.3835522979748953,0.3154477020251045
5.00001,4.880141407726125,0.1198685922738747
3.14,2.4323166813083414,0.7076833186916587
3.899,3.4887069334144054,0.4102930665855946
3.556,2.841925838134395,0.714074161865605
3.702,3.5611552394692443,0.14084476053075567
4.043,3.986529620115024,0.05647037988497594
3.542,2.8125911256326908,0.7294088743673091
3.997,4.29292643153586,-0.29592643153586007
4.345,4.150665784170163,0.19433421582983712
4.018,3.705192023893695,0.31280797610630495
4.232,3.66606747176236,0.5659325282376404
4.38,3.439364453070763,0.9406355469292369
4.75,1.3325327975234125,3.4174672024765878
3.675,3.6157744258997795,0.059225574100220335
3.781,3.847801498578361,-0.06680149857836071
5.00001,4.978221584913055,0.02178841508694429
5.00001,4.88428523018626,0.11572476981374002
5.00001,4.230687230758001,0.7693227692419988
4.99,3.8343870200599834,1.1556129799400168
2.042,2.2475646153705355,-0.20556461537053572
1.668,2.7901921131989953,-1.1221921131989954
2.137,2.3202784809480477,-0.18327848094804766
1.625,1.5598684675380938,0.06513153246190617
5.00001,4.624058895507667,0.3759511044923327
5.00001,5.6214203261462075,-0.6214103261462078
5.00001,5.626441163049583,-0.6264311630495838
4.854,3.656892054784546,1.1971079452154543
2.101,1.5139154573493832,0.5870845426506168
1.947,2.536207255898467,-0.5892072558984669
1.812,2.202941001882455,-0.39094100188245506
2.854,3.071258988420755,-0.21725898842075475
3.07,2.8847519704973537,0.18524802950264618
3.536,3.6680390311941222,-0.1320390311941222
3.658,3.5946714902315953,0.06332850976840465
4.277,3.9393625737483156,0.3376374262516846
3.667,3.2549725907026534,0.4120274092973464
2.374,2.4585010754784316,-0.08450107547843144
2.88,3.225849359750694,-0.345849359750694
3.294,3.750933116819495,-0.4569331168194948
2.917,2.859498638193497,0.05750136180650278
3.204,3.287293237293563,-0.08329323729356286
2.869,2.7946213851549264,0.0743786148450738
3.126,2.815830721077337,0.3101692789226629
2.536,2.8127770634656937,-0.27677706346569364
2.051,2.701994442147331,-0.650994442147331
1.976,2.7049940817149647,-0.7289940817149647
1.985,2.834846538952391,-0.8498465389523908
3.107,3.1229900162766993,-0.01599001627669905
1.711,2.0835315365616482,-0.37253153656164817
1.471,1.8822276588766984,-0.4112276588766983
1.557,2.319329579076621,-0.7623295790766211
1.97,2.848061824000812,-0.878061824000812
2.037,2.302510407348956,-0.26551040734895626
1.345,1.815998665697544,-0.470998665697544
1.502,2.275146231085914,-0.7731462310859138
1.23,1.8669652924999547,-0.6369652924999547
1.477,1.3342722871277422,0.14272771287225794
1.742,2.5415133007305877,-0.7995133007305877
1.789,1.9562614117680583,-0.16726141176805842
1.732,2.231529553345297,-0.4995295533452968
1.754,2.4349958364442545,-0.6809958364442545
1.62,2.4950731061701563,-0.8750731061701562
1.911,2.45975923408849,-0.5487592340884899
1.95,1.9299978459493101,0.020002154050689835
1.933,2.330143950424327,-0.3971439504243268
1.98,2.6466694603927565,-0.6666694603927565
2.432,2.809412119198885,-0.37741211919888507
2.186,2.8875045580236236,-0.7015045580236237
1.848,2.5272885339413564,-0.6792885339413564
2.694,2.6997689338267614,-0.005768933826761469
2.356,2.848989787534096,-0.4929897875340963
2.377,3.000392383376996,-0.6233923833769963
1.705,2.1394848170717946,-0.43448481707179454
2.464,2.4386940572982985,0.0253059427017015
2.403,2.722711108890798,-0.319711108890798
2.487,2.895433480189749,-0.4084334801897489
2.729,2.80260944617241,-0.07360944617240994
2.098,2.650066939558488,-0.5520669395584883
2.01,2.8678008968578954,-0.8578008968578956
2.724,2.818955177642782,-0.09495517764278194
1.84,2.148900638846669,-0.3089006388466691
1.647,2.127382602987018,-0.48038260298701796
2.274,2.400484294228338,-0.12648429422833818
1.497,2.1357452946799294,-0.6387452946799292
1.9,2.390842523585044,-0.490842523585044
1.966,2.568503025476221,-0.6025030254762209
1.914,2.3366760101884703,-0.42267601018847034
1.942,2.55383216397579,-0.6118321639757902
1.85,2.4682377830525892,-0.6182377830525891
1.578,2.290918594316329,-0.712918594316329
1.643,2.1528465951620426,-0.5098465951620426
1.61,2.3022689828169707,-0.6922689828169706
1.711,2.4506822756975555,-0.7396822756975554
1.09,1.8873154474754246,-0.7973154474754245
1.708,2.3615234513482806,-0.6535234513482806
1.735,2.3953840697926165,-0.6603840697926164
1.628,2.278134092338942,-0.650134092338942
0.851,1.8539040935101752,-1.0029040935101752
1.75,2.9399873044416185,-1.1899873044416185
1.125,2.2397864298396333,-1.1147864298396333
2.125,2.2555694663725347,-0.13056946637253475
1.042,1.0878651473507819,-0.04586514735078184
0.804,1.4075700813667025,-0.6035700813667024
0.698,1.6707243767768007,-0.9727243767768008
0.813,1.4341880234894986,-0.6211880234894986
0.764,1.311393220172542,-0.547393220172542
0.686,1.152241099129882,-0.4662410991298819
0.675,1.3448443994061885,-0.6698443994061885
1.313,2.3590081987897453,-1.0460081987897454
1.329,2.254265784727851,-0.9252657847278509
1.1,3.371336245211058,-2.271336245211058
1.136,1.6672051795830118,-0.5312051795830119
1.122,1.9039766638263025,-0.7819766638263024
1.138,2.1060129607946045,-0.9680129607946046
1.341,2.612402942154432,-1.2714029421544322
1.566,2.465603882161516,-0.899603882161516
1.588,2.0869287444503177,-0.49892874445031765
1.501,2.4602278948321232,-0.9592278948321233
1.308,2.247146658111098,-0.9391466581110979
1.207,1.647242215335471,-0.44024221533547103
1.294,2.429760102470647,-1.135760102470647
1.142,1.8537548072183156,-0.7117548072183157
0.972,1.6061432854548556,-0.6341432854548557
0.977,1.7199825563550506,-0.7429825563550506
1.103,1.8753571533757265,-0.7723571533757265
0.939,1.8372626402180803,-0.8982626402180803
1.078,1.6776076715437516,-0.5996076715437515
1.337,2.092991861447878,-0.755991861447878
1.828,2.3149525685041494,-0.48695256850414936
1.461,1.8280356599621543,-0.36703565996215426
1.208,1.6534438035931163,-0.4454438035931163
1.333,1.567148930145997,-0.23414893014599714
1.036,1.8564671746779446,-0.8204671746779446
1.651,2.2780943202158976,-0.6270943202158976
2.108,3.01628880302255,-0.90828880302255
1.869,2.3942828889494745,-0.5252828889494745
1.446,2.3860391626406723,-0.9400391626406723
1.404,2.086409500249373,-0.6824095002493733
1.408,2.3147438684944794,-0.9067438684944795
1.416,2.1321385590198574,-0.7161385590198575
1.391,2.455753333948066,-1.0647533339480661
1.508,2.4776287658825407,-0.9696287658825407
1.341,2.3681036788362606,-1.0271036788362606
1.358,2.070691028296359,-0.712691028296359
1.426,2.5971831923822104,-1.1711831923822105
1.353,2.049644265079624,-0.6966442650796238
1.334,2.022105930190618,-0.688105930190618
1.351,2.15501185924236,-0.80401185924236
1.117,2.20579015301729,-1.0887901530172899
1.116,2.0937036687561252,-0.9777036687561251
1.146,2.2798703389508574,-1.1338703389508575
1.047,2.091021332086289,-1.0440213320862892
1.433,2.45692014853047,-1.0239201485304699
1.403,2.016731139459173,-0.6137311394591731
1.455,1.541501495655429,-0.08650149565542886
1.439,2.102436656694741,-0.6634366566947407
1.052,1.8698276250073471,-0.8178276250073471
1.052,1.4865524709481006,-0.43455247094810057
0.956,2.0781209053803495,-1.1221209053803496
0.817,1.4027603760443166,-0.5857603760443166
0.79,2.1483193005603516,-1.3583193005603516
1.058,1.1719652563077079,-0.11396525630770782
0.729,1.2198267173489714,-0.49082671734897143
0.797,1.6180168655347806,-0.8210168655347806
0.716,1.492425008053955,-0.776425008053955
0.88,1.477161546013018,-0.5971615460130181
0.843,1.7388058609255759,-0.8958058609255759
0.794,1.595878703774194,-0.8018787037741939
1.216,1.844818026944462,-0.6288180269444621
0.691,1.30381513911081,-0.61281513911081
0.379,1.6213975796871194,-1.2423975796871194
2.698,2.7480063146266747,-0.05000631462667471
2.745,2.636836867022205,0.10816313297779523
2.75,2.304560232467966,0.44543976753203385
0.95,1.5259867882146314,-0.5759867882146315
0.915,1.481580517759171,-0.566580517759171
0.861,1.6213563842325174,-0.7603563842325174
0.87,1.6278528291704137,-0.7578528291704137
0.842,1.226044319762133,-0.38404431976213294
0.938,1.328487265462034,-0.39048726546203416
0.94,1.539908384169602,-0.599908384169602
1.042,1.4147281201425155,-0.37272812014251544
1.868,2.441045665869006,-0.573045665869006
0.903,1.6835029319156902,-0.7805029319156902
1.115,1.8828605915355072,-0.7678605915355072
0.883,1.4314844614008586,-0.5484844614008586
1.121,1.9603436059623918,-0.8393436059623918
1.563,2.2636721932055304,-0.7006721932055304
1.406,2.702142467872587,-1.2961424678725872
1.224,1.5475953028955243,-0.3235953028955243
1.291,2.039661578779577,-0.748661578779577
1.196,1.9308186845367956,-0.7348186845367957
1.678,1.9857165438495468,-0.30771654384954683
1.784,2.321839869247505,-0.5378398692475048
1.778,2.5863468278671604,-0.8083468278671604
2.865,2.825771364630402,0.03922863536959831
2.534,2.7644391288142067,-0.23043912881420692
2.473,2.7957029806275973,-0.3227029806275974
2.677,3.3108792396125417,-0.6338792396125417
3.216,3.1054881093659383,0.11051189063406186
2.882,3.0634354075653576,-0.18143540756535748
4.01,3.200604073304855,0.8093959266951449
3.04,2.4549442458692194,0.5850557541307806
2.619,2.08739962892791,0.53160037107209
0.225,1.936255658539068,-1.711255658539068
1.833,1.953639662033114,-0.12063966203311405
2.201,2.2657618367684313,-0.06476183676843128
1.958,1.7749787198003784,0.1830212801996216
1.869,2.002831947623921,-0.13383194762392114
2.122,2.534206630737184,-0.4122066307371841
2.39,2.309098425668614,0.08090157433138634
2.181,1.9069456002191425,0.27405439978085755
2.004,2.009210520922938,-0.005210520922938056
2.091,2.330565428001365,-0.23956542800136482
2.172,2.0344232083025915,0.13757679169740866
2.23,2.240690623507991,-0.010690623507990882
1.417,1.8613054635853576,-0.4443054635853576
1.625,1.7533887481031643,-0.12838874810316425
3.114,3.1497162099005322,-0.03571620990053237
2.632,2.813872472692756,-0.18187247269275586
2.62,2.4143685441123477,0.20563145588765241
2.737,2.9714758279896576,-0.2344758279896575
2.349,2.714735192802038,-0.3657351928020378
3.585,3.294622717269443,0.2903772827305571
3.337,3.427526925648615,-0.09052692564861475
2.875,2.558769543718956,0.31623045628104407
3.244,3.1134737979510465,0.1305262020489537
3.155,3.413011857827633,-0.25801185782763314
3.312,3.7417473184631445,-0.4297473184631446
1.094,1.2117880162424621,-0.11778801624246205
0.858,0.6305600737702659,0.22743992622973408
0.732,0.7406775260046667,-0.008677526004666758
0.684,0.8441967073044783,-0.16019670730447821
0.746,0.46346286391975555,0.28253713608024444
0.783,0.6421702348910148,0.14082976510898526
0.669,0.6230898164327656,0.04591018356723442
1.059,0.7832908438961639,0.27570915610383606
0.695,0.6421632827582258,0.05283671724177419
1.224,0.6710888859866626,0.5529111140133374
0.75,0.5481858159070767,0.2018141840929233
1.036,1.0303417088999192,0.00565829110008087
1.031,0.601271556652403,0.42972844334759697
1.527,0.9274243855632944,0.5995756144367055
1.167,1.0106166309370133,0.15638336906298678
0.711,0.669588731843237,0.04141126815676299
2.125,-0.016608979124429712,2.1416089791244297
1.875,1.2526524008167828,0.6223475991832172
0.875,0.26414840286780006,0.6108515971321999
0.922,0.14288030483125547,0.7791196951687446
0.913,0.38540783636635534,0.5275921636336447
1.734,0.5589571623083549,1.175042837691645
2.0,1.910506496169569,0.08949350383043098
0.846,0.18628122712035444,0.6597187728796455
1.072,0.6395323321624382,0.43246766783756185
1.148,0.6169240896500043,0.5310759103499956
1.316,0.11413428283903171,1.2018657171609683
1.042,0.21086915819770713,0.8311308418022929
1.105,0.44688982875555805,0.6581101712444419
1.368,1.046180077005684,0.32181992299431617
1.097,0.15070106924263582,0.9462989307573642
0.993,0.9228202495599043,0.07017975044009572
1.036,0.6888859057678396,0.34711409423216044
1.185,0.5531833410264069,0.6318166589735932
1.419,0.5040833818865791,0.914916618113421
0.858,0.2920404715071272,0.5659595284928728
0.904,0.4130134079119787,0.4909865920880213
0.869,0.6685593029233341,0.2004406970766659
0.896,0.17789918973507168,0.7181008102649283
3.134,0.7636652515229021,2.370334748477098
1.261,0.4528510784290165,0.8081489215709834
1.266,0.4872886173681712,0.7787113826318288
1.036,0.7839796461573072,0.25202035384269283
0.961,0.04185542094890149,0.9191445790510985
1.042,0.3481434975472193,0.6938565024527807
1.072,0.24139967275308205,0.830600327246918
1.019,0.6422832314748286,0.37671676852517133
0.944,0.1063320964532064,0.8376679035467935
0.867,0.026080414044652223,0.8409195859553478
1.008,0.6806123498339649,0.3273876501660351
1.141,0.15978182687778641,0.9812181731222136
1.078,0.32056211041876637,0.7574378895812337
1.347,0.5734860512547344,0.7735139487452656
1.625,1.088368600250842,0.5366313997491581
1.276,0.899096020072305,0.376903979927695
1.097,0.6563557743215958,0.4406442256784042
1.214,1.115215353062581,0.09878464693741895
1.177,0.7126020866618032,0.4643979133381968
1.188,0.7865841905791657,0.4014158094208342
0.976,0.4362708730788949,0.5397291269211051
0.875,0.8208244202411761,0.05417557975882392
1.26,1.0527785799553604,0.20722142004463961
2.063,1.660190283701938,0.40280971629806217
4.375,1.2001584914666494,3.1748415085333503
5.00001,1.2767390333286663,3.7232709666713335
1.722,1.3788868834098609,0.3431131165901391
1.634,1.1483988824040767,0.48560111759592317
1.132,1.12015079273307,0.01184920726692984
1.273,0.7033314180530672,0.5696685819469327
1.286,0.8327672028086957,0.4532327971913044
1.282,0.6668160550119007,0.6151839449880994
1.326,0.8770498717702462,0.4489501282297539
1.193,0.8047579538619392,0.3882420461380609
1.185,0.23134189692646978,0.9536581030735303
1.201,1.0495316250295055,0.1514683749704946
0.875,2.396539575634914,-1.5215395756349142
0.955,0.7626547033317232,0.1923452966682767
2.133,1.4017652610914595,0.7312347389085405
2.396,2.2796963065257807,0.1163036934742192
1.734,1.5220990668858083,0.21190093311419167
2.289,1.9812565791152783,0.30774342088472184
2.175,1.7760786632825987,0.39892133671740115
1.975,1.4252891874521962,0.5497108125478039
1.725,1.232479076209234,0.4925209237907662
1.989,1.2998802188680891,0.689119781131911
1.879,1.705380910495658,0.1736190895043419
1.866,1.8035335914223785,0.062466408577621646
1.633,0.9200763434445698,0.7129236565554302
1.769,0.8754002712885081,0.8935997287114918
2.171,1.6526778167588427,0.5183221832411571
1.808,1.2020465035402217,0.6059534964597784
3.006,1.1658528904016872,1.8401471095983126
1.701,1.4360486366390526,0.2649513633609475
2.076,1.2383169964165675,0.8376830035834326
2.028,1.3354878871808917,0.6925121128191083
1.963,1.719190577940632,0.24380942205936806
2.306,1.4323412067236705,0.8736587932763296
1.674,1.1551765608736977,0.5188234391263022
1.846,1.5092088308630882,0.33679116913691187
1.461,0.5974987025520073,0.8635012974479928
1.283,0.4981751665002707,0.7848248334997292
1.426,0.7315338293607727,0.6944661706392272
1.205,0.7700117627992862,0.4349882372007139
1.113,0.5340214320452108,0.5789785679547892
1.216,0.6562613374882202,0.5597386625117797
1.485,0.5590245258057158,0.9259754741942843
1.083,0.24734512565495992,0.83565487434504
1.279,0.9070603626780767,0.37193963732192326
1.286,0.9254376824761166,0.36056231752388346
1.509,1.0070535180626212,0.5019464819373787
1.381,0.508940363488946,0.872059636511054
1.587,0.6841458766955395,0.9028541233044605
1.413,0.6859885884804631,0.727011411519537
1.412,1.0705383442229945,0.3414616557770054
1.087,0.5950701477170868,0.4919298522829132
1.069,0.8208143505450103,0.24818564945498967
0.947,0.3170196016969069,0.629980398303093
1.175,0.5932102667196002,0.5817897332803998
1.517,1.1492418903809498,0.3677581096190501
1.402,1.0864257439268146,0.31557425607318534
1.322,1.0595285780509331,0.2624714219490669
1.317,0.6712715891659364,0.6457284108340635
1.366,0.9791003709481438,0.38689962905185626
1.338,0.7175670826683864,0.6204329173316137
1.264,0.6736062362536819,0.5903937637463181
1.188,0.6421316394490386,0.5458683605509613
1.0,1.0639912166004988,-0.06399121660049878
0.98,0.9838130542258698,-0.0038130542258698608
1.156,2.100260846909573,-0.9442608469095732
1.625,8.970275761162036,-7.345275761162036
1.707,1.2058032674970944,0.5011967325029056
2.083,1.9280776517220528,0.15492234827794737
1.188,0.779712328610997,0.4082876713890029
1.559,1.017979758659016,0.5410202413409839
1.414,1.00622770237859,0.40777229762141
1.385,0.49807845012793384,0.8869215498720662
0.567,1.1568600899498946,-0.5898600899498947
0.496,1.0574832399433394,-0.5614832399433394
0.475,0.8842914352499918,-0.4092914352499918
0.475,1.1187418485046532,-0.6437418485046532
0.448,1.007160009958315,-0.5591600099583149
0.504,0.7218604526343517,-0.21786045263435172
0.567,0.8412600039553864,-0.2742600039553864
0.592,1.3208899048470943,-0.7288899048470944
0.53,1.0751513378523947,-0.5451513378523947
0.477,0.8009336088153813,-0.32393360881538136
0.433,0.8590848537002782,-0.4260848537002782
0.526,0.9828277277299171,-0.4568277277299171
0.469,0.8752662671794156,-0.4062662671794156
0.939,0.7810167039534348,0.15798329604656514
0.903,1.1583101696780047,-0.2553101696780047
0.5,0.676933323614795,-0.17693332361479497
0.564,0.6944072915108694,-0.1304072915108695
0.396,0.7416905777927405,-0.3456905777927405
0.75,1.4686142141507035,-0.7186142141507035
0.518,0.5534819449688517,-0.03548194496885171
0.612,0.8639603698657168,-0.2519603698657168
0.467,0.7082959792693124,-0.2412959792693124
0.438,1.0873287718209386,-0.6493287718209386
0.526,0.7106534507948383,-0.1846534507948383
0.541,1.016432681636736,-0.4754326816367359
0.621,1.0344445425705384,-0.4134445425705384
0.675,1.8063071142040497,-1.1313071142040496
0.739,1.296497281920861,-0.5574972819208611
0.53,0.5274949404221998,0.0025050595778002283
0.535,0.8504368186320879,-0.31543681863208783
0.528,0.7267932840805118,-0.19879328408051178
0.485,0.4912264859385205,-0.006226485938520487
0.578,0.39279993584206685,0.1852000641579331
0.495,0.594874273065003,-0.09987427306500296
0.513,0.5685411708373418,-0.05554117083734178
0.525,0.7228593630560725,-0.19785936305607243
0.344,1.106914515503955,-0.7629145155039551
0.441,0.7227530470589163,-0.2817530470589163
0.453,0.6509877068547052,-0.19798770685470518
0.618,0.8456034858252091,-0.22760348582520906
0.444,0.8120406344486137,-0.36804063444861373
0.606,1.2489298072494108,-0.6429298072494108
0.498,0.7827870420048741,-0.28478704200487415
0.508,1.0768159038853211,-0.5688159038853211
0.585,0.9163681480750956,-0.3313681480750956
0.608,0.6095391517029356,-0.001539151702935615
0.526,0.9966011777549633,-0.47060117775496324
0.455,0.7942927422514487,-0.33929274225144873
0.521,0.8686728941152067,-0.34767289411520663
0.5,1.051504304144343,-0.551504304144343
0.931,1.6600263420234076,-0.7290263420234075
1.203,1.1403211825207786,0.06267881747922144
0.625,0.634446479598646,-0.009446479598645974
0.931,1.4649539464584183,-0.5339539464584182
1.179,1.8907070824538996,-0.7117070824538996
1.717,2.916791319318616,-1.1997913193186158
1.216,1.3823609965787047,-0.16636099657870473
1.083,1.6444265217687764,-0.5614265217687764
1.538,1.0373899412499985,0.5006100587500015
2.25,0.5461535179115422,1.7038464820884578
0.659,0.5758186484476555,0.08318135155234452
1.272,2.6015468475712216,-1.3295468475712215
0.895,0.517160482319267,0.377839517680733
0.542,0.9222388786580096,-0.38023887865800954
1.514,1.971092915416069,-0.457092915416069
0.916,1.0608802082740048,-0.14488020827400472
0.704,0.755370055542169,-0.051370055542169
0.493,0.9482095075171373,-0.4552095075171373
0.883,0.9553578909799874,-0.07235789097998735
0.742,0.9470506063232538,-0.20505060632325378
0.923,1.5425989210142916,-0.6195989210142916
1.104,1.4188730326976566,-0.31487303269765654
0.58,0.5402662129652074,0.03973378703479258
0.653,1.4349194973195647,-0.7819194973195647
0.895,1.136279516863881,-0.24127951686388105
0.612,0.9120499460866522,-0.30004994608665225
0.928,1.5676113080419976,-0.6396113080419975
0.926,1.4863834234977926,-0.5603834234977926
0.667,0.980110104147554,-0.3131101041475539
0.684,1.222031999220702,-0.538031999220702
0.96,0.9934225036075515,-0.0334225036075515
0.742,0.8230393479855875,-0.08103934798558754
0.813,1.2514459998116803,-0.4384459998116803
0.679,0.954250160369907,-0.2752501603699069
0.783,1.1553530872713775,-0.3723530872713775
0.967,1.4883196214860868,-0.5213196214860868
0.72,0.5786933831496899,0.1413066168503101
0.673,0.8538795165166269,-0.18087951651662681
0.488,1.034461858022299,-0.5464618580222991
0.571,0.8860331663908425,-0.31503316639084256
0.556,0.8067657920180342,-0.2507657920180342
0.679,1.4236020545201193,-0.7446020545201193
0.542,1.182856047704342,-0.6408560477043419
0.551,0.9771987994289297,-0.4261987994289297
0.669,0.955432232944466,-0.28643223294446596
0.685,0.9061335889983739,-0.22113358899837388
0.692,1.0358463431811995,-0.34384634318119955
0.584,1.0943423427581203,-0.5103423427581203
0.571,1.2667756654335194,-0.6957756654335194
0.784,1.2271108548865284,-0.44311085488652835
0.561,0.7817808987986585,-0.22078089879865848
0.45,0.759843012528221,-0.30984301252822094
0.59,0.8986375508405626,-0.30863755084056266
0.613,1.1496674401957123,-0.5366674401957123
0.513,0.9732031116156057,-0.4602031116156057
0.52,0.8896042624744771,-0.3696042624744771
0.466,0.8851083921138936,-0.41910839211389356
0.498,1.0225263558389297,-0.5245263558389297
0.506,0.6999123744564879,-0.1939123744564879
0.534,1.0744839825608543,-0.5404839825608543
0.455,0.7972215431379421,-0.3422215431379421
0.491,0.7286856912862634,-0.23768569128626338
0.56,0.8770749166805321,-0.317074916680532
0.546,0.7979928365864954,-0.2519928365864954
0.494,0.8269234721572749,-0.3329234721572749
0.691,0.7953837760247187,-0.10438377602471871
0.628,1.0302271566898653,-0.4022271566898653
0.701,1.5169386716861166,-0.8159386716861167
0.483,0.9247997503345793,-0.4417997503345793
0.508,1.0220121053738096,-0.5140121053738096
0.596,1.3977872929268242,-0.8017872929268243
0.556,0.7061606117520567,-0.15016061175205664
0.513,0.9058874479549284,-0.39288744795492836
0.542,1.027857681367901,-0.485857681367901
0.554,1.2489777041468246,-0.6949777041468246
0.587,0.9402206960963306,-0.35322069609633067
0.528,0.7551421922713926,-0.22714219227139254
0.598,0.706542573150015,-0.10854257315001503
0.445,0.670274154569626,-0.22527415456962602
0.69,0.9432818715500468,-0.2532818715500469
0.747,0.9799482329732108,-0.23294823297321077
0.713,1.2681274805488694,-0.5551274805488694
0.869,1.563126344434894,-0.694126344434894
0.647,0.6339026374146304,0.013097362585369643
0.679,1.402719330443831,-0.723719330443831
0.875,0.918093201918111,-0.043093201918110946
0.883,0.9527604828673606,-0.06976048286736058
0.72,0.945330329702118,-0.22533032970211808
0.877,1.5530447650340053,-0.6760447650340053
0.82,1.4973117917737833,-0.6773117917737833
0.759,0.8823702738285688,-0.1233702738285688
0.746,1.2583781733525492,-0.5123781733525492
0.788,0.8137526133216415,-0.02575261332164147
0.857,1.2967355385953625,-0.4397355385953625
0.847,1.4716991441447753,-0.6246991441447753
0.814,1.203991526057127,-0.38999152605712706
0.55,0.7700919294228081,-0.22009192942280809
0.664,1.0710997541963545,-0.40709975419635447
0.728,1.138525055908966,-0.41052505590896593
0.715,1.0501507463239013,-0.3351507463239013
0.692,1.5055873374064326,-0.8135873374064326
0.875,1.1363121379761907,-0.2613121379761907
0.73,1.2351400743567849,-0.5051400743567849
0.769,1.083895186798264,-0.314895186798264
0.704,1.174146484417079,-0.47014648441707907
0.743,1.0675948886296516,-0.3245948886296516
0.813,0.934924121439751,-0.12192412143975107
0.707,1.0079802355360863,-0.3009802355360863
0.723,1.2114643807277095,-0.4884643807277095
0.602,1.0232211522320123,-0.4212211522320123
0.647,1.002995823060454,-0.3559958230604541
0.673,1.1822729579726243,-0.5092729579726243
0.677,0.9244833974127211,-0.24748339741272107
0.619,0.6632087364748671,-0.044208736474867116
0.581,1.1528332049442103,-0.5718332049442103
0.707,0.9415634077022421,-0.23456340770224215
0.602,1.0062416700002264,-0.40424167000022637
0.876,1.7877124778783435,-0.9117124778783435
0.73,1.2015428995219923,-0.47154289952199235
0.591,1.1395105468523155,-0.5485105468523155
0.587,1.2135716058119752,-0.6265716058119752
0.899,1.6558330015658882,-0.7568330015658882
0.722,1.501159603856663,-0.779159603856663
0.789,1.2497029137587596,-0.4607029137587596
0.85,1.524478855380154,-0.6744788553801541
0.834,1.61259577293335,-0.77859577293335
0.696,1.2317704661521547,-0.5357704661521547
0.713,1.4153583718787965,-0.7023583718787966
0.656,1.3616157108788256,-0.7056157108788256
0.681,1.1347063186630488,-0.4537063186630488
0.716,1.1981274687003083,-0.4821274687003083
0.803,1.2499819716102327,-0.4469819716102327
0.802,1.3763974433816386,-0.5743974433816386
0.767,1.2080674759809251,-0.4410674759809251
0.804,1.3944213413905662,-0.5904213413905661
0.845,1.211143916336527,-0.366143916336527
0.797,1.114628538900376,-0.317628538900376
0.747,1.1513187492103822,-0.40431874921038224
0.813,0.8924939071295794,-0.07949390712957949
0.832,1.3663850209032629,-0.5343850209032629
0.801,0.7177363516509192,0.08326364834908084
0.811,1.2442947804423434,-0.4332947804423434
0.745,1.316680961269246,-0.5716809612692461
1.061,1.3019455417504275,-0.2409455417504276
1.264,1.637248482311593,-0.3732484823115929
1.198,1.4277351247501642,-0.22973512475016422
0.896,1.489496973378834,-0.5934969733788339
0.906,1.1059784379321511,-0.1999784379321511
0.69,0.8432311673970008,-0.15323116739700082
1.125,1.4859961088465947,-0.3609961088465947
0.708,1.300986111284729,-0.592986111284729
0.718,0.7344327927231467,-0.016432792723146683
0.578,0.9195041762890002,-0.3415041762890002
0.832,1.594968360990234,-0.7629683609902341
0.604,1.0201662952542236,-0.41616629525422366
0.882,1.3571234991786822,-0.47512349917868224
1.125,1.4688967960155879,-0.34389679601558787
1.054,1.6281445022233176,-0.5741445022233176
0.553,0.9786587858317031,-0.425658785831703
0.828,1.4233932764340649,-0.5953932764340649
1.654,1.5615074725162383,0.09249252748376158
0.612,0.6226073486987167,-0.010607348698716712
2.562,2.8637572167542387,-0.30175721675423883
1.225,1.8904756457921252,-0.6654756457921251
1.603,2.511404545356579,-0.9084045453565792
1.416,1.8227859766443617,-0.4067859766443618
0.893,1.8205314830284283,-0.9275314830284282
0.913,1.245169594218237,-0.332169594218237
0.889,2.204284013902231,-1.3152840139022308
1.193,2.09999240796523,-0.9069924079652298
0.965,1.5319620484669545,-0.5669620484669545
0.721,1.378738135874147,-0.6577381358741471
1.078,1.768377355400304,-0.6903773554003039
0.68,1.431208917165427,-0.7512089171654269
0.888,1.3669610417070384,-0.47896104170703835
0.73,1.1971606344306664,-0.46716063443066647
0.679,1.0378415636378844,-0.35884156363788433
3.459,4.059632721049505,-0.600632721049505
2.139,3.472066855617282,-1.333066855617282
2.292,3.265010427004216,-0.9730104270042164
1.959,2.561798256634718,-0.6027982566347179
1.412,2.688211281285823,-1.276211281285823
1.23,1.9151149473723916,-0.6851149473723916
2.297,2.83373552929255,-0.53673552929255
1.447,2.2405857255443578,-0.7935857255443577
1.677,2.014267357302135,-0.33726735730213475
1.556,2.8616650282854423,-1.3056650282854423
1.515,2.0866379615349597,-0.5716379615349598
1.509,2.050971103735448,-0.541971103735448
1.883,2.9908076694289383,-1.1078076694289383
1.873,3.089743942399961,-1.216743942399961
1.935,3.0635212771398157,-1.1285212771398156
1.236,2.2031256252865656,-0.9671256252865656
1.253,1.9230003901373598,-0.6700003901373599
1.244,1.2486837775341821,-0.004683777534182143
1.119,1.2199223928919514,-0.10092239289195137
0.795,1.0599249141990064,-0.2649249141990063
1.283,1.5721083662794377,-0.2891083662794378
0.54,0.7433661094306607,-0.2033661094306607
0.517,0.7537100042748859,-0.23671000427488587
1.45,1.353459347527778,0.09654065247222188
0.944,1.552176617222467,-0.608176617222467
1.588,1.9758365968569576,-0.3878365968569575
1.193,1.318513072032653,-0.12551307203265294
1.26,1.5714320584376886,-0.3114320584376886
1.355,2.108064495240181,-0.753064495240181
0.693,0.9295695682250105,-0.23656956822501052
0.93,1.323260036960906,-0.39326003696090595
0.958,1.6381818763628597,-0.6801818763628598
0.722,0.8303435535123993,-0.10834355351239933
1.052,1.364211977243174,-0.31221197724317395
0.535,0.8502742808478114,-0.3152742808478114
1.212,1.3916997376201428,-0.1796997376201428
1.433,2.2094638020229604,-0.7764638020229604
1.693,2.6926018902067517,-0.9996018902067516
1.601,2.545795216096429,-0.9447952160964288
0.901,1.5668583585489326,-0.6658583585489326
0.995,1.1490475862128848,-0.15404758621288483
0.888,1.5447785905691254,-0.6567785905691254
0.808,1.21741807542345,-0.40941807542345
0.727,1.2900436702157996,-0.5630436702157996
0.669,0.9000401035613996,-0.2310401035613996
0.656,1.4840321276987511,-0.8280321276987511
0.662,1.1552910394576146,-0.49329103945761454
0.588,0.6340184873801096,-0.04601848738010961
0.714,1.3856857404831553,-0.6716857404831553
0.67,0.8849564437288984,-0.21495644372889833
0.555,1.0324768419288923,-0.4774768419288923
0.797,1.3432897676896536,-0.5462897676896535
0.692,1.1919927882266137,-0.49999278822661375
0.659,1.198274379259073,-0.5392743792590731
0.647,0.7509575155390822,-0.10395751553908217
0.738,1.3059620702415047,-0.5679620702415047
0.675,0.9265343226036606,-0.2515343226036606
0.588,1.0606080229718302,-0.47260802297183024
0.965,1.621434698921464,-0.6564346989214641
0.719,1.099273792789666,-0.3802737927896661
1.538,2.168741462747553,-0.6307414627475529
0.696,1.2821018120321197,-0.5861018120321198
0.665,0.9032594867433268,-0.23825948674332675
1.247,1.404998741803289,-0.15799874180328888
1.322,1.8034287775058075,-0.4814287775058075
0.896,1.3517827003110012,-0.4557827003110012
0.734,1.039941233505373,-0.30594123350537306
0.645,1.0605418377281919,-0.41554183772819187
0.475,0.7596890981587043,-0.28468909815870436
0.683,1.2821734375362788,-0.5991734375362787
0.728,0.9425917259102421,-0.21459172591024211
0.788,0.9613712429711652,-0.17337124297116513
0.811,1.2260943545395948,-0.41509435453959476
0.751,1.413032834124558,-0.6620328341245579
0.714,0.9326880137053148,-0.21868801370531488
0.717,1.0326533710649863,-0.31565337106498637
0.709,1.0619129390987627,-0.35291293909876276
0.846,1.248288562287474,-0.402288562287474
0.66,1.2205297514743143,-0.5605297514743143
0.837,0.8804402371091258,-0.04344023710912581
0.831,1.1251352103153578,-0.29413521031535783
0.743,0.9722125794236858,-0.22921257942368578
0.906,0.8981828680538715,0.007817131946128542
0.745,0.921752491633242,-0.17675249163324203
0.694,0.6070766914649643,0.0869233085350356
0.847,1.337238417569703,-0.490238417569703
0.993,0.8914167913796218,0.10158320862037817
0.855,1.4404486835462322,-0.5854486835462323
0.895,1.482365153656075,-0.5873651536560749
0.952,1.626112974232925,-0.674112974232925
0.996,1.703820175677139,-0.707820175677139
1.109,1.9237971238105864,-0.8147971238105864
1.011,1.7940133923064707,-0.7830133923064708
1.085,1.8622978933436596,-0.7772978933436596
0.842,1.489889546781747,-0.647889546781747
1.094,1.8084984984782788,-0.7144984984782787
1.082,1.5188987428554026,-0.43689874285540253
1.742,1.817410994364632,-0.07541099436463194
1.437,1.7621869492518063,-0.32518694925180625
1.408,1.407311532896102,0.0006884671038980272
0.863,0.8088162470063291,0.05418375299367084
1.652,2.5930682587944154,-0.9410682587944155
1.646,1.412764398213433,0.23323560178656688
1.431,1.6791655714552913,-0.24816557145529128
1.675,1.9044318783730894,-0.22943187837308932
0.714,1.0269716124180515,-0.3129716124180515
0.682,0.9791198422983443,-0.2971198422983442
0.68,1.150527733794712,-0.4705277337947119
1.134,0.6636458912148653,0.4703541087851346
1.09,1.2830335631108136,-0.19303356311081354
1.388,1.8975154071572071,-0.5095154071572072
1.114,1.8122807417159432,-0.6982807417159431
1.125,0.9219189709585804,0.20308102904141956
0.697,0.6779281344128507,0.01907186558714924
0.728,0.6918935701020399,0.03610642989796009
0.722,1.1705081063806249,-0.4485081063806249
0.797,1.0805169126495788,-0.2835169126495788
1.125,0.7386232372850177,0.38637676271498234
0.525,0.8987850787823473,-0.37378507878234724
1.002,1.3571965863149043,-0.35519658631490425
0.895,1.8977236136721376,-1.0027236136721376
0.546,0.6108044160205319,-0.06480441602053189
0.789,1.2645000639410546,-0.4755000639410546
1.113,1.4864943968335564,-0.37349439683355645
1.137,1.7337092523928075,-0.5967092523928075
1.2,2.177661632224838,-0.9776616322248379
1.233,1.4355708777527618,-0.20257087775276172
1.144,1.7494220395596733,-0.6054220395596734
1.062,1.8257785815905023,-0.7637785815905023
0.559,0.6801041460036126,-0.12110414600361252
0.936,1.7269669407302484,-0.7909669407302483
0.889,1.43620868589819,-0.5472086858981899
0.938,0.972239918094078,-0.034239918094078
0.88,1.660492272737586,-0.7804922727375859
0.884,1.4948216771135547,-0.6108216771135547
0.687,1.314472104531295,-0.627472104531295
1.631,2.0932037534657417,-0.4622037534657417
0.836,1.367483774872139,-0.5314837748721389
0.713,1.2696431697338428,-0.5566431697338429
0.763,0.9348205678957118,-0.17182056789571176
0.606,1.067223044572229,-0.46122304457222907
0.83,1.4398768948762362,-0.6098768948762362
1.508,2.2929995030982635,-0.7849995030982635
1.573,1.7348140026889864,-0.1618140026889865
1.738,1.957674165897669,-0.21967416589766908
1.487,1.5781526574414484,-0.09115265744144829
1.547,1.8152712513660134,-0.2682712513660135
1.333,1.284397365822113,0.048602634177886905
1.369,1.6772799129327236,-0.3082799129327236
1.567,1.8667541864732258,-0.2997541864732258
1.265,1.4557972731929874,-0.19079727319298745
1.306,1.6173901228594914,-0.3113901228594913
1.069,1.7681883667586409,-0.6991883667586409
0.995,1.2710287334215948,-0.27602873342159484
0.73,1.0295384892971333,-0.29953848929713334
0.599,1.0254106802780063,-0.4264106802780063
0.848,0.9242808216710776,-0.07628082167107764
0.729,1.1465643190115276,-0.4175643190115276
0.589,1.0910341746153474,-0.5020341746153474
0.639,1.0231779659156095,-0.3841779659156095
0.723,1.2181263808666882,-0.49512638086668825
0.839,1.2615605865891375,-0.42256058658913753
0.581,0.9259323433298787,-0.34493234332987877
0.559,0.7343464014148959,-0.17534640141489588
0.589,0.8143015705774117,-0.22530157057741174
0.558,0.8754775968279767,-0.3174775968279766
0.639,0.614006643923033,0.024993356076967066
0.693,0.8685436124894919,-0.1755436124894919
1.601,1.1483253897424182,0.4526746102575818
1.153,1.201187988183765,-0.04818798818376502
1.076,1.3556642530748133,-0.27966425307481324
0.8,0.9844270724466637,-0.18442707244666368
0.938,1.495748143891368,-0.5577481438913681
0.924,0.7461574577350345,0.17784254226496554
1.518,1.488145090029204,0.029854909970796095
1.118,1.087364116343155,0.030635883656844998
1.118,0.9912550664675284,0.12674493353247174
1.239,1.2205173991172384,0.018482600882761657
0.833,0.5843794412769159,0.24862055872308408
0.856,2.4631108299902498,-1.60711082999025
0.94,1.1956007845770829,-0.2556007845770829
1.027,1.204126737102547,-0.17712673710254712
1.25,2.3451452811010656,-1.0951452811010656
1.446,1.5918892356309824,-0.14588923563098244
1.792,2.4661589091003844,-0.6741589091003843
0.786,1.493440188801086,-0.707440188801086
0.944,0.8062628744029137,0.13773712559708629
1.0,0.6236918090005936,0.3763081909994064
0.905,0.5832991780683874,0.32170082193161265
0.922,0.8873886310368226,0.0346113689631774
0.552,0.5646803628516455,-0.012680362851645421
0.52,0.7628636976678631,-0.2428636976678631
0.515,0.4864178999530939,0.02858210004690609
0.517,0.5637345997063823,-0.046734599706382274
0.658,0.8493114054254738,-0.19131140542547376
0.692,0.7991268486539438,-0.10712684865394384
0.725,0.8854331933910304,-0.16043319339103046
0.73,1.0387686858408092,-0.3087686858408092
1.083,1.320968098998148,-0.23796809899814808
0.905,1.4459738044480113,-0.5409738044480112
0.916,1.4500664711998141,-0.5340664711998141
0.633,0.5914167379674669,0.04158326203253315
0.676,1.1793593230162775,-0.5033593230162775
0.609,0.8438539007154875,-0.2348539007154875
0.567,0.6702926696350959,-0.10329266963509598
1.181,1.4179489386777981,-0.2369489386777981
0.661,0.7546609121642833,-0.0936609121642833
0.635,1.1390926049447938,-0.5040926049447938
0.873,1.460543956070444,-0.5875439560704441
0.842,1.4761187077374176,-0.6341187077374176
0.571,0.8187482955933938,-0.24774829559339384
0.547,0.5322719257290773,0.014728074270922709
0.569,0.6296438772502455,-0.06064387725024556
0.634,0.892634738328127,-0.258634738328127
0.953,0.7233021586816255,0.22969784131837445
0.551,0.8707882633705974,-0.3197882633705974
0.558,0.8329819033855954,-0.27498190338559536
0.552,0.6676457663834356,-0.1156457663834356
1.138,1.2638380323347658,-0.12583803233476587
0.932,1.1538571408596,-0.22185714085959984
0.624,0.833760888431575,-0.20976088843157503
0.624,1.065440915682273,-0.44144091568227306
1.317,1.3827085770914658,-0.06570857709146583
0.731,1.221132539085306,-0.4901325390853061
0.73,1.2029276916840512,-0.47292769168405124
0.88,1.5320014530042867,-0.6520014530042867
0.927,0.8507951469552979,0.07620485304470215
0.697,1.1943677633304866,-0.4973677633304866
0.683,0.8516483297921642,-0.16864832979216415
0.651,0.8921107940125812,-0.24111079401258118
0.553,0.616099368724877,-0.06309936872487698
0.544,0.7307321524616981,-0.18673215246169805
0.925,0.988150688614905,-0.06315068861490492
0.53,0.8752485155765717,-0.34524851557657166
0.516,0.8560705267217046,-0.34007052672170457
1.115,1.336857062707528,-0.22185706270752803
1.209,1.5246605709653773,-0.31566057096537725
0.766,1.130763843669111,-0.36476384366911097
0.67,0.8249432927979186,-0.15494329279791852
0.701,0.9250022445378119,-0.22400224453781192
0.702,1.352080685460811,-0.650080685460811
0.957,1.2241026285187928,-0.26710262851879285
0.827,1.3411729206278011,-0.5141729206278012
1.1,0.9509153365575007,0.14908466344249938
1.0,1.39377672864247,-0.39377672864247004
1.016,1.4977437968792264,-0.4817437968792264
0.942,1.0839220924078972,-0.14192209240789722
0.75,1.3827207336490874,-0.6327207336490874
0.792,1.2308324841571565,-0.4388324841571565
0.579,0.8449802171739014,-0.2659802171739014
0.725,1.2460964297356985,-0.5210964297356985
0.768,0.9912775780064123,-0.22327757800641224
0.836,1.3403468647267136,-0.5043468647267136
0.782,1.0325800481280412,-0.25058004812804113
0.6,1.204050012059123,-0.6040500120591231
0.9,1.321104529979801,-0.42110452997980097
0.694,0.9531033087482912,-0.25910330874829124
0.746,1.0715586140341649,-0.32555861403416486
0.764,1.0989171367512842,-0.3349171367512842
0.756,1.090286923053898,-0.33428692305389807
0.584,0.9858675377340271,-0.40186753773402717
0.609,1.3392098714229572,-0.7302098714229572
0.392,1.0828532051692499,-0.6908532051692499
1.125,1.2785702893045479,-0.15357028930454786
0.55,1.4320942751895986,-0.8820942751895986
0.647,0.9331966181435389,-0.2861966181435389
0.551,0.9816049382432082,-0.4306049382432081
0.875,1.5594525423319845,-0.6844525423319845
1.042,1.4730694414222596,-0.43106944142225956
0.65,1.9080898104686705,-1.2580898104686704
0.62,1.3020009699526534,-0.6820009699526534
0.7,1.5840723854020307,-0.8840723854020307
0.864,1.7909159464364435,-0.9269159464364435
0.863,2.336675189775228,-1.473675189775228
0.853,1.5880799961283691,-0.7350799961283692
0.604,1.181386917957496,-0.5773869179574961
0.555,1.8799444279404292,-1.3249444279404292
0.766,1.3032308738464575,-0.5372308738464575
0.66,1.305918206547247,-0.645918206547247
0.906,1.2394025131197308,-0.3334025131197308
0.572,1.2949583422159523,-0.7229583422159523
0.583,0.9625965877115752,-0.37959658771157523
0.56,1.2906454403958811,-0.7306454403958811
0.689,1.1585995971391354,-0.46959959713913546
1.125,1.4599026273333073,-0.33490262733330733
0.388,1.2065370383496892,-0.8185370383496892
0.552,0.920465771134851,-0.3684657711348509
0.6,1.2302603202161078,-0.6302603202161078
0.58,1.1511356110448114,-0.5711356110448115
0.543,0.8192868420380897,-0.2762868420380896
0.63,0.8517105729053764,-0.22171057290537644
0.66,1.4166175687206302,-0.7566175687206301
0.905,1.4327198415306033,-0.5277198415306033
0.581,1.1997814631977306,-0.6187814631977306
0.719,1.314595365863417,-0.5955953658634171
0.744,1.359504419971548,-0.615504419971548
0.55,1.2592437386802149,-0.7092437386802148
0.675,2.076225526890075,-1.401225526890075
1.625,1.552277570234076,0.07272242976592391
0.637,0.5999970934055172,0.0370029065944828
0.675,0.5248531796906268,0.1501468203093732
0.85,0.9461872472016879,-0.09618724720168792
0.656,0.8792034788780987,-0.22320347887809866
0.722,0.9807089592758091,-0.25870895927580917
0.696,0.704257045816105,-0.00825704581610509
0.943,0.6647669289371723,0.2782330710628277
0.854,1.1544129844579334,-0.3004129844579334
0.731,0.5037025646598183,0.22729743534018165
0.14999,1.0463029843496614,-0.8963129843496613
0.675,0.8085174350635176,-0.13351743506351754
0.875,1.3853728628924522,-0.5103728628924522
0.816,1.1918100915327898,-0.3758100915327899
0.719,1.0718591505823656,-0.3528591505823656
0.587,0.8597414878314782,-0.2727414878314782
0.71,0.8454114854206312,-0.1354114854206312
1.25,0.4163736579895547,0.8336263420104453
0.669,0.7446767288326308,-0.07567672883263077
0.634,0.844058098297495,-0.210058098297495
0.697,1.1137333256342337,-0.4167333256342337
0.53,0.8065620975877772,-0.27656209758777717
0.7,0.761607415822348,-0.06160741582234808
0.953,0.9568039924879697,-0.0038039924879696985
0.771,0.949794364073745,-0.17879436407374494
0.705,0.6559065893741096,0.049093410625890344
0.587,0.6162730135963745,-0.029273013596374575
0.6,1.2676357820838235,-0.6676357820838236
0.805,1.296035199628038,-0.4910351996280379
0.769,1.2301856439824626,-0.46118564398246253
0.755,1.2589305854135004,-0.5039305854135004
0.625,1.2816176431044852,-0.6566176431044852
0.927,1.380987195781222,-0.45398719578122204
0.854,1.4372627481471052,-0.5832627481471052
0.683,1.0257909090410353,-0.34279090904103526
0.7,1.1985453589886204,-0.4985453589886204
0.705,1.036256652802463,-0.3312566528024631
0.646,1.016016745388049,-0.3700167453880491
0.705,1.2101805533229515,-0.5051805533229515
0.82,1.6067452642860354,-0.7867452642860354
0.856,1.5146127069641122,-0.6586127069641122
0.813,1.1651370893884334,-0.35213708938843347
0.702,1.3916860081685902,-0.6896860081685903
0.722,1.346453216397617,-0.6244532163976171
0.67,1.2857781854835308,-0.6157781854835308
1.161,2.029872032211432,-0.8688720322114318
0.828,1.4067892458593543,-0.5787892458593543
0.69,1.332359640827503,-0.642359640827503
0.675,1.168955820296555,-0.49395582029655505
0.726,1.3645787609190296,-0.6385787609190297
0.741,1.183454102602933,-0.44245410260293305
0.747,1.17153906822513,-0.4245390682251301
0.741,1.114783214354195,-0.3737832143541949
0.81,1.3145887629029132,-0.5045887629029131
1.042,1.5875410084787016,-0.5455410084787016
0.818,1.9400426467444905,-1.1220426467444904
0.906,1.2740291069489653,-0.3680291069489653
0.864,1.5245760416572351,-0.6605760416572352
0.928,1.6584118713759854,-0.7304118713759854
0.996,1.4450925912318986,-0.4490925912318986
1.006,1.5594334465428545,-0.5534334465428545
0.9,1.6733300542826717,-0.7733300542826717
0.961,1.3063453966789336,-0.3453453966789336
0.869,1.14813268484394,-0.27913268484393994
0.811,1.2220715392358723,-0.41107153923587225
0.83,1.389629464667342,-0.559629464667342
0.928,1.706520540458351,-0.778520540458351
0.981,1.464237459436439,-0.4832374594364389
1.43,1.605506271733232,-0.17550627173323208
1.339,1.6935566418427206,-0.3545566418427206
1.5,0.7522201786663258,0.7477798213336742
0.75,0.7838848334777713,-0.03388483347777127
0.875,0.9475425706353775,-0.0725425706353775
0.992,1.2097660903326075,-0.21776609033260752
1.011,0.7956241901979129,0.21537580980208704
1.058,1.30059951150833,-0.24259951150832992
1.531,0.7405049093241323,0.7904950906758677
0.575,1.0259041736395238,-0.45090417363952384
0.811,1.0630769654580394,-0.25207696545803937
0.741,0.9308874145791779,-0.1898874145791779
0.821,1.1790580072542096,-0.35805800725420966
0.926,1.2010067963685476,-0.2750067963685475
0.508,1.8716484950302812,-1.3636484950302812
1.395,1.0674570296596593,0.32754297034034074
1.36,1.30275526982237,0.05724473017762999
0.788,0.8808004177424789,-0.09280041774247882
0.798,0.9228734919238832,-0.1248734919238832
0.367,0.5390561336593542,-0.17205613365935424
0.5,0.6453933983609013,-0.14539339836090126
0.592,0.4388744082014384,0.15312559179856156
0.627,0.6403234256418611,-0.013323425641861064
0.838,0.7877534036842142,0.05024659631578576
0.628,0.9121074718957403,-0.28410747189574026
1.194,1.1930349498773873,0.0009650501226126096
1.434,1.4584107091998908,-0.024410709199890857
0.979,0.9740866178033518,0.004913382196648164
1.027,1.5526185449211924,-0.5256185449211925
0.988,1.319953084440741,-0.331953084440741
0.756,1.2260878788240266,-0.4700878788240266
0.842,1.4205847347078617,-0.5785847347078618
1.063,1.4696811187123087,-0.4066811187123087
0.755,1.0529547151122411,-0.29795471511224114
1.113,1.1553758908243397,-0.04237589082433968
0.96,1.4180328963613547,-0.4580328963613547
0.817,1.3359240830222667,-0.5189240830222668
0.996,1.1595343442122874,-0.1635343442122874
0.736,1.5993936721735498,-0.8633936721735498
0.902,1.1898838172308306,-0.28788381723083056
0.701,1.0579725326421008,-0.3569725326421008
1.269,1.1720976647026458,0.09690233529735415
1.656,1.9404063737186341,-0.2844063737186342
0.784,0.9050175223510859,-0.12101752235108587
1.197,1.3854257481792176,-0.18842574817921753
1.199,1.7546747053446425,-0.5556747053446425
1.118,1.9690975903361685,-0.8510975903361684
1.289,1.7579534841505675,-0.4689534841505676
1.005,1.3281828911919564,-0.32318289119195653
1.306,2.026204085407554,-0.7202040854075538
0.901,1.651871232055739,-0.7508712320557389
0.581,1.1819082950700652,-0.6009082950700653
0.79,1.5269017249311156,-0.7369017249311156
1.07,1.6245607723497386,-0.5545607723497386
0.864,1.5535382313013046,-0.6895382313013046
0.921,1.4743096958210196,-0.5533096958210195
0.851,1.4690834411346652,-0.6180834411346652
0.796,1.2961668076568045,-0.5001668076568044
1.281,1.938821217319527,-0.657821217319527
0.668,0.9920416686368567,-0.3240416686368567
0.768,1.118071466204699,-0.3500714662046991
0.952,1.6994471268874989,-0.7474471268874989
0.973,1.3873177392996916,-0.4143177392996916
0.926,1.2352380913090633,-0.3092380913090632
0.771,1.2214963327622497,-0.45049633276224965
0.925,1.3776343712831929,-0.45263437128319284
0.751,1.2397271599582032,-0.48872715995820315
0.741,1.3065479053793139,-0.5655479053793139
0.948,1.6661610036048795,-0.7181610036048796
0.723,1.2882181986912271,-0.5652181986912271
0.575,1.2677976316457995,-0.6927976316457995
0.705,1.4204076630077318,-0.7154076630077318
0.55,2.0372777967261095,-1.4872777967261095
0.713,1.5428848380556837,-0.8298848380556837
1.114,1.5048623871243834,-0.39086238712438326
1.067,1.786069439974411,-0.7190694399744111
0.946,1.7957411519873006,-0.8497411519873006
0.761,1.8398923127213829,-1.0788923127213828
1.356,1.578917150301273,-0.22291715030127301
0.707,1.0780015859644494,-0.37100158596444943
0.74,1.2662562250491,-0.5262562250491001
0.543,1.1360587388302164,-0.5930587388302163
0.768,1.0001398014617686,-0.2321398014617686
0.824,1.2900937826848653,-0.46609378268486534
1.015,1.3230347984851525,-0.3080347984851526
1.019,1.3679673926919758,-0.34896739269197585
0.608,0.5775569946787349,0.030443005321265093
0.534,0.641438729382994,-0.10743872938299392
0.467,0.5248524408647852,-0.05785244086478519
0.4,0.34172541687427094,0.058274583125729085
0.433,0.5555485887867047,-0.12254858878670466
0.725,1.0214182684800788,-0.2964182684800788
0.875,1.201169857124273,-0.32616985712427304
0.612,0.6020445666887828,0.009955433311217177
0.62,0.713684977254085,-0.09368497725408498
0.917,1.2118603666335979,-0.2948603666335978
1.078,1.1504440539884613,-0.07244405398846121
1.135,0.9658675315130736,0.16913246848692642
0.586,0.4892482542169785,0.09675174578302148
0.664,0.72486867621318,-0.06086867621317993
0.622,0.5554281415848537,0.06657185841514635
0.637,0.46366474964441107,0.17333525035558894
0.694,0.4517406601556839,0.24225933984431602
0.606,0.6985774206707478,-0.09257742067074781
0.96,1.3700537325473152,-0.41005373254731525
0.808,1.1444428609397759,-0.3364428609397758
0.708,1.1316239124944343,-0.4236239124944343
0.707,0.888411708946679,-0.18141170894667902
1.43,2.020654516240646,-0.5906545162406462
1.072,1.4180012364419428,-0.3460012364419427
0.603,0.5540283250267306,0.048971674973269375
0.664,0.5882958992573908,0.07570410074260925
0.675,0.44767994549278134,0.2273200545072187
1.0,1.5342207541626443,-0.5342207541626443
1.463,2.289849239373824,-0.826849239373824
1.138,0.9313848869756387,0.2066151130243612
0.743,0.7172281916265517,0.02577180837344828
0.809,0.4651859345526539,0.34381406544734616
0.711,1.2935344667675863,-0.5825344667675864
0.658,0.7140906949814705,-0.05609069498147046
0.675,0.6472196706939772,0.02778032930602281
0.686,0.6773436162620596,0.00865638373794042
0.623,1.253085614546816,-0.6300856145468161
0.635,0.5592964683567372,0.07570353164326282
0.611,0.776045262250475,-0.165045262250475
0.675,1.3515822799271833,-0.6765822799271832
0.908,1.7611851016427944,-0.8531851016427944
0.832,1.3496762811138192,-0.5176762811138192
1.028,1.104301632720071,-0.07630163272007096
1.25,1.1588584550196315,0.09114154498036853
0.552,0.7661904753499993,-0.21419047534999924
0.938,0.9182357217789616,0.019764278221038323
0.875,1.0891619915620137,-0.21416199156201365
1.125,0.45531244740431354,0.6696875525956865
0.963,1.4841976396542809,-0.5211976396542809
0.675,1.0028726624645126,-0.3278726624645125
0.875,1.2067756984094444,-0.33177569840944443
0.699,0.6141948286133463,0.08480517138665367
0.726,0.3885899258937777,0.33741007410622226
0.938,0.6828159947042018,0.2551840052957981
0.885,0.8398874167781678,0.0451125832218322
0.792,0.6776104890369687,0.1143895109630313
0.612,0.4730967016727048,0.1389032983272952
0.631,0.82502395954298,-0.19402395954298002
1.425,1.1788851530226638,0.2461148469773362
0.61,0.6967856844495965,-0.08678568444959656
0.536,0.4762440609589311,0.059755939041068906
0.561,0.6762598201698511,-0.11525982016985103
0.604,0.40369099540610276,0.20030900459389722
0.596,0.5395788806208262,0.05642111937917382
0.686,1.7849211076393845,-1.0989211076393843
0.639,0.9177869159752683,-0.2787869159752683
0.594,0.6196212400689369,-0.025621240068936957
0.694,0.47032869192319327,0.22367130807680669
0.583,0.5556960139359033,0.027303986064096675
0.762,1.262050278615793,-0.500050278615793
0.625,0.505548972440615,0.11945102755938497
0.681,0.7906474133679473,-0.10964741336794726
0.708,1.310540019131723,-0.602540019131723
0.862,1.8073025943896783,-0.9453025943896783
0.996,1.8580011438142718,-0.8620011438142718
0.762,1.1550389307188276,-0.39303893071882756
0.843,0.905267055320518,-0.06226705532051802
1.101,2.0218372482511215,-0.9208372482511216
1.599,2.1873545359706386,-0.5883545359706386
0.644,0.6371098707779348,0.006890129222065222
0.736,1.3915747445569928,-0.6555747445569928
0.864,1.4496133236624864,-0.5856133236624864
0.972,2.3145212018134598,-1.3425212018134598
0.875,1.5724786618766589,-0.6974786618766589
1.403,1.5663602604049474,-0.16336026040494733
0.944,0.9934102574718942,-0.0494102574718942
0.64,0.5462719054116172,0.09372809458838283
0.958,0.39849687984924764,0.5595031201507523
0.701,0.4896830648909256,0.21131693510907434
0.731,0.4709926431043572,0.2600073568956428
0.912,0.7075656400246049,0.20443435997539516
0.884,0.5282674129903089,0.3557325870096911
0.755,0.921378614114241,-0.16637861411424104
0.847,0.5318958737721362,0.31510412622786377
0.727,0.8493269170850879,-0.12232691708508792
0.677,0.5413374762588017,0.13566252374119836
0.813,0.864794275080623,-0.051794275080623065
0.513,0.48896344504820455,0.024036554951795464
0.325,1.8874475351204778,-1.5624475351204778
0.439,0.9029918269041841,-0.4639918269041841
0.575,0.6858139809179677,-0.11081398091796779
0.628,1.220134318591322,-0.592134318591322
0.543,0.8978044519208597,-0.35480445192085963
0.588,0.9611077125581826,-0.37310771255818265
0.538,0.28465664568119475,0.2533433543188053
0.675,0.0674171966555166,0.6075828033444834
0.628,0.5156409212933037,0.11235907870669626
0.544,0.46308330474367976,0.08091669525632028
0.538,0.6749641749588717,-0.1369641749588717
0.475,1.7860823241472732,-1.3110823241472733
0.592,-0.05076028813595279,0.6427602881359528
0.575,1.4671371027269762,-0.8921371027269762
0.5,0.6629466572659399,-0.16294665726593993
0.3,0.6845842412203087,-0.3845842412203087
0.25,0.2369129368188989,0.013087063181101088
0.561,0.15032272039947836,0.4106772796005217
0.45,-0.14040629005395333,0.5904062900539533
0.44,0.07252306253073959,0.3674769374692604
1.083,-0.11856084086153951,1.2015608408615395
1.415,0.7329810612696497,0.6820189387303504
1.66,0.5217141406181165,1.1382858593818834
1.188,0.44637880335291635,0.7416211966470836
1.397,0.9084324820844893,0.4885675179155107
1.804,0.879352912992192,0.9246470870078081
0.544,-0.12030171301201609,0.6643017130120161
1.161,0.16823019459274868,0.9927698054072513
1.058,0.009692783866289023,1.048307216133711
0.984,0.2985186799239292,0.6854813200760708
0.945,0.28935227759458915,0.6556477224054108
1.375,-0.07548446692393673,1.4504844669239367
0.806,0.4155054049412257,0.3904945950587744
0.742,0.31100878785224984,0.43099121214775016
1.047,0.33708640940101775,0.7099135905989822
0.455,0.32106423288591035,0.13393576711408967
0.14999,0.18709982215336152,-0.037109822153361505
0.329,-0.5088047614026774,0.8378047614026773
0.649,1.5534807306374459,-0.9044807306374458
0.624,1.5475083736190514,-0.9235083736190514
0.679,1.4588590980475975,-0.7798590980475975
0.871,1.861644555871805,-0.9906445558718051
0.77,1.40419126380869,-0.63419126380869
0.844,1.9205298761420548,-1.0765298761420548
0.707,1.64133057067585,-0.9343305706758501
0.672,1.3423756732880567,-0.6703756732880567
0.574,1.1673359855281304,-0.5933359855281305
0.526,1.0413491454280692,-0.5153491454280692
0.546,1.1709719146772692,-0.6249719146772692
0.543,1.2440600198028402,-0.7010600198028402
0.547,1.310898692461338,-0.7638986924613379
0.57,1.6155824634473885,-1.0455824634473885
0.632,1.322480650325891,-0.690480650325891
0.67,1.1023634867283483,-0.43236348672834823
0.519,1.2888365380975821,-0.7698365380975821
0.532,1.3485247917394352,-0.8165247917394352
0.694,1.5228529197941625,-0.8288529197941625
0.514,1.0383521225326053,-0.5243521225326053
0.635,1.3362634501447257,-0.7012634501447257
0.675,0.87754251247558,-0.20254251247557997
1.32,2.2712716399156987,-0.9512716399156986
1.076,1.368905896571031,-0.29290589657103094
1.306,2.3748560295950245,-1.0688560295950245
2.0,4.846123091771949,-2.8461230917719487
2.375,2.1233199718940527,0.25168002810594725
1.264,1.722816068249955,-0.4588160682499549
1.322,2.374601094071353,-1.052601094071353
0.446,0.9249439131772437,-0.47894391317724366
0.594,1.1572695828371669,-0.5632695828371669
0.506,1.110784173167197,-0.604784173167197
0.6,0.9681717380679447,-0.3681717380679447
0.904,2.0330191793117165,-1.1290191793117166
0.846,1.8736687970732029,-1.0276687970732028
0.939,2.1764733606373285,-1.2374733606373285
0.794,1.941586320340913,-1.147586320340913
0.721,1.6804784790005498,-0.9594784790005498
0.855,1.9017712155677045,-1.0467712155677045
0.762,1.5665445070104902,-0.8045445070104902
0.698,1.5267753224989624,-0.8287753224989625
0.731,1.5533000130908694,-0.8223000130908694
0.766,1.7003962824953722,-0.9343962824953722
0.945,1.9040219555366023,-0.9590219555366023
0.89,1.5643141667236675,-0.6743141667236675
0.871,1.5104476999750784,-0.6394476999750784
1.017,1.7468645684628457,-0.7298645684628458
0.891,1.6057713838243082,-0.7147713838243082
0.79,1.5310695742279794,-0.7410695742279794
0.929,1.76540409072276,-0.8364040907227599
0.952,1.7564823787038946,-0.8044823787038946
0.856,1.6027726838025576,-0.7467726838025576
0.87,1.724091689086982,-0.854091689086982
0.831,1.7926993501935131,-0.9616993501935132
0.706,1.8601633109766569,-1.154163310976657
0.995,1.7550013237481166,-0.7600013237481166
1.046,1.7899705534595567,-0.7439705534595566
1.391,2.3676642522999716,-0.9766642522999716
1.941,3.158546615653829,-1.217546615653829
1.008,1.3275319011812197,-0.31953190118121966
1.43,2.6635514575629946,-1.2335514575629947
1.13,1.165132669766547,-0.03513266976654705
0.87,1.5065453197389782,-0.6365453197389782
0.676,1.625595051065522,-0.9495950510655219
1.053,0.997082892119167,0.05591710788083293
0.757,1.1646039039174627,-0.4076039039174627
0.628,1.3768554862741853,-0.7488554862741853
0.576,1.1930200251148437,-0.6170200251148438
0.597,1.0377074194374123,-0.4407074194374123
0.613,1.23883768610043,-0.62583768610043
0.574,1.590045619733335,-1.016045619733335
0.554,1.083750148203114,-0.529750148203114
0.524,1.172568988954916,-0.648568988954916
0.543,1.0092487297387178,-0.4662487297387178
0.595,1.5095736087253113,-0.9145736087253113
0.468,1.1294570819110892,-0.6614570819110892
0.5,0.9094799764646755,-0.4094799764646755
0.48,1.006674976544302,-0.526674976544302
0.58,1.28106485671802,-0.7010648567180201
0.575,0.9937255157734561,-0.4187255157734562
0.51,1.0243308184035267,-0.5143308184035267
0.575,0.9874626915219786,-0.4124626915219787
0.491,0.8897357001743211,-0.39873570017432114
0.548,0.9618843395011374,-0.41388433950113734
0.508,1.0831986415988832,-0.5751986415988832
0.494,0.7167496771814488,-0.22274967718144878
0.488,1.1524795512628485,-0.6644795512628485
0.554,1.1800566387534623,-0.6260566387534623
0.701,1.553081313986489,-0.852081313986489
0.507,0.9668065928038527,-0.4598065928038527
0.469,0.9086755402427773,-0.43967554024277733
0.555,1.4315513621820999,-0.8765513621820998
0.574,1.0437143146708927,-0.46971431467089275
0.581,1.1525072472435174,-0.5715072472435174
0.579,0.8251948570881347,-0.2461948570881347
0.425,1.2625802949881308,-0.8375802949881308
0.575,1.0705482275993865,-0.49554822759938655
0.675,0.9744258293568955,-0.29942582935689543
0.475,1.2237029727341784,-0.7487029727341784
0.66,1.1144629437693991,-0.4544629437693991
0.6,1.122356864343064,-0.5223568643430639
0.638,1.1836097072714564,-0.5456097072714564
0.725,1.5051174233624574,-0.7801174233624574
0.844,1.208924207720213,-0.36492420772021295
0.918,1.5940865758063771,-0.6760865758063771
1.471,1.565334102683678,-0.09433410268367792
1.266,1.3626054964433036,-0.09660549644330363
0.827,1.628048409211694,-0.8010484092116941
1.187,1.431282718185392,-0.24428271818539193
0.669,1.1552739751466077,-0.48627397514660764
0.847,1.772294927540662,-0.9252949275406621
1.184,1.6760295368905116,-0.49202953689051165
1.107,2.1138490290038625,-1.0068490290038625
1.234,2.019235781909534,-0.7852357819095341
0.952,1.9587799123509047,-1.0067799123509047
0.723,1.513422345743161,-0.7904223457431611
0.813,2.0271482494957733,-1.2141482494957734
0.695,1.6988731767301948,-1.003873176730195
0.753,1.3981678899256424,-0.6451678899256424
0.616,1.2255505613271462,-0.6095505613271462
0.7,1.474119647227031,-0.7741196472270311
0.737,1.5411748918533208,-0.8041748918533208
0.768,1.2964347506661165,-0.5284347506661164
0.578,1.2008646892682946,-0.6228646892682946
0.607,1.0891277649522033,-0.48212776495220333
0.57,0.9499717136883736,-0.3799717136883737
0.516,0.7821483075610312,-0.26614830756103114
0.467,0.8750604300076572,-0.4080604300076572
0.436,0.9339848292256918,-0.4979848292256918
0.425,0.9851582296407315,-0.5601582296407315
0.487,0.9861573983072103,-0.4991573983072103
0.486,1.228863230497168,-0.7428632304971681
0.471,0.8687046123111868,-0.3977046123111868
0.494,1.0225114764801853,-0.5285114764801853
0.427,0.7441801761247939,-0.31718017612479393
0.478,0.6895663544386779,-0.21156635443867788
0.493,0.8804803108765271,-0.3874803108765271
0.762,1.4437179944183658,-0.6817179944183658
0.547,1.1976880894963235,-0.6506880894963235
0.534,1.2286448837910695,-0.6946448837910695
0.54,1.4019001164608738,-0.8619001164608737
0.489,1.1156913884213397,-0.6266913884213398
0.467,0.9597543976301468,-0.4927543976301468
0.787,1.5785244248320196,-0.7915244248320196
0.332,1.064962355315949,-0.732962355315949
0.498,0.9949462818529902,-0.49694628185299017
0.529,1.100093869822107,-0.571093869822107
0.366,0.6871275092695985,-0.32112750926959854
0.621,1.36176782136099,-0.7407678213609901
0.456,0.89473193387543,-0.43873193387543
0.58,1.348650535387335,-0.7686505353873351
0.637,1.728911104042384,-1.091911104042384
0.633,1.2352157909440125,-0.6022157909440125
0.579,1.3092563154105785,-0.7302563154105786
0.76,1.3433128806350745,-0.5833128806350745
0.658,1.3520700515471886,-0.6940700515471886
0.719,1.4721235598537508,-0.7531235598537508
0.737,1.4941515997882,-0.7571515997882
0.73,1.4323937438564327,-0.7023937438564327
0.85,1.608581904315561,-0.7585819043155609
0.699,1.3765501944859073,-0.6775501944859074
1.75,1.4520068470386271,0.29799315296137285
0.872,1.4633194867883703,-0.5913194867883703
1.062,1.8732036300105421,-0.8112036300105421
0.862,1.3032232901439316,-0.4412232901439316
1.341,2.2523456426903974,-0.9113456426903974
1.034,2.198652991708397,-1.1646529917083968
1.31,1.9344971160696893,-0.6244971160696893
2.458,4.49230982235316,-2.03430982235316
1.763,3.1289790538150246,-1.3659790538150247
2.241,3.5210830769995267,-1.2800830769995266
1.185,2.3765595111072058,-1.1915595111072057
1.301,1.8227509987794592,-0.5217509987794593
1.703,2.739634581954375,-1.036634581954375
1.063,2.210083914097413,-1.147083914097413
1.429,2.1441401081231217,-0.7151401081231217
0.707,1.6659545745742568,-0.9589545745742568
1.007,1.6342910621777842,-0.6272910621777843
0.828,1.793763711488158,-0.965763711488158
0.714,1.7316733995342255,-1.0176733995342255
0.847,1.2229737287000306,-0.37597372870003065
0.847,1.4381986476921873,-0.5911986476921873
0.685,1.631241418281887,-0.946241418281887
0.467,1.084515120261699,-0.6175151202616989
0.394,1.1478136355650363,-0.7538136355650363
0.538,1.2194480751991228,-0.6814480751991228
0.637,1.3503130461145618,-0.7133130461145618
0.658,1.5210150242805736,-0.8630150242805735
0.565,1.0855301286340207,-0.5205301286340207
0.595,1.24561620742023,-0.65061620742023
0.562,1.5599031282553755,-0.9979031282553754
0.533,1.0697347337683707,-0.5367347337683707
1.098,1.618519206248306,-0.5205192062483059
0.5,0.9888937311011767,-0.48889373110117673
0.936,1.639486860487227,-0.703486860487227
0.927,1.8436741752599992,-0.9166741752599992
1.002,1.2317586342685178,-0.22975863426851784
0.826,1.5860030457351453,-0.7600030457351453
0.882,1.8020689020459053,-0.9200689020459053
1.029,1.8303429550084673,-0.8013429550084674
0.816,1.6205311821619743,-0.8045311821619744
0.7,1.3251019977662122,-0.6251019977662122
0.748,1.1138461533791943,-0.36584615337919435
0.809,1.707839966822653,-0.8988399668226529
0.979,1.4132105115527458,-0.4342105115527458
1.182,2.225434912572981,-1.0434349125729812
0.65,1.4141940291855666,-0.7641940291855666
0.775,1.3206112225394042,-0.5456112225394042
0.917,1.414982055208907,-0.4979820552089069
1.5,0.9035547529081214,0.5964452470918786
1.139,1.9700467318993313,-0.8310467318993313
1.165,1.7838128650983764,-0.6188128650983764
1.235,1.927794121670543,-0.6927941216705429
1.684,2.319956160417563,-0.6359561604175632
1.482,1.6992318248582254,-0.21723182485822545
1.283,2.093523611346317,-0.810523611346317
0.521,1.7564140271915432,-1.2354140271915433
0.3,1.826532137857124,-1.526532137857124
0.682,2.2573802439735084,-1.5753802439735085
0.579,1.7240489989738013,-1.1450489989738013
0.375,1.8772605650882137,-1.5022605650882137
0.529,1.6259207441117849,-1.096920744111785
0.508,1.843499949017608,-1.335499949017608
0.458,1.7612551239362377,-1.3032551239362378
0.883,2.0623856694121065,-1.1793856694121065
0.754,1.9108703103833768,-1.1568703103833768
0.266,1.6244511898083247,-1.3584511898083247
0.269,1.655788799691167,-1.3867887996911672
0.638,1.9603827018587048,-1.3223827018587047
0.698,1.299248745330582,-0.6012487453305821
1.047,1.5594630332719626,-0.5124630332719626
0.969,1.9411657383137937,-0.9721657383137937
0.889,1.5643262744870803,-0.6753262744870803
0.943,1.9922692129160282,-1.0492692129160281
1.49,1.9497349429054274,-0.4597349429054274
1.573,2.2195058693219734,-0.6465058693219734
1.21,2.035587041208424,-0.8255870412084239
0.828,1.6261496952373955,-0.7981496952373955
1.462,2.086381791681533,-0.6243817916815331
1.104,1.284277345587213,-0.18027734558721287
0.375,1.522139913757253,-1.147139913757253
0.654,1.4607832214155485,-0.8067832214155485
0.786,2.09670684638932,-1.3107068463893201
0.611,1.6739495210692459,-1.062949521069246
0.958,1.5750562393077794,-0.6170562393077794
0.658,1.3933123086792079,-0.7353123086792078
0.586,1.1363616494266748,-0.5503616494266749
0.521,1.0292973407761048,-0.5082973407761048
0.646,1.328303088480333,-0.682303088480333
0.588,1.2462873727741113,-0.6582873727741113
1.25,1.37592827924022,-0.1259282792402201
0.632,0.7008204693389126,-0.06882046933891262
0.719,1.3769944435973287,-0.6579944435973287
0.59,1.217896892233507,-0.627896892233507
0.605,1.0473970120502347,-0.44239701205023474
0.718,1.4934535105590716,-0.7754535105590716
0.541,1.0272967376726172,-0.48629673767261716
0.475,1.4425292931132223,-0.9675292931132223
0.8,1.5241238325400124,-0.7241238325400123
1.563,1.2301674957616706,0.33283250423832933
0.598,0.9777240055318333,-0.3797240055318333
0.833,1.1721732889892187,-0.3391732889892187
0.585,1.2551258038644315,-0.6701258038644315
0.552,0.9690328112454953,-0.4170328112454953
0.547,1.1886108805028308,-0.6416108805028308
0.598,1.4101628658319152,-0.8121628658319152
0.565,1.0235190580649083,-0.45851905806490834
0.573,1.1092785568955903,-0.5362785568955903
0.521,1.066372697863208,-0.545372697863208
0.622,0.8425417691887778,-0.22054176918877777
0.699,1.2169406042118438,-0.5179406042118438
0.672,0.9454869789623133,-0.2734869789623132
0.621,1.20288700949823,-0.58188700949823
0.678,1.112327702605834,-0.434327702605834
0.725,1.2704248726494565,-0.5454248726494565
0.684,1.1214259703811444,-0.4374259703811444
0.84,1.8930255901407491,-1.053025590140749
2.164,2.546215856885156,-0.3822158568851557
0.825,1.2176803869992177,-0.3926803869992177
2.042,2.5961391177672044,-0.5541391177672046
0.923,0.8603350310216209,0.06266496897837914
0.675,0.5907398197526663,0.08426018024733373
0.96,1.0388170328344832,-0.07881703283448327
0.812,0.8117441861029597,0.00025581389704032453
1.014,0.6894564287118994,0.32454357128810063
0.9,2.56348794238543,-1.66348794238543
0.946,1.7236536591209926,-0.7776536591209926
0.594,0.6418771979508482,-0.047877197950848216
0.725,0.5154568847448646,0.20954311525513536
0.969,0.8076080472145382,0.1613919527854618
0.758,0.5333259521210945,0.22467404787890555
0.685,0.4796961421774948,0.20530385782250526
0.673,0.624026259563105,0.048973740436895064
0.697,0.720242691996787,-0.02324269199678708
0.784,1.3965904465047272,-0.6125904465047272
0.55,1.2118017201762021,-0.6618017201762021
0.421,0.5627562604468008,-0.14175626044680084
0.72,0.7092742652268118,0.010725734773188167
0.819,0.9112545373907375,-0.09225453739073752
0.875,1.2110468485445411,-0.33604684854454114
1.094,1.7556475863686127,-0.6616475863686127
0.957,1.6105266387981447,-0.6535266387981448
1.157,1.8999286461794136,-0.7429286461794136
0.635,0.9653931768819628,-0.3303931768819628
1.053,1.903367341098893,-0.850367341098893
1.09,1.5865329648957376,-0.4965329648957375
0.719,0.9872530019985626,-0.2682530019985626
0.845,0.9375275556341318,-0.09252755563413184
1.028,1.848501863231966,-0.820501863231966
0.702,1.0695882709535236,-0.36758827095352364
0.524,0.6586873180912591,-0.1346873180912591
0.832,1.188564039721535,-0.35656403972153494
0.857,1.165746489026052,-0.30874648902605206
0.872,1.3063117849097705,-0.4343117849097705
0.917,0.6364993957790224,0.28050060422097767
1.013,1.0946159208469781,-0.08161592084697822
1.425,1.675581234547611,-0.25058123454761105
0.543,0.48008829057830926,0.06291170942169078
0.918,1.175294814609348,-0.257294814609348
0.98,1.6491589420709882,-0.6691589420709882
0.817,0.8462631937218705,-0.029263193721870584
0.508,0.7831079303288297,-0.27510793032882974
0.865,1.4753226915539777,-0.6103226915539777
0.718,1.3492864908585793,-0.6312864908585794
2.75,0.13058306821945465,2.6194169317805454
1.375,1.0062255723813176,0.3687744276186824
0.685,1.2281043670867833,-0.5431043670867832
0.819,1.1790200037716965,-0.3600200037716965
1.044,1.4854987092624454,-0.4414987092624454
1.417,1.7105962374811643,-0.29359623748116426
0.845,1.616511813289617,-0.771511813289617
0.878,0.9892653888678973,-0.11126538886789727
0.917,1.325300179753806,-0.40830017975380595
1.3,1.2252115425031573,0.07478845749684271
0.549,1.353598447076254,-0.804598447076254
0.644,1.6939503284236985,-1.0499503284236984
0.398,0.9120210259789663,-0.5140210259789663
0.835,1.1178548573012852,-0.28285485730128523
0.879,1.2010768042540159,-0.32207680425401586
1.111,2.0091566729739787,-0.8981566729739787
0.833,1.2640946458873015,-0.4310946458873015
0.733,0.9381046827484947,-0.2051046827484947
0.689,1.3762681437086512,-0.6872681437086513
0.832,1.487803506584645,-0.6558035065846451
0.568,1.009682153785671,-0.4416821537856711
1.368,1.8055630071379798,-0.4375630071379797
1.629,1.6406601340686302,-0.011660134068630201
0.79,0.910742767128963,-0.12074276712896292
1.158,1.4679721229536975,-0.3099721229536976
1.372,1.432108585693554,-0.06010858569355393
1.208,1.7498386455843102,-0.5418386455843103
0.949,1.175711726262883,-0.22671172626288294
0.855,1.4084665149630258,-0.5534665149630258
0.998,1.2950481082258032,-0.2970481082258032
0.8,1.0446028239565042,-0.24460282395650412
0.679,0.9338246104034149,-0.25482461040341486
0.822,1.4253838953727105,-0.6033838953727105
0.945,1.8128710803054744,-0.8678710803054744
0.813,1.3374414442014186,-0.5244414442014187
1.063,1.1439512043106799,-0.08095120431067993
0.68,0.9864412639807925,-0.3064412639807924
0.539,1.1829581765708197,-0.6439581765708197
0.535,1.157485039867607,-0.6224850398676071
0.573,1.2265915683525972,-0.6535915683525972
0.512,1.0904908520784398,-0.5784908520784398
0.614,1.208508238942256,-0.5945082389422559
0.546,1.1619966244298916,-0.6159966244298916
0.637,1.1195268972837373,-0.4825268972837373
0.455,1.150059308638331,-0.695059308638331
0.75,1.183536755706232,-0.43353675570623196
0.942,1.5029469623078895,-0.5609469623078895
1.263,1.2799333885762962,-0.016933388576296338
1.031,1.4577093855584142,-0.4267093855584143
1.0,1.57349535936816,-0.57349535936816
1.014,1.2366785715500483,-0.22267857155004833
0.839,1.4138332107450882,-0.5748332107450882
1.063,1.0398343649406434,0.023165635059356537
0.758,1.3822258448810487,-0.6242258448810487
0.925,1.7094774877525856,-0.7844774877525855
1.264,1.4922367993291021,-0.22823679932910212
0.691,1.2660664354704356,-0.5750664354704357
0.723,1.1630944290810503,-0.44009442908105034
0.62,1.0917621805313038,-0.4717621805313038
0.666,1.1755079164802171,-0.5095079164802171
0.931,1.827891120408012,-0.8968911204080119
1.042,1.7783211293851309,-0.7363211293851308
0.875,1.0155713429405806,-0.1405713429405806
1.125,1.495174918922192,-0.3701749189221919
1.008,2.0834548912178303,-1.0754548912178303
1.075,2.161958124372631,-1.0869581243726312
0.561,1.528442824846229,-0.9674428248462289
1.125,1.4639884400593572,-0.33898844005935724
0.526,1.1929728349838493,-0.6669728349838493
0.435,1.452324501241956,-1.0173245012419558
0.602,1.230607519718119,-0.628607519718119
0.62,0.9781405728269179,-0.3581405728269179
1.188,1.9106262136195484,-0.7226262136195485
1.48,1.4721546639100875,0.007845336089912447
1.079,1.780674923237689,-0.7016749232376891
0.855,1.3865501235389197,-0.5315501235389197
0.919,1.3674864681060666,-0.4484864681060665
0.974,1.997798895075405,-1.0237988950754051
0.904,1.6308148697385616,-0.7268148697385616
0.906,1.7240044470964704,-0.8180044470964704
0.803,1.0489620923498884,-0.2459620923498883
0.702,1.2627480469858479,-0.5607480469858479
0.714,1.5625204716602779,-0.8485204716602779
0.675,0.7802488301748707,-0.10524883017487063
0.615,1.4124519089731036,-0.7974519089731036
0.61,1.124810171419794,-0.514810171419794
0.597,1.3017507108663042,-0.7047507108663043
0.672,1.066679236435377,-0.39467923643537695
0.761,1.608579130034666,-0.8475791300346659
0.567,1.0151250947479482,-0.44812509474794826
0.517,0.9656142287827632,-0.44861422878276314
0.591,1.3740588372713614,-0.7830588372713614
0.538,1.023095418792956,-0.4850954187929559
1.208,0.8876273785447615,0.3203726214552385
0.817,1.2972447173484198,-0.4802447173484199
0.928,1.7222798503546015,-0.7942798503546015
0.581,0.6734022166595528,-0.09240221665955284
0.568,1.1565359528124373,-0.5885359528124373
0.544,1.2829328367549686,-0.7389328367549686
0.606,1.264469303322723,-0.658469303322723
0.705,1.417282337575855,-0.712282337575855
0.504,0.7306819181189748,-0.22668191811897476
0.431,0.8248875233413362,-0.3938875233413362
0.534,1.094268831348506,-0.560268831348506
0.501,0.8177955148619942,-0.3167955148619942
0.463,0.8858773262889219,-0.4228773262889219
0.974,1.0600163198967885,-0.08601631989678848
0.941,1.1834283263821326,-0.24242832638213263
1.0,1.1959982464360892,-0.1959982464360892
0.5,1.2185653126357627,-0.7185653126357627
0.532,1.0490009660021837,-0.5170009660021837
0.465,0.770743373306902,-0.305743373306902
0.438,0.7914791103358509,-0.35347911033585094
0.508,1.1533528155950548,-0.6453528155950548
0.647,1.5798293420366343,-0.9328293420366343
0.523,0.9075179976580663,-0.38451799765806627
0.421,1.0755795742887888,-0.6545795742887888
0.616,1.0345934879653444,-0.41859348796534446
0.548,0.8881985523085032,-0.34019855230850315
0.688,1.7403336142123502,-1.0523336142123503
0.607,1.1268305091425712,-0.5198305091425712
0.613,1.220269552363277,-0.607269552363277
1.375,1.2298629219219022,0.14513707807809784
0.522,1.2145541394809807,-0.6925541394809807
1.0,0.8402891250020084,0.15971087499799164
0.477,1.3613268754121655,-0.8843268754121655
2.25,1.666975077170195,0.583024922829805
0.609,1.7469090002735421,-1.1379090002735421
0.485,1.4935739192212822,-1.0085739192212824
0.439,1.4946596428264582,-1.0556596428264582
0.562,1.3351016816685062,-0.7731016816685061
0.713,1.4210758403537316,-0.7080758403537316
0.625,1.7406079801016499,-1.1156079801016499
0.735,1.7601017476167093,-1.0251017476167092
0.989,2.10045777428111,-1.11145777428111
0.725,1.3091520696482215,-0.5841520696482215
0.683,2.4005327185779235,-1.7175327185779234
0.736,1.6551944690787985,-0.9191944690787985
1.063,1.2506483036423048,-0.1876483036423049
0.926,1.9876000420610591,-1.061600042061059
1.375,1.6142142044485246,-0.2392142044485246
0.711,1.220689802778138,-0.5096898027781381
1.432,1.178609467225365,0.25339053277463486
1.663,2.0487319544622293,-0.3857319544622293
1.406,1.4662255808694622,-0.06022558086946228
1.641,1.7720536505923419,-0.13105365059234186
1.023,1.4533680328530734,-0.43036803285307346
1.003,1.121399524863159,-0.11839952486315908
1.19,1.8091257414545903,-0.6191257414545903
0.935,1.7206950264930396,-0.7856950264930396
0.807,1.5865708629270008,-0.7795708629270007
0.95,2.358283272942149,-1.408283272942149
0.958,0.9787884741794626,-0.020788474179462613
1.083,1.7070572388306382,-0.6240572388306382
0.865,1.0181489123967786,-0.15314891239677864
0.788,1.304294298079502,-0.516294298079502
0.947,1.0638071576697705,-0.11680715766977057
0.668,1.0174423123092429,-0.34944231230924283
0.65,1.0315717695662858,-0.3815717695662858
0.89,1.0271390138076026,-0.13713901380760263
1.089,1.3640754124565984,-0.2750754124565984
0.697,0.7132095236091205,-0.016209523609120535
1.125,1.3756667379188257,-0.25066673791882566
1.115,1.3452688238327877,-0.23026882383278768
0.724,1.421889393178948,-0.697889393178948
0.533,0.8876502102248804,-0.3546502102248804
1.094,1.060675053330645,0.03332494666935504
1.625,1.2843270634441135,0.3406729365558865
1.347,1.3103401393329241,0.03665986066707583
0.759,1.1022506728147181,-0.3432506728147181
0.778,0.9705988552489473,-0.19259885524894726
1.097,1.4581942233527379,-0.3611942233527379
0.6,1.1033452185995969,-0.5033452185995969
0.64,1.2039869982793288,-0.5639869982793287
0.588,1.1316884399450151,-0.5436884399450151
0.575,1.3215952942238536,-0.7465952942238536
0.713,1.9168609404984764,-1.2038609404984766
0.62,0.9590579979989826,-0.3390579979989826
0.69,1.2084146045592208,-0.5184146045592208
0.602,1.3373867664548207,-0.7353867664548207
0.632,1.3037757120785913,-0.6717757120785913
0.582,1.1401647296406443,-0.5581647296406443
0.689,1.0053921898520484,-0.3163921898520484
0.773,0.8668103127787006,-0.09381031277870056
0.49,1.1669458143047355,-0.6769458143047355
0.818,0.8336556671581004,-0.015655667158100406
0.55,1.0195899620910294,-0.4695899620910293
1.142,1.74975353255331,-0.6077535325533101
2.005,2.028622780588688,-0.02362278058868794
0.969,1.7374464369404787,-0.7684464369404788
0.973,1.494109908232171,-0.521109908232171
0.934,1.4923253189024774,-0.5583253189024774
0.55,1.4582196351714376,-0.9082196351714376
1.368,1.4309602984467027,-0.06296029844670259
0.885,1.1391510620039806,-0.25415106200398063
1.139,0.875792281176164,0.263207718823836
0.778,1.1155606534783649,-0.33756065347836484
0.75,1.0176294558931427,-0.2676294558931427
1.342,1.6096178400988361,-0.26761784009883605
1.057,1.5493760333150515,-0.49237603331505153
0.938,1.1420743685281682,-0.2040743685281683
1.194,2.129777316616364,-0.9357773166163641
1.0,1.8403959555228913,-0.8403959555228913
0.966,1.4505202166207816,-0.4845202166207816
0.908,1.7836564101425596,-0.8756564101425596
1.125,1.0624364797843973,0.06256352021560274
0.75,1.2401710111272732,-0.49017101112727324
0.917,1.5570900277814141,-0.6400900277814141
0.847,1.0264626941617738,-0.17946269416177385
1.125,3.3398531548845622,-2.2148531548845622
0.735,0.9399062745170701,-0.2049062745170701
1.092,1.2341813147220868,-0.14218131472208673
1.326,1.8845088825488077,-0.5585088825488076
1.321,1.7533485005829048,-0.43234850058290486
1.031,1.6714818622066592,-0.6404818622066593
0.833,1.8545060093476535,-1.0215060093476536
0.679,1.6408436865937333,-0.9618436865937332
0.853,1.3371836296818458,-0.4841836296818458
0.896,1.6157963342783945,-0.7197963342783945
0.875,0.4580229340310529,0.4169770659689471
0.481,-0.14135514171609653,0.6223551417160965
0.592,-0.32132885275357603,0.913328852753576
0.808,0.34741498994727404,0.460585010052726
0.4,-0.6099102179186517,1.0099102179186517
2.0,0.38305839832654653,1.6169416016734535
1.183,0.3714093401852927,0.8115906598147073
0.783,0.24624154157805034,0.5367584584219497
0.641,0.053246462457722465,0.5877535375422775
0.495,0.18585512873693322,0.3091448712630668
0.859,0.19999329016941836,0.6590067098305816
0.715,-0.0912392967295168,0.8062392967295168
0.664,0.05212410525754274,0.6118758947424573
0.643,-0.12155335260591649,0.7645533526059165
0.702,0.14509800687220653,0.5569019931277934
0.593,-0.20519973926466228,0.7981997392646623
1.057,0.28647237235776446,0.7705276276422355
0.618,-0.3270150042492772,0.9450150042492772
0.856,-0.22944018431720892,1.0854401843172088
0.7,-0.6177164349237927,1.3177164349237926
0.675,-0.9569242939612157,1.6319242939612157
0.91,0.15623722057268852,0.7537627794273115
0.851,0.1816746371056932,0.6693253628943068
0.735,-0.40899410602556774,1.1439941060255676
0.476,-0.10124212396073551,0.5772421239607355
0.607,-0.44282780828555834,1.0498278082855583
2.761,2.944944449853619,-0.18394444985361869
2.13,2.589459044427932,-0.4594590444279323
1.911,2.2597718597812673,-0.34877185978126723
1.845,2.095725185309736,-0.25072518530973587
1.919,2.5963401296553155,-0.6773401296553154
1.976,2.0488593410828218,-0.07285934108282177
1.621,1.7192047694531878,-0.09820476945318779
1.75,1.5923962151482631,0.15760378485173687
1.615,1.698858060795006,-0.0838580607950059
2.576,2.6050179192728775,-0.029017919272877446
2.619,2.3011485589388316,0.3178514410611686
2.776,3.0825618052162853,-0.3065618052162855
2.301,2.431538401815639,-0.13053840181563903
1.958,2.4649630052474474,-0.5069630052474474
2.636,2.3917668704711756,0.24423312952882448
3.169,2.7553489226491124,0.4136510773508877
1.767,1.9513853325454877,-0.18438533254548783
2.933,2.2439306709591147,0.6890693290408851
2.287,2.8838839918271493,-0.5968839918271494
2.583,2.173864269363392,0.40913573063660813
1.814,2.002819646233015,-0.18881964623301473
1.726,2.205250400835456,-0.4792504008354559
2.199,2.628254431254653,-0.4292544312546531
2.156,3.0738513537183363,-0.9178513537183361
1.765,2.126822167424924,-0.361822167424924
1.859,2.351633210071783,-0.4926332100717832
1.896,2.3768566590027147,-0.4808566590027148
1.603,1.9695969920496363,-0.36659699204963636
1.873,2.25735319329891,-0.38435319329890993
2.227,2.4401558998078934,-0.2131558998078935
2.482,2.32808179697916,0.15391820302084014
2.302,1.8704278036898812,0.4315721963101189
2.054,3.0864999430289797,-1.0324999430289798
3.149,2.693616181649114,0.45538381835088604
3.544,3.03450334273923,0.5094966572607702
3.78,3.298800187396437,0.4811998126035628
2.006,1.961029178971648,0.044970821028351704
1.973,2.53276257257654,-0.5597625725765398
2.394,2.898817340234676,-0.5048173402346761
2.171,2.237616128097471,-0.06661612809747108
1.915,2.2896582684415643,-0.37465826844156425
1.662,2.2419911871949054,-0.5799911871949055
1.663,2.395227124950596,-0.7322271249505958
1.549,1.7960767652357377,-0.24707676523573774
1.583,1.6116400158197366,-0.02864001581973663
1.476,1.9389694035755396,-0.4629694035755396
1.458,2.327204225607994,-0.8692042256079942
1.5,2.2679825071072273,-0.7679825071072273
1.467,2.1177488454047055,-0.6507488454047055
1.648,1.5780942625321766,0.06990573746782336
1.333,2.009856953406687,-0.6768569534066871
1.443,1.722707300933377,-0.27970730093337703
1.343,1.3974684379125502,-0.05446843791255018
1.313,1.9929079266441179,-0.6799079266441179
1.478,1.7010090072982078,-0.22300900729820783
1.426,1.8063976620142428,-0.38039766201424285
1.568,2.404480811782994,-0.836480811782994
1.48,1.9299620435712188,-0.44996204357121883
1.475,2.0091773255554357,-0.5341773255554356
1.409,2.1606856043903866,-0.7516856043903866
1.472,2.09083263676371,-0.61883263676371
1.396,2.0737897253655175,-0.6777897253655176
1.409,1.9420702213485455,-0.5330702213485454
1.481,2.1646658048210052,-0.6836658048210051
1.431,1.865189052450659,-0.43418905245065886
1.364,1.5115024278698135,-0.14750242786981338
1.361,1.6912665749908573,-0.3302665749908573
1.433,2.0778280223765857,-0.6448280223765857
1.386,2.299455119602765,-0.9134551196027652
1.379,1.8672908500122105,-0.4882908500122105
1.24,1.2614954026027174,-0.02149540260271743
1.543,2.137485926316759,-0.5944859263167592
1.342,1.4112200654046347,-0.06922006540463466
1.375,1.3641430992199375,0.010856900780062517
1.431,1.7110106742952105,-0.2800106742952104
1.538,2.132387192558535,-0.5943871925585349
1.571,1.8508043474196163,-0.27980434741961635
1.637,1.5727723883910008,0.06422761160899926
1.452,2.1759710086549235,-0.7239710086549236
1.574,2.2942101535840154,-0.7202101535840153
2.356,2.7345917107602693,-0.37859171076026943
2.116,2.1257896486968533,-0.00978964869685317
1.632,2.085187175696038,-0.45318717569603817
1.803,2.0461087718209976,-0.24310877182099766
2.034,2.513967533375899,-0.47996753337589926
1.874,2.599310206226971,-0.725310206226971
1.56,2.321683447159027,-0.7616834471590268
1.543,2.1094613462936116,-0.5664613462936117
1.601,1.702785411663282,-0.10178541166328192
1.555,1.991689588653275,-0.4366895886532751
1.825,2.051192743585242,-0.22619274358524222
1.894,2.183964334487202,-0.28996433448720205
1.941,2.048410364853628,-0.10741036485362776
1.731,2.3483416001955253,-0.6173416001955252
1.585,2.2250562431973484,-0.6400562431973484
2.182,2.2759753857957388,-0.09397538579573883
3.252,2.413434113109334,0.8385658868906658
2.701,2.794181707098001,-0.093181707098001
1.724,1.8707079621047749,-0.14670796210477488
1.922,1.9690033002549758,-0.0470033002549759
1.833,1.8387373473582256,-0.00573734735822562
1.9,2.2942274188119223,-0.39422741881192236
4.318,4.223970649196852,0.09402935080314734
3.194,3.2860803518249044,-0.09208035182490448
2.855,3.276751548537853,-0.4217515485378529
3.563,3.2852500020071327,0.2777499979928675
3.74,3.6063371353069975,0.1336628646930027
3.44,3.46998061326895,-0.029980613268949963
3.017,3.1019555537842782,-0.08495555378427833
3.193,3.099243046368639,0.09375695363136094
4.746,3.622878070869918,1.1231219291300825
4.507,3.961633257110341,0.5453667428896587
1.521,2.3971036232288534,-0.8761036232288535
1.602,2.0635192531155497,-0.46151925311554964
3.772,3.0957140370592287,0.6762859629407711
4.286,3.6678787674793405,0.6181212325206591
5.00001,4.762593707271179,0.23741629272882037
3.762,3.7625495973452874,-0.000549597345287367
3.412,3.2321463553568677,0.17985364464313225
1.52,2.129936011610311,-0.6099360116103112
2.176,2.783572601847739,-0.607572601847739
2.229,2.651800764891003,-0.42280076489100304
2.271,2.7541434206656352,-0.4831434206656353
2.267,2.8961619956456843,-0.6291619956456844
1.924,1.5417227605025356,0.3822772394974643
2.206,2.8921401407018315,-0.6861401407018315
2.237,2.6107395640829156,-0.37373956408291553
2.168,2.589452243575396,-0.4214522435753958
1.858,2.0850904825262515,-0.2270904825262514
1.959,2.73040572954081,-0.7714057295408101
1.797,2.4995743450292016,-0.7025743450292017
1.723,1.709181787911155,0.013818212088845039
1.581,2.1610771671899225,-0.5800771671899225
1.424,2.0380468577597592,-0.6140468577597593
1.956,2.567690751987235,-0.611690751987235
2.046,2.4022724531237154,-0.3562724531237156
2.096,2.289737540089422,-0.19373754008942212
2.103,2.675545488431064,-0.5725454884310639
2.171,2.6373392495338206,-0.4663392495338208
2.242,2.342853534185128,-0.10085353418512799
2.086,2.0844174333065193,0.0015825666934805582
1.992,2.269299505570335,-0.2772995055703351
2.184,2.9030902973708295,-0.7190902973708293
2.38,2.9430851095993367,-0.5630851095993368
2.399,2.406893952712209,-0.00789395271220883
1.957,2.4009245409294198,-0.4439245409294197
1.953,2.8095787352751147,-0.8565787352751146
2.169,2.6818169152475413,-0.5128169152475412
2.233,2.7005752746927154,-0.4675752746927153
2.329,2.3668997225518407,-0.03789972255184049
2.259,2.839702424056769,-0.5807024240567693
2.362,2.4240681684181706,-0.06206816841817053
2.216,2.5791646838102604,-0.36316468381026024
2.438,2.7347771589966428,-0.2967771589966426
3.796,3.6968202358620865,0.0991797641379133
2.225,2.310758005133886,-0.08575800513388598
2.521,2.3102890432059318,0.21071095679406815
2.712,2.8770971955634126,-0.1650971955634124
3.292,2.712956818192377,0.5790431818076227
3.084,3.8095652381842378,-0.7255652381842377
3.118,2.7680490128286914,0.34995098717130846
3.482,3.1399331736118734,0.3420668263881268
3.205,2.8447699788375838,0.3602300211624163
5.00001,4.833504384643147,0.1665056153568525
4.454,3.737451635797269,0.7165483642027306
3.528,3.7355460867215715,-0.2075460867215715
2.373,2.5695517073464194,-0.19655170734641914
2.542,2.1614673203376316,0.38053267966236826
3.325,2.7043813782346016,0.6206186217653986
2.909,2.397371836604594,0.5116281633954056
2.613,2.0437320618643553,0.5692679381356447
2.58,2.574120470584166,0.005879529415834028
5.00001,4.21600577810022,0.7840042218997798
3.571,3.3071074286435462,0.26389257135645394
3.759,2.9339464193721434,0.8250535806278565
2.772,2.452164543189115,0.319835456810885
2.621,2.9800689496038517,-0.3590689496038517
2.715,2.7954155592720347,-0.08041555927203481
2.766,2.753650382934747,0.01234961706525306
2.776,3.174387381601784,-0.398387381601784
3.337,3.3374370351883824,-0.00043703518838222877
3.5,2.9896002728573663,0.5103997271426337
3.273,3.023936994512715,0.24906300548728533
3.337,3.4855409802659536,-0.14854098026595342
2.303,2.0013192583502826,0.30168074164971737
2.545,1.810674654607184,0.734325345392816
5.00001,3.9407473351833886,1.059262664816611
5.00001,3.6884178507545236,1.311592149245476
2.731,2.8431801178692417,-0.11218011786924187
2.369,1.9205813982637754,0.44841860173622483
1.933,2.0758077186799455,-0.14280771867994546
4.199,3.957547441950487,0.24145255804951304
2.808,2.722598894089217,0.08540110591078287
2.484,2.8735790439676854,-0.3895790439676854
2.218,2.571890416028187,-0.3538904160281868
2.219,2.6291594435231893,-0.41015944352318945
2.302,2.3166223188003765,-0.014622318800376455
1.688,2.0387718470401315,-0.35077184704013153
2.349,2.6033083115208453,-0.2543083115208451
2.304,2.6317648033627847,-0.3277648033627849
2.29,2.2813409444551,0.008659055544899985
5.00001,4.009530628303075,0.9904793716969245
4.835,3.961719490521075,0.8732805094789251
4.772,3.472758603506586,1.2992413964934144
4.185,1.8235039538520648,2.361496046147935
4.722,4.008645682139813,0.7133543178601878
3.231,1.987322127038151,1.243677872961849
2.64,1.9354972551222747,0.7045027448777255
2.753,1.8688706490256157,0.8841293509743844
2.329,2.4022555330914726,-0.07325553309147237
2.304,2.027599752735662,0.27640024726433765
3.222,3.008356198302277,0.21364380169772312
4.075,2.302116147664177,1.772883852335823
2.451,1.784779967172483,0.666220032827517
4.544,2.5777835982502717,1.966216401749728
3.181,1.933604365916791,1.247395634083209
2.4,1.9579361527032528,0.4420638472967471
2.116,2.2262551849279966,-0.11025518492799646
2.414,2.296046982651761,0.11795301734823926
2.123,2.7596553168640123,-0.6366553168640121
1.707,2.0392335521633487,-0.3322335521633486
2.389,2.3112515197591437,0.07774848024085612
2.554,1.5499351622328548,1.004064837767145
2.676,3.266676049099801,-0.5906760490998009
2.539,2.5631350067694885,-0.02413500676948832
2.442,2.738250558477629,-0.2962505584776287
2.623,3.060918704875872,-0.4379187048758717
2.411,2.50989485989291,-0.0988948598929098
2.573,3.052533606334258,-0.4795336063342579
3.153,2.9825738087899345,0.17042619121006553
3.19,2.393822235906974,0.7961777640930259
2.423,2.6632151857903086,-0.24021518579030854
2.382,2.640508806926405,-0.25850880692640477
1.6,1.71188017496912,-0.11188017496911984
2.586,2.4744409502750275,0.11155904972497233
2.731,3.1714603348650448,-0.4404603348650449
2.399,2.508250077522108,-0.10925007752210814
1.694,1.7890773220944092,-0.09507732209440922
1.546,1.8305268839311497,-0.28452688393114967
1.519,2.1627211445748142,-0.6437211445748143
1.838,2.542528346964417,-0.704528346964417
1.714,2.3094117974256516,-0.5954117974256516
1.772,2.469780204720738,-0.6977802047207378
1.792,2.4886552075089483,-0.6966552075089483
1.759,1.9150932412536439,-0.156093241253644
1.651,2.256303899347923,-0.6053038993479232
1.539,2.278552612073088,-0.7395526120730882
1.593,2.1323323589695238,-0.5393323589695238
1.743,2.8403028572722215,-1.0973028572722214
1.76,2.127448919038445,-0.3674489190384451
1.625,2.2835075702945997,-0.6585075702945997
1.365,1.9122209888730954,-0.5472209888730954
1.576,1.5780877496438748,-0.0020877496438747034
2.059,1.7357049617653597,0.32329503823464045
1.737,2.642052654647104,-0.905052654647104
1.787,2.0864661442740475,-0.2994661442740476
1.825,2.4562122218338436,-0.6312122218338436
1.84,2.2562018488045954,-0.4162018488045953
1.782,2.1051859290498145,-0.32318592904981447
1.867,2.921092110252129,-1.054092110252129
2.33,2.7439804615769896,-0.41398046157698953
1.815,2.431025717652412,-0.6160257176524122
1.838,2.552250318365245,-0.7142503183652451
1.89,2.4239134033928833,-0.5339134033928834
1.765,1.9644207133420948,-0.19942071334209488
1.737,2.3045070733600963,-0.5675070733600962
1.727,2.248255066135145,-0.5212550661351447
1.831,2.367897954219381,-0.536897954219381
1.846,2.184710994429797,-0.338710994429797
1.838,2.263850764331319,-0.42585076433131874
1.782,2.0939704359250184,-0.3119704359250184
1.818,2.5435806984038685,-0.7255806984038684
1.707,1.8375634316277565,-0.1305634316277564
1.682,2.3695826781835674,-0.6875826781835674
1.844,1.9225448470572641,-0.07854484705726406
1.83,1.5549479374602178,0.2750520625397823
1.837,1.7671974719209647,0.06980252807903531
1.857,1.7042466256964464,0.15275337430355362
1.454,1.6605621435351274,-0.20656214353512747
1.788,2.1183435625376044,-0.33034356253760433
1.851,2.678548962122181,-0.8275489621221812
1.686,1.9062541384841294,-0.22025413848412945
1.686,1.940557712785298,-0.25455771278529804
2.337,2.3316430252836904,0.005356974716309804
1.755,1.670357923615568,0.084642076384432
1.873,2.1669633183618693,-0.2939633183618693
1.863,2.1227212087943443,-0.25972120879434435
1.915,1.8290358130719155,0.0859641869280845
1.932,2.291002711648423,-0.3590027116484231
1.813,2.673655703238871,-0.8606557032388709
1.838,2.157071479285604,-0.31907147928560375
1.9,2.2414375339973027,-0.3414375339973028
2.315,2.624065181882628,-0.309065181882628
2.292,2.315882822682296,-0.023882822682296023
1.646,2.084117047937109,-0.43811704793710904
1.515,2.0034868953552714,-0.48848689535527146
1.583,1.4853758299890427,0.09762417001095725
1.795,2.6273071637730805,-0.8323071637730806
1.819,1.7505076438044878,0.0684923561955122
1.616,1.6078921685280227,0.008107831471977356
1.727,2.34424213200579,-0.6172421320057897
2.105,2.80264194925739,-0.69764194925739
2.399,2.838009082393481,-0.4390090823934809
1.652,2.1857642312895966,-0.5337642312895967
1.868,2.6807999529828828,-0.8127999529828827
1.785,2.172811197669154,-0.3878111976691543
1.724,1.6820312045004049,0.04196879549959509
1.777,1.5914964937024396,0.1855035062975603
1.706,2.164447678080803,-0.4584476780808031
1.791,1.9340890286104337,-0.14308902861043382
1.986,2.3251957694342518,-0.3391957694342518
2.374,2.682101648502729,-0.30810164850272903
1.875,1.2685970269548164,0.6064029730451836
2.073,2.923783390079598,-0.8507833900795982
1.764,1.977863486788908,-0.21386348678890799
1.766,2.412635094810055,-0.6466350948100548
1.757,2.235498326549043,-0.47849832654904323
1.741,1.6998349204408891,0.04116507955911097
1.5,1.607988430031667,-0.10798843003166692
1.832,1.7414918476360044,0.09050815236399568
1.603,2.2180227316233365,-0.6150227316233365
1.543,1.9401997306634002,-0.3971997306634003
1.529,1.386899383437342,0.14210061656265793
1.695,2.22431732549518,-0.5293173254951797
1.817,1.8814642979396279,-0.06446429793962793
1.772,1.504534848075413,0.267465151924587
1.596,2.2002771911735186,-0.6042771911735185
1.718,1.9443938259590525,-0.22639382595905255
1.712,1.6975483482790574,0.014451651720942538
1.704,1.781203029775378,-0.07720302977537807
1.764,2.174770334400928,-0.4107703344009279
1.887,1.983478344832474,-0.09647834483247397
1.949,1.9147958033298338,0.034204196670166276
1.989,2.035974600985575,-0.04697460098557493
1.851,1.7224782111410157,0.12852178885898424
1.92,2.009314341385723,-0.08931434138572314
1.625,1.5940395060558474,0.030960493944152567
1.813,1.5600992170968782,0.2529007829031218
1.716,1.660873071953512,0.05512692804648789
1.763,1.7305489805690077,0.032451019430992156
1.875,1.7417309190238135,0.1332690809761865
2.119,2.0651229186002618,0.05387708139973846
1.813,2.2319582129315934,-0.4189582129315934
2.264,1.8718871314505694,0.3921128685494304
1.913,2.0072327860524806,-0.09423278605248053
2.0,2.393545933627494,-0.393545933627494
2.172,2.125520022342913,0.046479977657087
2.215,1.4556369597876566,0.7593630402123432
1.938,2.2919040563597606,-0.35390405635976063
2.225,2.018664394093575,0.2063356059064252
2.317,1.6067313051770524,0.7102686948229477
2.901,1.892374987437969,1.0086250125620309
2.697,1.578971727994095,1.1180282720059052
2.308,1.7750255528010446,0.5329744471989553
2.256,1.9299076702143885,0.3260923297856113
3.355,2.161457337250526,1.1935426627494738
2.022,2.107057430984846,-0.08505743098484642
2.675,2.346739770886343,0.3282602291136567
2.822,2.2331648324581046,0.5888351675418955
3.824,2.9014411184973774,0.9225588815026224
1.907,2.231838558518136,-0.3248385585181359
2.379,2.658426892583426,-0.2794268925834258
2.622,1.9271572664553684,0.6948427335446314
2.246,1.81492446970998,0.43107553029002
2.167,2.3651617122449835,-0.1981617122449837
2.618,2.138498994074752,0.4795010059252478
3.127,2.176519606784998,0.9504803932150017
2.86,2.065133875966086,0.7948661240339137
2.042,1.8837064279070002,0.15829357209299966
2.402,1.8625005531523142,0.5394994468476859
2.415,2.016815209212568,0.3981847907874321
2.238,2.0541906082931414,0.18380939170685862
1.929,1.6126581241395535,0.3163418758604466
3.647,1.7000136850085232,1.9469863149914766
3.847,2.239906346726299,1.6070936532737008
3.647,2.4632458690295187,1.183754130970481
4.658,3.1821620624170066,1.4758379375829938
3.309,2.625621249189357,0.6833787508106433
1.815,1.8197885682336445,-0.004788568233644597
1.908,2.0422525141828727,-0.13425251418287276
1.653,1.5868255824357382,0.06617441756426179
2.0,1.7414341922336396,0.2585658077663604
2.385,1.9449615600562447,0.44003843994375513
2.224,2.2169408360773333,0.007059163922666922
1.902,1.893590157018128,0.008409842981871973
1.784,2.2403856359290577,-0.4563856359290577
1.864,2.0499849015029286,-0.18598490150292846
1.774,1.4816169834207933,0.29238301657920673
1.773,1.9408213106949221,-0.16782131069492223
1.742,1.7905903000190742,-0.04859030001907416
2.0,1.6961605620929037,0.30383943790709633
1.995,1.718597747194482,0.2764022528055181
1.918,2.095485215016029,-0.1774852150160291
2.761,2.3365499644755032,0.4244500355244969
3.661,2.153307681144618,1.5076923188553821
2.917,2.4254202237329316,0.49157977626706817
2.929,2.081293188630875,0.8477068113691248
3.418,2.846322043149231,0.571677956850769
3.369,3.049220871607211,0.3197791283927893
3.536,2.305644040055863,1.230355959944137
3.434,2.176471304854113,1.2575286951458873
3.339,2.471075395206952,0.867924604793048
3.65,2.782180614920127,0.8678193850798728
3.597,3.06049224004623,0.53650775995377
3.679,2.2513178700520435,1.4276821299479563
2.75,2.333155667189139,0.41684433281086086
3.861,2.068608595277115,1.7923914047228853
2.692,1.603734221652744,1.0882657783472562
2.215,1.9930848252794706,0.22191517472052924
2.836,2.0176999749313085,0.8183000250686914
2.652,1.9594389358374045,0.6925610641625957
4.143,2.802166434070814,1.3408335659291857
4.447,2.8373202799085475,1.6096797200914525
1.923,1.9098287557497602,0.013171244250239855
3.094,2.1508073957438065,0.9431926042561933
3.194,2.19869324214449,0.9953067578555101
1.941,1.7480213314507624,0.19297866854923762
1.854,1.597147386450404,0.2568526135495961
1.844,1.788476898530707,0.05552310146929318
2.214,1.51808319497191,0.69591680502809
3.25,0.9190470226700307,2.3309529773299693
2.5,1.657047910770317,0.8429520892296829
2.25,2.0565883712327997,0.1934116287672003
2.625,2.1474392664420834,0.4775607335579166
2.823,2.4906698959008584,0.33233010409914154
2.743,1.796851873133815,0.9461481268661849
3.25,2.3586460549462527,0.8913539450537473
2.324,2.0601943805804073,0.2638056194195926
2.094,1.8644912722750562,0.22950872772494368
3.229,2.834008078324078,0.3949919216759219
4.179,2.469971466574524,1.7090285334254762
5.00001,2.260134428460973,2.739875571539027
1.405,1.8486319683895491,-0.4436319683895491
2.265,2.3272702767106925,-0.06227027671069241
2.413,1.8646216258308108,0.548378374169189
2.212,1.9319598688982569,0.2800401311017433
1.956,1.646651403413927,0.30934859658607294
2.021,1.8928391348941898,0.12816086510581015
2.027,2.032390757827731,-0.005390757827731019
1.869,2.0705087429793108,-0.20150874297931076
2.2,1.9266233869882594,0.27337661301174077
2.291,1.876936576064722,0.41406342393527784
1.974,2.062970714924492,-0.08897071492449204
1.899,1.9022254698664898,-0.0032254698664897496
0.938,1.6421684952611038,-0.7041684952611038
2.25,1.349629642525501,0.900370357474499
2.02,1.980228847400857,0.0397711525991431
2.158,2.797802197754959,-0.6398021977549591
2.177,2.3126704286627846,-0.13567042866278456
2.554,1.5874316495390979,0.966568350460902
1.917,1.828272672953424,0.08872732704657604
2.211,1.8502782366805568,0.36072176331944306
2.104,2.2783127489306128,-0.17431274893061266
2.817,1.9117019561446362,0.9052980438553639
2.929,2.351035321240639,0.5779646787593609
1.905,1.7427309275802036,0.16226907241979638
2.308,1.6973403096057254,0.6106596903942745
2.056,1.9387451307758135,0.1172548692241866
1.922,1.726262880895558,0.19573711910444191
2.335,1.7989249083202932,0.5360750916797068
2.563,3.2114638691867805,-0.6484638691867803
2.381,1.8996579245336807,0.48134207546631913
2.349,1.8341260254712106,0.5148739745287896
2.256,1.7752437934327268,0.480756206567273
2.325,1.8698764600710203,0.4551235399289799
2.455,2.3029550898214506,0.15204491017854949
2.436,2.805717129250082,-0.36971712925008227
2.155,1.7360836747869455,0.41891632521305433
1.991,1.7340792224137176,0.2569207775862825
2.711,1.718162293319855,0.9928377066801448
2.21,1.6063653826804463,0.6036346173195537
1.781,1.8589100380247754,-0.07791003802477547
1.542,1.6037718257796327,-0.061771825779632694
1.813,1.5446613709819068,0.26833862901809313
1.583,1.552541275812133,0.03045872418786688
1.742,1.9743691703895312,-0.2323691703895312
2.25,2.7701145171156267,-0.5201145171156267
2.288,2.252694310227277,0.03530568977272264
2.464,2.255000958461357,0.20899904153864313
2.514,2.541712058887776,-0.02771205888777617
2.532,2.2031047669175283,0.3288952330824717
2.15,1.695004692801908,0.4549953071980919
2.867,2.2163003656641376,0.6506996343358624
2.25,2.198683824272388,0.051316175727611935
2.1,1.7774939948897854,0.32250600511021466
2.861,2.4280414758905944,0.43295852410940583
2.66,1.793658931727885,0.8663410682721151
3.531,2.464342988222025,1.0666570117779752
5.00001,5.2462283062210755,-0.24621830622107588
2.794,2.029083935175821,0.7649160648241788
3.797,2.2407181836841916,1.5562818163158085
3.285,2.380468206089971,0.9045317939100292
3.375,2.3058713012945815,1.0691286987054185
2.726,2.2260054148892925,0.4999945851107075
2.773,1.9622623822332939,0.8107376177667063
2.613,2.487993910169075,0.12500608983092487
3.093,2.3898119276062566,0.7031880723937434
2.737,1.94876052927992,0.7882394707200802
3.148,2.4882579880286917,0.6597420119713084
2.804,2.5155991060751735,0.2884008939248264
2.991,2.5526478392917697,0.43835216070823035
2.271,1.8955875101336315,0.37541248986636844
1.992,2.337243101369333,-0.3452431013693329
2.241,2.551031382764577,-0.31003138276457687
2.016,2.453467670952741,-0.4374676709527412
2.037,2.3928171319584735,-0.35581713195847353
2.221,2.4360386341375286,-0.21503863413752855
2.361,2.6837621953258375,-0.3227621953258373
2.159,2.964704137146645,-0.8057041371466451
2.092,2.388831011688345,-0.296831011688345
2.236,2.553186679071288,-0.3171866790712876
2.132,2.6720520871978737,-0.5400520871978736
1.954,2.673605746464628,-0.7196057464646282
2.033,2.866654935219385,-0.8336549352193852
2.067,2.3920406249454658,-0.3250406249454656
2.11,2.7408050796451118,-0.6308050796451119
1.998,2.5546358724461284,-0.5566358724461284
2.132,1.8297983428506739,0.30220165714932623
2.464,2.7666558714775142,-0.30265587147751427
2.051,2.449142664850524,-0.39814266485052396
1.968,2.101299835716853,-0.1332998357168531
1.97,2.409289503134718,-0.43928950313471815
2.087,2.269284183215672,-0.18228418321567164
1.898,2.056418344563273,-0.15841834456327297
1.998,2.487704521478925,-0.48970452147892485
2.053,2.084439895187848,-0.031439895187848066
2.003,2.535609258240517,-0.5326092582405169
2.09,2.3632711794564485,-0.27327117945644863
1.884,2.4067261471616206,-0.5227261471616207
1.937,2.617984275103602,-0.6809842751036019
2.038,1.6170421161895219,0.42095788381047794
2.625,2.4154029760520825,0.20959702394791746
2.275,2.191752727166142,0.0832472728338578
2.292,2.7721895448931466,-0.4801895448931468
2.211,2.440320848719983,-0.22932084871998315
2.291,2.2563377884161615,0.03466221158383842
2.283,2.731548609259174,-0.44854860925917395
2.247,2.32786412529722,-0.0808641252972202
1.95,1.7732344105484301,0.17676558945156984
2.072,2.711495960905931,-0.639495960905931
1.911,1.9431234121790417,-0.03212341217904169
1.798,2.1873314590931696,-0.3893314590931696
1.706,1.8459791518589712,-0.13997915185897125
2.118,2.120956947004495,-0.002956947004495003
2.039,1.917017913162035,0.12198208683796508
2.069,2.2049041512054224,-0.13590415120542243
2.121,2.6550401747310306,-0.5340401747310306
1.923,1.8463144096894972,0.07668559031050282
2.454,2.308603635129052,0.14539636487094798
2.403,2.382664098963453,0.02033590103654692
1.909,2.427919052683331,-0.5189190526833312
1.967,2.308376302385706,-0.3413763023857057
2.014,2.932459840958309,-0.9184598409583091
1.836,2.3115535275216073,-0.4755535275216072
2.351,2.576591347813233,-0.22559134781323298
2.51,2.6001027762898516,-0.09010277628985186
2.392,1.6714099751773177,0.7205900248226822
2.403,2.3191650412773654,0.08383495872263458
2.225,2.559399730528481,-0.3343997305284807
2.238,2.459126683188216,-0.22112668318821616
2.177,1.9591678837617634,0.21783211623823662
1.788,1.9891653808148724,-0.20116538081487234
2.019,2.7665118659056778,-0.7475118659056776
2.209,2.751225888017604,-0.5422258880176041
2.584,2.203807154670757,0.38019284532924313
2.705,2.9105770649302656,-0.2055770649302655
2.552,2.3016007547659227,0.2503992452340773
2.993,2.174091350126342,0.818908649873658
2.282,2.9597009465827053,-0.6777009465827053
2.509,2.439518563853915,0.06948143614608471
2.277,2.6767851056526544,-0.39978510565265424
2.254,2.7427246731310246,-0.48872467313102463
2.275,1.8244821149646417,0.45051788503535817
2.515,2.919804642375211,-0.40480464237521074
2.413,2.946620221683676,-0.5336202216836763
2.586,3.054716589239203,-0.46871658923920334
2.329,2.3228137662293644,0.006186233770635763
1.805,2.1555977663418253,-0.3505977663418254
1.609,2.1581280396182474,-0.5491280396182474
2.271,2.8541831508870583,-0.5831831508870584
2.358,2.94158942469908,-0.5835894246990798
2.448,2.886683035423392,-0.43868303542339193
3.9,3.8484683650555738,0.05153163494442614
5.00001,4.214046598821268,0.7859634011787318
3.384,3.323341569870395,0.06065843012960492
2.349,2.6772103756573014,-0.32821037565730116
3.361,3.184841740292744,0.17615825970725618
1.835,1.77419425282384,0.06080574717616005
1.798,1.9202775422227378,-0.12227754222273779
1.5,2.0295293801768453,-0.5295293801768453
1.823,1.8340396510830914,-0.011039651083091462
2.21,2.806718436939427,-0.5967184369394269
1.904,2.3661089449878547,-0.4621089449878548
2.08,1.9574532233958206,0.12254677660417945
2.237,2.114640082809573,0.12235991719042705
2.156,2.301002132199062,-0.14500213219906177
2.015,2.5447744288972,-0.5297744288971997
2.092,2.7841428724679638,-0.6921428724679637
2.202,2.756343528035338,-0.5543435280353379
2.213,2.3598401750023017,-0.14684017500230162
2.667,2.592766250593578,0.0742337494064218
2.249,2.2116877351317634,0.03731226486823669
2.228,2.08092318650761,0.1470768134923901
1.875,1.8887425739357246,-0.013742573935724645
3.405,2.846712654291038,0.5582873457089619
2.448,2.6450486438159695,-0.19704864381596954
3.331,3.140546135058955,0.19045386494104477
2.674,2.887121129850809,-0.2131211298508089
2.458,2.8698179237251873,-0.4118179237251871
2.464,2.339387420267326,0.12461257973267381
2.101,2.433596531178094,-0.33259653117809407
2.139,1.8803600215279834,0.25863997847201636
2.596,2.7302535125296696,-0.13425351252966955
4.33,3.3158501768703124,1.0141498231296877
2.456,3.051790500113341,-0.595790500113341
2.484,2.9400005833087,-0.45600058330869997
2.634,2.745629475078767,-0.11162947507876719
2.473,2.41353942141677,0.05946057858322984
2.403,2.6827687653753416,-0.27976876537534157
2.43,2.783712586601581,-0.3537125866015809
3.749,3.603860483673253,0.14513951632674704
3.382,2.9322700940188304,0.4497299059811697
4.09,3.673217235912001,0.41678276408799864
4.398,3.2671384992011596,1.13086150079884
3.273,3.1089263448844706,0.16407365511552952
3.349,3.1654339022591325,0.18356609774086774
2.713,2.25230048788851,0.4606995121114901
3.289,2.2410590078941803,1.0479409921058198
2.628,2.0538235436883623,0.5741764563116378
3.083,3.4915807700235515,-0.4085807700235513
3.897,3.364553801268568,0.532446198731432
3.676,3.601269648504892,0.07473035149510832
4.19,3.909907547347797,0.2800924526522035
2.785,2.373637726639645,0.41136227336035525
3.191,2.6971533998568065,0.49384660014319337
3.674,3.354188419955123,0.3198115800448771
3.477,3.0954611330101756,0.3815388669898243
3.927,3.6459620956546526,0.2810379043453475
4.099,3.7962063663392476,0.3027936336607526
5.00001,1.9596776643209002,3.0403323356790994
5.00001,2.7999549177603646,2.200055082239635
2.96,3.0021228412609617,-0.042122841260961774
3.131,2.3671388546848657,0.763861145315134
3.385,3.141555460466202,0.24344453953379785
5.00001,4.900255274723261,0.09975472527673901
4.507,3.9400635263044337,0.566936473695566
3.697,3.40274427787521,0.2942557221247899
3.619,3.1179125888069334,0.5010874111930668
4.831,4.701861698457362,0.12913830154263817
3.117,2.7140317126292617,0.4029682873707383
2.953,2.683989318217341,0.26901068178265897
2.19,2.07690691755013,0.11309308244987015
2.131,2.3325142955597125,-0.20151429555971268
2.16,2.3217016816291127,-0.16170168162911258
2.218,2.1716220832123554,0.04637791678764458
2.438,2.162084843729245,0.27591515627075536
3.159,2.915031276420554,0.24396872357944588
3.11,2.701054260078421,0.4089457399215788
4.573,2.8629421854899055,1.7100578145100949
1.745,1.932541405841255,-0.18754140584125478
1.893,1.9472450843955078,-0.05424508439550779
4.436,2.9945440221538755,1.4414559778461244
4.25,1.8855242426219043,2.364475757378096
5.00001,3.7889413521895348,1.2110686478104649
5.00001,3.428820409257043,1.5711895907429567
2.596,1.957139142079995,0.638860857920005
3.354,2.819213307283743,0.5347866927162572
2.906,2.18126973201254,0.7247302679874603
5.00001,2.7868880931396083,2.2131219068603913
5.00001,4.143962856908729,0.8560471430912706
5.00001,3.2350338427092713,1.7649761572907283
4.24,3.4939173855542744,0.7460826144457258
5.00001,6.094057117180454,-1.0940471171804544
3.036,2.3310579152587443,0.7049420847412557
5.00001,4.779464586049241,0.22054541395075855
5.00001,4.845960456649282,0.15404954335071785
5.00001,5.06873125418149,-0.06872125418149011
5.00001,5.879680071729466,-0.8796700717294668
5.00001,4.262282968841712,0.737727031158288
5.00001,4.665949297777167,0.3340607022228328
5.00001,4.708613420996544,0.2913965790034556
2.958,2.0708389100099307,0.8871610899900695
4.676,3.86310353388432,0.8128964661156801
4.474,2.186619218926933,2.2873807810730673
3.606,1.830214279605941,1.7757857203940588
3.825,2.1486256950130667,1.6763743049869335
5.00001,4.812697918464321,0.18731208153567902
3.591,2.5041149025946576,1.0868850974053426
3.017,2.0543098390297283,0.9626901609702716
3.045,1.9634385024383052,1.0815614975616947
3.183,2.148536322749496,1.0344636772505038
3.326,2.235814157585244,1.0901858424147561
4.784,2.440859342807853,2.343140657192147
2.654,2.1199319069865066,0.5340680930134933
3.349,2.1919042558082884,1.1570957441917118
4.573,2.4342872089846406,2.13871279101536
3.925,2.5295300384303436,1.3954699615696562
5.00001,4.036844929094622,0.9631650709053776
4.955,2.8258323804206436,2.1291676195793565
5.00001,3.285373228271912,1.7146367717280877
5.00001,4.7130914116668245,0.2869185883331751
5.00001,4.210224023459587,0.7897859765404123
5.00001,3.9407241925793874,1.0592858074206122
5.00001,3.793017219462494,1.2069927805375058
5.00001,5.181208402147588,-0.1811984021475883
5.00001,4.059177283969023,0.9408327160309762
4.908,3.8826086925188523,1.025391307481148
5.00001,4.396432686127119,0.603577313872881
5.00001,2.4591512030860887,2.540858796913911
3.661,2.230801925675326,1.4301980743246738
2.631,1.9644957789237987,0.6665042210762011
3.761,2.03819544989194,1.72280455010806
3.206,2.044006932332812,1.1619930676671881
3.659,2.461223818225089,1.1977761817749109
3.944,2.3426230664789767,1.6013769335210233
4.25,1.9882811488917391,2.261718851108261
2.563,1.9483589440667268,0.6146410559332733
3.691,1.9243834127866188,1.766616587213381
4.259,2.462809747458566,1.7961902525414342
3.714,2.675915153656115,1.0380848463438848
3.723,2.379525613454276,1.343474386545724
3.559,2.9309086146671595,0.6280913853328407
3.417,2.2907179398451705,1.1262820601548293
3.75,0.7782117108476907,2.9717882891523093
3.804,2.566487335233939,1.237512664766061
3.745,2.858821795915987,0.8861782040840129
3.647,2.3230512838191872,1.3239487161808126
4.24,3.1724476747303627,1.0675523252696375
2.952,2.1621533544612626,0.7898466455387374
1.979,2.1085383937901256,-0.12953839379012555
3.677,2.1769808455083046,1.5000191544916954
3.867,3.9132167498326864,-0.04621674983268642
3.092,2.8387258761460217,0.2532741238539784
3.735,2.0621558557755373,1.6728441442244626
3.859,2.3781736279447943,1.4808263720552057
4.096,2.4686711037438394,1.6273288962561607
4.956,3.967489543561142,0.9885104564388585
3.964,2.1164047201974334,1.8475952798025665
5.00001,4.012031538282559,0.9879784617174403
5.00001,3.2950449605477945,1.7049650394522051
4.838,3.187201002176628,1.650798997823372
5.00001,4.8921386854662545,0.1078713145337451
3.993,3.2479112299152044,0.7450887700847955
3.607,2.924090510737889,0.6829094892621113
4.976,3.001057809758117,1.974942190241883
5.00001,2.321873896979332,2.6781361030206674
5.00001,5.910594810010061,-0.9105848100100618
2.746,2.9707091670142507,-0.2247091670142507
2.477,2.260281818641561,0.21671818135843868
2.939,2.9450514215496666,-0.006051421549666536
2.579,2.152299377394925,0.42670062260507535
2.915,2.6794484187919756,0.23555158120802444
1.75,1.7571013550295413,-0.007101355029541345
2.581,3.018872176090426,-0.43787217609042584
2.724,2.9185314968038942,-0.19453149680389403
2.042,2.4900139404965884,-0.4480139404965886
1.865,2.0575906027146846,-0.19259060271468464
1.898,1.5725484152064542,0.32545158479354575
2.17,2.316033023488746,-0.14603302348874614
2.092,2.4822912635320313,-0.39029126353203125
1.804,2.404991565487743,-0.6009915654877431
1.936,2.2171590547796955,-0.2811590547796956
2.142,2.1645314189385845,-0.02253141893858457
1.738,1.9355478839304365,-0.19754788393043654
1.781,2.1573761456919063,-0.37637614569190636
1.821,2.1961157910485363,-0.3751157910485363
1.651,1.6468608756656158,0.0041391243343842365
1.679,2.400072804268216,-0.7210728042682157
1.692,1.8763132542739034,-0.18431325427390344
1.734,1.6175750881624305,0.11642491183756953
2.32,2.086225217872085,0.2337747821279148
1.98,2.0423600242098,-0.062360024209799914
1.625,2.4399866444409115,-0.8149866444409115
1.464,1.6852395112987,-0.2212395112987
1.706,2.4773598807694253,-0.7713598807694253
1.721,1.7635244748498,-0.04252447484979993
1.964,2.266298807538336,-0.30229880753833616
1.736,2.0628905024688873,-0.3268905024688873
1.676,2.228079918356041,-0.5520799183560412
1.62,1.949135510065314,-0.32913551006531394
1.739,2.223482583105514,-0.48448258310551373
1.758,2.2787424825817326,-0.5207424825817326
1.9,1.926291439360502,-0.026291439360502045
1.713,2.5008251358154885,-0.7878251358154884
1.629,1.8475422182338312,-0.21854221823383124
1.564,2.105791638885157,-0.5417916388851571
1.556,1.8839389322413371,-0.3279389322413371
1.769,1.9555133568104874,-0.18651335681048753
1.5,1.630644060419775,-0.13064406041977494
1.677,1.7458979153378336,-0.06889791533783352
1.838,1.7957947626295097,0.04220523737049042
1.522,1.8087781790551087,-0.2867781790551087
1.693,1.6155923848499578,0.07740761515004224
1.438,2.039941450469182,-0.6019414504691822
1.539,2.026044890683808,-0.4870448906838083
1.857,1.6966809184495135,0.16031908155048646
1.663,1.5438311263830105,0.11916887361698958
1.545,1.534201552549525,0.01079844745047498
2.282,2.2960774880598485,-0.014077488059848431
2.183,2.7926879156476985,-0.6096879156476986
1.868,2.0490277775770016,-0.1810277775770015
2.521,2.2676072250712362,0.25339277492876366
1.438,1.7991505047066205,-0.3611505047066206
1.529,1.6728905736911448,-0.14389057369114489
2.417,2.257476805455542,0.15952319454445796
1.482,1.7961964524866814,-0.3141964524866814
1.966,2.251822405632234,-0.2858224056322338
1.57,1.6162930057270581,-0.04629300572705808
1.497,1.8314981501737142,-0.3344981501737141
1.389,1.741531646963907,-0.35253164696390704
1.65,1.9565901901487346,-0.3065901901487347
1.813,1.843463397638744,-0.03046339763874406
2.444,2.6126760142378975,-0.16867601423789758
2.125,2.269953327426889,-0.14495332742688882
2.058,2.6704697719424275,-0.6124697719424277
1.858,2.5704294928474285,-0.7124294928474284
2.148,2.5130845843387384,-0.36508458433873825
2.445,1.8812465404200318,0.563753459579968
1.854,1.969363747555955,-0.1153637475559548
1.705,2.09596010629203,-0.39096010629203004
2.209,2.713546463338071,-0.504546463338071
2.408,2.7248885929586852,-0.3168885929586853
1.838,1.6327410781021396,0.20525892189786044
2.042,2.035535140166729,0.006464859833270609
2.211,2.50161334986536,-0.29061334986536025
2.235,2.815745736947848,-0.5807457369478479
1.871,2.024586570076841,-0.15358657007684107
1.531,1.8054460894068753,-0.2744460894068754
1.688,1.788744436314453,-0.10074443631445296
1.542,0.9893824732214795,0.5526175267785205
1.788,1.8651441416533112,-0.07714414165331118
1.767,1.6862833854759383,0.08071661452406165
1.56,1.9386887230648044,-0.3786887230648044
2.14,2.065792344122303,0.07420765587769695
2.109,2.288993503288896,-0.17999350328889596
2.178,1.9594844104110654,0.21851558958893458
2.089,1.937300663022196,0.1516993369778039
1.563,1.9767587691045057,-0.4137587691045057
1.413,2.1289314875493233,-0.7159314875493232
1.7,2.392263761760225,-0.692263761760225
1.643,1.8185087456350613,-0.17550874563506125
2.773,2.265805720421323,0.5071942795786772
2.707,2.326320044260469,0.38067995573953084
2.045,1.895028298869057,0.14997170113094294
2.089,1.6134735018604534,0.4755264981395466
2.303,1.9714246125016608,0.33157538749833915
2.766,2.0493736337653994,0.7166263662346006
3.526,2.599852336580338,0.9261476634196617
4.956,2.249978673859503,2.7060213261404975
4.383,1.993034026090338,2.389965973909662
5.00001,5.99718159249916,-0.9971715924991607
2.091,1.9437519133592567,0.14724808664074351
2.382,2.405507081357971,-0.02350708135797097
2.306,2.2479118022997753,0.058088197700224775
5.00001,2.7908246053516588,2.209185394648341
2.643,2.0628395788605585,0.5801604211394413
2.542,1.98943214872582,0.5525678512741798
2.655,2.2544117614336416,0.40058823856635817
2.667,1.6572412670536916,1.0097587329463082
5.00001,6.030120130748606,-1.0301101307486062
4.364,2.0604386067686464,2.3035613932313534
3.919,2.295036380708341,1.623963619291659
2.833,1.7004757196187072,1.132524280381293
5.00001,3.8527127724218104,1.1472972275781892
5.00001,3.3800717885675424,1.6199382114324572
4.333,3.1145008055771326,1.2184991944228676
5.00001,3.8361180592242965,1.1638919407757031
4.987,3.584580983538676,1.402419016461324
3.935,2.5783835528611867,1.3566164471388134
4.344,2.4465400793991594,1.897459920600841
4.357,2.1084879514915262,2.248512048508474
4.107,1.965414050779772,2.1415859492202283
4.383,1.7502109256900236,2.6327890743099767
3.429,2.1610812312831964,1.2679187687168034
4.302,4.1027459534637325,0.1992540465362671
5.00001,2.0969113633731564,2.903098636626843
5.00001,3.106932876096508,1.8930771239034918
5.00001,3.4625095436302367,1.537500456369763
5.00001,2.5085568457875578,2.491453154212442
5.00001,2.272143462070688,2.7278665379293114
3.645,2.081817287564137,1.563182712435863
4.051,2.055128921022398,1.995871078977602
5.00001,2.101550315025607,2.8984596849743927
2.25,1.9321354392846906,0.31786456071530944
3.722,1.7717893344595317,1.9502106655404683
4.364,2.2830923246271677,2.080907675372832
2.5,1.6424701963861041,0.8575298036138959
2.375,1.4583367795331914,0.9166632204668086
4.688,2.855395521258628,1.8326044787413718
5.00001,1.6357489226061688,3.364261077393831
3.25,1.4406965455764653,1.8093034544235347
2.321,1.8348130551932014,0.4861869448067988
1.875,1.500759271122543,0.37424072887745696
3.333,1.605205393354128,1.7277946066458723
3.5,1.6086051974286173,1.8913948025713827
4.5,1.5485815090965582,2.9514184909034418
3.4,1.6365886588345897,1.7634113411654102
2.625,1.4278600686198233,1.1971399313801767
2.5,1.5555026237457894,0.9444973762542106
3.5,1.6038351205533878,1.8961648794466122
2.375,1.7026411744097094,0.6723588255902906
2.375,1.827044198939278,0.547955801060722
1.938,1.5719407349277992,0.36605926507220077
1.625,1.573694418532546,0.0513055814674539
2.0,1.7626202883155488,0.23737971168445116
2.5,1.709304191587956,0.7906958084120439
0.675,1.4726877822585709,-0.7976877822585708
2.111,1.608106649214883,0.5028933507851172
1.0,1.537777458534061,-0.5377774585340609
1.938,1.6329695785863958,0.30503042141360415
2.5,1.621440444978309,0.8785595550216909
1.75,1.8285786015017949,-0.07857860150179485
2.219,1.6022527948877991,0.6167472051122007
2.25,1.7302371266159007,0.5197628733840993
2.0,1.407223018260584,0.592776981739416
1.375,1.6285330669181053,-0.2535330669181053
2.063,1.8833858048350793,0.17961419516492083
1.667,1.5291848580937866,0.13781514190621347
2.188,1.6132808651628308,0.5747191348371694
2.167,1.480636625836079,0.6863633741639208
2.5,1.6314337986546732,0.8685662013453268
2.033,1.6589734556501272,0.3740265443498727
1.875,1.575091360470438,0.29990863952956204
2.304,1.8211647812839666,0.4828352187160332
1.625,2.080490551205422,-0.4554905512054219
1.725,1.7314905642257905,-0.006490564225790418
1.75,2.2357527039476484,-0.48575270394764836
2.25,1.7609327715455116,0.48906722845448836
1.125,1.6204774969199012,-0.4954774969199012
1.583,1.7374063392928605,-0.15440633929286052
1.984,1.7108734759812876,0.2731265240187124
2.625,1.733807961949422,0.891192038050578
2.616,1.6044583786675615,1.0115416213324386
2.533,1.6812236053865712,0.8517763946134287
2.056,1.2891044050659555,0.7668955949340446
2.267,1.5780611729805176,0.6889388270194823
1.875,1.7555021357392204,0.11949786426077957
2.406,1.648763668362232,0.7572363316377682
2.182,1.55477108014994,0.62722891985006
2.088,1.5764645957263814,0.5115354042736187
2.125,1.6013501424904808,0.5236498575095192
2.188,1.5558719569016641,0.632128043098336
2.0,2.4126405223516443,-0.4126405223516443
1.65,1.507620931622366,0.1423790683776338
2.2,1.7626432496877924,0.4373567503122078
2.047,1.6067495272611216,0.4402504727388785
2.1,1.5736532086741937,0.5263467913258064
3.467,2.1494382671217744,1.3175617328782256
3.216,2.331187428496417,0.8848125715035833
5.00001,4.935562562417827,0.06444743758217264
2.806,2.1090480730272407,0.6969519269727593
3.957,2.388261743873604,1.5687382561263958
3.42,2.3377208204100084,1.0822791795899915
3.158,1.9320723009909984,1.2259276990090016
3.339,2.7249208216705063,0.6140791783294937
3.048,2.2619167000607363,0.7860832999392637
3.804,2.1185044523114263,1.6854955476885736
5.00001,2.362638787619563,2.6373712123804367
4.429,2.2701815990745127,2.1588184009254876
2.545,1.6946093815570615,0.8503906184429384
2.875,1.5435862437375223,1.3314137562624777
3.581,1.8275460958993837,1.7534539041006163
2.2,1.9138499329257317,0.2861500670742685
3.303,2.310469078069612,0.9925309219303879
3.803,2.514781116513761,1.288218883486239
2.475,1.6365454984383483,0.8384545015616518
2.056,1.7909689276341096,0.2650310723658904
2.511,1.9302508831634317,0.5807491168365684
2.271,1.8570515483899916,0.41394845161000826
2.1,1.4586743359842869,0.6413256640157132
2.125,1.570859374206246,0.554140625793754
2.25,1.5407050702158216,0.7092949297841784
2.583,1.7843783827253386,0.7986216172746616
1.739,1.7086354089642004,0.030364591035799693
1.375,1.5929656967620478,-0.2179656967620478
5.00001,5.381672785548643,-0.3816627855486434
5.00001,4.0204099782561045,0.9796000217438952
5.00001,2.4139021370258877,2.586107862974112
5.00001,3.319689566993172,1.6803204330068278
4.167,3.7021458272741055,0.46485417272589435
5.00001,4.291708304616247,0.7083016953837529
5.00001,1.865930188970022,3.1340798110299777
5.00001,7.00596392471529,-2.00595392471529
5.00001,4.49496708771365,0.50504291228635
5.00001,4.239458212909231,0.760551787090769
5.00001,2.4271330644686357,2.572876935531364
3.553,2.015655797888945,1.537344202111055
3.671,1.5713469807329212,2.0996530192670786
3.741,2.552013192993179,1.1889868070068212
3.0,2.0799352510937563,0.9200647489062437
5.00001,1.9161053496178926,3.083904650382107
3.979,2.183626082368196,1.795373917631804
3.936,3.150149525124449,0.7858504748755508
4.237,3.3004352316248027,0.9365647683751974
3.186,2.2770335923443232,0.9089664076556767
3.5,2.4702061856202864,1.0297938143797136
4.216,3.358759607991918,0.857240392008082
4.127,3.087581190118616,1.0394188098813837
3.068,2.026631135450104,1.041368864549896
3.521,2.371458785005042,1.149541214994958
3.975,2.941541952781963,1.033458047218037
3.605,2.78822405390852,0.8167759460914801
3.24,2.4098963517074856,0.8301036482925146
3.046,2.6725619975165005,0.37343800248349934
2.109,2.141172106590996,-0.03217210659099612
2.0,1.8561517592083865,0.1438482407916135
2.173,2.0775061485042525,0.09549385149574752
3.448,2.4401167885290858,1.0078832114709142
2.688,2.4998328360619393,0.18816716393806088
1.965,1.8918491024629418,0.07315089753705828
2.523,2.4370940824384406,0.08590591756155952
2.788,2.3583201863522216,0.4296798136477782
2.414,2.2812771675684376,0.13272283243156258
2.308,2.7221044336859554,-0.4141044336859556
2.25,2.011837581797477,0.23816241820252282
1.667,1.8761322591935494,-0.20913225919354939
2.033,1.748190447481844,0.284809552518156
1.875,2.269654182552374,-0.39465418255237417
1.988,1.8266702381961264,0.1613297618038736
1.705,1.6487480648277009,0.056251935172299206
1.875,1.7646890804818494,0.11031091951815064
1.6,1.5576126575970735,0.04238734240292663
1.575,1.8827556610506169,-0.3077556610506169
1.843,1.968546566131711,-0.125546566131711
2.0,2.122156768411995,-0.12215676841199485
2.031,2.02052486203592,0.010475137964080172
1.85,2.142541968868276,-0.29254196886827577
1.708,1.7421791391716008,-0.03417913917160087
1.82,2.222867472107067,-0.4028674721070671
2.288,1.869890031043197,0.41810996895680286
2.135,1.9925379176732834,0.14246208232671642
1.691,1.9923775325102517,-0.3013775325102517
2.192,1.9657119135408703,0.2262880864591299
1.563,1.5640085879279464,-0.0010085879279464471
1.438,2.031098059412456,-0.593098059412456
1.875,2.780130060075585,-0.9051300600755852
1.375,2.4006206187340244,-1.0256206187340244
1.361,1.9126917743040859,-0.5516917743040859
1.5,1.962170464819537,-0.46217046481953705
1.555,1.8919805496832376,-0.33698054968323765
2.1,2.245370099403787,-0.14537009940378676
2.417,2.300072051068474,0.1169279489315258
2.0,1.7486137691361767,0.2513862308638233
1.692,1.9709371273084024,-0.2789371273084025
1.743,1.948099046670093,-0.20509904667009282
1.894,2.0800732358753784,-0.1860732358753785
1.667,1.6657607836904391,0.0012392163095609199
1.678,1.9061030456321901,-0.2281030456321902
1.898,2.1715328837530237,-0.27353288375302376
1.792,1.6971683427849844,0.09483165721501563
1.817,1.8620811171287248,-0.04508111712872487
2.321,1.9809903064140093,0.34000969358599087
2.179,1.6639447607622955,0.5150552392377044
1.75,1.7542685657010533,-0.004268565701053273
2.25,1.2036741349860756,1.0463258650139244
1.375,1.3652001104851141,0.009799889514885862
1.925,1.5632169051797833,0.36178309482021676
1.333,1.5763689416540263,-0.24336894165402634
1.5,1.4926423559095605,0.007357644090439486
1.542,1.3885147415767696,0.15348525842323046
1.521,1.5810527942474624,-0.06005279424746246
1.155,1.6407947201375652,-0.4857947201375652
1.14,1.739991320656579,-0.599991320656579
1.396,1.380340121124929,0.01565987887507081
1.596,1.6824564315202064,-0.08645643152020632
1.339,1.8343844361546777,-0.49538443615467775
1.732,1.4373492729219097,0.29465072707809026
1.382,1.7875993560904178,-0.40559935609041786
1.26,1.5898578310540858,-0.32985783105408584
2.13,2.3795474717193925,-0.24954747171939262
1.53,1.863861634319528,-0.333861634319528
1.385,1.373358412565379,0.011641587434620959
1.442,1.784375251054668,-0.34237525105466804
1.592,1.5026077409292813,0.0893922590707188
1.458,1.5514618183425044,-0.09346181834250444
1.583,1.4441408318612439,0.1388591681387561
1.602,1.5549875184034256,0.04701248159657445
1.672,1.7955789032936589,-0.12357890329365895
1.917,1.5223507291949292,0.39464927080507084
1.531,1.6508802519459138,-0.1198802519459139
1.688,1.624944048919679,0.06305595108032103
1.475,1.4178860348784064,0.057113965121593724
1.708,1.5942243686602064,0.11377563133979351
1.425,2.0149592661287343,-0.5899592661287343
1.458,1.2209151928117605,0.23708480718823943
1.538,2.0458942607684225,-0.5078942607684225
1.488,1.7833301322386037,-0.2953301322386037
1.849,2.158491991474012,-0.30949199147401196
1.442,1.4944989122449113,-0.05249891224491132
2.004,2.3933386887852497,-0.3893386887852497
1.667,2.490337735521894,-0.8233377355218938
1.531,2.4849327700785038,-0.9539327700785039
2.309,2.4819660627859643,-0.17296606278596416
1.293,1.9024159079130052,-0.6094159079130053
1.395,1.4067348775480397,-0.011734877548039702
1.663,1.8877832590458943,-0.22478325904589425
1.696,2.0572254577807736,-0.36122545778077364
1.631,1.6980044555594216,-0.06700445555942158
1.75,1.6698618606749762,0.08013813932502378
1.621,1.9453494756449496,-0.32434947564494965
1.565,1.7061405994291616,-0.14114059942916168
1.466,1.5560521330805592,-0.09005213308055926
1.355,1.835290112446712,-0.48029011244671205
1.519,1.6662774982305621,-0.14727749823056224
1.446,2.0549900547292843,-0.6089900547292844
1.585,1.9858194894855152,-0.40081948948551527
1.475,2.0651086691076843,-0.5901086691076842
1.56,1.6710784223893274,-0.1110784223893273
1.5,1.9950822585389592,-0.49508225853895915
1.357,2.1005915214815545,-0.7435915214815545
1.485,2.1635689882854847,-0.6785689882854846
1.486,1.6846711620057884,-0.19867116200578838
1.375,1.4716945071656524,-0.09669450716565242
0.938,1.2884565363168354,-0.3504565363168355
1.125,1.700192904342603,-0.575192904342603
1.118,1.6112754348395395,-0.4932754348395394
1.375,1.5016422268050649,-0.12664222680506487
1.336,1.4747664992777465,-0.13876649927774642
1.428,1.5164684772932877,-0.08846847729328777
1.25,2.013092404251026,-0.7630924042510259
1.094,1.757747016981773,-0.663747016981773
1.568,1.6465950005542334,-0.0785950005542333
1.125,4.8889946831143725,-3.7639946831143725
1.375,1.2496312199460768,0.12536878005392316
1.091,1.6554473897174038,-0.5644473897174038
1.531,1.7065203591868405,-0.1755203591868406
1.55,2.05219117577833,-0.5021911757783302
1.571,1.509438906637206,0.06156109336279392
1.292,1.2786842225426842,0.013315777457315825
1.319,1.7037019481829818,-0.38470194818298187
1.364,1.5317243726352407,-0.16772437263524065
1.44,1.6562395327868484,-0.2162395327868485
1.417,1.5753239863372077,-0.15832398633720768
1.219,1.532530780211363,-0.31353078021136294
1.172,1.5006936898956338,-0.32869368989563386
1.472,1.6601846105348002,-0.18818461053480018
1.5,1.8764203618952209,-0.3764203618952209
1.279,1.9207354192865531,-0.6417354192865532
1.243,1.5651842682308692,-0.3221842682308691
1.218,1.8022514750056997,-0.5842514750056997
1.349,1.6240568807162763,-0.2750568807162763
1.5,1.567788915526602,-0.06778891552660204
1.367,1.6503130521743372,-0.2833130521743372
1.426,2.093045003702889,-0.6670450037028892
1.363,1.6656785758379615,-0.30267857583796154
1.276,2.297686820050043,-1.021686820050043
1.228,1.8157090884008529,-0.5877090884008529
1.438,1.5320389629896192,-0.09403896298961922
1.472,1.6407582934826022,-0.16875829348260218
1.25,1.5578040515434357,-0.3078040515434357
1.354,0.9652908922151326,0.38870910778486745
1.353,1.5855897234903278,-0.2325897234903278
1.65,1.6708599535937838,-0.020859953593783898
1.484,2.039910945192157,-0.5559109451921569
1.516,1.4697053359989738,0.04629466400102622
1.55,1.807308464484921,-0.25730846448492106
1.393,1.6571618917634816,-0.2641618917634816
1.143,1.9398941600620239,-0.7968941600620238
1.417,1.4357800650978199,-0.01878006509781982
1.156,1.278315217312844,-0.12231521731284412
1.15,1.5066095340041228,-0.3566095340041229
1.525,1.6187055373197223,-0.09370553731972242
1.396,1.8205295958856762,-0.4245295958856763
1.396,1.6466228884993988,-0.25062288849939884
1.418,1.8763497447263704,-0.45834974472637047
1.411,1.8189509889116764,-0.40795098891167636
1.463,1.7832293577899185,-0.32022935778991846
1.45,1.729415893203159,-0.27941589320315896
1.352,1.528166652494501,-0.17616665249450092
1.46,2.012250468542352,-0.5522504685423519
1.352,1.8324800046658356,-0.4804800046658355
1.408,1.8152817834100776,-0.4072817834100777
1.406,1.3909930508906423,0.015006949109357626
1.297,1.9104393804526147,-0.6134393804526148
1.448,1.7814480768909173,-0.3334480768909174
1.307,1.797548083793193,-0.49054808379319303
1.75,1.2403602127765345,0.5096397872234655
1.266,2.302011728684532,-1.036011728684532
0.675,4.165332842482552,-3.4903328424825526
1.333,1.3445908351450149,-0.01159083514501491
2.25,2.2203065468617407,0.02969345313825933
1.813,0.955126958247182,0.857873041752818
1.125,1.661582558912673,-0.5365825589126729
3.5,1.3575010284951063,2.1424989715048937
0.875,1.0337760010571801,-0.15877600105718015
1.625,1.3563157202081242,0.2686842797918758
3.5,1.4596393459965613,2.0403606540034387
2.75,0.9940981321952298,1.7559018678047702
2.875,2.965055834651528,-0.09005583465152789
5.00001,3.3836942157106846,1.616315784289315
1.625,1.6462677838713256,-0.021267783871325552
3.125,1.7574945240168456,1.3675054759831544
1.75,1.28812706371804,0.46187293628196
1.313,1.6730043373524417,-0.36000433735244175
1.859,1.7046692628805395,0.15433073711946044
1.656,1.8492241506455274,-0.19322415064552745
1.875,1.709191976538555,0.16580802346144496
2.25,1.8074053282332871,0.44259467176671285
0.875,1.6200509257406965,-0.7450509257406965
2.133,1.8610230199002786,0.2719769800997214
1.542,1.4718202769516164,0.0701797230483836
1.521,1.8423795085855785,-0.3213795085855786
1.525,1.6245795181135576,-0.0995795181135577
2.083,1.7276583177659204,0.3553416822340798
1.833,1.8411689163245453,-0.008168916324545306
2.071,1.6207204027432456,0.4502795972567546
2.167,1.7856143794000436,0.3813856205999562
2.659,1.6891124578569878,0.969887542143012
1.9,1.7296261041859209,0.17037389581407902
1.775,1.6053449855026676,0.16965501449733233
4.0,1.192575207831759,2.807424792168241
1.75,1.4914529820634674,0.25854701793653256
1.375,1.1874963710682396,0.18750362893176042
1.125,1.4384412097371637,-0.3134412097371637
1.875,1.6805823523702907,0.19441764762970926
2.75,1.4829551025801568,1.2670448974198432
1.1,1.5898294040733036,-0.48982940407330355
1.375,2.122356397169259,-0.7473563971692592
2.75,1.5696614054156832,1.1803385945843168
2.25,1.7265677433335884,0.5234322566664116
1.875,1.6077445136366415,0.2672554863633585
1.625,1.5299988963428564,0.09500110365714365
3.25,1.6014386100487947,1.6485613899512053
2.25,1.5886292844142487,0.6613707155857513
2.75,1.4403596089110517,1.3096403910889483
1.625,1.5599898591041845,0.06501014089581547
1.589,1.5332967824034047,0.055703217596595245
1.625,1.4775608443821868,0.14743915561781318
2.125,1.5262461500156128,0.5987538499843872
1.125,1.6211506819138342,-0.49615068191383416
1.181,1.362350157193315,-0.18135015719331493
2.25,1.6569958565246612,0.5930041434753388
2.75,1.1452856745460371,1.6047143254539629
5.00001,4.328616065939153,0.6713939340608466
5.00001,6.95426988388271,-1.9542598838827105
5.00001,6.856474123331001,-1.8564641233310013
5.00001,6.843650894973509,-1.8436408949735092
5.00001,3.7718101326420963,1.2281998673579033
4.328,2.3316876755092935,1.9963123244907068
3.167,1.685201262989584,1.4817987370104158
2.906,1.7660036340723495,1.1399963659276506
1.417,1.5295592234418633,-0.11255922344186331
3.0,1.477367737749584,1.522632262250416
2.531,1.8325011564565117,0.6984988435434885
3.0,1.7315527951108476,1.2684472048891524
2.306,1.9262571126468924,0.3797428873531077
2.375,1.7425844166219264,0.6324155833780736
2.823,1.7030956603075276,1.1199043396924724
2.817,2.185330824411333,0.6316691755886672
3.056,1.7305871786908886,1.3254128213091114
3.509,1.9219687963340863,1.5870312036659135
4.45,1.7615917231636145,2.6884082768363857
5.00001,5.2580069442110435,-0.2579969442110439
4.5,1.2410236692110903,3.2589763307889097
5.00001,3.364455333328886,1.6355546666711138
4.045,2.1498130767563888,1.8951869232436112
5.00001,6.828095610053999,-1.828085610053999
1.667,1.767474228795468,-0.10047422879546786
4.125,1.5204010053723196,2.6045989946276804
1.75,1.6860009215118783,0.0639990784881217
5.00001,1.6946930689744653,3.3053169310255344
0.75,1.7195373012668136,-0.9695373012668136
3.25,1.7306540126120822,1.5193459873879178
1.125,1.5011813284043072,-0.3761813284043072
3.0,1.6122178238437541,1.3877821761562459
1.5,1.7402827835392398,-0.24028278353923982
0.7,1.635208767841595,-0.935208767841595
1.875,1.4379741796814973,0.4370258203185027
3.5,1.9922439004122683,1.5077560995877317
1.375,1.6709511037465679,-0.29595110374656786
2.333,1.5518659466853872,0.7811340533146129
2.7,1.803388688189935,0.8966113118100651
4.75,1.4826195887838742,3.2673804112161258
3.222,1.5351976240551621,1.6868023759448378
5.00001,1.9065147977186088,3.0934952022813906
1.875,1.711916789093493,0.16308321090650701
4.1,1.7132323784911592,2.3867676215088407
3.289,1.868437520365826,1.420562479634174
3.6,1.6679101214881318,1.9320898785118683
3.8,1.541086149034606,2.258913850965394
2.915,2.2081622850080067,0.7068377149919933
4.368,2.441733456948238,1.9262665430517623
3.37,2.6436283527554414,0.7263716472445587
4.338,4.2609453554288805,0.07705464457111955
2.578,2.196605089901417,0.38139491009858295
2.263,1.8345676395961286,0.42843236040387134
1.713,1.8099460887047276,-0.09694608870472754
3.273,1.5571057040773828,1.7158942959226173
2.5,1.7178061559739588,0.7821938440260412
3.058,1.7591221692847212,1.2988778307152786
4.176,1.9997404159102594,2.176259584089741
1.156,1.7611460454230021,-0.6051460454230022
2.143,1.6769654284573723,0.4660345715426275
3.5,1.9372624168919899,1.5627375831080101
1.577,1.763869468249093,-0.186869468249093
1.938,1.8161888169027283,0.12181118309727168
1.938,1.4038252187678963,0.5341747812321036
1.688,1.5014479718338405,0.18655202816615946
1.611,1.6431456552190673,-0.032145655219067315
1.875,1.7099714782525086,0.16502852174749139
2.5,1.5013301255080898,0.9986698744919102
3.5,1.726492769826089,1.773507230173911
2.292,1.691562362789671,0.6004376372103288
4.79,2.6777816593304173,2.1122183406695827
5.00001,2.7263574644356505,2.273652535564349
5.00001,2.356147893067089,2.6438621069329105
4.5,3.1052209950764356,1.3947790049235644
5.00001,4.936760992443866,0.06324900755613339
5.00001,6.844541076809528,-1.8445310768095284
5.00001,3.3555625384144494,1.6444474615855502
5.00001,2.4524668261522296,2.54754317384777
5.00001,3.1450632457835286,1.854946754216471
1.75,2.2515945416789465,-0.5015945416789465
2.25,2.225494866358725,0.024505133641274934
1.75,2.134351801752209,-0.3843518017522092
4.5,2.446959729897042,2.053040270102958
2.875,2.2711249256646053,0.6038750743353947
3.5,2.530187909015069,0.9698120909849308
5.00001,2.3653286004390246,2.634681399560975
3.552,1.7320698412676265,1.8199301587323735
4.111,2.7556486417386643,1.3553513582613355
4.056,2.650746587365335,1.4052534126346652
4.569,2.271974613238058,2.297025386761942
4.869,2.589853304729762,2.2791466952702377
4.864,3.009201925251527,1.854798074748473
2.875,2.1620469074301942,0.7129530925698058
4.534,2.046686502000765,2.4873134979992346
4.743,2.2849932490079143,2.458006750992086
4.85,2.1362821267544563,2.7137178732455434
3.75,2.0613748492736774,1.6886251507263226
5.00001,2.1332082222102113,2.8668017777897883
2.25,2.3318380724401067,-0.08183807244010666
5.00001,2.098257582479075,2.9017524175209246
5.00001,3.5886946591316202,1.4113153408683794
3.216,2.373079921667881,0.8429200783321193
3.96,2.281498492832151,1.6785015071678488
3.273,2.421743518773848,0.851256481226152
2.5,2.178404785856183,0.3215952141438172
3.85,2.3093351471747443,1.5406648528252558
4.409,3.1645233487282374,1.2444766512717624
3.288,1.917756215688788,1.3702437843112119
4.0,2.165100719662422,1.834899280337578
3.55,2.1225946650750402,1.4274053349249596
5.00001,2.072486355965248,2.9275236440347516
4.46,2.6803532455214776,1.7796467544785224
5.00001,3.1029951277669885,1.8970148722330111
3.625,1.9947880425714646,1.6302119574285354
4.5,1.8794624853979152,2.620537514602085
3.1,1.9186530317968757,1.1813469682031243
5.0,2.161475669329847,2.838524330670153
3.453,1.9873398908950035,1.4656601091049963
2.785,2.390489922902684,0.394510077097316
2.75,2.404164050794072,0.3458359492059282
2.961,2.0086867356992957,0.9523132643007042
4.7,2.921369542510955,1.778630457489045
4.443,2.468832407206151,1.9741675927938487
4.409,2.303018665573797,2.1059813344262026
5.00001,2.5256374456184005,2.474372554381599
3.226,2.2392308384114834,0.9867691615885166
2.952,2.4941781123930267,0.4578218876069733
2.436,2.143867841953034,0.2921321580469658
2.42,1.8775761642733906,0.5424238357266093
2.547,2.139026804081767,0.40797319591823333
3.381,2.137072515794596,1.243927484205404
4.179,2.1840741235084695,1.9949258764915307
4.741,3.1894780477020497,1.55152195229795
3.51,2.6628081865408144,0.8471918134591854
3.341,2.5697574672259877,0.7712425327740124
3.336,2.8296819251741625,0.5063180748258373
2.875,2.166198880129413,0.708801119870587
5.00001,2.059558996713856,2.9404510032861437
2.341,1.92034001547755,0.4206599845224501
1.58,1.7053667061838746,-0.12536670618387458
2.021,1.8941937506547977,0.12680624934520224
2.52,1.8488068715143466,0.6711931284856534
2.908,1.9553007165594636,0.9526992834405363
2.135,2.1203091935589793,0.014690806441020499
1.406,1.7743380879627282,-0.36833808796272827
1.958,2.3404449516217936,-0.3824449516217936
2.594,1.9793991843377898,0.61460081566221
1.727,1.8377596757025945,-0.11075967570259437
1.65,1.6992069101425886,-0.04920691014258871
1.563,1.8648387579205257,-0.3018387579205257
1.925,1.8662134481897068,0.05878655181029324
2.685,1.7064788117871712,0.9785211882128289
4.2,2.158504346389497,2.0414956536105033
1.671,1.870217901362372,-0.19921790136237205
1.397,1.826364348164553,-0.42936434816455304
1.271,1.7975986987338743,-0.5265986987338744
1.232,1.575627858427474,-0.3436278584274741
1.507,1.604219202270642,-0.09721920227064218
1.516,2.1186835821036603,-0.6026835821036602
1.792,1.6846347657476808,0.10736523425231925
1.394,1.8135306766634136,-0.4195306766634137
1.57,2.3003383439863434,-0.7303383439863433
1.468,1.7009386539440423,-0.23293865394404234
1.335,1.6370110889262306,-0.30201108892623063
1.222,2.0556268606683012,-0.8336268606683013
1.258,1.567714463172654,-0.30971446317265405
1.694,1.8531415758471854,-0.15914157584718547
1.109,1.603001407856258,-0.494001407856258
1.38,1.883469441618946,-0.503469441618946
1.714,1.807341283721139,-0.09334128372113892
1.188,1.4765263944998923,-0.28852639449989237
1.346,1.6063709360902432,-0.2603709360902431
1.381,1.5228332165434555,-0.1418332165434555
1.615,1.7959302316617325,-0.1809302316617325
1.839,1.4539300525018188,0.38506994749818113
2.511,1.7719424449735273,0.7390575550264729
1.511,1.606083566858849,-0.095083566858849
1.688,1.5869061901191048,0.10109380988089511
1.768,1.9432315640415325,-0.1752315640415325
1.14,1.6881060043734069,-0.548106004373407
1.375,1.6485847887103906,-0.2735847887103906
2.232,1.941115217467851,0.2908847825321492
1.278,1.9333585767595651,-0.6553585767595651
1.215,2.1877968461976938,-0.9727968461976937
1.271,1.9488029692870665,-0.6778029692870666
1.334,1.6743783176700053,-0.34037831767000526
1.142,1.5753928969781952,-0.4333928969781953
1.182,1.5820354136341304,-0.4000354136341304
1.257,1.7625413836460722,-0.5055413836460723
1.25,1.5294464458344064,-0.27944644583440637
1.81,2.5354197256197932,-0.7254197256197932
1.569,2.15149872220695,-0.58249872220695
1.24,1.621016478796562,-0.381016478796562
1.233,1.7576505442984243,-0.5246505442984242
1.347,2.1675966596378595,-0.8205966596378595
1.254,1.6147385575819746,-0.3607385575819746
1.438,1.7573331588579033,-0.31933315885790337
1.135,1.5967460350081284,-0.4617460350081284
1.2,1.7599302136596915,-0.5599302136596915
1.259,1.4415857055098398,-0.18258570550983988
1.207,1.6569168657665305,-0.44991686576653045
1.409,2.1466214987936483,-0.7376214987936482
1.341,1.759458668934747,-0.4184586689347469
1.366,1.8652430686333046,-0.4992430686333045
1.303,2.1412344161976824,-0.8382344161976825
1.302,2.2349909516042903,-0.9329909516042902
1.25,1.4615223208594603,-0.21152232085946032
1.897,1.507318581668407,0.3896814183315931
1.884,2.3664541806423403,-0.48245418064234036
1.932,1.9321605442967524,-0.00016054429675249615
1.525,1.5528181598648128,-0.02781815986481284
1.534,1.7687090665960696,-0.2347090665960696
1.325,1.7936627987067564,-0.4686627987067564
1.438,1.6726090026048595,-0.2346090026048595
1.237,1.957196548428048,-0.7201965484280479
1.8,1.6227038684385398,0.1772961315614603
1.625,1.9469493691669113,-0.3219493691669113
1.219,1.4940087654779115,-0.2750087654779114
1.906,1.6013664207848808,0.30463357921511913
2.292,1.6337325095275865,0.6582674904724133
5.0,1.7093348041964656,3.2906651958035344
2.083,1.7262124339068183,0.35678756609318185
2.146,1.5480328886641015,0.5979671113358984
1.5,1.1426041783914074,0.3573958216085926
2.278,1.4613718382239367,0.8166281617760633
2.346,1.8681222365057875,0.4778777634942126
1.75,1.357860034961495,0.3921399650385049
1.5,1.5784670152496483,-0.07846701524964828
1.703,1.5250138031462064,0.1779861968537937
1.43,1.7075170410821585,-0.2775170410821586
1.625,1.5103071874660223,0.11469281253397767
1.528,1.6845448540871661,-0.15654485408716612
1.281,1.7223151624425783,-0.4413151624425784
1.25,1.7195861356708735,-0.4695861356708735
1.364,1.6695449106118603,-0.3055449106118602
1.516,1.7815371926869443,-0.2655371926869443
1.792,1.5725116639795877,0.2194883360204123
2.583,1.238132825871714,1.3448671741282863
1.352,1.63996791254977,-0.28796791254976983
1.688,1.0503183509655638,0.6376816490344361
1.196,1.534033300983213,-0.33803330098321305
1.355,1.6316029661870166,-0.27660296618701663
1.322,1.9873806466223072,-0.6653806466223071
1.114,1.8734317948741757,-0.7594317948741756
1.058,1.3318459165564926,-0.2738459165564926
0.981,1.7094887906007936,-0.7284887906007936
0.984,1.3597138650571616,-0.37571386505716164
1.479,1.727067716497044,-0.24806771649704396
1.5,1.8353238611288907,-0.3353238611288907
1.384,1.167731207382781,0.21626879261721887
1.875,1.5282068191600753,0.3467931808399247
1.566,1.5875277632312474,-0.021527763231247388
1.271,1.1090019574605052,0.16199804253949468
1.121,1.7618174459672016,-0.6408174459672016
1.168,1.5803007012417918,-0.41230070124179186
1.413,1.524704723869161,-0.11170472386916086
1.375,1.3595496430805767,0.015450356919423314
1.193,1.3284258584530075,-0.13542585845300747
5.00001,0.9795896007761344,4.020420399223865
1.75,1.771574101281719,-0.021574101281718994
1.25,1.6715366424427596,-0.42153664244275957
1.625,1.4377325320403007,0.18726746795969929
1.602,1.2962417861392206,0.3057582138607795
2.0,1.4069476123591496,0.5930523876408504
1.8,1.5924553375293553,0.20754466247064474
2.75,1.568394613350866,1.181605386649134
1.475,1.7037756471675625,-0.22877564716756238
1.646,1.6910098516269407,-0.04500985162694082
1.625,1.8790205133595577,-0.25402051335955766
1.273,1.5821731641162036,-0.30917316411620366
0.388,1.8135592756923575,-1.4255592756923576
1.875,1.480676068271415,0.39432393172858493
3.5,1.2160574092349785,2.2839425907650215
2.25,1.3355851215834922,0.9144148784165078
1.583,2.018354361849787,-0.43535436184978704
3.125,1.711910082197644,1.413089917802356
1.0,1.4616649121009042,-0.4616649121009042
1.24,1.8867963029924348,-0.6467963029924348
1.307,1.4257882075309607,-0.11878820753096075
1.231,1.3852234561964245,-0.1542234561964244
1.365,1.6904854230166237,-0.32548542301662375
1.264,1.5683066928600198,-0.30430669286001977
1.177,1.7105046873926444,-0.5335046873926443
0.962,1.428546835333968,-0.4665468353339681
1.148,1.7146845701298685,-0.5666845701298686
1.096,1.5307580647444183,-0.43475806474441825
1.195,1.7611238298909824,-0.5661238298909823
1.143,1.6061423997547455,-0.46314239975474547
1.008,1.6557227240669832,-0.6477227240669832
0.903,1.1780412678781134,-0.27504126787811334
1.199,1.7141404011199004,-0.5151404011199003
0.906,1.6792997151747593,-0.7732997151747593
1.075,1.7717240981469145,-0.6967240981469145
0.992,1.612323470924129,-0.620323470924129
1.008,1.6321689841979825,-0.6241689841979825
1.275,1.321227718690955,-0.04622771869095499
0.934,1.3742637376298905,-0.44026373762989046
0.993,1.3072752260393203,-0.31427522603932034
1.072,1.3458314369261304,-0.2738314369261303
1.005,1.5461550332771752,-0.5411550332771753
1.102,1.322797141707106,-0.22079714170710596
1.188,1.3846796591577712,-0.1966796591577713
1.158,1.413786055134663,-0.2557860551346631
0.996,1.5484343529299456,-0.5524343529299456
1.268,1.4146304123499438,-0.14663041234994378
1.183,1.7900511841382836,-0.6070511841382835
0.972,1.5798189502637552,-0.6078189502637552
1.161,1.533067861656177,-0.372067861656177
1.292,1.3039668190915128,-0.01196681909151276
1.141,1.4929737623991617,-0.35197376239916167
1.133,1.720532194845868,-0.587532194845868
1.038,1.689159500559509,-0.651159500559509
1.074,1.5173389049282235,-0.4433389049282235
0.958,1.6335752501904177,-0.6755752501904178
1.082,1.6461946587739482,-0.5641946587739481
1.042,1.4823365448609136,-0.44033654486091356
1.058,1.4522362244792673,-0.3942362244792672
1.05,1.3986457521472184,-0.3486457521472184
1.029,1.3802074023125697,-0.35120740231256975
0.904,1.2960490614210496,-0.39204906142104956
0.958,1.3477779842546194,-0.3897779842546194
0.875,1.0559146420678553,-0.18091464206785535
0.95,1.1255078834037264,-0.17550788340372647
1.013,1.6157672824699292,-0.6027672824699293
1.082,1.4068674860876882,-0.3248674860876881
0.986,1.6052193488083029,-0.6192193488083029
0.882,1.4520445495811474,-0.5700445495811474
0.985,1.408768395374706,-0.4237683953747061
1.079,1.6303133917800767,-0.5513133917800768
0.919,1.0435028059548415,-0.12450280595484142
1.034,1.550300971411076,-0.516300971411076
1.015,1.5883732702138689,-0.573373270213869
1.108,1.3648604815863599,-0.25686048158635977
1.069,1.6459762441144712,-0.5769762441144712
0.95,1.5669692213875086,-0.6169692213875086
1.035,1.4147817048620848,-0.37978170486208485
1.0,1.5395986619107649,-0.5395986619107649
1.0,1.4056128557974343,-0.40561285579743434
0.971,1.5936718727041854,-0.6226718727041854
1.625,1.7801664253534304,-0.1551664253534304
1.563,1.8854175238078739,-0.3224175238078739
1.438,1.478771290244737,-0.040771290244737024
1.223,1.6625617433614277,-0.4395617433614276
1.038,1.2261581273800264,-0.18815812738002635
1.188,1.1403206079919226,0.04767939200807736
1.08,1.4973456257444924,-0.4173456257444923
1.117,1.4601302412443777,-0.34313024124437774
1.094,1.5955964374891183,-0.5015964374891182
1.169,1.3651073130506521,-0.1961073130506521
1.152,1.4761858815742255,-0.32418588157422557
1.171,1.6432592666668577,-0.4722592666668577
1.088,1.4599552346033708,-0.37195523460337077
1.21,1.8177806181805654,-0.6077806181805654
1.232,1.4792873014471017,-0.24728730144710176
1.237,2.0428291350668077,-0.8058291350668076
1.232,1.8577956394103308,-0.6257956394103308
1.25,1.6294949080333665,-0.3794949080333665
1.16,1.567339896006925,-0.407339896006925
1.362,1.916936377495716,-0.5549363774957159
1.344,1.7042803697101276,-0.36028036971012756
1.32,1.5119077026091188,-0.1919077026091187
1.141,1.8247943685538381,-0.6837943685538381
1.125,1.1608430676715045,-0.03584306767150447
1.375,1.4046476265973036,-0.029647626597303578
1.425,1.2433712955883653,0.1816287044116347
1.229,1.6852013194981064,-0.4562013194981063
1.036,1.3866960818033411,-0.3506960818033411
1.313,1.5381749493786887,-0.22517494937868876
1.266,1.951781124998934,-0.6857811249989341
1.188,1.6507042155405751,-0.46270421554057517
1.192,1.6949079773642945,-0.5029079773642946
1.125,1.4350000163423042,-0.31000001634230423
1.24,1.4306563376344863,-0.1906563376344863
0.961,1.7366153777459807,-0.7756153777459808
1.058,1.6253258127938865,-0.5673258127938865
1.117,1.300729030406135,-0.18372903040613497
1.286,1.9972247405342187,-0.7112247405342187
1.346,1.2721592523287857,0.0738407476712144
1.161,1.491006015537009,-0.33000601553700903
1.096,1.603761118421791,-0.507761118421791
1.164,1.7027456375615864,-0.5387456375615864
1.116,2.0243196550120235,-0.9083196550120234
1.291,1.4750092689705103,-0.1840092689705104
1.28,1.624825773986514,-0.34482577398651393
1.2,1.6283883772133274,-0.42838837721332745
1.225,1.7370163640687326,-0.5120163640687325
1.164,1.6358377447193997,-0.47183774471939977
1.014,1.3947305684188642,-0.3807305684188642
1.266,1.690622224910709,-0.424622224910709
1.048,1.7187544133640058,-0.6707544133640058
1.0,1.4843981565596165,-0.4843981565596165
1.148,1.4627586897330216,-0.3147586897330217
0.965,1.5473746249655091,-0.5823746249655092
1.011,1.6225565973487124,-0.6115565973487125
0.983,1.357027096766422,-0.374027096766422
1.034,1.6566315510675627,-0.6226315510675626
1.019,1.9822406321142068,-0.9632406321142069
0.95,1.4806118004335072,-0.5306118004335072
0.993,1.598725065873208,-0.605725065873208
1.28,1.923069656700817,-0.643069656700817
1.943,2.4062623084017836,-0.4632623084017835
1.897,2.026909327288899,-0.12990932728889892
1.577,2.11143191307396,-0.5344319130739601
1.234,1.7593781409462947,-0.5253781409462948
1.826,2.4063571565435597,-0.5803571565435597
1.93,2.3124002297798434,-0.38240022977984345
1.811,2.1134177983275153,-0.30241779832751536
1.658,1.8154028521088814,-0.1574028521088815
1.875,1.6867507069727408,0.18824929302725923
1.885,1.6365671158217654,0.24843288417823461
1.813,1.5761561991711162,0.2368438008288838
1.126,1.5918829346282977,-0.4658829346282978
1.209,1.8089261028418702,-0.5999261028418701
1.215,1.7655370871456197,-0.5505370871456197
1.333,1.7865338650226774,-0.45353386502267745
1.516,1.1395574968033513,0.37644250319664874
0.987,1.90366705681958,-0.9166670568195799
1.142,1.5395084514976316,-0.3975084514976317
1.265,1.9205531410595826,-0.6555531410595827
1.496,2.0921546610774224,-0.5961546610774224
1.705,2.6987345561605607,-0.9937345561605606
1.152,1.7149449025357928,-0.5629449025357929
1.089,2.2267329377261005,-1.1377329377261005
1.225,1.989635963604722,-0.764635963604722
1.403,2.2196157131333534,-0.8166157131333533
1.147,1.6893843701425224,-0.5423843701425224
1.043,2.082893761152375,-1.0398937611523749
1.01,1.6053992357942366,-0.5953992357942366
1.033,2.0650191078605604,-1.0320191078605605
1.139,1.5599685779955412,-0.4209685779955412
1.089,1.422202226676482,-0.333202226676482
1.491,1.5594152042016873,-0.06841520420168723
1.404,1.9907208381481671,-0.5867208381481672
1.49,1.945580562983459,-0.45558056298345906
1.801,2.7848475996299853,-0.9838475996299854
2.076,2.330995273870296,-0.25499527387029586
1.667,1.553007313868164,0.11399268613183611
1.086,1.6848280706672139,-0.5988280706672138
1.388,2.223734984732669,-0.8357349847326692
1.186,1.5400488016361655,-0.3540488016361656
1.185,1.4565452329123607,-0.27154523291236066
1.588,1.8484447247547695,-0.26044472475476943
1.564,2.52119453588957,-0.9571945358895699
1.958,2.4022161438568843,-0.44421614385688435
3.504,3.2168719684490155,0.28712803155098454
2.468,2.470248097124669,-0.002248097124669002
1.406,2.5303238897524434,-1.1243238897524435
1.705,0.8172179334782645,0.8877820665217355
3.125,1.8378489316677067,1.2871510683322933
1.063,1.5295650627838673,-0.46656506278386733
2.667,1.5227990185044273,1.1442009814955725
1.878,2.289842866363062,-0.411842866363062
1.679,1.4754791803548932,0.20352081964510682
1.188,1.4409826949229312,-0.25298269492293124
0.875,1.3666957446313206,-0.4916957446313206
3.532,2.11377216809429,1.41822783190571
3.321,2.1097191176662875,1.2112808823337127
3.01,1.9535901371956748,1.056409862804325
1.0,1.5035310608976085,-0.5035310608976085
1.03,1.3566729379955147,-0.32667293799551467
1.089,1.7998215848500752,-0.7108215848500752
1.083,1.232724629287056,-0.149724629287056
1.129,1.5163859389726895,-0.38738593897268947
0.982,1.2343309050200721,-0.25233090502007216
0.945,1.8905758166669855,-0.9455758166669855
0.933,1.6455093489692612,-0.7125093489692611
0.914,1.604950418019032,-0.6909504180190319
1.117,2.9279127301780257,-1.8109127301780257
1.08,2.0083523857935464,-0.9283523857935463
0.965,1.7236169936221062,-0.7586169936221062
0.966,2.3351322124193326,-1.3691322124193326
1.066,1.598189313772077,-0.532189313772077
1.122,1.7597188967523532,-0.637718896752353
1.198,1.7556220788275423,-0.5576220788275423
0.972,1.6277514989378319,-0.6557514989378319
0.931,2.208369621050979,-1.2773696210509788
0.94,2.1057038809929947,-1.1657038809929947
0.958,1.483553941872879,-0.525553941872879
1.024,2.0423423444242084,-1.0183423444242083
0.952,1.9774970525096436,-1.0254970525096436
1.0,1.365941101858583,-0.365941101858583
1.1,1.4623595642475848,-0.36235956424758475
0.922,1.5868095276281458,-0.6648095276281457
0.93,1.6874215761333233,-0.7574215761333233
0.923,1.178083742142301,-0.2550837421423009
1.214,1.117712950523174,0.09628704947682598
1.0,1.215263801524959,-0.21526380152495905
1.026,1.365571129689557,-0.33957112968955694
1.07,1.5342052785533036,-0.4642052785533035
1.0,1.334468352299741,-0.3344683522997409
1.073,1.5543287173566314,-0.4813287173566314
0.985,2.207739271810057,-1.222739271810057
0.998,1.5297763731029712,-0.5317763731029712
1.241,1.8265349435918266,-0.5855349435918265
1.194,1.6491508264406423,-0.4551508264406423
1.242,2.1634264807629497,-0.9214264807629498
1.258,1.9327046048957972,-0.6747046048957972
1.426,2.2700585059424614,-0.8440585059424615
1.361,2.0623245265631636,-0.7013245265631636
1.317,1.8922095497855858,-0.5752095497855858
1.2,2.0235769622929727,-0.8235769622929727
1.31,2.0830013804170573,-0.7730013804170572
1.335,2.4587591183134374,-1.1237591183134374
1.496,2.693438351727595,-1.197438351727595
1.42,1.9665304517503948,-0.5465304517503948
1.21,1.5910544429856266,-0.38105444298562663
1.318,1.40369203773048,-0.08569203773047995
1.363,2.13603766383447,-0.77303766383447
1.387,2.4086807615068593,-1.0216807615068593
1.342,2.202522972221168,-0.860522972221168
1.132,1.3551899330971948,-0.22318993309719493
1.095,1.9392935541809204,-0.8442935541809204
1.363,1.8474015177774843,-0.4844015177774843
0.984,1.3138931254073896,-0.3298931254073896
1.021,1.4214277897042218,-0.4004277897042219
0.99,1.4701470137052592,-0.48014701370525925
1.163,1.3297725030306349,-0.16677250303063484
1.174,2.4297950568157183,-1.2557950568157183
1.274,2.0331087380995196,-0.7591087380995196
1.404,2.6543995500285327,-1.2503995500285328
1.403,2.29900861713035,-0.8960086171303501
0.975,1.2926681593123535,-0.3176681593123535
1.015,1.4118044103799388,-0.39680441037993885
1.04,1.3080135043181498,-0.26801350431814974
1.018,1.483923369962482,-0.46592336996248207
0.975,1.4310996369579265,-0.45609963695792655
0.992,1.319937203160694,-0.32793720316069397
0.97,1.359101373754438,-0.389101373754438
0.925,1.7199734906928028,-0.7949734906928028
0.982,1.3221742279061046,-0.34017422790610463
0.982,1.5664517655595818,-0.5844517655595818
0.963,1.603658469143967,-0.6406584691439671
1.006,1.4167994362010852,-0.41079943620108517
0.957,1.4221732701951222,-0.4651732701951222
0.968,1.4603181863385588,-0.49231818633855884
0.901,1.456487231638525,-0.5554872316385249
1.014,1.651122415194763,-0.637122415194763
0.973,1.4256240164180054,-0.4526240164180054
0.864,1.2189457545371067,-0.35494575453710675
0.926,1.6655249101803813,-0.7395249101803812
0.991,1.604654236246177,-0.6136542362461771
0.942,1.419797200597928,-0.4777972005979281
0.953,1.381081965261186,-0.42808196526118614
0.94,1.4055849187261562,-0.46558491872615626
0.906,1.4970016089626417,-0.5910016089626416
0.901,1.219202408104231,-0.31820240810423095
0.917,0.921680178459491,-0.00468017845949098
0.909,1.4201996672359858,-0.5111996672359858
0.979,1.2107925354001083,-0.23179253540010836
0.951,1.4277804041541282,-0.47678040415412826
0.944,1.3251883906061044,-0.38118839060610443
1.0,1.4469977134825815,-0.44699771348258155
0.898,1.2842831258151304,-0.38628312581513036
0.967,1.5103528254289493,-0.5433528254289494
0.948,1.6818908748907064,-0.7338908748907065
1.013,1.4904551088167906,-0.47745510881679065
0.991,1.5558969299510461,-0.5648969299510461
0.914,1.3113859427746397,-0.3973859427746397
0.993,1.6299612493866773,-0.6369612493866773
0.897,1.4000794730480581,-0.5030794730480581
1.114,1.4908684783358264,-0.37686847833582626
1.023,1.5996204420229612,-0.5766204420229613
0.932,1.5896701618301745,-0.6576701618301745
1.056,1.9978237207558742,-0.9418237207558742
1.077,1.6802357608930887,-0.6032357608930887
0.936,1.3054670452853783,-0.3694670452853782
0.949,1.5667355650619217,-0.6177355650619217
0.916,1.3258669624424941,-0.4098669624424941
0.897,1.569469485150055,-0.672469485150055
0.862,1.36680664930962,-0.50480664930962
1.013,1.5188854120295359,-0.505885412029536
0.98,1.7110750824956904,-0.7310750824956904
0.888,1.6743022921093438,-0.7863022921093438
0.985,1.5851427265392246,-0.6001427265392246
0.898,1.1176115592806704,-0.21961155928067033
0.934,1.6387651092732711,-0.7047651092732711
0.967,1.3882272596273615,-0.4212272596273615
0.946,1.369857038501129,-0.4238570385011291
0.996,1.4950303003815613,-0.49903030038156126
0.945,1.4268776516027044,-0.48187765160270446
0.942,1.4956651559499945,-0.5536651559499945
0.898,1.4065936553032254,-0.5085936553032254
0.903,1.6019843823510564,-0.6989843823510564
0.932,1.336435698965938,-0.404435698965938
0.913,1.8927936146235493,-0.9797936146235493
0.924,1.5299263779077044,-0.6059263779077043
0.949,1.4175941548638717,-0.4685941548638718
0.927,1.5005769195682128,-0.5735769195682128
0.954,1.322280724066606,-0.36828072406660595
1.048,1.1508636353271482,-0.10286363532714815
1.102,1.7991875278345848,-0.6971875278345847
0.989,1.4666707846764009,-0.4776707846764009
0.888,1.4361786752953987,-0.5481786752953987
0.887,1.5019535860522022,-0.6149535860522022
0.931,1.2286171802326875,-0.29761718023268746
0.969,1.2710945742874031,-0.30209457428740316
0.941,1.27764814562572,-0.3366481456257201
0.942,1.1835412928972195,-0.2415412928972196
0.813,0.9188296706484542,-0.10582967064845428
1.0,2.016193411360941,-1.0161934113609412
0.974,1.8506400378135088,-0.8766400378135089
1.299,2.1077219615691973,-0.8087219615691974
1.057,1.7757762861700428,-0.7187762861700429
1.226,1.7012283953584337,-0.47522839535843375
1.202,1.9852707099302869,-0.7832707099302869
1.281,1.7149118844991076,-0.43391188449910767
0.884,1.2326387792789086,-0.34863877927890863
0.904,1.3352971105708051,-0.4312971105708051
0.906,1.7894368979176147,-0.8834368979176147
0.906,2.259615088150526,-1.353615088150526
0.906,1.0536231570002124,-0.14762315700021233
0.998,1.7007076587790366,-0.7027076587790366
0.913,1.3974023408892187,-0.48440234088921863
0.904,1.190846811370425,-0.2868468113704249
0.875,0.9618286710105832,-0.08682867101058322
0.895,1.2613560147034835,-0.36635601470348345
0.975,1.2782689916433,-0.3032689916433001
0.974,1.195354417455723,-0.22135441745572293
1.076,1.0100022205487296,0.0659977794512705
0.957,1.3497643947976417,-0.3927643947976417
0.902,1.5248174527122453,-0.6228174527122453
1.0,1.0654858939368754,-0.06548589393687543
0.875,1.1917007861709923,-0.3167007861709923
1.0,1.1794725183605705,-0.17947251836057054
0.854,1.2911040973267387,-0.4371040973267387
0.842,1.6039939068350684,-0.7619939068350684
0.883,1.5560677094587034,-0.6730677094587034
0.863,1.3605017418084895,-0.4975017418084895
0.898,1.0977041106693268,-0.1997041106693268
0.9,1.214438582154374,-0.3144385821543739
0.955,1.4055667584259939,-0.4505667584259939
0.901,1.542228083405016,-0.6412280834050159
0.976,1.5905256319457692,-0.6145256319457693
0.921,1.7277380835982479,-0.8067380835982478
0.92,1.1208720463945627,-0.2008720463945627
0.87,1.2420045204731367,-0.3720045204731367
1.049,1.07859968979905,-0.029599689799050033
0.887,1.083351827162765,-0.1963518271627649
5.00001,3.957046735588478,1.0429632644115214
5.00001,6.80912774083452,-1.8091177408345205
5.00001,5.6793199886931305,-0.6793099886931309
5.00001,5.7656826303504385,-0.7656726303504389
5.00001,3.6606701910705928,1.3393398089294068
5.00001,4.49981502235017,0.50019497764983
5.00001,6.787874669243093,-1.7878646692430937
5.00001,6.859446732561271,-1.8594367325612717
5.00001,3.4453699532096853,1.5546400467903143
5.00001,5.388310644146003,-0.3883006441460033
5.00001,3.894402128030655,1.1056078719693447
5.00001,5.224780867081721,-0.22477086708172145
5.00001,6.049876497755594,-1.0498664977555947
5.00001,5.141113120097041,-0.14110312009704096
5.00001,4.172874061673679,0.8271359383263208
5.00001,5.991513646900567,-0.9915036469005676
5.00001,6.885600219942146,-1.8855902199421468
5.00001,6.21843582203247,-1.2184258220324704
5.00001,6.290877329262031,-1.2908673292620314
5.00001,6.768892456045077,-1.7688824560450778
5.00001,4.039560405622735,0.9604495943772644
5.00001,2.7792152832210517,2.220794716778948
5.00001,3.46220123685278,1.5378087631472197
5.00001,5.146612791517506,-0.14660279151750633
5.00001,4.230122672089708,0.7698873279102916
5.00001,4.452668018647198,0.547341981352802
5.00001,4.1561945235181295,0.8438154764818702
5.00001,3.55046833203364,1.4495416679663595
5.00001,5.26300846325895,-0.2629984632589508
5.00001,3.303939184501269,1.6960708154987305
5.00001,5.149923159202887,-0.14991315920288706
5.00001,6.3139250876295945,-1.3139150876295949
5.00001,4.556717648616146,0.44329235138385403
5.00001,3.694935644682176,1.3050743553178235
5.00001,6.901967376144342,-1.9019573761443427
5.00001,4.095088561970245,0.9049214380297546
5.00001,4.907337375507312,0.0926726244926872
5.00001,3.8560535094550223,1.1439564905449773
5.00001,4.6161764535289365,0.38383354647106316
5.00001,4.69668912081036,0.30332087918963957
5.00001,6.8344918890503505,-1.834481889050351
5.00001,2.779727395717525,2.220282604282475
5.00001,2.492947920399922,2.5070620796000775
5.00001,2.2455534726828903,2.7544565273171093
3.375,2.3545558447729382,1.0204441552270618
3.875,2.648946359308397,1.2260536406916032
5.00001,2.621771673846427,2.3782383261535727
5.00001,2.455174076847721,2.5448359231522786
5.00001,3.596720882835868,1.4032891171641317
5.00001,3.6519233175718346,1.348086682428165
5.00001,6.767753331004662,-1.7677433310046622
5.00001,4.917238683211058,0.0827713167889419
5.00001,4.013406126282779,0.9866038737172209
5.00001,3.6850642021726445,1.314945797827355
5.00001,4.396285641288601,0.603724358711399
5.00001,3.0527401882997367,1.947269811700263
3.5,1.6490326009503353,1.8509673990496647
5.00001,1.9183459887616103,3.0816640112383893
3.5,1.2221180611752707,2.2778819388247293
3.5,1.3550143194259632,2.144985680574037
5.0,1.7269855578962912,3.273014442103709
5.00001,3.686330861041994,1.3136791389580056
5.00001,3.5885514715198488,1.4114585284801509
5.00001,6.658684877189406,-1.658674877189406
5.00001,4.640192795858619,0.35981720414138074
5.00001,2.037307954142325,2.9627020458576747
5.00001,2.5294952439617475,2.470514756038252
5.0,2.713938610138663,2.286061389861337
3.167,3.0143981362743295,0.1526018637256703
5.00001,3.5889840794576418,1.4110259205423579
5.00001,2.948940625289859,2.0510693747101407
5.00001,2.9291334842552548,2.070876515744745
5.00001,3.2565014963874557,1.743508503612544
5.00001,3.3083127134629784,1.6916972865370212
5.00001,3.8446292853044364,1.1553807146955632
5.00001,2.5336578664464042,2.4663521335535954
5.00001,2.788475270357038,2.2115347296429615
5.00001,5.292937624420709,-0.2929276244207095
5.00001,3.6866193622851737,1.313390637714826
5.00001,2.8371120849277416,2.162897915072258
5.00001,3.5990160883478777,1.400993911652122
4.773,2.342470137509787,2.4305298624902125
3.05,2.3928702745565853,0.6571297254434145
5.00001,2.664581424812522,2.3354285751874775
4.947,3.2618385647256987,1.6851614352743014
1.813,1.809703904563222,0.0032960954367780015
2.833,2.3171552642298505,0.5158447357701497
2.775,1.9566979658011725,0.8183020341988274
4.1,1.9056511210899976,2.1943488789100023
2.75,2.343032015840921,0.406967984159079
3.375,2.077531982682963,1.297468017317037
2.688,2.212853487311965,0.4751465126880352
3.938,1.9881582699815676,1.9498417300184325
3.25,2.05869274415312,1.1913072558468798
3.6,2.3463865095471332,1.2536134904528669
4.208,2.077829479498901,2.1301705205010992
3.481,2.1609745626111003,1.3200254373888995
3.602,2.287140753771189,1.314859246228811
3.0,1.9320732251865698,1.0679267748134302
3.363,2.419229190175263,0.9437708098247368
2.25,1.7447890802317922,0.5052109197682078
3.5,1.0471850569852028,2.452814943014797
3.478,2.0214378184323336,1.4565621815676666
4.851,2.99134995090942,1.8596500490905798
4.098,2.8043413624847044,1.2936586375152954
4.275,2.705739469140682,1.5692605308593182
5.00001,3.063197373812534,1.9368126261874656
5.00001,2.8335590303886713,2.1664509696113283
5.00001,4.0254878567732675,0.9745221432267321
5.00001,2.7509346691667247,2.249075330833275
5.00001,4.398714032939058,0.6012959670609419
5.00001,6.017561088522952,-1.0175510885229526
5.00001,4.028799810143,0.9712101898569996
5.00001,2.27090421305428,2.72910578694572
5.00001,4.094226444293838,0.9057835557061615
4.125,2.4269861504258308,1.6980138495741692
5.00001,2.8687255599813626,2.131284440018637
5.00001,2.2427863256863207,2.757223674313679
4.6,2.3609215172862994,2.2390784827137002
5.00001,5.294232252490158,-0.2942222524901581
5.00001,5.487799643615866,-0.48778964361586663
5.00001,2.8952108697651915,2.104799130234808
5.00001,3.570243347726053,1.4297666522739467
5.00001,3.228493578630828,1.7715164213691716
5.00001,3.683447725290518,1.3165622747094816
4.613,2.947723739838237,1.6652762601617632
5.00001,4.172207962319719,0.8278020376802804
5.00001,5.004485879376726,-0.004475879376726333
5.00001,3.3060848944593624,1.6939251055406372
2.077,1.7287173387110446,0.34828266128895535
2.542,1.8586909800870473,0.6833090199129526
3.404,3.329380767946109,0.07461923205389098
3.091,1.598670093960675,1.4923299060393251
2.716,2.14818313320575,0.5678168667942503
2.375,2.469014826339607,-0.094014826339607
3.404,2.7714397322512165,0.6325602677487834
3.083,2.491977699210551,0.5910223007894491
2.325,2.1552640577205024,0.16973594227949773
3.194,2.055419112770158,1.1385808872298417
3.194,2.0953504512265084,1.0986495487734915
3.728,3.5376837000697368,0.19031629993026344
3.273,1.9844560114800602,1.28854398851994
3.0,2.0252488866656995,0.9747511133343005
1.844,1.7982069522843702,0.045793047715629864
3.667,2.0900750754600046,1.5769249245399952
2.813,2.219034617350447,0.5939653826495532
3.2,1.9883427915865064,1.2116572084134938
0.55,2.099799991163092,-1.549799991163092
2.75,2.0903655506655374,0.6596344493344626
2.221,2.028623521951169,0.19237647804883107
2.309,2.3955746474390307,-0.08657464743903054
2.028,2.0205886916261937,0.007411308373806325
1.43,1.9471248525140388,-0.5171248525140388
1.857,1.9743196818074369,-0.1173196818074369
3.333,1.702608306456093,1.6303916935439071
2.894,2.4003775639397977,0.4936224360602024
4.273,2.8463681880399516,1.426631811960048
3.736,2.9124129245088017,0.8235870754911985
3.408,2.181794935256263,1.2262050647437368
3.727,2.1504503005404554,1.5765496994595445
3.442,2.1503071420831374,1.2916928579168627
3.524,2.1682619836704147,1.3557380163295853
3.467,2.3374645748339713,1.1295354251660288
3.576,2.12527247862574,1.4507275213742599
3.31,2.4611746106555072,0.8488253893444928
3.438,2.1278932254404563,1.3101067745595438
3.181,2.267481472791456,0.9135185272085442
3.539,2.5642001529266336,0.9747998470733665
3.509,2.5961383816262713,0.9128616183737286
3.86,3.345183057001125,0.5148169429988747
4.0,2.6172723747022797,1.3827276252977203
4.188,2.836016351320036,1.3519836486799637
4.401,3.1776801650830597,1.22331983491694
3.543,3.3752100132956744,0.16778998670432577
4.058,3.372919657764461,0.6850803422355387
5.00001,2.40869988477817,2.5913101152218294
4.898,2.899324450131944,1.9986755498680555
4.657,3.38151953684483,1.2754804631551702
5.00001,2.37080740776382,2.6292025922361795
5.00001,4.105821311140156,0.8941886888598436
5.00001,2.623121253918697,2.3768887460813026
3.743,2.6680570805924617,1.0749429194075382
4.636,2.235153796093386,2.4008462039066143
3.408,2.186453585399679,1.2215464146003208
4.141,2.7680471302251854,1.3729528697748146
3.947,2.0308548803809767,1.9161451196190233
4.5,1.7604794591844206,2.7395205408155796
3.07,2.158400803040399,0.9115991969596009
3.488,2.181596183027736,1.306403816972264
3.019,2.2326368144908995,0.7863631855091007
3.1,2.3548907417576115,0.7451092582423886
2.25,2.1533607930214718,0.09663920697852824
3.155,2.016911440543373,1.138088559456627
4.201,2.6391546417716567,1.561845358228343
3.94,2.3222309532106458,1.6177690467893542
4.125,1.9255107090703913,2.1994892909296087
4.466,3.424064373504864,1.0419356264951363
5.00001,2.6598797752294234,2.340130224770576
4.2,3.319377573039124,0.8806224269608762
3.622,1.9142181523866628,1.707781847613337
3.558,2.783924846399634,0.774075153600366
3.347,2.686429386552873,0.6605706134471268
3.213,2.5273339747186014,0.6856660252813986
3.24,2.222574347239242,1.0174256527607581
2.431,2.063096005949189,0.3679039940508111
3.243,2.5709719656894183,0.6720280343105816
3.354,2.1051349259500203,1.2488650740499798
3.442,2.270238224327464,1.171761775672536
4.586,2.417972629400062,2.168027370599938
3.109,1.9522345645158021,1.1567654354841979
3.431,3.139977545001897,0.2910224549981031
3.456,2.088791653307424,1.3672083466925762
3.267,2.940641611826967,0.32635838817303275
3.469,2.674139412110466,0.7948605878895338
2.972,2.5545732201031788,0.4174267798968212
2.875,2.0581726434221856,0.8168273565778144
2.635,1.8741035455464694,0.7608964544535304
2.357,1.8784797781265228,0.4785202218734774
3.214,1.9913966345288228,1.2226033654711772
3.058,1.973180580799621,1.0848194192003788
3.0,1.7016207494401587,1.2983792505598413
2.85,2.004124601493965,0.8458753985060352
2.393,1.751267956339475,0.6417320436605247
4.25,2.0256624681058244,2.2243375318941756
3.875,2.102290910650675,1.7727090893493251
4.143,2.3178299048954556,1.8251700951045442
4.125,2.3426499403842946,1.7823500596157054
3.587,2.234569786919713,1.3524302130802872
2.675,2.4077498467909324,0.2672501532090674
5.00001,2.0643790919160576,2.935630908083942
3.5,2.1440757136794324,1.3559242863205676
3.632,2.715698976068033,0.9163010239319673
3.347,2.3832518530125055,0.9637481469874944
3.359,2.6410062966269185,0.7179937033730814
3.258,2.4321147096412075,0.8258852903587925
3.72,2.5736226977017784,1.1463773022982218
3.483,2.6933066243720125,0.7896933756279876
3.458,2.5813896488418604,0.8766103511581398
3.267,2.768999525509562,0.49800047449043783
3.25,2.0389299473472025,1.2110700526527975
3.39,2.321759940735497,1.068240059264503
3.038,2.31544542481599,0.7225545751840099
3.606,2.661860542050764,0.9441394579492357
4.667,3.006194874647626,1.6608051253523737
5.00001,2.523817121799858,2.4761928782001417
5.00001,2.372364048340922,2.6276459516590776
5.00001,3.0648443461916663,1.9351656538083333
3.431,2.809995715646435,0.6210042843535653
4.208,3.236136245880978,0.9718637541190223
5.00001,2.345102220498566,2.6549077795014338
5.00001,2.336602065279041,2.6634079347209587
5.00001,3.3550762124072766,1.644933787592723
5.00001,4.916054479223569,0.08395552077643043
5.00001,5.758553520322721,-0.7585435203227213
3.218,3.002723778632671,0.21527622136732916
2.72,1.9352241833934525,0.7847758166065477
2.712,2.0814807418079893,0.6305192581920109
2.763,1.94056070907815,0.8224392909218499
2.875,2.046694958459225,0.8283050415407751
2.846,2.392885646204395,0.45311435379560505
3.24,2.572615152049393,0.6673848479506073
3.517,3.7415432500373593,-0.22454325003735942
3.2,1.9951729754788452,1.204827024521155
3.029,2.520206677270312,0.5087933227296881
3.669,2.4900467991677147,1.1789532008322854
4.5,2.1399961776088334,2.3600038223911666
3.013,2.865562040710915,0.1474379592890851
3.039,2.635091223115946,0.40390877688405435
2.15,1.3174450555796224,0.8325549444203775
2.489,2.4821951802107405,0.006804819789259398
2.638,2.7125806599253597,-0.07458065992535978
2.655,1.9530416590832291,0.7019583409167707
2.761,2.2684848830635125,0.49251511693648764
2.767,1.9717105167742381,0.7952894832257618
3.072,2.4188968641620607,0.6531031358379393
3.572,3.3092937553558874,0.26270624464411263
3.626,3.854946420988022,-0.22894642098802231
3.614,3.3256926877195387,0.28830731228046114
3.459,2.8998951611324704,0.5591048388675297
3.508,3.4554608685018855,0.05253913149811451
3.407,3.208031940698558,0.19896805930144223
3.294,2.4871582796537988,0.8068417203462013
3.16,2.0233086624986933,1.1366913375013068
3.318,2.5970577677972893,0.7209422322027108
2.857,2.222199995175947,0.6348000048240534
3.872,3.2217781386948996,0.6502218613051003
3.635,3.052743484934703,0.5822565150652967
3.636,3.579558645884658,0.0564413541153419
3.56,3.249904993214679,0.3100950067853212
3.659,3.244791677308734,0.4142083226912656
3.523,2.636852814936442,0.886147185063558
3.652,2.7524682043027715,0.8995317956972286
3.659,3.0713256123045705,0.5876743876954293
4.22,3.391737790825602,0.8282622091743979
5.00001,2.9557976430055124,2.0442123569944872
5.00001,3.014277191762323,1.9857328082376768
5.00001,4.102600080660077,0.897409919339923
5.00001,2.9621768523083065,2.037833147691693
3.561,2.895196277283101,0.6658037227168991
2.832,2.829396998742025,0.0026030012579747464
4.112,2.997982833693414,1.1140171663065863
4.321,3.1543411943445987,1.166658805655401
4.566,3.012134267312331,1.5538657326876688
4.348,3.829543835411978,0.5184561645880219
4.563,2.6127266291871196,1.95027337081288
3.772,3.1691994369495458,0.602800563050454
3.307,3.148331611534455,0.1586683884655451
2.878,3.1469621819936666,-0.2689621819936665
2.945,3.250685055428722,-0.30568505542872204
2.99,2.7216466324986217,0.2683533675013785
4.0,2.2324184089868835,1.7675815910131165
1.875,1.9298316262365351,-0.05483162623653515
2.476,1.9433528940421596,0.5326471059578404
3.033,2.538661733132221,0.49433826686777893
2.667,2.3503826940087778,0.31661730599122206
2.844,2.433692164079287,0.41030783592071307
2.896,2.7795034315604052,0.11649656843959466
5.00001,3.211765130904046,1.7882448690959536
5.00001,3.4254145905617817,1.574595409438218
5.00001,3.2605378963755296,1.73947210362447
1.759,1.6563138548549747,0.10268614514502516
1.596,1.8130025924898159,-0.2170025924898158
1.62,2.6819928998362776,-1.0619928998362775
1.564,2.3804553236869377,-0.8164553236869376
1.512,1.8255292608017788,-0.3135292608017788
1.628,1.70560456351076,-0.07760456351076006
1.797,1.7345647221090243,0.06243527789097558
2.328,2.4835587094573914,-0.1555587094573916
1.841,1.9972946074568045,-0.15629460745680457
2.006,2.217362234839396,-0.2113622348393962
2.387,2.504460557809889,-0.11746055780988884
2.302,2.820796297795604,-0.5187962977956038
2.513,2.7334609412006206,-0.22046094120062065
2.222,1.4247745580865887,0.7972254419134113
2.167,1.6111574815548346,0.5558425184451652
2.396,2.6683303243531626,-0.27233032435316273
2.324,2.7389725444520474,-0.41497254445204756
2.0,1.840192912401013,0.15980708759898699
2.402,2.09754896522671,0.3044510347732903
2.263,2.254029113990681,0.008970886009318946
2.234,2.0278709008764784,0.20612909912352162
2.136,1.845292621399318,0.2907073786006822
1.844,1.9336266346354984,-0.08962663463549836
1.759,1.8620535576776,-0.10305355767760016
2.827,2.7684717167185022,0.05852828328149773
2.683,2.8382893846302575,-0.15528938463025765
2.333,2.075212797107386,0.25778720289261425
2.353,2.055510902472298,0.29748909752770203
2.033,1.9299153865722545,0.10308461342774544
2.242,1.952950118118856,0.289049881881144
3.041,2.658495224185379,0.38250477581462095
1.711,2.1663033939318623,-0.45530339393186225
1.631,2.1661628823099557,-0.5351628823099557
1.815,2.9199627532771237,-1.1049627532771238
1.28,1.7598869120044358,-0.4798869120044358
1.313,2.2989194461367672,-0.9859194461367673
1.875,1.56007092203808,0.31492907796192005
1.777,2.1883093541912753,-0.41130935419127534
1.823,2.147040855256714,-0.324040855256714
1.846,2.249871677539026,-0.40387167753902586
1.655,2.46108750333092,-0.80608750333092
1.913,2.547931119516165,-0.6349311195161651
1.68,2.1569771821805785,-0.4769771821805786
1.691,2.040105905015988,-0.3491059050159879
1.654,1.4370448377207472,0.2169551622792527
1.542,2.15746727586563,-0.6154672758656299
1.575,1.7416626107701871,-0.16666261077018718
1.462,2.0160032893885953,-0.5540032893885953
1.74,1.9831517163295882,-0.2431517163295882
1.745,1.63601015341737,0.10898984658263
1.587,1.6920092806513245,-0.10500928065132453
1.72,2.0186244290783124,-0.29862442907831244
1.381,1.9341233863341099,-0.5531233863341098
1.504,1.9938897998326233,-0.48988979983262326
1.398,1.655969902359281,-0.2579699023592812
1.647,1.596028486511957,0.050971513488043074
2.056,2.3221154939312725,-0.26611549393127243
3.5,1.8909413564239292,1.6090586435760708
1.547,1.88090878249671,-0.33390878249670997
1.821,1.5587704089050844,0.2622295910949155
1.523,1.6991645026457753,-0.17616450264577543
1.631,1.8033854734419243,-0.17238547344192434
1.642,1.9212611225028753,-0.2792611225028754
1.506,1.6534242193772823,-0.14742421937728234
1.673,1.8426219788461422,-0.16962197884614216
1.601,2.1790907354401856,-0.5780907354401856
1.413,1.5000827456306145,-0.08708274563061447
1.125,2.682100166591501,-1.5571001665915012
3.462,1.8028779326153161,1.659122067384684
2.905,2.9447938659022395,-0.039793865902239656
1.469,2.0918208853792426,-0.6228208853792425
1.868,1.9565563770595267,-0.08855637705952657
1.875,1.6198621522824852,0.2551378477175148
2.0,1.547596959648712,0.452403040351288
2.083,1.2606559044803398,0.8223440955196604
3.5,1.0426021913711039,2.457397808628896
4.161,2.3258206453997325,1.835179354600267
2.852,2.6485562941297323,0.2034437058702676
2.656,3.152942915601267,-0.496942915601267
2.734,2.8012733664265084,-0.06727336642650839
2.708,2.6875686311078946,0.020431368892105617
3.5,2.6322631399555254,0.8677368600444746
3.512,2.4313327063574444,1.0806672936425556
1.924,1.8813941450838958,0.042605854916104136
2.031,2.2080763035652344,-0.1770763035652343
2.189,1.9178934149706413,0.2711065850293588
1.953,1.7003894432252995,0.25261055677470057
3.067,2.063746922666953,1.003253077333047
2.383,2.0615617477004546,0.32143825229954537
2.258,1.6261429374358491,0.6318570625641509
2.25,2.0423027840521297,0.20769721594787027
2.423,1.6458541534455802,0.7771458465544199
2.685,2.2172947960460023,0.46770520395399773
2.554,2.068920059034272,0.4850799409657278
2.605,2.011294794807834,0.5937052051921659
3.685,2.8196007578983644,0.8653992421016357
3.519,3.032748810824631,0.4862511891753689
2.852,2.384415637911938,0.46758436208806176
2.939,2.6609839321039583,0.2780160678960417
3.5,2.6108430999068553,0.8891569000931447
2.481,1.7374056238507884,0.7435943761492114
2.345,1.8064988431773437,0.5385011568226565
2.432,1.9714058877493184,0.4605941122506816
2.272,1.7338938819735006,0.5381061180264992
2.317,1.9376167853077446,0.37938321469225555
2.575,2.07534405706923,0.4996559429307701
2.534,2.244826830362524,0.28917316963747597
2.678,2.1545466550991264,0.5234533449008736
2.764,2.366249327058508,0.3977506729414917
3.215,2.590121915119105,0.624878084880895
3.267,2.3774257118539595,0.8895742881460404
3.119,2.7058779133678836,0.4131220866321166
4.098,2.9157086991502776,1.1822913008497222
5.00001,3.7807311050067907,1.219278894993209
4.467,3.323355750119872,1.1436442498801278
3.0,2.4263033359656587,0.5736966640343413
4.019,3.0623008787038817,0.9566991212961184
3.615,3.25351485057472,0.3614851494252802
4.643,2.284506037289166,2.358493962710834
3.328,2.715881578171016,0.6121184218289839
3.038,2.727634165246384,0.310365834753616
2.543,2.2242426578515495,0.31875734214845064
2.25,2.2631098986677696,-0.01310989866776957
2.875,2.0097357974976426,0.8652642025023574
3.964,3.5774586158825934,0.3865413841174066
3.671,2.8751527713487506,0.7958472286512492
3.941,3.359541099199306,0.5814589008006936
3.801,3.554124288857281,0.2468757111427191
3.61,2.4122969925157136,1.1977030074842863
3.527,2.700261422879917,0.826738577120083
2.542,3.129879244521324,-0.5878792445213241
2.921,2.68197056253452,0.23902943746547978
2.712,2.2954775630530984,0.41652243694690183
3.369,2.4607464440531284,0.9082535559468718
2.962,2.471975833651839,0.49002416634816104
3.121,3.0981367093735317,0.022863290626468302
3.444,3.234999657375759,0.20900034262424105
3.295,2.8318381635098726,0.4631618364901273
2.719,2.4585139801930964,0.26048601980690345
2.177,2.549877118538344,-0.37287711853834393
3.012,2.7983828673889346,0.2136171326110654
2.613,2.6490344557156233,-0.03603445571562336
2.092,2.599005787417057,-0.5070057874170568
2.637,3.7016404017540907,-1.0646404017540907
3.266,2.696874547922735,0.5691254520772651
3.417,1.9240475704957591,1.4929524295042407
2.68,2.097816989284003,0.5821830107159971
2.734,1.934035492689327,0.7999645073106729
2.0,1.697441567768479,0.3025584322315209
2.348,2.118191149252176,0.22980885074782398
2.639,2.0225443371060825,0.6164556628939173
2.52,2.3463576570618105,0.17364234293818948
2.67,2.128281026870159,0.5417189731298411
2.85,3.1285683448050894,-0.2785683448050893
3.179,2.920101393069231,0.2588986069307686
3.063,2.0520297094290996,1.0109702905709006
3.099,2.9852256422536696,0.1137743577463306
2.456,2.065264103234782,0.3907358967652179
2.413,2.89406081330878,-0.48106081330878014
4.622,3.407725475134239,1.2142745248657607
4.22,2.1480338942340085,2.0719661057659913
4.574,3.123081105043587,1.4509188949564127
4.466,3.897825569540188,0.5681744304598122
5.00001,3.768794996830442,1.2312150031695577
3.313,1.8919301405184101,1.42106985948159
4.0,2.5512191486230456,1.4487808513769544
4.098,2.197218921171695,1.900781078828305
5.00001,5.22289616666062,-0.22288616666062033
3.667,2.1028658311850865,1.5641341688149133
4.727,3.6705431779639563,1.056456822036044
4.205,2.855516350202124,1.3494836497978762
3.757,3.278790712860924,0.4782092871390762
4.461,3.249032739378376,1.2119672606216243
4.291,2.651865757401045,1.6391342425989555
2.571,1.9570160391696068,0.6139839608303934
3.704,2.76547097799438,0.9385290220056204
3.743,2.0605319440669545,1.6824680559330454
4.062,4.517019561104646,-0.4550195611046455
3.804,3.3837309244055076,0.4202690755944922
3.681,2.622368509574062,1.0586314904259382
3.729,2.847246883257576,0.881753116742424
2.8,1.6504626022908684,1.1495373977091314
3.186,2.1091458703537334,1.0768541296462666
1.875,1.8487859791187053,0.026214020881294653
2.063,1.8958575690745412,0.167142430925459
3.511,2.0902974050037133,1.4207025949962868
3.547,2.9457549907813485,0.6012450092186516
2.387,1.7007181427974278,0.6862818572025722
3.212,2.1557219158468452,1.056278084153155
3.312,3.028978108801476,0.2830218911985236
3.74,3.4514986993239223,0.28850130067607793
5.00001,3.7650800886610716,1.234929911338928
4.984,3.1129868580367512,1.8710131419632487
4.468,3.645315967528783,0.822684032471217
3.58,2.8273123965896367,0.7526876034103633
3.235,2.735062536594852,0.49993746340514766
3.656,3.4546384711577525,0.20136152884224767
2.563,2.0487592287427687,0.5142407712572314
2.554,1.4991598580737673,1.0548401419262325
2.926,2.4605558061067305,0.46544419389326963
2.866,1.97981688972343,0.88618311027657
2.419,2.2096081117252986,0.20939188827470145
1.898,2.574908116178172,-0.6769081161781723
2.083,1.7478125050209623,0.3351874949790379
2.224,1.6237129292152366,0.6002870707847636
1.625,2.758389324910268,-1.1333893249102678
2.38,2.0039489490154456,0.37605105098455427
2.436,2.0648970028065854,0.37110299719341455
2.568,1.8835906665827922,0.6844093334172079
2.555,2.0163311645808926,0.5386688354191076
2.171,1.7160462723574204,0.45495372764257946
2.202,1.8589643660139663,0.34303563398603365
2.308,1.879182623617489,0.42881737638251094
2.537,2.067473471400509,0.46952652859949096
2.527,2.48461366081653,0.042386339183470234
2.574,1.9331685382215018,0.640831461778498
1.771,2.0412260451293114,-0.2702260451293115
1.786,1.7792588743700308,0.006741125629969202
2.523,1.651028842213623,0.8719711577863771
2.475,1.7633237427359612,0.7116762572640389
2.988,3.6339013012084678,-0.6459013012084678
2.841,1.9163856796005827,0.9246143203994175
2.826,1.9960097049434813,0.8299902950565188
2.096,2.068548035823998,0.027451964176002264
2.0,2.1058790571019967,-0.10587905710199674
2.098,1.8116486818992392,0.28635131810076064
1.929,1.6553797001740536,0.2736202998259465
2.281,1.8355465093452152,0.4454534906547849
1.875,1.6597883994374132,0.2152116005625868
1.938,1.798758953601464,0.13924104639853585
2.013,1.8036582308064524,0.20934176919354752
2.195,1.8395262091086442,0.35547379089135567
2.29,1.592038389240741,0.697961610759259
2.583,1.8457610204415804,0.7372389795584198
2.243,1.836622906800751,0.406377093199249
2.54,1.68637426504549,0.85362573495451
2.38,1.5161247104989146,0.8638752895010853
2.577,2.0648217169896252,0.5121782830103747
2.69,3.017105056241773,-0.327105056241773
2.023,1.1778291931538776,0.8451708068461226
2.221,1.4725425641922656,0.7484574358077345
1.969,1.5090157412026886,0.45998425879731153
2.75,1.6369861410026276,1.1130138589973724
1.875,0.9531315587468503,0.9218684412531497
2.688,1.5327178636423124,1.1552821363576877
2.481,1.6406230368982426,0.8403769631017572
1.75,1.803078350903428,-0.05307835090342805
2.107,2.216879971217671,-0.10987997121767101
2.29,1.6853373422161435,0.6046626577838565
2.181,1.8134129747741887,0.3675870252258113
2.071,1.833548941892405,0.23745105810759526
2.188,1.3266513386073173,0.8613486613926828
2.05,1.6796312932124917,0.3703687067875081
2.219,1.4249900142521843,0.7940099857478156
1.845,1.6674761982909936,0.1775238017090064
2.175,1.6856240172758696,0.4893759827241302
2.605,2.3895064965652653,0.21549350343473472
2.438,1.7173808190385549,0.7206191809614453
2.559,1.728591169374081,0.8304088306259192
1.813,1.7034897873571089,0.10951021264289107
4.462,3.3022324719203713,1.1597675280796285
4.029,3.329748644700582,0.6992513552994177
3.022,2.5047362886301547,0.5172637113698451
3.204,2.1924889769823177,1.0115110230176825
2.809,1.9401560591512688,0.8688439408487314
3.261,2.612741421355737,0.648258578644263
3.324,2.4168904196970344,0.9071095803029654
2.879,2.1446010034557195,0.7343989965442805
3.435,2.637774326352279,0.7972256736477212
3.496,2.560750869623895,0.9352491303761048
3.453,3.429032564662827,0.023967435337172827
3.289,2.613514052193495,0.675485947806505
2.944,2.1443464802638634,0.7996535197361365
2.89,2.1215566504631163,0.7684433495368839
2.846,2.409341451533637,0.436658548466363
2.629,1.9841427162993428,0.6448572837006572
1.924,1.9393803093704296,-0.015380309370429668
2.318,1.6415018185840138,0.6764981814159863
3.412,2.354654652509105,1.057345347490895
3.521,2.299193528396208,1.221806471603792
2.725,1.8825230980985486,0.8424769019014515
3.617,1.9048245611474033,1.7121754388525967
2.227,1.992328293691883,0.23467170630811696
2.065,1.8749299872903702,0.19007001270962975
2.519,1.7868650886723498,0.7321349113276503
2.0,2.0708310873738967,-0.07083108737389665
1.721,1.829424622802894,-0.108424622802894
1.813,1.8158941344273667,-0.0028941344273667458
2.227,1.3694426736072662,0.8575573263927336
1.188,1.994604185422037,-0.8066041854220372
2.121,2.1914590647463386,-0.07045906474633856
2.5,2.2701227206255896,0.22987727937441038
2.471,2.774835919733068,-0.3038359197330678
2.451,2.443045010755356,0.007954989244644217
2.22,2.283187816743908,-0.06318781674390772
2.26,2.64496216467819,-0.38496216467819
2.17,2.0470007030129995,0.1229992969870004
2.231,1.9939893918316869,0.237010608168313
2.355,2.2352860287665166,0.11971397123348337
2.313,2.288411147640045,0.024588852359955116
2.314,3.0581179567121826,-0.7441179567121825
2.199,1.8438151110645313,0.3551848889354685
2.312,2.4446084842170306,-0.13260848421703075
2.269,2.038429752090838,0.23057024790916225
2.299,1.8795612710184884,0.4194387289815116
2.091,2.3762807993286166,-0.2852807993286164
2.095,2.859265475343534,-0.7642654753435338
2.247,2.4238841956003925,-0.1768841956003926
2.304,2.077860031176989,0.22613996882301102
2.32,2.251398832948231,0.068601167051769
2.25,1.5134177853186264,0.7365822146813736
2.16,2.5253832308951565,-0.36538323089515634
2.291,2.369310456176203,-0.07831045617620314
2.269,2.3365482815881338,-0.06754828158813364
2.32,2.281880059986017,0.03811994001398267
2.325,2.4148645360907786,-0.08986453609077838
2.5,2.0138134089491246,0.48618659105087536
2.938,2.4678153074263167,0.47018469257368345
2.679,3.030774200037957,-0.3517742000379571
2.518,1.656212914940227,0.8617870850597729
2.478,2.304913140864697,0.17308685913530342
2.47,2.017093702946718,0.452906297053282
2.495,2.758482101906399,-0.2634821019063991
2.545,2.258476858553027,0.2865231414469731
2.445,2.2827809570594093,0.16221904294059053
2.479,2.1742867832742165,0.30471321672578355
0.175,1.8814805007053048,-1.7064805007053048
3.318,2.535693066917936,0.7823069330820642
4.974,2.2409329884533435,2.7330670115466567
4.5,2.230071465059051,2.269928534940949
2.469,2.1938435252888633,0.2751564747111366
2.588,2.37442318451177,0.21357681548823004
3.493,2.1435548398843713,1.3494451601156285
3.667,3.235511782879603,0.43148821712039664
2.793,1.7923267486198715,1.0006732513801286
2.346,2.1164676614956512,0.22953233850434884
2.783,2.4787396729672833,0.30426032703271666
2.05,1.888275544390185,0.16172445560981474
3.15,2.267303168102546,0.8826968318974537
2.183,1.8581669390668016,0.3248330609331982
2.194,1.6457140374807517,0.5482859625192482
1.46,2.2374755957816617,-0.7774755957816617
1.618,2.1313365647017415,-0.5133365647017414
1.535,1.9725058922510446,-0.43750589225104464
1.603,2.0467344195687733,-0.44373441956877335
1.646,1.2253065027867964,0.4206934972132035
1.938,2.452476224535081,-0.5144762245350811
1.555,1.7703655375941993,-0.2153655375941994
1.546,2.2178765136764014,-0.6718765136764013
1.67,2.0867326530317394,-0.41673265303173945
1.542,1.6730814282376332,-0.13108142823763314
1.229,1.5663757321202045,-0.33737573212020444
1.601,1.9275929541470684,-0.32659295414706846
1.542,1.654712406870118,-0.11271240687011796
1.388,1.3998312379970794,-0.011831237997079525
1.625,2.2166989280173386,-0.5916989280173386
1.441,1.504534095068545,-0.06353409506854502
1.517,2.1664046848410665,-0.6494046848410666
1.371,1.7642248966434873,-0.39322489664348725
1.498,1.794460121339958,-0.296460121339958
3.491,3.22595551566447,0.26504448433552996
2.938,2.5630634512428765,0.3749365487571237
2.605,2.496178783188503,0.10882121681149703
3.587,2.9951075665988727,0.5918924334011275
2.487,2.3496952634464323,0.13730473655356779
2.117,2.1663901808682793,-0.04939018086827929
1.746,1.7527748901907239,-0.006774890190723859
1.617,2.707845333328179,-1.0908453333281791
2.245,2.1326889683843753,0.11231103161562483
2.156,2.0540599377730286,0.1019400622269715
3.499,2.8170861215193552,0.6819138784806449
4.515,3.354452298276673,1.1605477017233268
3.097,2.7261923341174708,0.3708076658825292
1.98,2.2189578019979006,-0.23895780199790062
4.514,3.5003176682969763,1.013682331703024
1.568,1.9176628356278798,-0.3496628356278797
2.128,1.7415250427544198,0.38647495724558034
1.842,1.9704720503636919,-0.1284720503636918
1.555,1.8226657619502593,-0.2676657619502594
1.667,1.4251374641060721,0.24186253589392792
2.221,1.6312040237365084,0.5897959762634917
3.555,3.2499191796717244,0.30508082032827577
1.867,2.014932595703606,-0.14793259570360595
1.855,2.0286298569523034,-0.17362985695230337
2.972,2.781886577943905,0.19011342205609516
2.75,2.2976938566769016,0.4523061433230984
2.834,2.8445373728395342,-0.010537372839534154
2.695,2.5462220273306104,0.1487779726693894
2.353,1.758780662250769,0.5942193377492313
2.092,1.6413679628361209,0.45063203716387923
2.33,2.0289946911461825,0.3010053088538176
1.921,1.690150954880499,0.2308490451195011
2.455,2.258155172789021,0.1968448272109793
2.095,1.5454816156949684,0.5495183843050317
1.708,1.8174506945509985,-0.10945069455099854
1.945,1.8390860412981158,0.10591395870188425
1.943,1.7352241415918175,0.20777585840818258
2.094,2.4180030667279215,-0.3240030667279217
2.289,2.1996006728630295,0.08939932713697063
2.03,2.306860843904884,-0.2768608439048843
1.917,2.206836337907301,-0.2898363379073008
1.876,2.1225428781486912,-0.24654287814869136
2.23,2.142522978889913,0.08747702111008682
3.489,3.2098166667138694,0.27918333328613043
1.926,2.173689922680179,-0.24768992268017898
1.504,1.837133980392763,-0.3331339803927631
1.446,1.8729671877328367,-0.4269671877328367
2.311,1.8553948736020813,0.4556051263979186
2.022,1.396359368311768,0.6256406316882317
1.772,1.8787206312119444,-0.10672063121194442
1.905,1.7670501492281059,0.13794985077189414
2.757,1.8346613646791867,0.9223386353208134
2.3,1.9830316570858582,0.31696834291414167
1.805,1.8705011646427305,-0.06550116464273059
1.672,1.7149221659651848,-0.04292216596518483
1.809,1.8814122391632102,-0.07241223916321027
2.123,1.5001829891083192,0.6228170108916811
2.147,2.418648503367561,-0.2716485033675613
2.407,2.011592893168195,0.39540710683180524
1.36,1.4398178417852856,-0.0798178417852855
1.219,1.6671996284977417,-0.44819962849774164
1.568,1.7217932023697686,-0.15379320236976857
2.395,2.475537185641489,-0.08053718564148893
2.618,2.6426793621538325,-0.024679362153832596
1.25,1.3666238052345698,-0.11662380523456983
2.125,1.3510911540213175,0.7739088459786825
2.912,1.7202501615560752,1.1917498384439247
1.818,1.503365227669569,0.314634772330431
2.897,2.7304234103885845,0.1665765896114153
2.26,2.7145537114430605,-0.45455371144306067
1.587,2.037902245431135,-0.4509022454311349
1.542,1.9885261805760126,-0.44652618057601257
1.518,1.7741095193379666,-0.25610951933796655
1.525,1.8719753009481939,-0.34697530094819395
1.121,1.3253270451882548,-0.20432704518825484
1.178,1.796003169645707,-0.6180031696457071
1.152,1.5135179499755387,-0.36151794997553877
1.364,1.7048665777629306,-0.3408665777629305
1.351,1.8114442367739172,-0.4604442367739172
1.391,1.9771018353007261,-0.5861018353007261
1.469,2.070057858062766,-0.6010578580627659
1.392,1.6367531326108447,-0.24475313261084475
2.148,2.6997602046822196,-0.5517602046822194
1.24,1.6140592088695558,-0.3740592088695558
1.136,1.6337968685880693,-0.4977968685880694
1.273,1.6601862125638036,-0.3871862125638037
1.098,1.5781838207455268,-0.4801838207455267
1.272,1.7206683885090133,-0.44866838850901325
1.036,1.286841342521535,-0.250841342521535
0.926,1.3328092976663277,-0.4068092976663277
1.08,1.2650591593547964,-0.18505915935479633
1.135,1.9067572131320358,-0.7717572131320358
1.148,1.3497545435768306,-0.20175454357683065
1.163,1.9195613007306094,-0.7565613007306093
1.161,1.946130654874493,-0.785130654874493
1.287,1.4559345805523018,-0.16893458055230193
1.313,2.0694128955039175,-0.7564128955039175
1.259,2.0209991435168213,-0.7619991435168214
1.085,1.838958381663087,-0.753958381663087
1.173,1.6600233561090652,-0.4870233561090651
0.919,1.4218431486526129,-0.5028431486526128
0.98,1.300613059904256,-0.32061305990425604
0.933,1.165497008973839,-0.23249700897383896
1.162,1.4747350747168129,-0.31273507471681294
1.343,1.7415824195494753,-0.3985824195494754
1.357,1.7379379842035014,-0.38093798420350145
1.292,1.7975643907290322,-0.5055643907290321
1.401,2.2019989735150327,-0.8009989735150327
1.61,2.6317567410807063,-1.0217567410807062
1.462,1.2255208268442859,0.2364791731557141
1.288,1.6147013068768423,-0.3267013068768423
1.342,1.8235147852062688,-0.48151478520626867
1.308,1.91080715538861,-0.6028071553886098
1.35,2.006115777961842,-0.6561157779618418
1.132,1.3253263706986558,-0.19332637069865588
1.178,1.836226327696174,-0.6582263276961742
0.988,1.1300025290280304,-0.14200252902803046
1.226,1.4094133260266237,-0.18341332602662375
1.194,1.3588597944621514,-0.1648597944621515
1.181,1.6779199848195643,-0.49691998481956423
1.133,1.3002657104533681,-0.16726571045336813
0.943,1.5331482781183707,-0.5901482781183708
1.107,1.3321321280906577,-0.22513212809065775
1.109,1.3063562628707048,-0.19735626287070485
1.106,1.3561631488144132,-0.25016314881441315
1.297,1.6048161372312761,-0.3078161372312762
1.181,1.671196231499719,-0.490196231499719
1.164,1.9200867028626991,-0.7560867028626992
1.296,1.5378060499121493,-0.24180604991214927
1.233,1.7895499059011342,-0.5565499059011341
1.136,1.5820350701857826,-0.4460350701857827
1.158,1.5089168578148935,-0.35091685781489357
1.13,1.812261766080533,-0.682261766080533
2.279,2.550384280198556,-0.2713842801985562
3.107,2.7492886885590258,0.35771131144097446
2.476,2.7847177402341887,-0.30871774023418874
2.539,2.5229934136999463,0.016006586300053804
2.129,2.2685513229260015,-0.13955132292600148
2.306,2.373259298794365,-0.06725929879436476
2.821,2.216642814945931,0.6043571850540692
3.156,2.652134715270846,0.5038652847291543
2.538,3.081921607894623,-0.5439216078946232
2.67,2.7230501621201593,-0.05305016212015934
2.212,2.7842393392359552,-0.572239339235955
3.683,2.956059495564305,0.7269405044356949
3.397,2.751653865221614,0.6453461347783858
2.621,2.6184189290594095,0.0025810709405904575
2.644,2.315892996132256,0.32810700386774405
2.715,2.861045805736759,-0.14604580573675907
4.025,2.9200261287094755,1.1049738712905248
4.627,3.3808320812441646,1.2461679187558352
3.862,3.553938551764582,0.30806144823541803
5.00001,4.8771173296819175,0.12289267031808215
3.809,3.33929362389943,0.4697063761005702
2.672,2.625021559983963,0.046978440016037126
2.587,1.8460448793393716,0.7409551206606286
1.899,2.1167497317345267,-0.21774973173452672
2.182,2.5221871935294766,-0.3401871935294767
2.639,2.739709154499491,-0.10070915449949114
2.391,2.7902485299054844,-0.39924852990548443
1.917,1.9446306320020939,-0.027630632002093813
1.896,1.9455894444508597,-0.049589444450859776
2.166,2.1270660672930752,0.03893393270692469
1.883,2.710137510329837,-0.8271375103298371
2.2,2.4612789176728156,-0.2612789176728154
2.069,1.784277384584433,0.28472261541556687
1.86,1.8987906842657782,-0.03879068426577814
1.806,1.769570891468376,0.036429108531623955
1.969,2.38228635453988,-0.4132863545398797
1.733,1.8687871971737584,-0.1357871971737583
1.807,1.8413665421868906,-0.034366542186890614
1.806,1.6698815528266646,0.13611844717333543
1.838,2.083117588217534,-0.24511758821753382
1.585,2.521328223262191,-0.936328223262191
1.78,2.030915776141208,-0.25091577614120797
1.745,2.0450486050680645,-0.3000486050680644
1.996,2.258834937039737,-0.26283493703973715
1.922,2.156638604947248,-0.23463860494724798
1.827,2.0717173632145984,-0.24471736321459847
1.688,2.3616446493089103,-0.6736446493089103
1.653,2.0342540325605367,-0.3812540325605367
1.513,2.2679195902031957,-0.7549195902031958
1.57,1.6550735196167685,-0.08507351961676846
1.419,2.034876742793418,-0.615876742793418
1.413,2.1073213454711652,-0.6943213454711652
1.402,1.9266016760582125,-0.5246016760582126
1.401,2.186526117323761,-0.7855261173237611
1.556,1.6011270167774154,-0.045127016777415374
1.643,2.0746675022110534,-0.43166750221105343
1.474,2.0831279569535925,-0.6091279569535926
1.176,1.5755586659782528,-0.39955866597825285
1.361,1.5516808911312265,-0.19068089113122655
1.398,0.8636509151840555,0.5343490848159445
1.33,1.802301155068958,-0.472301155068958
1.241,1.6436699976266567,-0.40266999762665656
1.382,2.1425421520464365,-0.7605421520464366
1.514,1.7819523667583366,-0.26795236675833656
1.385,1.3290070030034846,0.05599299699651539
1.326,1.7270070580527899,-0.4010070580527898
1.455,2.077724722133614,-0.6227247221336141
1.495,2.21000081329206,-0.7150008132920598
1.444,1.6638034643167878,-0.21980346431678788
1.344,1.942153589635761,-0.5981535896357608
1.426,1.3283970268697467,0.09760297313025323
1.53,1.769851660680072,-0.23985166068007202
1.262,1.7592796527803722,-0.4972796527803722
1.534,1.8071267622506808,-0.2731267622506808
1.375,1.6136351988694182,-0.2386351988694182
1.41,1.7571896493771433,-0.34718964937714336
1.472,1.9605455727219252,-0.4885455727219252
1.394,1.6346210594830595,-0.24062105948305956
1.525,1.6783304111104624,-0.15333041111046253
1.458,1.589034369657543,-0.13103436965754311
1.385,1.522418727231174,-0.137418727231174
1.459,1.5059078582621184,-0.046907858262118296
1.348,1.6570416705536504,-0.3090416705536503
1.424,1.5638855546502524,-0.13988555465025243
1.641,1.8103808913153214,-0.1693808913153214
1.584,2.100607409615418,-0.5166074096154181
1.571,1.7412098040802988,-0.17020980408029884
1.625,1.6051463939284283,0.019853606071571717
1.522,1.791731108401165,-0.2697311084011649
1.597,1.9178351420679007,-0.32083514206790076
1.613,1.8678374013880608,-0.25483740138806077
1.605,2.1252269139761446,-0.5202269139761446
1.408,1.7167403011575149,-0.30874030115751494
1.416,1.8604770149627967,-0.4444770149627968
1.439,1.6438259724623467,-0.20482597246234668
1.601,2.0236160943631694,-0.4226160943631694
1.608,1.8979869694718952,-0.28998696947189506
1.31,1.6414957227514027,-0.3314957227514026
1.418,1.80674275684918,-0.38874275684918014
1.434,1.8820476788038034,-0.4480476788038035
1.665,1.5381071420532462,0.12689285794675387
1.541,1.7542586114229306,-0.21325861142293068
1.406,1.590397193184913,-0.1843971931849131
1.518,1.6030930262726042,-0.08509302627260418
1.599,1.751047634151657,-0.152047634151657
1.731,2.023290075020207,-0.2922900750202071
1.767,1.273943154612585,0.4930568453874149
1.954,2.2620264329096833,-0.30802643290968335
2.012,2.2604288236660155,-0.24842882366601549
1.877,2.414888327700944,-0.5378883277009441
1.89,1.7649929159658722,0.12500708403412775
1.765,2.2007279456248274,-0.43572794562482753
1.639,2.08149211961364,-0.44249211961363977
1.613,2.1817838423318916,-0.5687838423318916
1.655,2.0716400078865926,-0.4166400078865926
1.542,2.2965376466930914,-0.7545376466930913
1.919,1.9933073736597897,-0.07430737365978968
1.852,2.1446280716632606,-0.29262807166326055
1.888,1.9028292607306185,-0.014829260730618632
1.871,2.282153781016094,-0.4111537810160941
2.06,2.055360688726192,0.004639311273808122
1.97,2.2303648829309632,-0.26036488293096327
1.858,2.1042902024207675,-0.24629020242076738
2.171,1.9238497516591826,0.24715024834081722
1.869,1.8745548059527293,-0.00555480595272928
1.896,2.1529952228469784,-0.2569952228469785
2.07,1.8317083176698818,0.238291682330118
1.994,2.7342959901388673,-0.7402959901388673
1.811,1.6999127326449956,0.1110872673550043
1.854,1.6412951794581656,0.21270482054183448
1.657,2.467285458482397,-0.8102854584823969
1.505,2.257763896788329,-0.7527638967883292
1.66,1.974371848690244,-0.31437184869024404
1.667,2.11767115578109,-0.45067115578108985
1.607,2.108276834178284,-0.5012768341782838
1.804,1.603055466707679,0.20094453329232098
1.759,1.9153119899285924,-0.15631198992859252
1.686,1.6914843644136741,-0.00548436441367417
1.766,2.2526858706955077,-0.4866858706955077
2.208,2.061197782906852,0.146802217093148
2.012,2.513793191071421,-0.5017931910714211
1.813,1.639904841548958,0.17309515845104184
1.889,1.550018354006022,0.33898164599397806
1.767,1.9173638973192588,-0.15036389731925892
1.918,2.262918051568356,-0.34491805156835587
1.878,1.625406935856302,0.252593064143698
2.156,1.8623406284052328,0.2936593715947673
2.074,1.7278405781913773,0.3461594218086226
2.003,1.9894935702306857,0.013506429769314376
2.044,1.8399006859098073,0.20409931409019277
4.285,4.380193513770015,-0.09519351377001506
4.912,2.716659480498561,2.195340519501439
2.872,3.4540417143179756,-0.5820417143179757
2.747,2.6289580070531766,0.11804199294682327
2.662,2.6569313714599168,0.005068628540083164
1.886,2.034321940661813,-0.14832194066181326
1.72,1.6253598179453232,0.09464018205467672
2.188,2.209079936112294,-0.02107993611229375
2.683,2.551812607359088,0.13118739264091195
2.494,2.7977891412237046,-0.3037891412237044
1.89,2.5775357594206563,-0.6875357594206564
2.042,2.308165318595794,-0.2661653185957942
1.976,1.9624499372076718,0.013550062792328177
1.917,2.4472216392270023,-0.5302216392270023
1.955,1.786851086850001,0.16814891314999914
2.183,2.4071561623147533,-0.22415616231475344
2.111,2.4681154182918625,-0.35711541829186233
2.249,2.5036646422121613,-0.25466464221216123
2.021,2.69938639217879,-0.67838639217879
1.875,2.0295644941912547,-0.15456449419125473
2.051,2.094922133755179,-0.04392213375517873
1.907,2.2417028524276126,-0.33470285242761255
1.825,4.284695832457702,-2.459695832457702
2.028,1.8351674583177369,0.19283254168226316
2.048,2.8039026909003937,-0.7559026909003936
2.102,2.0945613480932987,0.007438651906701121
1.939,2.008331569203235,-0.0693315692032348
2.073,2.634615507846499,-0.5616155078464988
1.708,1.8147804889724521,-0.10678048897245218
1.952,1.7620208804683606,0.18997911953163937
1.848,2.328590905087538,-0.4805909050875379
1.917,2.3653575838323033,-0.4483575838323033
1.832,2.2078918189475187,-0.37589181894751866
1.673,1.3190319607843985,0.3539680392156015
1.627,1.918873155708868,-0.29187315570886807
1.668,2.11774664201522,-0.4497466420152201
1.603,2.2531087342159344,-0.6501087342159344
1.555,1.7896239851966491,-0.23462398519664918
1.607,2.058847395505784,-0.45184739550578423
1.569,1.9700117778306208,-0.4010117778306208
1.511,1.982857975833221,-0.4718579758332211
1.576,1.6477536460087863,-0.0717536460087862
1.58,1.6938441341791701,-0.11384413417917005
1.614,1.8012133344507752,-0.18721333445077515
1.557,1.7213521809585908,-0.16435218095859083
1.598,2.187526541779719,-0.5895265417797189
1.546,1.9398524897538016,-0.3938524897538016
1.633,2.1441894667128873,-0.5111894667128873
1.573,1.548760292400944,0.024239707599055915
1.504,1.8666431974414273,-0.36264319744142726
1.526,2.1469272774445725,-0.6209272774445724
1.558,2.0689226981083473,-0.5109226981083472
1.457,1.569409416482618,-0.11240941648261793
1.631,2.433593630612723,-0.802593630612723
1.586,1.692796607378127,-0.10679660737812702
1.565,2.331357594228228,-0.7663575942282281
1.539,2.449965685995231,-0.9109656859952311
1.483,1.7288634694447866,-0.24586346944478654
1.581,2.420283857163627,-0.8392838571636272
1.469,2.1166363871258045,-0.6476363871258044
1.819,1.9730064166662837,-0.15400641666628379
1.635,1.9777228016046076,-0.34272280160460755
1.602,2.0600025315758446,-0.4580025315758445
1.63,2.044771576528775,-0.41477157652877494
1.612,1.8279549141614548,-0.21595491416145474
1.545,1.9422106778004071,-0.3972106778004072
1.589,2.09910749002234,-0.5101074900223401
1.508,1.5486740400576289,-0.04067404005762887
1.49,2.0452874983159024,-0.5552874983159024
1.518,2.1015812843479003,-0.5835812843479002
1.579,1.887104055164496,-0.308104055164496
1.576,1.344887531310532,0.2311124686894681
1.538,2.2287780327203923,-0.6907780327203923
1.629,1.967749265123455,-0.33874926512345493
1.356,2.0273130666673906,-0.6713130666673905
1.441,2.188474983701029,-0.7474749837010288
1.573,2.0946919382706737,-0.5216919382706737
1.624,2.096576869361556,-0.47257686936155574
1.595,2.1096322924308004,-0.5146322924308004
1.631,2.018802821827003,-0.3878028218270029
1.645,2.423337577198959,-0.7783375771989589
1.81,2.36045704237007,-0.5504570423700699
1.781,2.4007389545056146,-0.6197389545056147
2.783,2.0970072623661924,0.6859927376338075
3.304,3.3240491304959776,-0.020049130495977785
1.688,2.198223022440348,-0.5102230224403479
1.619,2.369094822721383,-0.7500948227213831
1.782,2.251568841745187,-0.4695688417451871
1.921,1.817743382851741,0.10325661714825896
1.541,1.8629650769383839,-0.32196507693838394
1.311,2.0174013200488394,-0.7064013200488395
1.414,2.0213013324706353,-0.6073013324706353
1.993,1.7253377189587522,0.2676622810412479
2.262,2.2984693613596394,-0.03646936135963941
1.362,1.916846120510194,-0.554846120510194
1.272,1.8651278183130355,-0.5931278183130355
1.906,2.0208129614863153,-0.11481296148631537
1.333,1.8183624337160582,-0.48536243371605825
1.911,1.430437521326902,0.480562478673098
1.719,1.775469314959368,-0.05646931495936802
1.363,2.1514041191650457,-0.7884041191650457
1.875,2.050907053525376,-0.17590705352537617
2.113,1.9927760090774274,0.12022399092257263
2.097,2.331565617694778,-0.2345656176947779
1.38,2.2005354388994194,-0.8205354388994195
1.683,1.7747861259596427,-0.09178612595964264
2.154,2.4780261963893686,-0.3240261963893687
2.261,2.4987988584183265,-0.23779885841832638
1.839,1.8266618847641358,0.012338115235864144
1.932,2.281375836922827,-0.34937583692282725
2.621,2.6840320212662645,-0.0630320212662645
3.825,2.998727467458793,0.826272532541207
3.024,2.4647873188285376,0.5592126811714624
1.529,2.0147561128774734,-0.48575611287747344
1.655,1.9865967554756203,-0.3315967554756203
1.79,1.989670961850498,-0.19967096185049793
2.899,2.32193602740076,0.5770639725992401
3.249,2.7368492662952066,0.5121507337047935
3.343,3.177343788302771,0.16565621169722888
3.335,2.898587052912943,0.436412947087057
3.604,3.0482600068680674,0.5557399931319327
1.763,2.1912536819387087,-0.42825368193870883
1.867,2.225023198992783,-0.3580231989927829
1.838,2.356108121888396,-0.5181081218883961
3.625,2.7588441931764485,0.8661558068235515
3.304,2.5518555166728856,0.7521444833271143
2.84,2.312172354504286,0.527827645495714
2.699,2.325583245829523,0.3734167541704769
3.25,3.078608576947305,0.17139142305269495
3.322,3.0010275737101004,0.32097242628989964
2.976,2.475600857250886,0.5003991427491141
3.111,2.8115201857573506,0.2994798142426496
3.003,2.7158241508798926,0.2871758491201075
3.022,2.6275298711448305,0.3944701288551693
2.652,2.4673357429308025,0.18466425706919765
1.845,1.2955179132014645,0.5494820867985355
1.867,1.7291914940512563,0.13780850594874372
2.132,2.5458197599064722,-0.41381975990647213
1.058,1.493721924158152,-0.43572192415815203
1.125,0.5174587309417649,0.6075412690582351
1.375,1.01804884788265,0.35695115211735007
1.075,1.0970023630171002,-0.022002363017100235
0.946,1.3439733285191497,-0.3979733285191498
1.125,1.45600012360484,-0.3310001236048401
0.675,1.232280024584167,-0.5572800245841669
2.201,2.1772751571054947,0.023724842894505382
2.738,2.730371143845772,0.007628856154227925
2.194,2.6114908947505793,-0.4174908947505793
1.845,2.0763225412994366,-0.23132254129943663
1.375,1.7542428368427905,-0.3792428368427905
1.517,1.48600296281322,0.03099703718677982
1.639,1.989587660390999,-0.350587660390999
1.796,1.9099282124474306,-0.11392821244743057
1.503,1.4654152034101222,0.03758479658987768
1.36,1.8383619332025174,-0.4783619332025173
1.517,1.8811291062217315,-0.36412910622173156
1.48,1.6979378406360994,-0.21793784063609944
1.445,1.933855731718635,-0.48885573171863483
1.429,2.1721172568895337,-0.7431172568895337
1.305,1.956870497767787,-0.6518704977677872
5.00001,3.1342684216928145,1.8657415783071851
2.95,2.427580525371099,0.5224194746289013
3.118,2.9316960734448987,0.1863039265551012
3.185,2.741185338347851,0.4438146616521492
3.65,3.026139286678279,0.6238607133217209
2.62,2.200806390121287,0.41919360987871324
2.706,2.521513380318083,0.18448661968191704
2.568,2.348356178872472,0.21964382112752823
2.655,2.281370924089798,0.3736290759102019
2.808,2.0971309538129104,0.7108690461870895
5.00001,4.244986492792641,0.7550235072073583
5.00001,3.112839736691951,1.8871702633080485
4.868,2.1774082402404136,2.6905917597595868
3.074,2.0095795632456825,1.0644204367543173
4.104,3.3724736246581783,0.7315263753418217
3.889,2.6212148441353254,1.2677851558646744
2.657,2.34634777664231,0.3106522233576898
4.554,2.604756289311471,1.9492437106885294
3.507,2.8619211782063045,0.6450788217936956
3.768,2.34969339707199,1.4183066029280096
2.786,2.051154875514887,0.7348451244851129
2.865,2.117078632996574,0.7479213670034262
3.625,2.4366743203006065,1.1883256796993935
3.3,2.16373596029778,1.13626403970222
4.847,3.361567306976617,1.4854326930233834
5.00001,4.419166755276915,0.5808432447230842
5.00001,3.632996539664251,1.3670134603357487
5.00001,6.5588156623195415,-1.5588056623195419
5.00001,4.116275856888439,0.8837341431115604
3.915,2.0805392283494157,1.8344607716505843
4.373,3.368368726415453,1.0046312735845473
5.00001,3.9352496851071965,1.064760314892803
3.522,2.4520617664178235,1.0699382335821763
2.762,2.2841877967226862,0.4778122032773138
3.772,1.8638349090451685,1.9081650909548313
5.00001,6.581324168603608,-1.5813141686036083
2.183,1.9863864720371625,0.19661352796283738
2.273,1.8519417183586098,0.42105828164139036
2.528,1.666984196877329,0.8610158031226711
2.736,2.1299624278554785,0.6060375721445217
2.426,1.8208936357137548,0.6051063642862453
3.659,2.325365608705244,1.3336343912947557
4.309,2.510504025560116,1.7984959744398843
4.29,3.6227305444219136,0.6672694555780865
4.457,2.3935620064966825,2.0634379935033174
3.66,2.95707252938234,0.7029274706176603
4.148,2.018965124555774,2.129034875444226
3.951,2.674410056202948,1.276589943797052
4.085,3.162331596679883,0.9226684033201171
4.374,3.1301962547779087,1.243803745222091
1.617,1.598999050210304,0.01800094978969602
1.873,1.8483299469593848,0.024670053040615203
2.228,1.9735620572166626,0.25443794278333765
1.856,1.9130822721629737,-0.05708227216297357
1.783,1.6553855707301068,0.12761442926989308
1.841,1.851600647366928,-0.010600647366928007
2.352,1.8857826856506936,0.46621731434930624
1.53,1.561451625335773,-0.03145162533577306
1.67,1.7058795085529472,-0.0358795085529473
1.781,1.0119876084177521,0.7690123915822478
1.669,1.921909137698545,-0.25290913769854506
1.581,1.9810372186793637,-0.4000372186793637
1.294,1.7678807293020822,-0.47388072930208214
1.301,1.864718050773205,-0.5637180507732051
1.392,1.5244636398098028,-0.1324636398098029
1.75,2.2007072673024384,-0.4507072673024384
1.738,2.4560232327233074,-0.7180232327233074
2.123,2.1844228363653184,-0.0614228363653182
2.148,2.369005115743154,-0.22100511574315407
2.784,1.9868511433338059,0.797148856666194
2.122,1.6367152867450747,0.48528471325492517
2.116,1.9794954261404385,0.1365045738595616
2.122,2.1982039621187504,-0.07620396211875047
2.337,2.4352714254947134,-0.09827142549471324
2.26,1.1970199623190063,1.0629800376809935
2.19,2.4163762344869255,-0.22637623448692556
2.336,2.306445063274572,0.02955493672542797
2.017,1.6676039974294663,0.3493960025705336
2.239,2.095740278678976,0.14325972132102383
2.331,1.7439826522092292,0.5870173477907707
4.169,2.9305256836937166,1.238474316306283
4.471,2.515521523320757,1.955478476679243
5.00001,3.3197281066983138,1.6802818933016859
4.265,2.6249660317720043,1.6400339682279954
4.302,2.919690078498463,1.3823099215015366
4.452,2.5347360917969777,1.9172639082030223
5.00001,3.1582141415236444,1.8417958584763552
5.00001,2.6355913192921783,2.3644186807078214
4.767,1.7657050348685555,3.0012949651314447
2.481,1.971375611664954,0.509624388335046
2.715,2.356008892715628,0.35899110728437167
2.754,2.1729316591718764,0.5810683408281236
2.724,2.0091257682772845,0.7148742317227157
2.395,1.7131258111362029,0.6818741888637971
2.487,1.8379610321573043,0.6490389678426958
2.738,2.4710651158997465,0.26693488410025346
2.726,2.514894437437147,0.21110556256285307
2.571,2.124486360297667,0.44651363970233326
2.836,2.390937390180006,0.4450626098199937
2.567,2.04195223150254,0.5250477684974602
2.601,1.999021592593277,0.6019784074067229
2.353,2.235917365889855,0.11708263411014519
2.489,2.3454434266258177,0.14355657337418215
2.522,2.2115926283204237,0.3104073716795761
2.743,2.2158938349976705,0.5271061650023294
2.625,2.1969028469934337,0.42809715300656626
2.659,2.464543425398743,0.19445657460125698
2.581,1.8229051903100868,0.7580948096899132
2.516,2.332401559308211,0.1835984406917892
1.981,1.6134896896740216,0.3675103103259785
2.024,2.251023601582451,-0.22702360158245094
2.088,1.755843551664079,0.3321564483359212
2.072,2.176454850196049,-0.10445485019604872
2.068,2.059984753247547,0.00801524675245302
1.83,2.048764853924765,-0.21876485392476486
1.733,2.2352380389975663,-0.5022380389975662
1.86,1.7181722434942541,0.14182775650574597
1.464,1.9154885409816538,-0.4514885409816538
1.918,1.9337708672900162,-0.01577086729001631
1.752,2.045538544561613,-0.2935385445616132
1.7,1.5818214994398498,0.11817850056015011
1.809,1.7306801611522415,0.0783198388477584
1.696,1.6011960891713681,0.09480391082863182
1.763,1.8758173939753802,-0.11281739397538026
1.792,1.9694276979227536,-0.1774276979227536
1.814,2.028324312073113,-0.2143243120731131
1.663,1.885939140329097,-0.222939140329097
1.953,2.0883128753229645,-0.13531287532296443
1.663,2.0161161214708807,-0.3531161214708807
1.759,1.5470642529953584,0.21193574700464146
1.736,2.2454354126069314,-0.5094354126069314
1.817,1.8001485039686227,0.016851496031377255
1.851,2.3022693030003145,-0.45126930300031454
1.642,1.512000916271293,0.12999908372870683
1.592,1.9122723644165593,-0.32027236441655926
1.628,1.8554231725246182,-0.2274231725246183
1.313,1.7551604905672658,-0.4421604905672658
1.388,1.3970376384909375,-0.009037638490937638
1.435,1.6876499129564757,-0.25264991295647565
1.592,1.5906481135173605,0.0013518864826396193
1.805,1.6709693708846307,0.13403062911536923
1.891,1.9546845896364609,-0.06368458963646084
2.015,1.914680369465092,0.10031963053490811
2.119,1.9239506904786094,0.19504930952139077
2.071,1.7650180048435047,0.3059819951564955
2.146,1.6974284185794075,0.4485715814205924
1.831,1.8866594342222687,-0.05565943422226871
1.844,1.5726703004832845,0.2713296995167156
1.52,1.9097051599016264,-0.38970515990162635
1.621,1.5477782715629689,0.07322172843703112
1.74,2.1872272681996967,-0.4472272681996967
1.731,1.5857944828777104,0.14520551712228968
1.826,1.6568810951106574,0.16911890488934267
1.554,1.6289230041387102,-0.07492300413871011
1.668,1.3840852435376205,0.2839147564623794
1.563,1.473775081593118,0.08922491840688185
1.706,1.5883766390431258,0.1176233609568742
1.352,1.4588015987851406,-0.1068015987851405
1.578,1.6274805590014603,-0.0494805590014602
1.534,1.507267023278167,0.026732976721832946
1.542,1.9305429562527054,-0.3885429562527054
1.761,1.8499655310968672,-0.08896553109686733
1.745,1.4959018404751028,0.24909815952489733
1.625,1.6365089646238373,-0.011508964623837326
1.42,1.7949503820366322,-0.3749503820366322
1.739,1.6462801379322332,0.09271986206776694
1.659,1.4333539177127606,0.22564608228723948
1.993,1.9465141898133165,0.04648581018668363
2.055,1.9190270957188893,0.13597290428111086
1.686,1.662297069516896,0.023702930483104012
1.568,1.5990859707170775,-0.031085970717077416
1.622,2.0233288065355364,-0.40132880653553626
1.603,1.6199933515611382,-0.016993351561138237
1.514,1.5860279017607184,-0.07202790176071838
1.375,1.787283797696395,-0.4122837976963949
1.606,1.7637102182832693,-0.15771021828326925
1.651,1.9156365176951002,-0.2646365176951002
1.612,2.265557722467709,-0.6535577224677089
1.75,1.6386608775366525,0.11133912246334754
1.738,1.5691356066874977,0.16886439331250225
1.563,1.7185784250932352,-0.15557842509323527
1.575,1.6947958272989814,-0.11979582729898142
1.423,2.0710537838030643,-0.6480537838030642
1.617,1.4919240419811346,0.1250759580188654
1.67,1.4873828521179928,0.1826171478820071
1.658,1.8576923677948116,-0.1996923677948117
1.581,1.6802177536556728,-0.09921775365567287
5.00001,4.574055091724119,0.42595490827588023
4.548,3.6114223469077102,0.9365776530922898
3.261,2.6964189866842854,0.5645810133157148
3.26,2.8012125599004323,0.4587874400995675
4.5,3.6001154239247293,0.8998845760752707
4.833,4.427356458683145,0.40564354131685487
4.441,4.084592872855039,0.35640712714496114
3.594,3.1872857323593378,0.4067142676406621
2.955,3.176087915909279,-0.2210879159092789
3.039,2.490768126373146,0.5482318736268543
2.741,2.981195859483079,-0.24019585948307887
2.34,2.8767200480301236,-0.5367200480301237
2.402,2.628472445287279,-0.22647244528727883
2.422,1.8344851601171144,0.5875148398828858
2.01,2.481939740355929,-0.47193974035592934
2.074,2.557215195709164,-0.48321519570916394
2.103,2.0286688224180796,0.07433117758192065
1.821,2.2923748227962735,-0.4713748227962735
1.842,2.3960592980709374,-0.5540592980709373
2.389,2.756441807752417,-0.3674418077524173
1.616,1.9223091850386245,-0.30630918503862437
1.607,2.058192389610156,-0.4511923896101562
1.779,2.30715904593465,-0.5281590459346499
1.76,2.13715948731721,-0.37715948731721016
2.417,2.8910710922878047,-0.47407109228780486
5.00001,4.452164013286833,0.5478459867131669
5.00001,3.8781272527483477,1.121882747251652
4.159,4.223173682269482,-0.06417368226948206
4.837,3.5230365010963935,1.3139634989036062
5.00001,3.1239995684624184,1.8760104315375812
5.00001,3.7406692757797098,1.2593407242202899
4.439,3.304820042416388,1.134179957583612
4.508,2.4258372519503846,2.0821627480496154
5.00001,3.925466055167179,1.0745439448328207
5.00001,4.193205751481992,0.8068042485180076
5.00001,3.3737411278178313,1.6262688721821683
4.318,2.9827674410119815,1.335232558988018
5.00001,3.0475437615812333,1.9524662384187663
5.00001,3.395010734210076,1.6049992657899237
5.00001,6.725779311394835,-1.7257693113948358
5.00001,6.653675909313829,-1.6536659093138297
5.00001,6.651342802508573,-1.6513328025085734
5.00001,4.231687440568514,0.7683225594314855
5.00001,4.390626243964274,0.6093837560357258
1.421,1.5455638615295055,-0.12456386152950549
1.275,1.4735319338719888,-0.19853193387198886
1.361,1.351734830563064,0.009265169436935894
1.357,1.7299751223182387,-0.3729751223182387
1.638,1.9519938908271715,-0.31399389082717155
2.188,1.6824077272873357,0.5055922727126645
1.549,1.9590019571534727,-0.41000195715347276
1.492,1.518496162613796,-0.02649616261379606
1.535,2.0894892407208543,-0.5544892407208544
1.667,2.305721423142903,-0.638721423142903
1.731,2.2351623504837117,-0.5041623504837116
2.34,2.2203342413725404,0.11966575862745943
2.265,2.004392649583398,0.2606073504166022
2.37,2.057065714318762,0.31293428568123804
1.631,1.5668401342915612,0.06415986570843879
3.009,2.962389710977529,0.04661028902247111
3.76,2.9179924201283294,0.8420075798716704
3.527,3.0595193984395834,0.4674806015604167
3.109,3.2721418651622662,-0.16314186516226625
2.796,2.502043340898206,0.2939566591017937
2.681,1.9951312914477097,0.6858687085522903
2.616,2.658853790224649,-0.04285379022464886
2.346,1.9001997838917113,0.4458002161082888
2.306,2.0912585236041368,0.21474147639586327
3.091,2.918171505785475,0.17282849421452529
2.25,1.5505076468616497,0.6994923531383503
3.154,2.1378008665914647,1.0161991334085352
2.615,2.1764013124606567,0.4385986875393435
1.75,2.2663803305559274,-0.5163803305559274
1.731,2.2903403803788667,-0.5593403803788666
1.668,1.807632572079598,-0.13963257207959812
1.544,2.046139505319807,-0.502139505319807
1.467,1.535151540053882,-0.06815154005388191
1.488,1.6464430518089999,-0.15844305180899987
1.813,0.8701043814211011,0.9428956185788988
1.466,1.5080481989356893,-0.04204819893568934
1.784,1.3217050623364308,0.4622949376635692
1.554,2.018962680505897,-0.46496268050589706
2.307,2.257192294210978,0.04980770578902183
2.618,3.0760472086810675,-0.45804720868106763
5.00001,3.073617736165931,1.9263922638340687
2.63,3.489501746324823,-0.8595017463248231
1.535,1.7848824333318505,-0.24988243333185056
1.875,1.5516839157188969,0.32331608428110314
5.00001,1.446660620322174,3.553349379677826
1.625,1.5105179903794106,0.11448200962058941
1.375,1.728569444226534,-0.353569444226534
1.58,1.5480728295262738,0.031927170473726285
1.423,1.4629144728584258,-0.039914472858425754
1.486,1.1653107911573533,0.32068920884264673
1.464,1.065259613078485,0.3987403869215149
2.0,2.026823249593596,-0.026823249593595833
1.563,1.7159548866317356,-0.15295488663173562
2.057,1.8363342278087775,0.2206657721912224
1.767,1.6118958451594918,0.1551041548405081
1.417,1.7539579909069765,-0.3369579909069764
5.00001,1.5822254452959148,3.4177845547040846
1.75,0.8777804209667526,0.8722195790332474
2.154,1.6281542453821827,0.5258457546178172
1.886,1.7105446508298465,0.17545534917015337
1.695,1.6223314184403614,0.07266858155963862
1.556,1.6220064504451588,-0.06600645044515874
1.688,1.4851805696907665,0.20281943030923344
1.714,1.7993584425426148,-0.08535844254261482
1.731,1.7837636489120072,-0.05276364891200713
1.25,1.6782979756656229,-0.4282979756656229
2.879,2.5852365222705602,0.2937634777294398
2.504,2.299093867894754,0.2049061321052461
2.279,2.178965117893687,0.10003488210631284
2.15,1.7959003692084896,0.3540996307915103
2.693,2.284509854461019,0.4084901455389809
2.837,2.2759329330328053,0.5610670669671949
3.005,1.9980627780822982,1.0069372219177017
2.226,1.9590703897964628,0.2669296102035372
3.256,2.7330928695510535,0.5229071304489463
3.203,2.3338342983908147,0.8691657016091852
2.399,2.0764223599969265,0.32257764000307354
1.961,1.7696846214730384,0.19131537852696168
1.841,2.038868116912896,-0.19786811691289619
1.982,2.062649019674465,-0.08064901967446514
2.419,2.763458441806046,-0.3444584418060459
3.302,2.7736039795487715,0.5283960204512286
1.99,1.7871169012453998,0.2028830987546002
1.775,1.5472922585086026,0.22770774149139728
2.424,2.425411204541564,-0.0014112045415641816
2.375,1.7188901878978038,0.6561098121021962
2.05,2.188691322217702,-0.13869132221770197
2.601,2.3660810723597394,0.23491892764026057
3.211,2.574742161438552,0.6362578385614479
3.975,3.0700413594493323,0.9049586405506678
3.694,2.1700068818995084,1.5239931181004915
2.092,2.023976596796362,0.0680234032036382
2.604,1.9876493770253583,0.6163506229746418
5.00001,0.825114045071005,4.174895954928995
2.187,1.9071174047281192,0.27988259527188064
4.708,3.0489891672218357,1.6590108327781645
5.00001,3.8384279992455816,1.161582000754418
5.00001,3.4622564029123826,1.537753597087617
2.811,2.230318551556426,0.580681448443574
3.738,2.7200255782172538,1.0179744217827462
2.109,1.878770256765839,0.2302297432341609
3.244,2.1193914485437997,1.1246085514562005
3.587,2.9925727159122744,0.5944272840877258
2.132,2.071929265425756,0.06007073457424417
4.348,2.267125180397791,2.080874819602209
4.904,2.965242624444672,1.938757375555328
2.179,1.8544730249661128,0.32452697503388706
4.932,2.545327921090858,2.3866720789091422
2.109,1.9890709808940752,0.1199290191059248
1.639,1.984930595414236,-0.345930595414236
2.25,2.1085392108034604,0.1414607891965396
2.823,1.7457526446444092,1.0772473553555908
2.583,2.2244264985132567,0.3585735014867435
0.55,1.7886471848854488,-1.2386471848854488
1.875,1.5049154181433844,0.37008458185661564
5.00001,3.843492748017928,1.1565172519820717
5.00001,3.6243494785093673,1.3756605214906323
5.00001,5.390001468939667,-0.38999146893966774
4.778,3.829514411758923,0.9484855882410765
3.63,3.054770327786306,0.5752296722136938
3.609,3.711882350880199,-0.10288235088019881
5.00001,2.4347760426151854,2.565233957384814
3.147,2.6691943670011256,0.47780563299887424
5.00001,3.700278275846444,1.2997317241535558
5.00001,3.8200341397353705,1.179975860264629
5.00001,4.976618189132212,0.0233918108677873
2.511,2.4840607804937944,0.026939219506205703
4.797,2.7459807858040026,2.051019214195997
2.15,2.1801646801256824,-0.03016468012568252
5.00001,5.300220235512807,-0.30021023551280734
5.00001,4.893147872825385,0.10686212717461441
5.00001,5.3013811127650605,-0.3013711127650609
5.00001,6.646623025059193,-1.6466130250591933
5.00001,4.759238437235606,0.24077156276439382
5.00001,4.3267537450291,0.6732562549708998
5.00001,3.98537872268408,1.0146312773159196
5.00001,5.685722862083374,-0.6857128620833741
5.00001,4.533588405934015,0.4664215940659844
5.00001,3.7004890398396353,1.2995209601603643
5.00001,3.135074370716626,1.8649356292833734
5.00001,5.315828211809404,-0.31581821180940395
5.00001,6.737350719656842,-1.7373407196568422
3.967,2.9270422825964313,1.0399577174035688
3.25,2.8001108617923305,0.4498891382076695
3.427,2.7080679011116184,0.7189320988883816
3.599,2.7918346901921995,0.8071653098078007
2.512,1.8751560343902285,0.6368439656097715
2.285,1.9544179200901433,0.3305820799098569
2.799,2.286294520845629,0.5127054791543708
2.726,2.2914600842963906,0.4345399157036094
2.641,2.0806688610884505,0.5603311389115495
2.705,2.2094330063554697,0.4955669936445304
2.707,2.6782180204047408,0.028781979595259077
2.25,2.030446187054764,0.2195538129452359
2.572,2.2055968825679244,0.36640311743207565
2.853,2.865597571839194,-0.012597571839193744
2.146,1.8428716650559955,0.3031283349440044
3.168,2.396869713506079,0.7711302864939213
4.148,3.1668026919275234,0.9811973080724763
2.8,2.1563048517101397,0.6436951482898601
3.514,3.330175310977823,0.18382468902217663
3.522,3.258875346171884,0.263124653828116
2.929,2.7646194153044426,0.16438058469555727
3.596,2.659297354277663,0.9367026457223373
2.826,2.3717119836853273,0.45428801631467275
3.063,2.249656055827958,0.813343944172042
1.975,1.5823610748079546,0.39263892519204546
1.882,1.7350069401671855,0.1469930598328144
2.141,1.8701712504492944,0.27082874955070557
2.087,1.770260901464394,0.3167390985356062
3.511,2.522040631119387,0.9889593688806131
2.524,1.8625929973434654,0.6614070026565346
2.584,1.9095164952076562,0.6744835047923439
4.445,2.760640507081261,1.6843594929187393
4.191,2.3110889428233037,1.8799110571766962
4.691,3.690117932145952,1.000882067854048
3.648,2.242137420319984,1.405862579680016
3.528,2.4869393717860233,1.0410606282139767
3.197,2.247979753002139,0.9490202469978612
3.5,2.2886621351045746,1.2113378648954254
2.045,2.183962599891896,-0.13896259989189597
5.0,3.0781390436611007,1.9218609563388993
4.351,2.8948236383485026,1.4561763616514973
3.547,2.392448983825469,1.1545510161745312
3.093,2.1224563255120814,0.9705436744879186
3.649,2.0656794442426856,1.5833205557573145
3.644,2.242718558871886,1.401281441128114
2.636,2.2455979942342927,0.3904020057657074
2.789,2.187360878601417,0.6016391213985832
3.814,2.5460711302653114,1.2679288697346887
4.773,3.682331229214883,1.0906687707851166
2.31,1.8492149815632306,0.46078501843676944
1.928,1.726412181415233,0.20158781858476704
2.258,2.5437990831332575,-0.2857990831332575
2.24,2.121609614952505,0.118390385047495
2.293,1.8940482984458649,0.3989517015541353
2.056,1.9906874247122048,0.06531257528779522
1.992,2.117822680821333,-0.12582268082133297
2.188,1.7469033456054497,0.4410966543945505
2.19,1.846912221289891,0.343087778710109
1.7,1.6890888717788979,0.010911128221102073
1.917,1.619970575912864,0.29702942408713606
2.178,1.7506628531128923,0.42733714688710767
2.204,2.2262118001138145,-0.022211800113814295
2.266,2.0019097828444403,0.2640902171555597
1.884,1.9217994333954107,-0.03779943339541081
1.917,2.013271310739924,-0.09627131073992401
2.19,1.7056831211504102,0.48431687884958974
2.284,1.6984140101286815,0.5855859898713183
2.017,1.6695189871363447,0.3474810128636552
1.831,1.7121168021771827,0.11888319782281731
1.885,1.5295773381305844,0.3554226618694156
2.58,2.407907910034172,0.17209208996582825
2.346,2.114887018077891,0.23111298192210894
1.925,1.908904382156988,0.016095617843012056
2.109,1.5594656557526039,0.5495343442473961
2.598,1.9876470350411761,0.6103529649588237
2.12,2.0033803445413545,0.11661965545864561
1.875,1.8834207109838537,-0.008420710983853663
2.141,1.960924608831156,0.18007539116884397
2.132,1.9864326880402476,0.14556731195975248
2.104,2.100980764276401,0.0030192357235989675
2.052,2.211327290102034,-0.15932729010203417
2.114,1.8854424955709463,0.22855750442905354
2.24,1.8755531037643585,0.36444689623564175
2.356,1.7458970960342908,0.6101029039657091
2.06,1.839018342955646,0.22098165704435413
2.183,1.965347784779738,0.2176522152202618
2.273,2.6308498520582693,-0.35784985205826914
2.081,1.6358078149742512,0.44519218502574875
2.046,1.6720674372632605,0.37393256273673936
2.383,2.19728732899983,0.1857126710001702
2.432,1.9984375859812076,0.43356241401879236
2.01,1.8631462002142485,0.1468537997857513
2.448,2.543955345828268,-0.09595534582826826
2.444,2.8716827323515632,-0.4276827323515633
2.08,1.6974109999948492,0.38258900000515084
2.457,2.9304067779723444,-0.47340677797234454
2.682,1.9878331917346532,0.6941668082653467
2.271,1.726933448628442,0.5440665513715579
2.539,1.8969780931621818,0.6420219068378183
2.23,1.7244057318211863,0.5055942681788137
2.349,1.9663117883568733,0.38268821164312694
2.205,1.8393205258423038,0.3656794741576963
2.125,1.9829917508210662,0.14200824917893384
2.156,1.5070988559147374,0.6489011440852628
2.118,1.5009699801813379,0.617030019818662
1.839,1.0250341470392064,0.8139658529607936
1.922,1.5698182323383973,0.3521817676616026
1.816,1.5547480060137344,0.26125199398626564
2.023,1.4754704407689176,0.5475295592310825
1.923,1.4550424384145537,0.4679575615854463
2.35,2.3292452893981204,0.020754710601879722
2.457,2.117493028795522,0.3395069712044778
2.538,2.5494311833034935,-0.011431183303493686
2.344,1.9817557065329359,0.362244293467064
2.207,1.721085150497501,0.48591484950249875
2.415,2.210976241677304,0.20402375832269604
2.546,2.130018229715238,0.4159817702847617
2.427,1.844983036665687,0.5820169633343131
2.043,2.026932087029053,0.01606791297094734
3.151,2.977923994531511,0.17307600546848878
3.011,2.8251727446032353,0.1858272553967648
3.411,1.881024186212997,1.529975813787003
3.058,2.062527375267371,0.9954726247326287
2.933,2.1250118424084268,0.807988157591573
1.985,1.7620491260596745,0.22295087394032564
2.372,1.8794269081093602,0.4925730918906397
2.684,2.1639578158380997,0.5200421841619005
2.364,2.192029081124705,0.17197091887529492
1.972,1.6870434793349334,0.2849565206650666
2.333,1.5537230155249522,0.779276984475048
2.147,1.8720935830082646,0.27490641699173524
2.147,1.4655626254276326,0.6814373745723672
1.637,1.5970099098675907,0.039990090132409284
1.603,1.6964016400614685,-0.09340164006146856
1.993,1.729852231897173,0.26314776810282714
1.842,1.9228233859601134,-0.08082338596011329
1.821,1.536639877739315,0.28436012226068486
1.768,1.6517392336751253,0.1162607663248747
1.866,2.0218725275184983,-0.15587252751849823
1.703,1.6997217556341049,0.0032782443658951887
1.85,1.6656037485386088,0.18439625146139127
1.708,1.8181909827930691,-0.11019098279306916
2.037,1.6000767029027412,0.43692329709725874
1.832,1.8514192550899065,-0.019419255089906384
1.885,1.5034224326742716,0.38157756732572845
1.794,1.6976190482535838,0.09638095174641625
1.716,1.7326931978867632,-0.016693197886763267
1.851,2.3501795237409784,-0.4991795237409784
1.856,1.5008710203937587,0.35512897960624135
1.788,1.813700551706522,-0.025700551706521857
1.792,1.983117290015068,-0.19111729001506794
1.875,1.6832166176190577,0.19178338238094228
1.99,1.8686615372582254,0.12133846274177462
1.833,2.0615425441814645,-0.22854254418146458
1.523,1.6927289782684902,-0.16972897826849032
1.685,1.9886447755533145,-0.3036447755533145
2.726,3.0522651103459784,-0.3262651103459784
2.667,2.8399779630967243,-0.17297796309672453
2.58,2.611767155353939,-0.031767155353938925
2.476,2.0459037354687615,0.4300962645312385
2.549,3.0663504606219245,-0.5173504606219246
2.273,2.0060692167669725,0.26693078323302766
2.205,1.9187041131938134,0.2862958868061867
2.115,2.3202428497666947,-0.2052428497666945
2.033,1.5005713189437246,0.5324286810562753
2.093,2.08849677813122,0.004503221868779939
1.988,2.145663538165596,-0.15766353816559597
2.432,1.6064951715037625,0.8255048284962374
2.137,2.0532858483801637,0.08371415161983631
2.114,2.4582670263254007,-0.34426702632540085
2.353,2.4593657759262673,-0.10636577592626706
2.469,2.2287904141549815,0.2402095858450184
5.00001,3.3350678828095788,1.6649421171904208
3.793,3.0885251634652207,0.7044748365347795
5.00001,3.750997196751963,1.2490128032480365
4.419,3.2926033952940306,1.126396604705969
2.824,3.011417108764566,-0.1874171087645662
2.588,2.653057756412286,-0.06505775641228606
4.986,4.681334393622883,0.3046656063771165
4.01,3.235578280783101,0.7744217192168987
2.967,2.6363209449613128,0.33067905503868733
4.538,4.188840476069499,0.349159523930501
5.00001,4.624030021976502,0.3759799780234978
3.75,1.3501221267831989,2.399877873216801
4.037,2.775672252083996,1.2613277479160039
1.888,2.5763203441999254,-0.6883203441999255
1.551,2.1680592506382577,-0.6170592506382577
1.71,2.138081885233217,-0.4280818852332171
1.768,1.8884869394760915,-0.12048693947609146
1.581,1.9642053885162625,-0.3832053885162625
1.438,1.7807194206255104,-0.3427194206255104
1.509,1.9014550189156543,-0.3924550189156544
1.502,1.7489470549631263,-0.2469470549631263
1.442,1.5686568291505822,-0.1266568291505823
1.764,1.6851709863737647,0.07882901362623529
1.476,1.9813321928087622,-0.5053321928087622
1.506,2.131306028646975,-0.6253060286469749
1.141,1.536861368561897,-0.395861368561897
1.495,2.3532781764882977,-0.8582781764882976
1.606,1.8246598086455101,-0.21865980864551005
1.625,2.296257821676413,-0.6712578216764129
1.726,2.06459575146861,-0.3385957514686102
1.752,2.061897650216725,-0.309897650216725
1.625,1.9892621378054978,-0.36426213780549777
1.903,1.6974529947395962,0.20554700526040381
1.658,2.2271696961159844,-0.5691696961159844
1.578,2.1077501501655167,-0.5297501501655166
1.607,2.054579343413081,-0.44757934341308103
1.779,2.1057504759016465,-0.32675047590164663
1.707,2.054790969061768,-0.34779096906176776
1.62,1.6280628068304253,-0.008062806830425151
1.639,1.877701118475208,-0.23870111847520792
1.663,1.0503608336560355,0.6126391663439645
1.649,2.413453019932981,-0.7644530199329811
1.633,1.8779426788599995,-0.24494267885999954
1.533,2.0336554109766487,-0.5006554109766488
1.692,2.011514562973483,-0.319514562973483
1.78,2.292650245471533,-0.5126502454715329
1.869,2.859131175517762,-0.9901311755177622
1.726,1.934929281517555,-0.20892928151755497
1.776,2.466646705185844,-0.6906467051858438
2.198,2.106532802296648,0.0914671977033521
1.673,2.308665036856616,-0.6356650368566159
2.634,2.6652151633865055,-0.03121516338650565
1.986,1.919340193036374,0.06665980696362594
1.824,2.2057913150911026,-0.38179131509110253
1.862,2.419815031923491,-0.5578150319234907
1.661,2.21687399464608,-0.5558739946460798
1.744,1.9817841578939037,-0.23778415789390372
1.88,2.460573748202768,-0.580573748202768
1.632,1.9864621412759338,-0.3544621412759339
1.375,1.6077806451835897,-0.23278064518358965
1.553,1.8611665003854392,-0.30816650038543925
2.792,2.536250029746996,0.25574997025300394
2.438,1.99230680883552,0.44569319116448014
2.368,1.8545565365048347,0.5134434634951652
1.633,1.9006596409332772,-0.2676596409332772
1.656,1.4580187180684128,0.19798128193158715
1.821,1.5510645831838794,0.26993541681612054
1.971,2.2321097261654206,-0.2611097261654205
3.327,3.9562759328599624,-0.6292759328599624
2.385,2.181346425420198,0.2036535745798016
3.138,2.968677529451634,0.1693224705483658
2.908,2.953719171368159,-0.045719171368159284
3.726,2.860289879042631,0.865710120957369
2.735,2.64361120553759,0.09138879446240988
2.447,2.3990045748010838,0.04799542519891631
2.197,2.462041676747715,-0.26504167674771484
2.324,2.5154509955813245,-0.1914509955813246
2.243,2.5110209753818333,-0.26802097538183345
1.962,1.939889082824576,0.022110917175423905
1.679,1.8157616316926994,-0.1367616316926994
1.625,1.7189131410211602,-0.09391314102116022
1.775,1.7026526453784898,0.0723473546215101
1.92,1.6310122011965178,0.28898779880348213
1.689,2.363298550895032,-0.6742985508950321
1.812,2.2561332785811525,-0.4441332785811525
1.714,2.271528176206594,-0.5575281762065942
1.646,1.8932278185109424,-0.24722781851094244
1.732,2.1383242166018426,-0.4063242166018426
1.778,2.2375013779407587,-0.4595013779407586
1.785,2.1190365373587117,-0.33403653735871175
1.54,1.902142575569814,-0.362142575569814
1.488,2.0680943927028395,-0.5800943927028395
1.603,1.8800511312808945,-0.27705113128089454
1.582,1.899104143569031,-0.31710414356903094
1.728,2.1563741651833848,-0.4283741651833848
1.54,2.1294427259476025,-0.5894427259476025
1.592,2.332640793638675,-0.7406407936386747
1.678,1.882651100545694,-0.20465110054569413
1.698,2.2110956187379194,-0.5130956187379194
1.758,2.183532311583859,-0.4255323115838592
1.707,1.8610224414065766,-0.1540224414065765
1.632,2.2919769858404773,-0.6599769858404774
1.556,1.6109472601580412,-0.05494726015804119
1.471,1.7231479639917362,-0.2521479639917361
1.562,2.6649748527030273,-1.1029748527030272
1.667,2.1689876673904145,-0.5019876673904144
1.612,2.468613112961704,-0.8566131129617038
1.633,2.0025136641572714,-0.3695136641572714
1.695,2.1337111979555248,-0.4387111979555247
1.66,2.328451347584799,-0.6684513475847991
1.643,2.122712555290624,-0.47971255529062407
1.635,1.833578114599151,-0.19857811459915098
1.567,2.038517130759599,-0.4715171307595989
1.722,1.8852147209799037,-0.16321472097990375
1.52,2.107471603697911,-0.5874716036979111
1.666,2.1457878130324795,-0.4797878130324795
1.472,2.055587095977216,-0.583587095977216
1.697,1.9051827275437843,-0.2081827275437842
1.632,2.00274295141213,-0.3707429514121301
1.666,2.4571718586015616,-0.7911718586015617
1.601,2.3508063452175967,-0.7498063452175967
1.625,2.268764323915081,-0.643764323915081
1.425,1.8310201953267007,-0.40602019532670064
1.921,2.251373797044344,-0.3303737970443439
1.731,2.112565117598116,-0.38156511759811607
1.606,2.554179677916006,-0.9481796779160059
1.628,1.8484905620939145,-0.2204905620939146
1.65,2.1976070723348307,-0.5476070723348307
1.654,2.4275440744696706,-0.7735440744696707
1.63,1.654679594391713,-0.024679594391713078
1.708,1.9826781188932787,-0.27467811889327876
1.834,2.191756694455526,-0.3577566944555257
1.834,2.4862070886739094,-0.6522070886739093
1.754,2.1690617704641832,-0.41506177046418324
1.714,1.5654290341035355,0.14857096589646446
1.719,2.6947910129650103,-0.9757910129650103
1.739,2.3729087923989365,-0.6339087923989364
1.74,2.45270162207035,-0.7127016220703501
1.708,2.0266174400518246,-0.3186174400518247
1.49,1.3926848006696466,0.09731519933035337
1.618,1.947955933655427,-0.32995593365542697
1.415,2.118620439173335,-0.7036204391733349
1.5,1.92406606672961,-0.4240660667296099
1.547,1.9504074261235989,-0.4034074261235989
1.647,2.1199111941390134,-0.4729111941390134
1.648,2.1472998365619405,-0.49929983656194055
1.583,1.823121547521276,-0.24012154752127612
1.67,2.0590113974207744,-0.3890113974207745
1.519,2.333952121673399,-0.814952121673399
1.535,2.016244491433463,-0.48124449143346326
1.441,2.3797990953376993,-0.9387990953376992
1.562,1.9915577158321867,-0.4295577158321866
1.938,2.1603178019937914,-0.22231780199379148
1.795,2.6713953797866967,-0.8763953797866968
1.798,2.324959081570365,-0.5269590815703649
1.772,1.9515725402556954,-0.17957254025569536
1.644,2.336456204261151,-0.6924562042611513
1.69,2.0340802375785842,-0.3440802375785843
1.811,2.355805944120405,-0.5448059441204052
1.798,2.4110907840033025,-0.6130907840033024
1.795,2.2620034599112384,-0.4670034599112385
1.81,2.4636195183361123,-0.6536195183361122
1.922,2.6609433365263486,-0.7389433365263487
1.918,1.9330120918463993,-0.0150120918463994
1.739,1.9619008483192726,-0.22290084831927248
2.262,2.1927516599799737,0.06924834002002633
2.325,2.9943150197339206,-0.6693150197339204
2.081,1.9915805032770701,0.08941949672292981
2.14,2.32099120476522,-0.18099120476522002
2.123,2.120292497026417,0.0027075029735832423
2.144,2.1356790125885876,0.008320987411412517
2.037,2.6798765706526892,-0.6428765706526893
1.887,2.5269252840652188,-0.6399252840652188
1.748,2.2542196629471674,-0.5062196629471674
1.744,2.3968360419015786,-0.6528360419015786
1.847,2.0463874000547344,-0.19938740005473443
1.758,2.5270112572642867,-0.7690112572642867
1.739,2.5663526029960284,-0.8273526029960283
1.899,1.868683418173909,0.030316581826091094
1.85,2.6237361730533983,-0.7737361730533983
1.744,2.0373101759468923,-0.29331017594689235
2.051,2.648444432926567,-0.5974444329265669
1.876,2.7137248722645104,-0.8377248722645105
1.853,2.776438008886638,-0.9234380088866379
2.896,2.830024603062285,0.06597539693771504
2.852,2.736163283065047,0.11583671693495301
2.104,2.2691724240717988,-0.16517242407179866
2.154,2.1225489290342283,0.0314510709657716
2.198,2.554405880087471,-0.356405880087471
2.227,2.1459125629859366,0.08108743701406329
2.572,2.391433280182929,0.18056671981707106
2.028,2.842891381598491,-0.8148913815984908
1.997,2.0577863158687326,-0.06078631586873251
2.008,2.5633715372127437,-0.5553715372127437
2.133,2.5868347590091383,-0.4538347590091383
2.098,2.309232086063294,-0.21123208606329413
2.063,2.349862865373556,-0.28686286537355565
2.01,2.4792545435138305,-0.46925454351383067
2.034,2.4054111583099416,-0.37141115830994176
2.128,2.1718399781822426,-0.0438399781822425
1.887,2.164032074138509,-0.27703207413850883
2.052,2.8367468624061045,-0.7847468624061045
2.029,2.40785660066591,-0.3788566006659102
2.029,2.407749078033534,-0.3787490780335343
1.982,2.6453320582451854,-0.6633320582451854
2.187,1.851566192586966,0.33543380741303386
2.214,2.3316625321020115,-0.1176625321020115
2.117,2.685817855586877,-0.568817855586877
2.167,2.778124728479976,-0.6111247284799761
2.099,2.087848053770154,0.011151946229846388
2.024,2.109977031679078,-0.08597703167907778
2.137,2.6346043496903064,-0.4976043496903064
2.107,2.461948947050826,-0.3549489470508256
1.601,1.8697605811361107,-0.2687605811361107
1.641,2.2485556935944433,-0.6075556935944433
1.711,2.713183881216186,-1.002183881216186
1.625,0.8832406215343884,0.7417593784656116
2.768,2.6318588436664623,0.13614115633353752
2.502,2.240350918033552,0.26164908196644765
2.086,1.9413756119844763,0.14462438801552358
2.799,2.41647091286723,0.3825290871327698
3.189,2.5357498042685283,0.6532501957314718
2.658,1.745271705426596,0.9127282945734039
3.08,2.658764005092511,0.4212359949074891
1.892,1.7171430404996277,0.17485695950037217
1.833,1.175429499523657,0.657570500476343
1.958,2.050418686931717,-0.09241868693171695
1.894,1.8825004453823584,0.011499554617641516
2.102,2.1774378876141665,-0.07543788761416659
1.96,1.7364410238390526,0.22355897616094733
2.056,1.6452909385141385,0.4107090614858615
2.245,1.4485571231095955,0.7964428768904046
2.082,1.8547291852327086,0.22727081476729127
1.851,1.7607663065134123,0.09023369348658772
1.893,1.6174130165662717,0.27558698343372834
1.92,1.6529792145212419,0.26702078547875807
1.729,1.9355066080810028,-0.20650660808100274
1.783,1.832146543384976,-0.04914654338497604
2.011,2.319235009186169,-0.308235009186169
1.922,1.8012845562224626,0.12071544377753729
1.805,1.7121513930388916,0.0928486069611083
1.506,1.9403119892136154,-0.43431198921361536
1.588,1.4220599295784047,0.16594007042159542
1.416,1.9662412580380093,-0.5502412580380094
1.864,1.6736256931908877,0.19037430680911238
1.893,1.8785560070588172,0.014443992941182815
1.946,2.250778164430825,-0.30477816443082495
1.625,2.2208797847461947,-0.5958797847461947
1.563,2.014595116552492,-0.45159511655249207
1.819,1.1533374200881283,0.6656625799118716
1.45,1.7870059580879796,-0.3370059580879796
1.344,0.9881823208191425,0.3558176791808576
1.255,1.6121040579796446,-0.35710405797964473
1.297,1.3712535314135141,-0.0742535314135142
1.411,2.262407015237029,-0.851407015237029
1.238,1.4768865726871399,-0.23888657268713986
1.218,1.8981276765063144,-0.6801276765063144
1.092,1.8372940458051743,-0.7452940458051742
1.319,1.7572843647264216,-0.4382843647264216
1.426,1.734960924584061,-0.308960924584061
0.982,1.026805843233702,-0.04480584323370196
1.161,1.6466617578809548,-0.4856617578809548
1.403,1.8111678786230612,-0.40816787862306114
1.33,1.4865312273243436,-0.15653122732434355
1.192,1.5265362901355741,-0.3345362901355742
1.352,1.7840858754740057,-0.43208587547400557
1.229,1.6828336900690608,-0.4538336900690607
1.265,1.792839529007782,-0.5278395290077822
1.231,2.140922304272877,-0.9099223042728768
1.151,2.2204220418152882,-1.0694220418152882
1.29,1.3811058017377593,-0.09110580173775928
1.417,2.03423785210345,-0.6172378521034501
1.469,1.877973012460337,-0.408973012460337
1.317,1.7207677934711525,-0.40376779347115255
1.222,1.7145471902060918,-0.49254719020609183
1.339,1.5001348347333228,-0.1611348347333228
1.5,1.8191044254526123,-0.3191044254526123
1.458,1.9013083434841116,-0.44330834348411163
1.34,1.445061682798044,-0.10506168279804395
1.14,1.9405314450296642,-0.8005314450296643
1.26,2.080811833774999,-0.820811833774999
1.241,1.8170363098944442,-0.5760363098944441
1.505,1.8793626917389303,-0.37436269173893044
1.438,1.1325471984192454,0.3054528015807545
1.534,1.3505258982232968,0.1834741017767032
1.576,1.580096059763294,-0.004096059763293969
1.533,1.5974122627225826,-0.06441226272258271
1.25,1.7435217045239901,-0.49352170452399013
1.213,1.6256113830264025,-0.41261138302640243
1.342,1.5767083368241313,-0.23470833682413117
1.456,1.5758186052735867,-0.11981860527358679
1.428,1.5303355671459087,-0.10233556714590875
1.507,1.6032773189771627,-0.09627731897716285
1.322,1.6061727427818027,-0.2841727427818026
1.375,1.7024811874049959,-0.3274811874049959
1.425,1.794002215332429,-0.36900221533242905
1.367,1.4276248260394133,-0.060624826039413326
1.25,1.975580782576495,-0.725580782576495
1.339,1.819508531406857,-0.4805085314068571
1.273,1.724474708303789,-0.4514747083037891
1.408,1.6088615594335156,-0.2008615594335157
1.524,1.7521740181567789,-0.22817401815677885
1.2,1.9809311621086694,-0.7809311621086694
1.375,1.7130341377841232,-0.33803413778412317
1.406,1.7821029126394583,-0.3761029126394584
1.45,1.4437262202621137,0.0062737797378862314
1.438,1.6023557620009692,-0.16435576200096924
1.125,1.453322252323772,-0.3283222523237721
1.45,1.8443162862800708,-0.39431628628007087
1.434,1.735268853573834,-0.30126885357383415
1.492,1.5699406267836191,-0.07794062678361913
1.66,1.5263697417641153,0.1336302582358846
1.388,1.9281781220572292,-0.5401781220572293
1.32,1.79890297361557,-0.4789029736155699
1.396,1.5247548469790053,-0.1287548469790054
1.543,1.6969820820827386,-0.15398208208273867
1.519,1.824442400969279,-0.3054424009692791
1.569,1.8015437110548453,-0.2325437110548454
1.589,1.4865360076265672,0.10246399237343273
1.375,1.6537593655831422,-0.2787593655831422
1.739,1.6475699553008807,0.09143004469911942
1.533,1.8973669584768342,-0.3643669584768343
1.806,1.784511541097581,0.021488458902419127
1.535,1.5567863283097947,-0.021786328309794767
1.537,2.0211103418555045,-0.4841103418555046
1.455,1.3742925533432944,0.0807074466567057
1.568,1.7815210130645691,-0.21352101306456905
1.565,1.7772379367943154,-0.21223793679431546
1.618,1.8355167878015604,-0.21751678780156025
1.511,1.5648678440872648,-0.05386784408726486
1.543,2.0463723834378023,-0.5033723834378023
1.9,1.7434529736376734,0.15654702636232654
1.738,1.7168626575412056,0.021137342458794395
1.646,1.673548980227967,-0.027548980227967146
1.663,1.4271469971791637,0.23585300282083632
1.693,1.807621472902486,-0.11462147290248592
1.938,1.6734756939866766,0.26452430601332333
1.937,1.7909515507432705,0.14604844925672955
1.787,1.7050285272784007,0.08197147272159921
1.625,1.4866830949229213,0.13831690507707872
1.768,1.7305842644999685,0.03741573550003152
1.91,1.5897437851332954,0.3202562148667045
1.781,2.159920879975504,-0.37892087997550417
1.375,1.5960657307588717,-0.2210657307588717
1.625,1.6452947059620382,-0.020294705962038195
1.456,1.4679327301546898,-0.011932730154689875
1.753,1.9028353902662563,-0.14983539026625636
1.505,2.240039007525763,-0.7350390075257631
1.308,1.960422169286649,-0.652422169286649
1.428,1.4184180511892035,0.009581948810796437
1.493,1.8377349402394896,-0.3447349402394895
1.488,1.7883693296041734,-0.3003693296041734
1.125,2.0959308069126106,-0.9709308069126106
3.5,1.4595529267356824,2.0404470732643176
1.125,1.8637184521330419,-0.7387184521330419
1.632,1.8301915886973452,-0.19819158869734532
1.432,2.296278742994156,-0.8642787429941561
1.863,1.7493268205386658,0.11367317946133415
1.75,1.802700960207725,-0.05270096020772508
1.232,1.8236243679942294,-0.5916243679942295
1.906,1.7251112906600967,0.1808887093399032
1.833,1.741642268237656,0.09135773176234396
1.65,2.3895279658401036,-0.7395279658401037
1.506,1.5965473884401522,-0.0905473884401522
0.964,1.6828095706671526,-0.7188095706671527
1.154,1.4424835415919643,-0.28848354159196443
1.188,1.6834075609988775,-0.4954075609988775
1.003,1.3840976857696665,-0.3810976857696666
0.929,1.402223660479418,-0.473223660479418
1.167,1.8126199411340251,-0.6456199411340251
1.125,1.5635159619717647,-0.4385159619717647
1.051,1.5707284892495275,-0.5197284892495275
0.972,1.5880072566460346,-0.6160072566460346
1.219,1.5203355863625028,-0.3013355863625027
1.25,1.7947656027413967,-0.5447656027413967
1.089,1.6961139829733578,-0.6071139829733578
1.25,1.6983347430945646,-0.44833474309456456
1.107,2.0184162349885972,-0.9114162349885973
1.699,1.5930355046592863,0.10596449534071373
1.663,2.013992983707347,-0.3509929837073471
1.844,1.762892571135129,0.08110742886487099
1.482,1.639679752465641,-0.15767975246564103
2.55,1.2192365480676122,1.3307634519323877
1.288,1.4678117911028596,-0.1798117911028596
1.5,1.7316809366730714,-0.23168093667307144
1.631,1.538510024195922,0.09248997580407803
1.713,1.6186771127828292,0.09432288721717086
1.69,2.073340456645556,-0.38334045664555605
1.646,1.8521798180009674,-0.20617981800096752
1.615,1.7600205689494848,-0.14502056894948478
1.542,1.7283286812010612,-0.18632868120106116
1.417,1.6618450737781298,-0.2448450737781298
1.423,1.7679532735166266,-0.3449532735166265
1.573,2.191281214982414,-0.6182812149824142
1.58,1.9583925085730463,-0.3783925085730462
1.575,2.111827049583917,-0.5368270495839169
1.563,1.9747398731373775,-0.4117398731373776
1.547,2.0597973063569857,-0.5127973063569857
1.6,1.7690091652866407,-0.16900916528664056
1.547,1.8550942381790718,-0.3080942381790719
1.567,1.8082967435260437,-0.2412967435260438
1.478,1.7880644664908882,-0.31006446649088826
1.546,1.4966604579928768,0.049339542007123205
1.594,1.707001114564039,-0.11300111456403883
1.896,1.460501278692846,0.43549872130715395
1.813,1.450925019228042,0.3620749807719579
1.784,1.7174655300387098,0.0665344699612902
1.721,1.5889666514955252,0.1320333485044749
1.727,1.5403016996113925,0.18669830038860757
1.585,1.6152185471010414,-0.030218547101041437
1.546,1.7051467518344783,-0.15914675183447824
1.548,1.787547940388814,-0.23954794038881388
1.618,1.4563957048746543,0.1616042951253458
1.644,1.8294855163176809,-0.18548551631768095
1.62,1.5966121461770766,0.02338785382292352
1.561,1.7116209332668408,-0.1506209332668409
1.708,1.6953291677821638,0.012670832217836159
1.321,2.029650646118961,-0.7086506461189612
1.59,1.740881815800098,-0.15088181580009796
1.682,1.6223478789157029,0.05965212108429707
1.636,1.9778195486776888,-0.34181954867768893
1.56,1.859824473097341,-0.29982447309734095
1.654,2.0369552399707715,-0.38295523997077163
1.694,1.6217779271845878,0.07222207281541215
1.894,1.557643091389925,0.33635690861007483
2.063,1.8358663871006518,0.2271336128993484
1.786,1.7563677192995875,0.029632280700412572
1.656,1.627167748299032,0.028832251700967815
1.581,1.7373828338400779,-0.1563828338400779
1.705,1.648491331606663,0.056508668393337125
1.578,1.5911583419816953,-0.013158341981695187
1.76,1.5715036079211346,0.18849639207886537
1.56,1.7451978740402319,-0.1851978740402318
1.77,1.8355097095308002,-0.06550970953080015
1.438,1.570562351832394,-0.13256235183239395
1.815,1.559080955426686,0.25591904457331394
1.608,1.5446015167345517,0.06339848326544839
1.5,1.822525498355618,-0.32252549835561806
1.625,1.8850765548737671,-0.26007655487376713
1.766,1.6770165653782918,0.08898343462170821
1.906,1.52705972388801,0.37894027611199
1.911,1.7549870811126258,0.15601291888737423
1.75,1.2896409377409888,0.46035906225901124
1.554,1.9453850612472352,-0.39138506124723516
1.5,1.7313905736209556,-0.2313905736209556
1.609,1.7571327362021991,-0.14813273620219913
1.642,1.6259606040055068,0.01603939599449311
1.875,1.6715203524111553,0.20347964758884474
1.642,1.611409401652121,0.030590598347878917
1.465,1.7153672132893536,-0.2503672132893535
1.375,1.1808504524752637,0.19414954752473634
1.42,1.47699735294652,-0.056997352946519975
1.545,1.5627219540209842,-0.01772195402098431
1.463,1.5113601584143415,-0.04836015841434138
1.662,1.8156328646326343,-0.15363286463263437
1.743,1.5784070071649487,0.16459299283505135
1.717,2.107586992558231,-0.39058699255823104
1.69,1.7485041369133265,-0.058504136913326565
1.706,2.432888744562283,-0.7268887445622831
1.661,2.002601786180568,-0.341601786180568
1.676,2.111885102671419,-0.435885102671419
1.661,1.8651865683888325,-0.20418656838883242
1.629,1.915088959258764,-0.2860889592587641
1.693,1.9195247900370973,-0.22652479003709725
1.482,2.086170069521774,-0.6041700695217742
1.713,2.486002071955484,-0.7730020719554838
1.833,2.0764202698025582,-0.24342026980255826
1.114,1.5830941343218905,-0.4690941343218904
1.185,1.6704100733563876,-0.48541007335638753
1.118,1.6524393419648948,-0.5344393419648947
1.151,1.7014201636248627,-0.5504201636248627
1.125,1.7712081614012194,-0.6462081614012194
1.148,1.4508527190649179,-0.30285271906491795
1.026,1.5132192982853865,-0.48721929828538646
1.087,1.2639379783302656,-0.1769379783302656
0.988,1.645559152594262,-0.6575591525942621
1.172,1.8223520925405463,-0.6503520925405464
1.051,1.4837408863753292,-0.43274088637532926
1.12,1.695384205349102,-0.5753842053491018
1.125,1.6053233641954,-0.4803233641953999
1.066,1.5401841044673215,-0.4741841044673214
1.006,1.5690015099250227,-0.5630015099250227
0.929,1.4677364752107969,-0.5387364752107968
0.988,1.7387889409709172,-0.7507889409709172
0.981,1.467258485090973,-0.4862584850909729
0.955,1.1928889812574237,-0.23788898125742375
0.981,1.5304963833351777,-0.5494963833351777
0.948,1.5885278644471557,-0.6405278644471557
1.091,1.387481505622414,-0.29648150562241393
1.099,1.532828984781911,-0.433828984781911
0.973,1.8660529478000605,-0.8930529478000605
1.059,1.4465698249123173,-0.3875698249123174
0.934,1.5840037690158635,-0.6500037690158634
0.99,1.157341308899457,-0.1673413088994571
0.914,1.0010063974126833,-0.08700639741268323
1.689,1.643026713945663,0.04597328605433715
1.553,1.6685181138172274,-0.11551811381722743
1.709,1.776006078606383,-0.06700607860638286
1.642,1.546110350882598,0.09588964911740194
1.588,1.8800960454877667,-0.2920960454877666
1.618,1.9425395467518465,-0.3245395467518464
1.54,1.5201265266354391,0.019873473364560912
1.604,1.9357251429848703,-0.3317251429848702
1.509,2.077043376413478,-0.568043376413478
1.516,1.9039826067517636,-0.38798260675176355
1.528,1.798444436495156,-0.2704444364951559
1.434,1.913446110523099,-0.47944611052309916
1.535,2.07192977064339,-0.53692977064339
1.538,2.2126838474991715,-0.6746838474991714
1.446,2.249018728520614,-0.8030187285206141
1.616,1.6889232823245888,-0.07292328232458867
1.613,1.964456156971008,-0.35145615697100796
1.67,2.0674912409726263,-0.39749124097262634
1.646,1.975801759373141,-0.32980175937314105
1.593,1.740967778566438,-0.14796777856643795
1.455,1.4196536694745316,0.03534633052546843
1.651,1.5647970883397737,0.08620291166022631
1.515,1.7192472326794908,-0.20424723267949085
1.653,1.6640509752510209,-0.011050975251020834
1.552,1.7055997556917208,-0.1535997556917208
1.534,1.753145736014636,-0.21914573601463605
1.608,1.5853733677755757,0.022626632224424403
1.542,2.1759848575319634,-0.6339848575319633
1.575,2.467256369056093,-0.8922563690560932
1.438,1.793063599235785,-0.3550635992357851
1.561,1.9350699486335534,-0.3740699486335535
1.791,2.017368859076889,-0.22636885907688908
1.608,2.09098727060604,-0.48298727060603985
1.681,2.167753369847856,-0.4867533698478561
1.648,1.9912136822071318,-0.3432136822071319
1.481,1.8077285978157138,-0.32672859781571373
1.693,2.1798764781063675,-0.48687647810636747
1.718,2.2960290344643237,-0.5780290344643237
1.597,1.8424456090246764,-0.24544560902467638
1.518,1.9119704641106072,-0.3939704641106072
1.621,1.9573099393276974,-0.33630993932769737
1.786,2.588853539612579,-0.8028535396125789
1.798,2.173768732339938,-0.3757687323399379
1.836,2.0809910985811975,-0.2449910985811974
1.522,1.9978632577148216,-0.47586325771482163
1.675,2.2084444013270175,-0.5334444013270174
1.65,1.8491766512043357,-0.1991766512043358
1.655,2.339090971703805,-0.6840909717038051
1.819,1.4418532626208034,0.3771467373791966
1.718,2.4666415321709474,-0.7486415321709474
1.668,1.959883411741265,-0.291883411741265
1.613,2.1952570083084932,-0.5822570083084933
1.622,1.9641148659614505,-0.34211486596145035
1.71,1.9992349326774077,-0.28923493267740774
1.364,2.064748924976301,-0.700748924976301
1.369,1.6473386286710485,-0.2783386286710485
1.398,1.5353221699533122,-0.13732216995331226
1.229,1.5662359111809205,-0.33723591118092044
1.472,1.7657855758199203,-0.2937855758199204
1.443,2.115204084498828,-0.6722040844988277
1.464,2.0336651447271725,-0.5696651447271726
1.494,2.126883561577218,-0.6328835615772179
1.457,2.042203681188132,-0.5852036811881318
1.394,2.0002838958711426,-0.6062838958711427
1.388,2.007262095803336,-0.6192620958033359
1.465,2.0813049482549033,-0.6163049482549032
1.625,1.6989052261622242,-0.07390522616222417
1.411,1.8720584814333934,-0.46105848143339334
1.521,1.5241953883929598,-0.0031953883929598526
1.311,1.695688947336992,-0.3846889473369921
1.327,1.7053421158168696,-0.3783421158168696
1.457,1.8061936628620217,-0.3491936628620216
1.388,1.8629608235605397,-0.4749608235605398
1.21,1.8812798649552378,-0.6712798649552378
1.089,1.8475869765489832,-0.7585869765489832
1.3,2.013217551510928,-0.713217551510928
1.154,1.8865819268523172,-0.7325819268523173
0.951,1.18713282527822,-0.2361328252782201
0.932,1.5062813216889261,-0.5742813216889261
1.25,1.6803076320218904,-0.4303076320218904
1.181,1.7456115439137045,-0.5646115439137045
1.327,1.771653750571323,-0.44465375057132306
1.173,2.026862040673852,-0.8538620406738517
1.319,1.5447804648072525,-0.22578046480725256
1.25,2.167081116279861,-0.9170811162798609
1.054,1.1880903577291528,-0.1340903577291528
0.967,1.4650637245305504,-0.4980637245305505
1.072,1.1566200651626772,-0.08462006516267717
0.906,1.6509215965077688,-0.7449215965077688
0.974,1.916732577518069,-0.942732577518069
1.064,1.6309964908708876,-0.5669964908708875
0.9,1.8800125674721684,-0.9800125674721684
0.831,2.003866389100765,-1.172866389100765
1.018,1.653116495993515,-0.6351164959935149
0.965,1.6155060963625998,-0.6505060963625998
0.959,1.7925132543883857,-0.8335132543883857
0.926,1.5527679633426974,-0.6267679633426974
1.046,1.5253780615156307,-0.47937806151563067
1.208,1.781947145359404,-0.573947145359404
0.933,1.4621475729361157,-0.5291475729361157
1.068,1.7896135733552383,-0.7216135733552382
1.1,1.9388259144342828,-0.8388259144342827
1.054,1.9459530713805189,-0.8919530713805188
1.011,1.7904978252014154,-0.7794978252014155
1.241,1.738182792368115,-0.4971827923681149
1.106,1.0950044914730692,0.010995508526930875
1.381,2.523691858503955,-1.142691858503955
1.814,2.285917941966425,-0.4719179419664248
0.895,1.775337534052231,-0.880337534052231
1.119,2.3776436817265183,-1.2586436817265183
1.107,1.47236012911136,-0.36536012911135995
1.244,2.290839459552289,-1.0468394595522892
1.193,1.904957744165828,-0.711957744165828
1.131,1.718085613311227,-0.587085613311227
1.095,2.048587492058279,-0.953587492058279
1.019,1.7545214505771636,-0.7355214505771637
0.928,1.8280206789812483,-0.9000206789812483
0.931,1.579004247493887,-0.648004247493887
0.882,1.375667727117546,-0.4936677271175459
1.029,1.4187391625114834,-0.38973916251148344
1.036,1.8049246175025866,-0.7689246175025866
0.943,1.4137363912161924,-0.4707363912161925
0.961,2.0825153301982215,-1.1215153301982217
1.038,1.1693754452813478,-0.1313754452813478
0.882,1.5537135243755498,-0.6717135243755498
0.889,1.8178095605690323,-0.9288095605690323
0.903,2.0340821363893355,-1.1310821363893355
0.891,1.8891504316517498,-0.9981504316517498
0.893,1.5111463830525005,-0.6181463830525005
0.892,1.7874615068464794,-0.8954615068464794
0.847,1.607056805934318,-0.760056805934318
0.988,1.3230119055543477,-0.3350119055543477
1.0,1.6638365240771353,-0.6638365240771353
1.053,1.7136568552967617,-0.6606568552967618
1.102,1.3850629525386142,-0.28306295253861413
1.104,2.1854229909118605,-1.0814229909118604
1.032,1.3014928828750552,-0.26949288287505513
1.05,1.550953515373679,-0.500953515373679
1.046,1.567315128616538,-0.5213151286165381
1.023,1.5579074445666818,-0.5349074445666819
1.056,1.3136020578489274,-0.2576020578489273
1.156,1.409122422472624,-0.25312242247262406
1.304,2.2282867160315507,-0.9242867160315507
1.412,2.0666253458412407,-0.6546253458412408
1.556,1.9837710466872531,-0.4277710466872531
1.33,1.8683895556752643,-0.5383895556752643
1.512,2.0869279112431496,-0.5749279112431496
1.154,2.0688309694512284,-0.9148309694512284
1.281,1.979822493301367,-0.6988224933013671
1.344,1.4843275396373068,-0.1403275396373067
1.281,1.8373674680996968,-0.5563674680996968
1.174,1.8512382705763986,-0.6772382705763986
1.158,2.1011174671574326,-0.9431174671574327
1.324,1.5823305909043857,-0.2583305909043856
1.184,2.182835305375275,-0.9988353053752752
1.051,1.8190167942617628,-0.7680167942617628
1.181,1.871934250951582,-0.6909342509515819
1.048,1.6675537571121892,-0.6195537571121892
1.056,1.725550432671982,-0.6695504326719819
1.129,1.5212726833454682,-0.39227268334546816
0.995,1.525331940039354,-0.5303319400393539
1.073,1.5701566333428971,-0.49715663334289717
1.051,1.7656979059497102,-0.7146979059497103
1.032,1.6847190192729578,-0.6527190192729577
1.136,1.963782878111554,-0.8277828781115542
1.079,1.8502140272698413,-0.7712140272698413
1.162,2.4721651182630047,-1.3101651182630047
1.139,1.875566604366778,-0.736566604366778
1.207,1.6628510574125002,-0.4558510574125001
1.188,1.9883637966299323,-0.8003637966299324
1.107,2.1470865356776123,-1.0400865356776123
1.194,2.035714765417207,-0.841714765417207
1.268,1.5552569586590081,-0.28725695865900813
1.381,1.6385169770896564,-0.2575169770896564
1.202,1.6427389356154136,-0.44073893561541366
0.952,1.905161244411776,-0.9531612444117761
1.266,1.7286067011968458,-0.46260670119684577
1.334,1.400770064480004,-0.066770064480004
1.009,1.7738690132816652,-0.7648690132816653
1.031,1.8738252450442292,-0.8428252450442293
0.984,1.4772807534259291,-0.49328075342592914
0.979,1.7943635431966463,-0.8153635431966463
1.008,1.4107851967289282,-0.4027851967289282
0.968,1.3428796211811163,-0.3748796211811163
0.888,1.688038418288681,-0.8000384182886809
1.125,2.117722207698752,-0.9927222076987521
1.03,1.6644384579363543,-0.6344384579363542
0.936,1.6783318051543796,-0.7423318051543796
0.926,1.1479325933510813,-0.2219325933510813
1.062,1.4859105338346614,-0.4239105338346614
0.98,1.8839909513806636,-0.9039909513806637
1.058,2.047744639518577,-0.9897446395185769
0.915,1.7406820781281067,-0.8256820781281067
0.983,1.5705527334944187,-0.5875527334944187
1.117,1.6982246396416476,-0.5812246396416476
1.158,2.218455052972125,-1.060455052972125
1.041,1.768906258092553,-0.727906258092553
1.096,1.807738102085192,-0.7117381020851918
1.207,2.0877215479801094,-0.8807215479801094
1.11,1.685190228955416,-0.5751902289554158
0.986,1.5778194867815953,-0.5918194867815953
1.032,1.9187734540580774,-0.8867734540580774
1.055,2.052702207213292,-0.997702207213292
1.052,1.990521200700484,-0.938521200700484
1.085,1.991317029098656,-0.906317029098656
1.365,2.979289817748722,-1.6142898177487222
1.019,1.6390547484962181,-0.6200547484962182
1.025,1.489447095172377,-0.46444709517237714
0.951,1.668555388384061,-0.717555388384061
1.098,1.8431422523003915,-0.7451422523003914
1.137,1.9407740428021072,-0.8037740428021072
1.177,1.9562360861171406,-0.7792360861171406
2.035,2.57006304506962,-0.5350630450696197
1.933,2.9354495682222046,-1.0024495682222045
2.07,2.786699285114647,-0.7166992851146472
2.131,2.5405206627283876,-0.40952066272838783
2.081,2.2453237951237153,-0.1643237951237153
1.692,2.2377243417852846,-0.5457243417852846
1.864,3.001204712337887,-1.1372047123378868
2.07,2.5933422014419985,-0.5233422014419986
1.975,2.7129983574097087,-0.7379983574097086
1.67,2.477742310443418,-0.8077423104434183
1.686,2.146367674606786,-0.4603676746067862
1.966,3.2309136986071487,-1.2649136986071488
1.808,2.785337117007726,-0.9773371170077259
1.879,2.2909218649369834,-0.41192186493698335
1.944,2.065084091454218,-0.12108409145421817
1.629,2.064183158049983,-0.4351831580499832
1.83,2.2099937011000135,-0.3799937011000134
2.18,2.8681022272792323,-0.6881022272792321
2.379,2.637544098975379,-0.2585440989753791
2.165,2.367175088178005,-0.2021750881780049
2.051,2.4186491099726104,-0.36764910997261024
2.188,2.00667030379913,0.18132969620087014
2.182,2.7402956288054594,-0.5582956288054595
3.294,2.3514408905815896,0.9425591094184105
2.177,2.9487992638942564,-0.7717992638942563
2.124,2.7952609047424795,-0.6712609047424793
1.669,2.577427708116924,-0.9084277081169239
1.735,2.532905781363256,-0.7979057813632557
1.911,2.996859771179489,-1.0858597711794888
1.14,2.295198652947301,-1.1551986529473013
1.653,2.4585602926670784,-0.8055602926670784
1.907,2.6364338191642664,-0.7294338191642664
2.003,2.472899065852115,-0.4698990658521147
2.159,2.6510500989681267,-0.4920500989681269
2.086,2.2217697624473596,-0.13576976244735972
1.757,2.5252153508908286,-0.7682153508908287
2.005,2.4236480009412427,-0.41864800094124277
1.869,2.0391708001771622,-0.17017080017716224
1.846,2.173167767762706,-0.32716776776270606
2.019,2.4930925000792308,-0.47409250007923065
1.174,2.1573762197276944,-0.9833762197276945
1.922,2.508239472450769,-0.5862394724507689
1.663,2.153501300268566,-0.49050130026856587
1.683,2.4408536108722894,-0.7578536108722893
1.603,2.4610415962137444,-0.8580415962137444
1.602,2.635649410752497,-1.0336494107524967
1.744,2.469996966009485,-0.7259969660094849
1.752,2.2641653790626464,-0.5121653790626464
1.761,1.982826625439495,-0.22182662543949516
1.719,2.0219214178461336,-0.30292141784613347
1.582,2.121856694754882,-0.5398566947548817
1.58,2.1172245321359715,-0.5372245321359714
1.575,2.170155426198354,-0.5951554261983543
1.657,2.507828990274562,-0.8508289902745618
1.74,2.0941099440626036,-0.35410994406260365
1.668,2.127215960582034,-0.45921596058203407
1.728,2.104260564051781,-0.3762605640517809
1.651,2.0004141653694254,-0.3494141653694254
1.711,2.482271471985262,-0.7712714719852618
1.674,2.6681324491239664,-0.9941324491239665
1.708,2.419731817360398,-0.7117318173603981
1.686,2.829292862486719,-1.1432928624867191
1.683,2.051137308160281,-0.368137308160281
1.753,2.2760817838368856,-0.5230817838368857
1.716,2.2541137700709184,-0.5381137700709184
1.745,2.3976159476695758,-0.6526159476695756
1.668,1.8966052173193981,-0.2286052173193982
1.513,2.325150275398012,-0.8121502753980119
1.566,2.2820599820987804,-0.7160599820987803
1.89,1.8738139724623641,0.01618602753763576
1.861,2.466290048688872,-0.6052900486888719
1.969,2.1584025165811767,-0.18940251658117657
2.043,2.4661535100439553,-0.4231535100439552
2.613,2.4840822234381106,0.1289177765618894
4.536,2.9871093015429144,1.5488906984570852
4.523,3.0968111745838094,1.4261888254161903
4.0,3.3120783511445877,0.6879216488554123
1.911,2.0320534779238613,-0.12105347792386123
1.913,2.5492436024153933,-0.6362436024153932
2.616,2.3860699226350075,0.2299300773649926
2.91,2.9375623404286584,-0.02756234042865824
2.972,2.997453669275911,-0.025453669275910862
2.46,2.342247039792597,0.11775296020740278
2.673,2.513830090587049,0.15916990941295106
1.974,1.8996456511928566,0.07435434880714342
2.519,2.4574127649177644,0.061587235082235736
2.66,2.395174968908246,0.26482503109175415
2.547,2.2551872377479683,0.2918127622520319
2.772,2.2676874046521,0.5043125953479
2.535,2.3896516705992874,0.14534832940071274
2.416,2.7600494132187077,-0.34404941321870774
3.266,2.216969055663806,1.0490309443361938
2.941,3.523286502940105,-0.582286502940105
3.0,3.4440878570697615,-0.4440878570697615
3.02,2.695831014162643,0.32416898583735687
2.821,2.0733225422096964,0.7476774577903038
2.855,1.8520027443836293,1.0029972556163707
2.632,2.2840597703155225,0.3479402296844776
2.698,2.612011468785032,0.08598853121496797
3.238,2.715703649431693,0.5222963505683071
2.647,1.7842138022615708,0.862786197738429
2.65,2.183771584531563,0.4662284154684371
2.3,1.9214356105692392,0.37856438943076065
2.835,2.1420828382122803,0.6929171617877197
2.449,2.4103016465981826,0.038698353401817265
2.554,2.609960442808376,-0.055960442808375976
2.713,2.0240155905532964,0.6889844094467037
2.83,2.4684051401617486,0.36159485983825146
2.966,2.646896639882633,0.3191033601173672
1.625,1.9068930921552445,-0.2818930921552445
1.837,1.6929810597468415,0.14401894025315842
1.875,1.9026147813674839,-0.027614781367483854
1.772,1.7054346545001995,0.06656534549980053
2.024,2.1386472463933752,-0.1146472463933752
2.015,2.307309291863948,-0.29230929186394805
2.182,1.96774112979423,0.21425887020576995
2.239,2.031978814776308,0.20702118522369206
2.264,2.456258345222011,-0.19225834522201124
2.073,2.524604361106734,-0.45160436110673396
1.919,1.986424093764553,-0.06742409376455294
1.958,1.6414253106438372,0.31657468935616273
1.966,1.9195119088077564,0.04648809119224362
2.265,2.2656407992362433,-0.0006407992362431614
2.424,2.3119557272017492,0.11204427279825069
1.997,1.994994360889232,0.0020056391107681204
2.09,1.8799601236859913,0.21003987631400856
2.383,2.1347420609193897,0.24825793908061033
2.559,2.128467257510317,0.430532742489683
2.329,2.1920827410389907,0.13691725896100948
2.123,2.7325939131004504,-0.6095939131004502
2.205,2.045066466630421,0.15993353336957927
2.189,2.4066507692568413,-0.21765076925684124
1.905,2.3215608272464276,-0.4165608272464276
1.842,2.4811060380250503,-0.6391060380250502
1.984,2.489298777397143,-0.5052987773971429
1.612,1.6901213495687057,-0.07812134956870564
1.828,1.7246039883798159,0.10339601162018419
1.969,1.84509425333282,0.12390574666718002
1.738,2.510824564225131,-0.772824564225131
1.839,2.1670378829383083,-0.3280378829383084
1.975,2.0900925252634197,-0.11509252526341962
1.838,2.6419102310987634,-0.8039102310987634
2.22,2.5885315563085642,-0.36853155630856405
1.823,2.4551677871121402,-0.6321677871121403
1.878,1.9514799487081942,-0.0734799487081943
1.676,2.6723053128215715,-0.9963053128215715
1.758,2.3428410213021014,-0.5848410213021014
1.676,2.120078154648324,-0.4440781546483239
1.6,2.6423064359315376,-1.0423064359315375
1.867,2.5871207003807752,-0.7201207003807752
1.537,2.2703559922599426,-0.7333559922599426
1.644,1.6637945797344864,-0.019794579734486506
1.594,2.1462101303259566,-0.5522101303259566
1.411,2.035457618448479,-0.6244576184484791
1.622,2.2489824608830933,-0.6269824608830932
1.662,2.153949275331396,-0.4919492753313959
1.65,2.711203029524222,-1.061203029524222
1.681,2.714411293136148,-1.0334112931361479
1.599,1.1501135935746436,0.4488864064253564
1.587,2.2281554295357173,-0.6411554295357174
1.646,2.366681614718968,-0.7206816147189681
1.597,1.9353436702530211,-0.33834367025302114
1.656,1.8766829862555088,-0.22068298625550886
1.592,1.925478715957074,-0.333478715957074
1.469,1.7328821178667075,-0.26388211786670746
1.577,2.212148858638258,-0.6351488586382579
1.807,1.8853052410092257,-0.07830524100922576
1.733,2.539198424874402,-0.8061984248744021
1.577,2.280872223053283,-0.703872223053283
1.199,1.4470282465006132,-0.24802824650061317
1.55,1.925681656039063,-0.375681656039063
1.58,2.5007204963399734,-0.9207204963399733
2.205,2.5347617508073936,-0.32976175080739356
1.853,2.3978047495080608,-0.5448047495080608
1.608,1.7837705862185906,-0.17577058621859054
1.203,1.9507987993848852,-0.7477987993848851
1.234,1.895623041937852,-0.6616230419378519
1.149,2.0492758659058237,-0.9002758659058236
1.536,2.0437299021875863,-0.5077299021875863
1.641,2.283623336508633,-0.6426233365086329
1.627,2.307414249087496,-0.680414249087496
1.692,2.621841275026192,-0.929841275026192
1.683,2.437797878464688,-0.7547978784646878
1.611,2.1529516987397614,-0.5419516987397615
1.535,2.3677634130875145,-0.8327634130875146
1.763,1.9036617091081023,-0.14066170910810238
1.66,2.4685385032626836,-0.8085385032626837
1.746,2.49016112698164,-0.7441611269816399
1.675,2.1867966561177616,-0.5117966561177616
1.715,2.156964153355802,-0.4419641533558021
1.644,2.4073695517681193,-0.7633695517681194
1.666,1.929971507640341,-0.26397150764034105
1.856,2.452012635910723,-0.596012635910723
1.619,2.5776225998917623,-0.9586225998917624
1.564,2.1446067768112367,-0.5806067768112366
1.821,2.5453501477960945,-0.7243501477960945
1.78,2.108737705873525,-0.328737705873525
1.846,2.453912175015078,-0.6079121750150778
1.96,1.9998405454416333,-0.03984054544163329
2.047,2.3460892836416973,-0.2990892836416972
2.76,2.067083306923973,0.6929166930760267
2.365,2.013665846268709,0.3513341537312913
1.78,2.752529082286549,-0.9725290822865491
1.831,2.7931309574524716,-0.9621309574524717
1.931,2.2661231273062183,-0.3351231273062183
2.074,2.05017624750454,0.02382375249545987
2.166,1.8046916947360947,0.3613083052639052
1.916,2.586941699709728,-0.670941699709728
1.906,2.3643459324779834,-0.4583459324779835
1.776,2.408371216103878,-0.6323712161038781
2.258,2.082066232543293,0.1759337674567072
1.808,1.938868572874774,-0.13086857287477405
2.042,1.9650166239310876,0.07698337606891226
1.632,2.3445251874084545,-0.7125251874084546
1.474,1.9161730320119492,-0.44217303201194924
1.446,1.7668341764133488,-0.3208341764133489
1.567,1.7844389177030597,-0.2174389177030598
1.271,1.8806825476326972,-0.6096825476326972
1.44,1.9596019494588335,-0.5196019494588335
1.333,1.9602232333679364,-0.6272232333679364
1.461,1.6504350631058733,-0.1894350631058732
1.44,1.7711276418694137,-0.3311276418694138
1.142,1.7516700089470416,-0.6096700089470417
1.458,2.2373623363016693,-0.7793623363016693
1.623,2.238427185191161,-0.6154271851911608
1.55,1.657370409102881,-0.10737040910288087
1.464,2.167354525087301,-0.7033545250873012
1.438,1.9006291974845408,-0.4626291974845409
1.509,1.9437359883741387,-0.43473598837413885
1.404,1.9861435100005296,-0.5821435100005297
1.438,1.6147846719138892,-0.17678467191388925
1.458,1.2670335900057135,0.1909664099942865
3.5,3.879554858859814,-0.3795548588598141
1.607,1.5565666168406287,0.05043338315937129
1.319,1.7350230881135746,-0.4160230881135747
1.483,1.9775500632558702,-0.49455006325587014
1.46,1.6699151463140178,-0.20991514631401786
1.908,2.0606048701611206,-0.15260487016112068
1.909,2.1645903927498678,-0.2555903927498677
1.695,1.888870616053723,-0.1938706160537229
2.084,2.043389979284833,0.04061002071516695
2.049,1.8584980523908734,0.19050194760912653
1.834,1.969887603217143,-0.135887603217143
2.258,2.7555861859668473,-0.49758618596684734
1.958,2.145322324215115,-0.18732232421511497
1.801,2.0359698049018915,-0.23496980490189157
2.027,2.1762802850478202,-0.1492802850478201
2.065,1.840294369748749,0.2247056302512509
1.708,1.8405041363544277,-0.1325041363544277
1.809,1.804874697663363,0.004125302336636993
1.739,2.4443033331578734,-0.7053033331578733
2.438,1.8266043493596575,0.6113956506403426
1.919,2.08057787567128,-0.1615778756712798
1.927,1.7054694888258664,0.2215305111741337
1.655,1.8047059099500284,-0.14970590995002842
1.796,2.712225675528583,-0.9162256755285829
1.955,2.557687903925715,-0.6026879039257151
1.795,2.3283417802610553,-0.5333417802610554
1.75,2.3940045683438167,-0.6440045683438167
1.614,2.560388321822101,-0.946388321822101
1.682,1.8064124994621156,-0.12441249946211563
1.982,2.0752284075862457,-0.09322840758624573
2.397,2.2225507308730243,0.17444926912697545
2.318,2.4999561478674464,-0.1819561478674463
2.408,2.4929905599260893,-0.08499055992608939
1.563,1.6904939977709847,-0.1274939977709848
2.184,1.8971047127917657,0.28689528720823443
1.661,2.1677988903523024,-0.5067988903523024
1.946,1.9465661317990808,-0.0005661317990808268
1.714,1.9083151568433478,-0.19431515684334788
2.973,2.7537197556524733,0.21928024434752658
2.858,2.9759012863642234,-0.11790128636422326
3.374,3.017861936886328,0.35613806311367213
3.138,2.7558341771917405,0.3821658228082594
2.842,2.728266346555887,0.1137336534441129
1.397,2.263155237975437,-0.8661552379754369
3.447,2.894355809704084,0.5526441902959163
2.991,2.743155273584961,0.24784472641503896
2.87,2.8179688958730766,0.052031104126923466
2.887,2.9537872456306897,-0.06678724563068972
3.389,2.661505143067664,0.7274948569323358
3.197,3.2644408287180102,-0.06744082871801016
2.937,2.4386579321570157,0.4983420678429842
2.656,2.7416172866049258,-0.08561728660492562
2.776,2.811130828996805,-0.035130828996805086
2.751,2.752823257002336,-0.0018232570023362094
3.227,3.376463405461121,-0.14946340546112102
3.504,2.991389780380221,0.5126102196197788
4.374,2.774683209610823,1.5993167903891767
3.196,3.0388771292402037,0.15712287075979647
2.681,2.316814487813272,0.3641855121867281
2.865,3.0183047325920187,-0.1533047325920185
2.776,2.800549795619494,-0.02454979561949422
2.081,2.122216282266684,-0.04121628226668417
1.953,2.1503952144128573,-0.19739521441285723
1.46,2.0627311125049284,-0.6027311125049284
1.457,2.2407963445680563,-0.7837963445680562
1.595,2.0961657879603965,-0.5011657879603966
1.201,2.03220407362064,-0.8312040736206399
2.449,2.620656828398842,-0.171656828398842
2.008,2.249951134024953,-0.24195113402495316
2.201,1.9770897999470245,0.22391020005297557
2.46,2.2474591220407616,0.21254087795923837
2.259,2.025989514269931,0.23301048573006877
1.897,1.940732644333719,-0.04373264433371893
2.365,1.9101175424933456,0.45488245750665457
2.155,2.106186741770427,0.04881325822957283
1.988,1.9865751555470912,0.0014248444529088022
1.704,2.1850361641929963,-0.48103616419299633
1.946,2.6070920373030817,-0.6610920373030817
2.131,2.429335322543657,-0.29833532254365736
2.177,2.5030981193195063,-0.3260981193195063
1.913,3.0020916218044817,-1.0890916218044817
1.627,2.1830498949023616,-0.5560498949023616
1.533,2.0341940883237823,-0.5011940883237824
2.109,2.5429194505699475,-0.4339194505699475
1.684,2.188913624020778,-0.5049136240207781
2.282,2.8768747058713346,-0.5948747058713346
3.457,2.9409702557889967,0.5160297442110031
1.368,1.8130547110292041,-0.445054711029204
1.183,1.8052450737354804,-0.6222450737354803
1.429,1.5856279967031557,-0.15662799670315564
2.349,2.7813147817791144,-0.4323147817791142
2.269,2.3650211896815407,-0.09602118968154061
1.995,2.4978928720824416,-0.5028928720824415
1.88,1.9875943931458835,-0.1075943931458836
1.984,2.6434514899800132,-0.6594514899800132
2.095,2.5471266446373058,-0.45212664463730556
2.002,2.1581586281917797,-0.15615862819177995
2.195,2.5182623009868084,-0.3232623009868085
2.089,2.752579520344907,-0.6635795203449071
2.134,2.5957158799528113,-0.4617158799528114
2.183,2.7202951914569105,-0.5372951914569106
2.141,2.7513627269948153,-0.6103627269948153
1.941,2.6963625500475854,-0.7553625500475853
2.138,2.416200908625016,-0.2782009086250161
1.67,1.9528341540657093,-0.28283415406570933
1.818,1.9371741566727079,-0.11917415667270781
1.567,1.788520573736106,-0.22152057373610612
1.703,1.4833473308459766,0.21965266915402348
1.667,1.9500485119512132,-0.28304851195121317
1.627,2.037522088582749,-0.4105220885827492
1.63,2.72601060250029,-1.0960106025002903
1.677,2.7369686566289095,-1.0599686566289095
1.61,2.0442165829953125,-0.4342165829953124
1.841,1.7958451225789969,0.0451548774210031
1.783,1.9497904398384798,-0.16679043983847985
1.671,2.3058169547585035,-0.6348169547585034
1.567,2.260312218381063,-0.6933122183810629
1.554,1.9406315359875794,-0.3866315359875794
1.375,1.6971590396191458,-0.3221590396191458
1.536,2.092606240832682,-0.5566062408326822
1.602,1.8826943757119148,-0.2806943757119147
1.521,2.3312235863976927,-0.8102235863976928
1.473,2.464417034750161,-0.991417034750161
1.369,2.1270694682163036,-0.7580694682163036
1.43,1.6461473391755614,-0.2161473391755615
1.382,2.078508057270121,-0.696508057270121
1.555,1.7378916080465205,-0.1828916080465206
1.582,2.3799081703613334,-0.7979081703613333
1.614,2.3448597851407165,-0.7308597851407164
1.626,2.2620975321349626,-0.6360975321349627
1.623,2.0497613353318256,-0.4267613353318256
1.628,2.084103301417124,-0.4561033014171241
1.648,2.3902439695298963,-0.7422439695298964
1.659,2.0465586875415545,-0.3875586875415544
1.729,2.197517738413006,-0.4685177384130057
1.751,2.4688351089935496,-0.7178351089935497
1.619,2.3148737062073153,-0.6958737062073153
1.563,1.6819227074375809,-0.11892270743758093
1.75,1.8248196158990218,-0.07481961589902175
1.73,2.0199929273773627,-0.2899929273773627
1.698,2.301114983372101,-0.6031149833721012
1.613,2.3320706873147707,-0.7190706873147708
1.608,1.7780743492269435,-0.17007434922694342
1.58,1.782287868205732,-0.20228786820573186
1.954,2.3581452304556403,-0.4041452304556403
2.181,1.8504936446496485,0.33050635535035155
2.126,2.2997396412706768,-0.17373964127067687
2.173,2.268747305151532,-0.09574730515153185
2.09,1.6560084424587314,0.4339915575412685
2.156,2.2800190594561958,-0.12401905945619562
2.162,2.2649115093598238,-0.10291150935982385
2.016,2.794133475194502,-0.7781334751945019
2.084,2.5638857165761797,-0.4798857165761796
2.128,2.1249242042758265,0.0030757957241736023
2.033,2.674629552367423,-0.6416295523674229
2.108,2.7271276248618417,-0.6191276248618416
2.42,2.659274199333466,-0.23927419933346616
2.28,3.056937316648843,-0.7769373166488434
2.237,2.4679672545767763,-0.23096725457677625
2.195,2.3078965054668457,-0.11289650546684582
2.163,2.532170417811419,-0.36917041781141924
2.217,2.6562962001701225,-0.4392962001701224
2.136,2.6655529931132884,-0.5295529931132883
2.199,2.392294893451663,-0.19329489345166317
2.182,2.523543243051051,-0.341543243051051
2.262,2.672217351534262,-0.410217351534262
2.258,2.499977861609898,-0.24197786160989798
2.252,2.2431155552406805,0.008884444759319265
2.181,2.8860266207036576,-0.7050266207036575
2.196,2.454763906575217,-0.25876390657521675
2.197,2.693191289418698,-0.49619128941869795
2.091,2.059108239961958,0.03189176003804217
2.203,2.5994978032459004,-0.39649780324590056
2.183,2.8852877215784756,-0.7022877215784757
2.16,2.4434980222402327,-0.28349802224023257
2.2,2.689654781068046,-0.4896547810680456
2.174,2.4997162511485005,-0.32571625114850056
2.189,2.599476618887926,-0.41047661888792586
2.209,2.327244440212203,-0.11824444021220293
2.213,2.50121237300046,-0.28821237300046
2.158,2.3004465912239427,-0.14244659122394276
2.263,2.596507670033523,-0.3335076700335229
2.132,2.1604986738087213,-0.028498673808721176
3.124,2.4615228032404923,0.6624771967595078
3.147,2.5026260413398203,0.6443739586601795
3.394,2.060244377785753,1.3337556222142473
3.074,3.288156890255827,-0.2141568902558273
3.36,2.6255038633647327,0.7344961366352671
2.549,2.5897216456762377,-0.040721645676237817
2.289,2.5911018796705854,-0.3021018796705852
4.813,3.642338980526136,1.1706610194738638
2.241,2.5514816677837224,-0.3104816677837223
2.213,2.115789469221804,0.09721053077819608
2.188,2.3197120275505236,-0.13171202755052347
2.11,2.089071635372912,0.020928364627087692
2.146,2.2703675512673844,-0.12436755126738452
2.195,2.678386861320296,-0.4833868613202963
2.005,2.4011195779354697,-0.3961195779354698
1.866,2.2172376542650265,-0.3512376542650264
2.087,1.8917446254261399,0.19525537457386033
2.192,2.814526704700079,-0.6225267047000789
2.173,2.405783678707703,-0.2327836787077029
2.138,2.41990717615264,-0.28190717615263994
3.156,1.9029652687747725,1.2530347312252277
2.191,2.5227263944512397,-0.33172639445123986
1.92,1.6287852629997608,0.29121473700023914
1.344,0.9869886710241174,0.3570113289758827
1.432,2.46603678695526,-1.03403678695526
1.519,1.6888068910634435,-0.1698068910634436
1.497,2.4549533718849252,-0.9579533718849251
1.503,2.2377599256667717,-0.7347599256667718
1.491,1.73382461826718,-0.24282461826717983
1.582,1.8885434671579682,-0.3065434671579681
1.592,1.8906515086154227,-0.29865150861542267
4.903,3.619842038312771,1.2831579616872286
4.442,3.3273145024984596,1.1146854975015406
4.063,2.8230060890730475,1.2399939109269522
2.777,2.7196164243343177,0.05738357566568242
2.905,2.421006799734842,0.4839932002651577
3.218,2.8128901531741612,0.4051098468258387
3.717,2.4655713403403863,1.2514286596596138
4.255,2.0990806858420314,2.1559193141579684
4.186,2.3620177588043134,1.8239822411956865
2.522,3.1144722887407523,-0.5924722887407525
2.682,2.5373402032131818,0.14465979678681817
2.684,2.518288443197604,0.16571155680239613
2.54,2.347121195641121,0.19287880435887894
2.075,2.5801642268294094,-0.5051642268294092
3.471,2.208406930692501,1.2625930693074991
2.9,2.1833541019985554,0.7166458980014445
2.722,2.484684800088042,0.23731519991195782
1.989,2.9690993895276656,-0.9800993895276655
1.563,2.4530437862735424,-0.8900437862735424
1.985,2.5027169332845283,-0.5177169332845282
1.94,2.812026855498872,-0.8720268554988722
2.048,1.7909885486332904,0.25701145136670966
1.813,1.9023693819228702,-0.08936938192287025
2.069,2.175040340916836,-0.10604034091683623
2.121,2.682951409938947,-0.5619514099389469
2.099,2.990727266949314,-0.8917272669493137
1.393,1.9095623576886271,-0.5165623576886271
1.622,2.169409476276038,-0.547409476276038
1.607,2.0764353108133102,-0.46943531081331025
1.468,2.195278247040348,-0.7272782470403478
1.463,2.2985217067940003,-0.8355217067940002
1.657,2.861858819403066,-1.204858819403066
1.625,2.565304784073534,-0.9403047840735339
1.381,1.3846074187009338,-0.00360741870093384
1.597,2.3022432619125714,-0.7052432619125715
1.579,2.4253931364404258,-0.8463931364404258
1.478,2.2246384628880307,-0.7466384628880307
1.569,2.3674582912630937,-0.7984582912630938
1.39,1.9731434549790343,-0.5831434549790344
1.508,2.145692145639747,-0.6376921456397469
1.571,2.4075838675739765,-0.8365838675739765
1.651,2.3826271642991657,-0.7316271642991656
1.375,1.5716033297895788,-0.19660332978957884
1.418,1.8724012019030338,-0.4544012019030339
1.453,1.7125351504444037,-0.2595351504444037
1.431,2.541569704145678,-1.1105697041456781
1.604,1.7011523749782484,-0.09715237497824836
1.375,1.5781731026380061,-0.20317310263800614
1.852,2.1233517595003026,-0.27135175950030255
1.904,2.0908555344545356,-0.18685553445453573
1.927,2.141586989365451,-0.21458698936545106
1.949,2.141601035186971,-0.19260103518697114
1.906,2.1259606128831487,-0.21996061288314883
1.975,1.8720142372549429,0.10298576274505722
2.102,2.4472038015445703,-0.3452038015445704
2.008,2.539737980135129,-0.5317379801351292
1.327,1.7146524919795496,-0.38765249197954965
1.418,1.7827302715636542,-0.36473027156365423
1.28,1.5317744767693382,-0.2517744767693382
1.426,1.638405356950099,-0.212405356950099
1.306,1.6327353627793166,-0.3267353627793166
1.176,1.4791073664341094,-0.3031073664341095
1.0,1.479009247821355,-0.479009247821355
2.167,2.236994994070202,-0.06999499407020204
1.542,1.5299948932318503,0.012005106768149698
1.75,2.6872662580450624,-0.9372662580450624
1.991,1.9849328100559727,0.00606718994402744
1.875,2.1427215018781096,-0.2677215018781096
1.481,1.8646307541477394,-0.3836307541477393
2.259,2.779132244374572,-0.520132244374572
2.228,2.7706773276761503,-0.5426773276761501
2.26,2.3978865526056707,-0.13788655260567095
2.245,2.01930908666462,0.22569091333537994
2.322,2.984994237361871,-0.6629942373618709
2.286,2.4427217783424044,-0.15672177834240442
2.276,3.022122255311782,-0.7461222553117821
2.225,2.6167410572822405,-0.3917410572822404
2.253,2.6556358924184065,-0.40263589241840636
2.219,2.2211829600797106,-0.0021829600797107496
2.182,2.5983297235723697,-0.41632972357236975
2.231,2.3723550127666257,-0.14135501276662588
2.252,2.6199686974464713,-0.36796869744647154
2.273,3.0180193972301095,-0.7450193972301093
2.257,2.591932230024101,-0.3349322300241009
2.444,2.817430224731805,-0.3734302247318051
2.344,2.8120511246094884,-0.4680511246094885
4.025,3.5316085605573484,0.49339143944265196
2.398,2.769196099222359,-0.3711960992223591
2.544,3.6140176130067725,-1.0700176130067725
2.453,2.0719919920028356,0.3810080079971643
2.46,2.741593316457186,-0.2815933164571862
2.356,2.198199187189412,0.15780081281058767
2.328,2.37910938182749,-0.05110938182749036
2.548,2.77197529354951,-0.22397529354950985
2.182,2.478292061046808,-0.2962920610468083
2.246,2.52152244690007,-0.2755224469000699
2.285,2.3751345208938592,-0.0901345208938591
2.314,2.676253779182897,-0.3622537791828968
2.239,2.4562933555317112,-0.21729335553171136
2.254,2.81777342889972,-0.56377342889972
2.237,2.1168532840514707,0.12014671594852944
2.419,2.8543471699554326,-0.43534716995543254
2.271,2.5608458762826016,-0.2898458762826017
2.336,2.411904986571545,-0.07590498657154532
2.26,2.4617635929397275,-0.20176359293972768
2.23,2.4581378725615615,-0.22813787256156148
2.198,2.0574660719097677,0.14053392809023224
2.492,2.6761407259466554,-0.18414072594665543
2.507,2.543430386649514,-0.036430386649513924
2.563,1.845832861083753,0.7171671389162471
2.514,2.80294255224992,-0.28894255224992005
2.35,2.4097169047460056,-0.05971690474600555
2.449,2.9512414775246194,-0.5022414775246196
2.57,2.997761605807467,-0.42776160580746714
2.433,2.7255530891342308,-0.29255308913423095
2.539,2.482975055872336,0.056024944127664345
2.448,2.526207645445817,-0.07820764544581715
2.316,2.870538644573312,-0.554538644573312
2.579,3.180347073351437,-0.601347073351437
2.396,2.907926633599749,-0.511926633599749
2.408,2.7316812057628836,-0.32368120576288373
2.473,2.964078537144716,-0.49107853714471617
2.518,2.956558142079849,-0.4385581420798492
2.872,2.9335480326784866,-0.06154803267848674
2.494,2.766081640251345,-0.27208164025134485
5.00001,3.656859712402877,1.3431502875971226
5.00001,2.4697921342640514,2.530217865735948
5.00001,2.2783139386872593,2.7216960613127403
4.806,2.8249537192063414,1.9810462807936586
2.324,2.548307193984339,-0.2243071939843393
2.407,2.3865230746006603,0.020476925399339763
2.362,2.7689120661353526,-0.40691206613535247
2.348,2.566781159020345,-0.21878115902034523
2.125,2.6209257401609403,-0.49592574016094026
2.429,2.2404531295922925,0.18854687040770735
2.039,2.1728584864486233,-0.1338584864486232
1.963,2.1317917150453907,-0.1687917150453906
2.094,2.1559277750746313,-0.06192777507463143
2.154,2.1817119639434255,-0.027711963943425566
2.179,2.1089016810269543,0.07009831897304553
1.859,1.9931278642245225,-0.1341278642245225
1.813,1.4962871841725753,0.3167128158274246
1.391,1.4829857785057583,-0.09198577850575829
1.527,1.6023362426489265,-0.07533624264892658
1.537,1.7567173283141775,-0.21971732831417756
1.64,1.9266170955439479,-0.286617095543948
1.397,1.7873647891332896,-0.39036478913328954
1.159,1.6105865981895846,-0.4515865981895846
1.297,1.4535335996412435,-0.15653359964124358
1.3,1.641249503749278,-0.341249503749278
1.183,1.554026576757268,-0.371026576757268
1.625,1.1820817321734094,0.4429182678265906
1.563,1.7210930404617555,-0.15809304046175554
1.266,1.7691147904066455,-0.5031147904066455
1.417,1.6389205055456824,-0.22192050554568232
1.375,1.9426242946228625,-0.5676242946228625
1.167,1.6411036685441027,-0.4741036685441027
1.125,2.7198565375464376,-1.5948565375464376
1.5,1.7308434804522366,-0.23084348045223657
1.042,1.5896968202180328,-0.5476968202180328
0.875,2.8174657332826007,-1.9424657332826007
2.188,1.3174529037838387,0.8705470962161614
1.875,1.3172002633754882,0.5577997366245118
1.75,1.7187433325857062,0.03125666741429378
1.688,1.7644890257644188,-0.07648902576441885
1.625,2.0475424030051133,-0.42254240300511325
1.375,1.4725868349552866,-0.09758683495528664
1.313,1.5717698802143798,-0.25876988021437985
1.458,1.4195076490561145,0.03849235094388548
1.438,1.6516864181702915,-0.21368641817029155
2.0,2.1033278659932773,-0.10332786599327726
1.292,2.163207021295462,-0.8712070212954621
1.063,1.9832757438497193,-0.9202757438497193
1.625,1.7361828792330916,-0.11118287923309156
1.625,2.7079341036440367,-1.0829341036440367
2.0,1.7304103050516915,0.26958969494830853
1.55,1.5654047571843241,-0.015404757184324103
1.125,1.4094196886526122,-0.28441968865261225
1.375,1.4826191283392316,-0.1076191283392316
1.5,1.395699723414665,0.10430027658533492
1.525,1.270791050975889,0.25420894902411084
1.0,1.5836677576572367,-0.5836677576572367
1.625,1.6916848192920084,-0.06668481929200842
1.625,1.4508153388106881,0.17418466118931186
1.625,1.8057894072736418,-0.1807894072736418
1.625,1.6989559305290034,-0.0739559305290034
1.75,1.8011692925420595,-0.051169292542059486
1.402,1.5718461626223577,-0.16984616262235774
1.862,1.5908407392410022,0.2711592607589979
1.462,1.58238872222674,-0.12038872222674013
1.475,1.7332767593706468,-0.25827675937064676
1.813,1.78558560156298,0.02741439843701987
1.911,2.0989582232605475,-0.18795822326054745
1.656,1.8791181167955888,-0.2231181167955889
1.804,1.783971915393,0.020028084607000007
1.547,1.605786282087001,-0.058786282087001096
1.375,1.3421499102635412,0.032850089736458754
1.594,1.9205566219652124,-0.3265566219652123
2.417,1.9583339008438465,0.4586660991561533
3.1,2.580724438782522,0.5192755612174782
2.188,2.268303284028326,-0.08030328402832598
2.2,2.277492564113806,-0.07749256411380578
3.25,1.8361698726008093,1.4138301273991907
1.938,1.9969808201397892,-0.058980820139789225
1.75,1.8218920368081033,-0.0718920368081033
3.821,2.4792852935272385,1.3417147064727617
5.00001,2.351668343636645,2.6483416563633546
3.063,2.3782346761592414,0.6847653238407587
2.663,1.9535573529583994,0.7094426470416004
2.722,1.9027832121739017,0.8192167878260983
3.041,2.0005703656964835,1.0404296343035164
2.325,1.9283127348813847,0.3966872651186155
2.25,2.0416339271437085,0.2083660728562915
1.633,1.523115783573978,0.10988421642602209
2.225,1.7916672228531945,0.4333327771468056
2.229,2.2766568416851243,-0.047656841685124185
1.797,1.5422396537845242,0.2547603462154757
2.078,1.9900511948877377,0.08794880511226211
1.986,2.078390213007548,-0.0923902130075478
2.5,2.3509712423280975,0.1490287576719025
2.333,2.2641705159281944,0.06882948407180578
4.345,3.856908753432289,0.48809124656771097
3.074,2.275252347120028,0.798747652879972
3.429,2.4992207011982277,0.9297792988017721
3.939,2.661727105009154,1.2772728949908458
3.398,2.7544392349602687,0.6435607650397315
2.711,2.2041151712230054,0.5068848287769945
4.325,2.3724970741180638,1.9525029258819364
5.0,2.289127096378344,2.710872903621656
5.00001,2.330995653020882,2.6690143469791177
3.618,2.301908252652863,1.3160917473471367
3.81,2.820893522084811,0.9891064779151892
4.393,2.7538159972677025,1.6391840027322973
4.0,2.656098424569033,1.343901575430967
3.78,2.7669889729486528,1.013011027051347
3.981,2.407872070241387,1.5731279297586127
4.083,2.3852818564120177,1.6977181435879825
5.0,3.26040559559613,1.7395944044038698
4.188,2.757689105275042,1.4303108947249576
3.638,2.87101617203656,0.7669838279634398
4.069,2.5210946528426437,1.5479053471573563
4.615,2.361083883988452,2.253916116011548
5.00001,3.828370646744027,1.1716393532559728
5.00001,3.6764482337697557,1.323561766230244
5.00001,2.512418168930745,2.4875918310692544
5.00001,2.9431634034054865,2.056846596594513
2.674,2.8718837189260693,-0.19788371892606937
3.673,2.6462267820093164,1.0267732179906837
4.635,3.1081723531662124,1.5268276468337874
5.00001,4.6510947504613736,0.34891524953862607
3.952,2.7552271720102817,1.1967728279897183
3.607,2.9596273254765064,0.6473726745234938
4.5,2.076799816820827,2.423200183179173
4.147,2.438502133410277,1.708497866589723
3.0,2.740265271931063,0.25973472806893705
4.5,2.495475545076738,2.004524454923262
2.875,2.208455230703596,0.6665447692964039
1.0,1.3620265940239578,-0.36202659402395776
0.996,1.3353335332617362,-0.3393335332617362
1.098,1.579926552906977,-0.48192655290697695
1.008,1.3323884692281336,-0.3243884692281336
0.969,1.5914065001829503,-0.6224065001829503
0.94,1.4119463669705135,-0.4719463669705135
1.086,1.4422161770416246,-0.35621617704162456
1.149,1.8165760029197915,-0.6675760029197915
0.993,1.628962160303017,-0.6359621603030171
1.238,1.4524442250056802,-0.21444422500568017
1.112,1.4486398501279787,-0.3366398501279786
0.992,1.277641234784491,-0.285641234784491
1.243,1.3902748401520646,-0.1472748401520645
1.28,2.0240468067679176,-0.7440468067679176
1.279,2.4566963339164047,-1.1776963339164048
1.267,2.276537140962332,-1.009537140962332
1.75,1.7100868285408763,0.03991317145912365
1.458,2.000278994462616,-0.5422789944626161
1.538,2.225646677803813,-0.6876466778038128
1.42,3.0083055344140934,-1.5883055344140935
1.503,2.6905317777703157,-1.1875317777703158
1.688,2.5480332084764408,-0.8600332084764408
1.721,2.4590102595685392,-0.7380102595685392
1.484,2.537440660086538,-1.053440660086538
1.56,3.1554471956158188,-1.5954471956158187
1.599,2.483057190568048,-0.8840571905680481
1.862,1.9908723237553474,-0.1288723237553473
1.838,2.512801947478389,-0.6748019474783891
1.89,2.248809058842671,-0.3588090588426709
1.92,2.3353761294700757,-0.41537612947007574
1.375,1.6035557638812774,-0.2285557638812774
1.91,3.014423775985571,-1.1044237759855713
1.835,2.0088133391200285,-0.1738133391200285
1.898,2.317572110890809,-0.41957211089080926
1.756,2.5808458669754373,-0.8248458669754373
1.698,2.7991902813644867,-1.1011902813644867
1.941,3.088080906268413,-1.1470809062684129
1.649,1.901235516092114,-0.2522355160921139
1.713,2.3588945443980567,-0.6458945443980566
1.665,2.2291504025617184,-0.5641504025617183
1.571,2.538031696796465,-0.9670316967964652
1.882,2.965439772070336,-1.0834397720703361
1.892,1.7180449434086362,0.17395505659136368
1.982,1.6688424794738719,0.3131575205261281
1.435,1.695062719348722,-0.26006271934872194
1.594,1.705675902951454,-0.11167590295145402
1.281,2.0592481684249595,-0.7782481684249596
1.434,1.8758539425437912,-0.4418539425437913
1.528,2.056254143733388,-0.5282541437333879
1.708,2.357358857846627,-0.6493588578466272
1.377,1.8828500752858786,-0.5058500752858786
1.378,2.107694868078208,-0.729694868078208
1.366,2.3740676085455856,-1.0080676085455855
3.238,2.238380607798155,0.9996193922018448
1.575,1.2129714277596668,0.36202857224033314
1.643,1.998461816386023,-0.35546181638602303
1.477,1.8795015864618723,-0.4025015864618722
1.438,1.683257457171463,-0.24525745717146297
1.375,2.0607241063627932,-0.6857241063627932
1.598,2.045351121779237,-0.44735112177923697
1.64,2.405279754420951,-0.7652797544209513
1.708,2.4410393434832174,-0.7330393434832174
1.469,1.8517614105716123,-0.38276141057161217
1.7,1.9367998299603428,-0.23679982996034288
1.513,1.832318717515292,-0.31931871751529206
1.772,1.9117947280966936,-0.13979472809669358
2.594,2.591453260135017,0.002546739864982772
2.463,2.9078100552961272,-0.44481005529612716
2.188,2.3021773681465514,-0.11417736814655122
1.798,1.9544485418505178,-0.1564485418505177
1.958,2.237456074505635,-0.2794560745056349
1.531,1.8697340829087028,-0.3387340829087029
1.609,1.9224688210993026,-0.31346882109930263
1.425,1.7961077054304464,-0.37110770543044636
1.292,1.935703280233764,-0.6437032802337639
1.773,2.3404520624970893,-0.5674520624970893
1.75,2.5398198154747673,-0.7898198154747673
2.625,1.8236218791856365,0.8013781208143635
1.639,2.6141588939999423,-0.9751588939999423
1.775,2.0387022883696444,-0.2637022883696445
1.817,1.9657031856260736,-0.14870318562607365
1.74,2.59941012153533,-0.85941012153533
1.568,2.286397907077053,-0.718397907077053
1.485,1.8563083037321497,-0.3713083037321496
1.494,1.8295956247104017,-0.3355956247104017
1.7,1.923876217541422,-0.22387621754142195
1.565,2.0046929558623656,-0.4396929558623657
1.523,2.2912684716317533,-0.7682684716317534
1.539,1.8094720476321502,-0.27047204763215027
1.469,1.4681664007954764,0.0008335992045236384
1.625,1.6607527976906558,-0.03575279769065576
1.706,1.7633753210103982,-0.05737532101039822
1.491,2.029344187231437,-0.538344187231437
1.422,1.9766494447028409,-0.5546494447028409
1.504,1.8547113676093827,-0.3507113676093827
1.446,2.2652894350057515,-0.8192894350057516
1.475,1.7887429729237194,-0.31374297292371933
1.607,1.966732259298883,-0.359732259298883
1.523,2.1331206493406327,-0.6101206493406328
1.437,1.9747947295842985,-0.5377947295842984
1.557,1.7890052110718537,-0.2320052110718538
1.677,2.088005369349308,-0.41100536934930787
1.919,1.9983871724035975,-0.0793871724035975
1.928,2.2532905996529924,-0.32529059965299245
2.233,1.6323890333827769,0.6006109666172232
2.045,2.089291315019476,-0.04429131501947614
1.996,2.0934498121340885,-0.09744981213408854
2.397,1.9276087192959757,0.46939128070402414
2.0,2.338844418811468,-0.3388444188114681
2.293,1.9265204646362686,0.36647953536373157
2.268,2.4727570114407937,-0.20475701144079395
2.338,1.8431237191255014,0.49487628087449864
2.125,1.8812163650939964,0.24378363490600363
2.458,1.6417468361442182,0.816253163855782
2.183,2.649617671813588,-0.46661767181358815
2.389,2.7576365185699916,-0.3686365185699918
2.427,3.091822551085237,-0.664822551085237
2.456,2.765660273905526,-0.30966027390552586
2.463,2.620431075981079,-0.15743107598107908
2.469,2.6604350105185985,-0.19143501051859868
2.025,2.086823084461528,-0.061823084461527955
2.225,2.379168769897697,-0.154168769897697
2.256,2.6227236274691963,-0.3667236274691965
2.3,2.767379274069329,-0.4673792740693292
2.319,2.9485055769886266,-0.6295055769886266
2.278,2.4653468930081397,-0.18734689300813967
3.037,2.9814405310420122,0.05555946895798769
2.948,2.977716468270975,-0.02971646827097496
2.563,2.2646016134990075,0.2983983865009927
2.896,3.1201724689984593,-0.22417246899845944
2.313,1.8790798995655118,0.43392010043448836
2.65,2.2560014600954,0.3939985399046
2.414,2.4450139280495176,-0.031013928049517414
2.645,2.319555088823915,0.3254449111760849
2.728,1.9451127492746887,0.7828872507253115
2.37,2.0157403341669484,0.3542596658330517
2.697,2.516961846192934,0.1800381538070659
2.44,2.7370438304981697,-0.29704383049816974
2.354,2.339898387130146,0.014101612869854119
2.431,2.5128850624786883,-0.08188506247868821
2.3,2.3526412023266654,-0.05264120232666558
2.304,2.188056151852465,0.115943848147535
1.854,2.139869014016793,-0.285869014016793
1.818,2.210777339320234,-0.39277733932023384
2.021,2.025868677197069,-0.004868677197069182
1.833,2.330671060558362,-0.4976710605583621
1.857,1.7510225252959866,0.10597747470401342
1.938,1.9773028593325608,-0.039302859332560836
1.923,1.8073901797272764,0.1156098202727236
1.927,1.6273248446524475,0.2996751553475525
1.779,2.3544025295360402,-0.5754025295360403
1.811,2.410013832529412,-0.5990138325294119
1.805,2.5191737405958787,-0.7141737405958788
1.813,2.4553625534447887,-0.6423625534447888
1.845,2.145148630901998,-0.30014863090199806
1.813,2.6356053233119483,-0.8226053233119484
1.805,3.0573067279440016,-1.2523067279440017
1.88,2.2464727513268126,-0.3664727513268127
1.464,2.690513038355486,-1.226513038355486
1.58,2.7034824167684146,-1.1234824167684145
1.578,2.6874365129804403,-1.1094365129804402
1.528,2.621581743338642,-1.093581743338642
1.372,1.565614075056672,-0.19361407505667194
1.452,2.1938027362770907,-0.7418027362770907
1.555,2.8259931877579763,-1.2709931877579763
1.547,1.8581412336133236,-0.3111412336133237
1.694,2.1271813162877957,-0.43318131628779577
1.551,2.014878660208993,-0.46387866020899327
1.726,1.9097378577243664,-0.18373785772436646
1.713,1.8187556093826318,-0.10575560938263173
1.775,1.729907486417411,0.04509251358258881
1.594,1.5517321697303776,0.04226783026962244
2.088,2.237777026348459,-0.1497770263484588
2.241,2.1151956489035726,0.1258043510964275
1.736,1.8356449811957534,-0.09964498119575338
1.814,2.056157307157168,-0.24215730715716788
2.078,2.101791714382756,-0.02379171438275618
2.181,2.191846662113461,-0.010846662113460859
1.984,2.3374887363876318,-0.3534887363876318
2.089,1.9336997281997448,0.15530027180025519
2.182,2.520855525869941,-0.33885552586994105
2.186,2.075147729515378,0.11085227048462176
2.37,2.0366725566980373,0.33332744330196284
2.147,2.0000134805666234,0.14698651943337637
2.349,2.7496652676688162,-0.40066526766881605
2.536,2.402755996834273,0.13324400316572715
2.477,2.3569584731442514,0.12004152685574843
1.953,2.0963737547847723,-0.1433737547847722
2.421,1.9382281644919288,0.482771835508071
2.423,2.3289587898784,0.09404121012159994
2.38,2.2044772857668447,0.17552271423315524
2.375,1.7137256986347666,0.6612743013652334
1.947,2.185432454489952,-0.23843245448995187
2.206,2.332391514789954,-0.12639151478995414
2.315,2.414741755518555,-0.09974175551855513
2.121,2.3846228206465265,-0.26362282064652653
2.103,2.502817880484647,-0.3998178804846466
2.164,2.0477599345394673,0.1162400654605329
2.101,2.6556691296803536,-0.5546691296803536
2.206,2.9421170372114993,-0.7361170372114993
2.42,2.6155415660997656,-0.1955415660997657
1.639,1.8222892414450744,-0.1832892414450744
2.246,2.7016957028680695,-0.4556957028680695
2.273,3.0208670582982227,-0.7478670582982225
2.427,2.661889544493151,-0.23488954449315091
2.366,2.435146395857452,-0.06914639585745208
2.269,2.4686064134552863,-0.19960641345528618
2.308,2.9182928147690976,-0.6102928147690978
2.459,3.2137084761339985,-0.7547084761339984
2.445,2.920021852099733,-0.47502185209973335
2.079,1.8609306230115044,0.21806937698849582
2.25,2.1862461332585927,0.06375386674140726
2.324,2.765734589145715,-0.4417345891457152
2.29,2.25710901195138,0.032890988048619896
2.339,2.48995813081115,-0.15095813081115006
2.05,2.114035737450009,-0.06403573745000912
2.203,2.143895491858574,0.05910450814142587
2.4,2.6011397426733325,-0.20113974267333257
2.28,2.2284056156161567,0.05159438438384312
2.276,2.9896857410051894,-0.7136857410051896
2.14,2.4054585667464314,-0.2654585667464313
2.15,2.021504560477186,0.12849543952281373
2.368,2.524375451984112,-0.15637545198411207
2.608,1.8315713956258746,0.7764286043741255
2.674,2.075427766780368,0.5985722332196319
2.75,1.8626913224865886,0.8873086775134114
2.307,2.3165090057556887,-0.009509005755688804
2.327,1.995793848947807,0.33120615105219287
2.382,2.5831559868338982,-0.20115598683389813
2.333,2.2448802239369385,0.08811977606306165
2.258,2.690687188105569,-0.43268718810556894
2.339,2.1264421225421093,0.21255787745789068
2.375,2.107913758126478,0.26708624187352203
2.55,1.83851208198974,0.7114879180102598
2.705,2.3229883441058448,0.3820116558941553
2.472,3.0660337149602728,-0.5940337149602728
3.458,3.1023299832512805,0.3556700167487197
3.638,2.700619551667108,0.9373804483328918
3.761,2.7055871447482223,1.0554128552517779
3.639,2.841334112653827,0.7976658873461728
3.58,2.5609120455665413,1.0190879544334588
3.375,2.636763320471726,0.7382366795282742
3.397,2.4464427244807827,0.9505572755192171
3.58,2.935656791215115,0.644343208784885
2.75,2.3753004754433182,0.37469952455668176
3.613,2.332444120836217,1.2805558791637828
3.46,2.8268235122518073,0.6331764877481927
3.414,2.8374304003472455,0.5765695996527547
3.822,2.617664609328598,1.2043353906714023
5.00001,3.199281246204696,1.8007287537953038
5.00001,3.083433214956699,1.9165767850433006
4.922,3.708557868625965,1.213442131374035
5.00001,3.9892948183053756,1.010715181694624
4.721,4.310775074150515,0.41022492584948544
5.00001,3.873671640400698,1.1263383595993015
5.00001,3.657808435031768,1.3422015649682315
5.00001,3.044810745900973,1.9551992540990266
5.00001,3.4237594613814673,1.5762505386185324
5.00001,3.8311926494977038,1.1688173505022958
5.00001,4.722061134158507,0.27794886584149303
5.00001,3.47660647009365,1.5234035299063495
5.00001,3.47119137967688,1.5288186203231198
5.00001,2.9190686508013663,2.0809413491986333
4.771,4.002669575597213,0.7683304244027873
4.815,3.514392883784229,1.3006071162157715
5.00001,3.98855678310039,1.0114532168996098
5.00001,4.031836422069571,0.968173577930429
5.00001,3.856966607035229,1.1430433929647705
3.793,3.477654553450568,0.3153454465494323
4.604,3.327072375374053,1.276927624625947
4.227,3.821150060282087,0.40584993971791317
4.381,3.7495712784205746,0.6314287215794256
3.292,2.751707202278682,0.5402927977213179
3.362,2.574925161383841,0.7870748386161592
3.24,2.613114218617883,0.6268857813821174
3.426,2.866348351339456,0.5596516486605441
3.594,2.9114332804555914,0.6825667195444085
3.568,2.9826890838806186,0.5853109161193815
3.359,3.083981173491176,0.2750188265088238
2.958,2.720500238926129,0.23749976107387116
2.93,2.7249677839150843,0.20503221608491584
3.042,3.1194985387463663,-0.07749853874636647
3.342,2.5391531532818585,0.8028468467181415
3.169,2.661848057485758,0.5071519425142421
3.455,3.011563848820975,0.443436151179025
3.407,2.5215577226383954,0.8854422773616046
2.819,2.362965421380853,0.4560345786191471
2.9,2.1312733343176324,0.7687266656823675
3.386,2.664419308941388,0.721580691058612
2.94,2.0851684041223932,0.8548315958776067
2.974,3.0797321672690865,-0.1057321672690863
2.959,2.8187452309129597,0.14025476908704038
3.059,3.02107266480742,0.03792733519258018
3.24,2.438619118808221,0.8013808811917791
3.599,3.345418730050768,0.25358126994923236
2.929,2.8114314582483506,0.11756854175164921
3.219,3.005077745093791,0.21392225490620875
3.379,3.017592544121692,0.3614074558783078
3.404,3.718841499183449,-0.31484149918344917
3.655,3.1603480692601553,0.4946519307398445
3.527,3.4580254007091917,0.0689745992908084
3.338,3.2421754702475156,0.09582452975248446
3.293,3.7384923563239156,-0.4454923563239155
3.376,3.6085359351438937,-0.2325359351438938
4.561,2.7809917054702256,1.7800082945297744
4.537,2.760989636084232,1.776010363915768
4.743,3.826400959237239,0.9165990407627613
4.727,3.26047193475764,1.4665280652423602
4.955,3.1540417991720884,1.8009582008279117
5.00001,4.074569071333636,0.9254409286663634
4.7,3.2008785981878765,1.4991214018121237
4.421,2.6634351637712017,1.7575648362287986
5.00001,3.700671178298106,1.2993388217018937
5.00001,4.4899073512020315,0.5101026487979681
5.00001,3.835111624014682,1.1648983759853175
5.00001,3.42212750793718,1.5778824920628196
5.00001,4.092682470929092,0.9073275290709075
5.00001,4.15486578972533,0.84514421027467
5.00001,3.183036622289574,1.8169733777104256
5.00001,3.794619895277705,1.2053901047222948
5.00001,3.7263171960194605,1.273692803980539
4.345,2.894086337700963,1.4509136622990368
3.946,3.247538930347294,0.6984610696527063
5.00001,3.8874671148806708,1.1125428851193289
4.727,3.514991099816267,1.2120089001837333
4.795,3.5674609774059336,1.2275390225940663
5.00001,2.91818023281714,2.08182976718286
5.00001,3.6136846416412816,1.386325358358718
4.698,3.0022180852651994,1.695781914734801
5.00001,3.1923821821629885,1.807627817837011
3.924,3.099795434614115,0.8242045653858847
3.684,3.297265674661267,0.386734325338733
4.007,2.797324282508686,1.2096757174913138
3.808,2.912842692325987,0.8951573076740127
4.3,3.197616825237664,1.1023831747623358
5.00001,2.9494872624467217,2.050522737553278
4.35,3.1628188263838988,1.1871811736161009
3.781,2.7766943196714626,1.0043056803285375
3.846,3.083872522598078,0.762127477401922
3.662,3.0564826689573197,0.6055173310426802
3.364,2.663180688726638,0.7008193112733618
3.49,2.5029352252048795,0.9870647747951207
3.798,2.9641048364376217,0.8338951635623784
3.848,2.516729998864929,1.3312700011350707
4.327,2.935682985796441,1.3913170142035591
3.553,3.2154865127523373,0.3375134872476626
3.486,2.822393649059091,0.6636063509409094
4.202,2.9279735153886217,1.2740264846113782
5.00001,3.2407714345323404,1.7592385654676592
5.00001,2.7923452420419137,2.207664757958086
5.00001,2.885523762445724,2.1144862375542757
3.812,2.6729157980532294,1.1390842019467704
4.392,2.942447058672184,1.4495529413278163
4.167,3.278555237859469,0.8884447621405309
4.272,2.683628581139523,1.5883714188604774
2.607,1.7358444018627988,0.8711555981372014
2.719,2.892166744648831,-0.1731667446488312
2.821,2.4659747571241444,0.3550252428758558
2.803,3.0066825824011434,-0.20368258240114345
2.69,3.4132313148522844,-0.7232313148522844
2.7,2.047941041983676,0.6520589580163243
2.833,2.1947067865826853,0.6382932134173149
2.656,2.3784891371690806,0.2775108628309195
2.666,2.317895249180756,0.34810475081924386
2.984,2.354740002232907,0.6292599977670932
2.963,2.653327556762455,0.3096724432375453
3.252,3.3453103007190155,-0.09331030071901569
2.917,2.620128779497527,0.2968712205024726
2.838,2.9832365584541627,-0.1452365584541626
2.559,2.661843777878663,-0.10284377787866283
2.671,2.4474170939023203,0.2235829060976795
2.781,3.376644471716192,-0.595644471716192
2.523,3.3777754406771248,-0.8547754406771246
2.554,3.277109148693837,-0.7231091486938372
2.596,3.405792145101981,-0.8097921451019809
2.486,2.4326896848450783,0.053310315154921906
2.794,2.8157712060562146,-0.02177120605621452
2.859,2.959597129461954,-0.1005971294619541
2.865,2.8964348674477627,-0.03143486744776247
2.613,2.6590535365606924,-0.04605353656069244
2.796,2.9591116952908556,-0.16311169529085578
2.57,2.262853107772128,0.30714689222787195
2.815,2.371531487184633,0.4434685128153668
2.713,2.539270029705973,0.17372997029402715
3.097,3.2686456324152764,-0.17164563241527642
3.141,2.927080822422533,0.21391917757746715
3.319,2.8393918482871654,0.47960815171283455
3.585,2.95956752803925,0.62543247196075
3.509,3.218985539569596,0.2900144604304038
3.307,3.0962364966481317,0.21076350335186822
3.542,2.7021586204614776,0.8398413795385222
3.482,2.996460715747937,0.4855392842520634
3.344,2.682781125986606,0.661218874013394
3.326,2.8985681900594154,0.4274318099405847
3.412,3.2274531607874146,0.1845468392125853
3.493,3.2684888261643446,0.22451117383565533
3.953,3.012588124378843,0.940411875621157
3.547,2.2171434977577356,1.3298565022422646
3.613,2.3230676410039552,1.2899323589960447
4.1,3.256220286665748,0.8437797133342517
3.79,2.8957825876539323,0.8942174123460678
3.42,3.264047027699874,0.15595297230012584
3.536,2.87942179212548,0.6565782078745199
3.43,3.103738356977295,0.326261643022705
3.428,2.7616632059436843,0.6663367940563156
3.434,3.1859556680894414,0.24804433191055875
3.502,3.015237498509004,0.486762501490996
3.534,2.6402310940384064,0.8937689059615934
3.39,3.5269645998949835,-0.13696459989498333
2.864,2.7724948872358226,0.09150511276417728
2.348,2.3342214136524277,0.01377858634757212
2.707,2.513511898807522,0.19348810119247783
3.189,2.5107660297683037,0.6782339702316964
3.761,1.600476567295014,2.160523432704986
2.25,2.426365699425002,-0.17636569942500202
2.73,2.1685805642718172,0.5614194357281828
2.799,2.2339161008620234,0.5650838991379765
3.1,2.787756874738806,0.3122431252611939
3.237,2.4657807206432403,0.7712192793567598
3.617,2.874211832969851,0.7427881670301488
3.626,2.3035988916551022,1.3224011083448977
3.36,2.4825512488796915,0.8774487511203084
3.821,2.4795605433103556,1.3414394566896446
3.795,3.484228722522077,0.31077127747792277
3.462,2.7252776983163955,0.7367223016836046
3.57,2.569947570793302,1.000052429206698
4.178,3.3266721143615783,0.8513278856384217
4.468,2.786342658312299,1.6816573416877008
3.289,2.4306831719534694,0.8583168280465308
3.39,3.3122602272424078,0.07773977275759236
3.878,3.1304333382235017,0.7475666617764984
3.527,3.2522617528720885,0.2747382471279116
3.669,3.2855894961839467,0.38341050381605335
3.395,3.111392885563675,0.2836071144363248
3.608,2.1662260600398238,1.4417739399601763
3.3,3.3908677800291573,-0.09086778002915752
3.788,2.6147130939498116,1.1732869060501883
3.599,2.813877869099457,0.7851221309005432
4.583,2.8151590348579725,1.7678409651420277
4.836,3.4136618462741155,1.4223381537258848
4.103,4.1114170835455335,-0.008417083545533721
5.00001,2.989010675709433,2.010999324290567
5.00001,3.280415561163168,1.7195944388368316
3.568,2.781160850354868,0.7868391496451319
4.822,3.489325352721425,1.332674647278575
5.00001,3.5864347330746917,1.4135752669253079
4.885,3.219828220534623,1.6651717794653766
5.00001,3.0660760134917426,1.933933986508257
4.875,2.214648218000638,2.660351781999362
5.00001,5.087869193140181,-0.08785919314018109
3.656,2.3903641408659095,1.2656358591340906
3.5,2.7832454475220256,0.7167545524779744
3.277,2.494466148718523,0.7825338512814772
3.189,2.9299948567162093,0.25900514328379076
3.117,2.7915446384136353,0.3254553615863647
5.00001,3.039785374113159,1.9602246258868408
3.089,2.229744253061063,0.859255746938937
2.858,2.424531183062892,0.43346881693710815
2.547,2.183709936741903,0.3632900632580971
2.779,2.4326576358506053,0.34634236414939457
2.448,2.1117471437616127,0.3362528562383873
2.799,2.4023514912968404,0.3966485087031595
3.151,2.4255900986314227,0.7254099013685771
2.864,2.066474037737878,0.7975259622621218
2.5,2.2407009921947374,0.2592990078052626
3.838,2.1050966178995343,1.7329033821004658
2.711,2.235756935594611,0.4752430644053889
5.00001,3.942953911379052,1.0570560886209477
5.00001,4.052757040036016,0.9472529599639836
5.00001,4.07370900171583,0.9263009982841695
5.00001,3.596036501222943,1.4039734987770567
5.00001,4.857395116041646,0.14261488395835364
5.00001,4.0761566204504565,0.9238533795495432
5.00001,5.5520995503358455,-0.5520895503358458
5.00001,5.090651527875455,-0.0906415278754551
5.00001,5.871461748840451,-0.8714517488404514
5.00001,5.363257568186076,-0.3632475681860763
5.00001,4.6781459325854655,0.3218640674145341
5.00001,4.989168825657964,0.01084117434203602
5.00001,4.045679337630955,0.9543306623690446
5.00001,4.787158724265501,0.2128512757344989
5.00001,4.573851902627492,0.4261580973725074
4.183,3.276553286944559,0.9064467130554408
5.00001,3.849177120661911,1.1508328793380884
5.00001,4.1811484835868695,0.8188615164131301
5.00001,3.99716703149082,1.0028429685091798
5.00001,6.848540328874062,-1.8485303288740624
5.00001,4.748937448260445,0.25107255173955423
5.00001,3.783938446716764,1.2160715532832356
5.00001,3.856515408072542,1.1434945919274577
5.00001,4.589350298222822,0.4106597017771776
4.168,3.3024821013444523,0.8655178986555478
4.147,3.3055848554001854,0.8414151445998148
3.573,2.611845711101814,0.9611542888981859
3.964,3.304731861041903,0.659268138958097
5.00001,4.701443290605345,0.29856670939465424
5.00001,4.426739530830931,0.5732704691690689
5.00001,5.480516623703913,-0.4805066237039135
5.00001,4.711373555923666,0.2886364440763334
5.00001,3.5316142194506006,1.468395780549399
2.0,1.855232010607153,0.14476798939284707
2.889,1.4708866514290921,1.4181133485709077
2.667,2.034865868142273,0.6321341318577267
2.361,1.8578190467280526,0.5031809532719476
3.125,1.5137178365253663,1.6112821634746337
3.136,1.8846403583043663,1.2513596416956339
2.438,1.6425478470140422,0.795452152985958
2.833,1.601348566823856,1.2316514331761441
3.0,1.9835255843056365,1.0164744156943635
2.0,1.893381192760494,0.10661880723950601
3.833,1.7738676947023126,2.0591323052976875
3.833,2.132505209493808,1.700494790506192
3.0,2.087170598696414,0.9128294013035858
5.00001,2.461694162451069,2.5383158375489305
2.25,2.1221541726796063,0.12784582732039373
3.417,2.0012983814581546,1.4157016185418452
4.0,3.0540967140194253,0.9459032859805747
3.125,1.8213102115822,1.3036897884178
4.314,2.116829767968514,2.197170232031486
3.353,1.9589138686830632,1.394086131316937
4.308,2.3800623490063133,1.9279376509936865
4.5,2.508354084854972,1.9916459151450279
2.813,2.2003968834796424,0.6126031165203578
2.729,1.8735417622993351,0.855458237700665
3.625,2.2533319030337218,1.3716680969662782
4.25,2.5780049843715576,1.6719950156284424
3.75,2.0184184617237593,1.7315815382762407
5.00001,6.739127893524534,-1.7391178935245346
5.00001,6.692857420541165,-1.692847420541165
5.00001,6.917939726721435,-1.917929726721435
5.00001,6.864887137350446,-1.8648771373504465
5.00001,6.699846693427434,-1.699836693427434
5.00001,6.717043697383316,-1.7170336973833162
5.00001,6.778000091427814,-1.7779900914278146
5.00001,6.824035344085396,-1.8240253440853964
5.00001,6.911931518439217,-1.9119215184392173
5.00001,2.6917342049591735,2.308275795040826
5.00001,2.514185097244086,2.4858249027559136
5.00001,3.115106089970039,1.8849039100299607
5.00001,2.3019189326413136,2.698091067358686
5.00001,1.9071881756669151,3.0928218243330843
5.00001,2.1412024424828244,2.858807557517175
5.00001,3.4268078999772555,1.573202100022744
5.00001,4.1007594216866625,0.8992505783133371
5.00001,3.9725624486190636,1.027447551380936
5.00001,2.3526379786207827,2.647372021379217
5.00001,3.022153645894225,1.9778563541057745
5.00001,2.197159005275685,2.8028509947243148
5.00001,2.487100414989526,2.5129095850104735
5.00001,2.461732185178562,2.5382778148214378
5.00001,4.2902926366812055,0.7097173633187941
5.00001,3.4312693949420012,1.5687406050579984
5.00001,2.5049470714005815,2.495062928599418
5.00001,3.1165620995235988,1.8834479004764009
5.00001,2.476604417039414,2.5234055829605855
5.00001,4.5850599932318135,0.41495000676818616
5.00001,6.4594915198699,-1.4594815198699003
5.00001,6.2936534916157845,-1.2936434916157848
5.00001,4.037916854408403,0.9620931455915969
5.00001,7.0162046269143445,-2.016194626914345
5.00001,4.2177548185316205,0.7822551814683791
5.00001,2.7874099678364526,2.212600032163547
4.351,2.4909407970227497,1.8600592029772502
5.00001,5.459224833777723,-0.45921483377772354
5.00001,3.977377149378984,1.0226328506210156
5.00001,3.9699108526341385,1.0300991473658612
5.00001,3.510280051434555,1.4897299485654445
5.00001,2.3956234832415246,2.604386516758475
5.00001,2.8670663491636597,2.13294365083634
4.367,2.58519555495739,1.78180444504261
3.833,2.362631213029552,1.470368786970448
4.833,2.1974810737874093,2.635518926212591
2.917,2.0013750618953248,0.915624938104675
3.5,2.1742356402592633,1.3257643597407367
5.00001,2.1108340921795326,2.889175907820467
4.421,2.6701239807279666,1.7508760192720336
4.5,2.3386465690606952,2.1613534309393048
4.708,2.476267807122672,2.2317321928773284
3.536,2.011115716862679,1.5248842831373208
4.75,2.0439396623056036,2.7060603376943964
3.3,2.134957036461313,1.1650429635386867
5.00001,4.429129209286383,0.5708807907136162
5.00001,2.6359873661814586,2.364022633818541
5.00001,2.42606466584851,2.5739453341514897
5.00001,2.272571372912817,2.7274386270871824
3.5,2.696430947691056,0.8035690523089438
3.479,2.212271231743143,1.2667287682568569
3.818,2.338482936722155,1.4795170632778452
2.906,2.353247211393637,0.5527527886063632
3.405,2.29774974166926,1.10725025833074
3.1,1.273680209603231,1.8263197903967692
3.75,1.8728353627251306,1.8771646372748694
3.75,2.0186576369820224,1.7313423630179776
3.667,2.23682006781831,1.43017993218169
3.273,1.9672684317141325,1.3057315682858677
3.25,2.083270323794004,1.1667296762059962
3.375,1.8523448030500678,1.5226551969499322
2.333,1.9766324492428635,0.35636755075713666
2.975,1.8846211947743594,1.0903788052256407
2.5,1.5569654535361241,0.9430345464638759
3.325,1.6515190276331355,1.6734809723668647
3.308,1.7866576746573863,1.5213423253426135
2.938,1.9097886442519012,1.028211355748099
4.5,1.5435426840005049,2.9564573159994953
5.00001,1.8642907134553324,3.135719286544667
5.00001,2.133978921538063,2.8660310784619365
3.815,2.548153126838488,1.2668468731615121
3.7,2.2936664099312445,1.4063335900687557
4.25,2.319013594513093,1.930986405486907
5.00001,2.1654655595434305,2.834544440456569
3.538,2.6674515971166484,0.8705484028833514
3.844,2.545545950329397,1.2984540496706027
3.405,2.149437386812271,1.2555626131877289
4.5,2.4145367376329663,2.0854632623670337
5.0,2.3430122409190366,2.6569877590809634
5.00001,2.1614123025993033,2.8385976974006963
5.00001,2.116886490888507,2.8831235091114924
4.444,1.9924554497798448,2.451544550220155
4.708,2.864506373911049,1.8434936260889514
4.629,2.655663222185377,1.9733367778146227
3.983,2.495767423841882,1.4872325761581182
4.182,1.9285822117369673,2.2534177882630333
5.00001,2.4956999492738223,2.5043100507261773
5.00001,3.6551133511649923,1.3448966488350074
4.801,3.284868131477005,1.516131868522995
4.611,2.164374558122563,2.446625441877437
4.13,2.3642352732819916,1.7657647267180083
4.219,2.2864878670491002,1.9325121329509
4.934,3.3689117608065136,1.5650882391934866
4.562,2.1886644625621585,2.3733355374378418
4.73,3.3521846443533,1.3778153556467005
4.054,2.997002511547737,1.0569974884522635
1.964,1.5457328391988576,0.41826716080114235
2.664,2.4669747494424685,0.19702525055753162
2.686,2.485020378574668,0.20097962142533188
2.794,2.337078430797218,0.45692156920278215
3.145,2.350995148162173,0.7940048518378271
3.041,2.55716968084173,0.4838303191582698
3.406,1.6507414399861644,1.7552585600138357
3.229,2.563612102240944,0.6653878977590559
3.551,2.3495304589935357,1.2014695410064644
3.563,2.9717848689204773,0.5912151310795228
3.328,2.7735594468948275,0.5544405531051724
4.857,2.8310440717609664,2.025955928239034
3.692,3.324734360184399,0.3672656398156011
3.149,2.965028931440766,0.18397106855923395
3.391,2.526443577092357,0.864556422907643
3.294,2.6679284129290965,0.6260715870709035
3.36,2.8992660656349685,0.4607339343650314
3.281,3.193111318083684,0.08788868191631627
3.267,2.9247299201257917,0.3422700798742082
3.443,2.6754842448570813,0.7675157551429188
3.516,3.1603260479624846,0.3556739520375154
3.335,2.6946492061223974,0.6403507938776025
3.31,2.988525803883391,0.321474196116609
5.00001,2.8032259925667344,2.196784007433265
3.025,2.8711645295146955,0.15383547048530444
2.853,2.0248757111337796,0.8281242888662206
3.05,2.0732555090399356,0.9767444909600642
2.714,1.7835478589292713,0.9304521410707287
3.298,2.894174159040003,0.4038258409599971
2.75,2.421289187572701,0.3287108124272988
3.25,2.1893374548180087,1.0606625451819913
3.143,2.42556380316252,0.7174361968374798
3.23,2.421588960162798,0.808411039837202
2.75,3.4078896857155723,-0.6578896857155723
5.00001,3.013003585794224,1.9870064142057755
2.283,2.630189361068573,-0.347189361068573
4.391,4.126291968008013,0.26470803199198745
3.137,2.838860302913637,0.29813969708636323
3.97,2.760854510240145,1.2091454897598553
5.00001,3.261059002946501,1.7389509970534984
4.925,3.0260153291785983,1.8989846708214015
2.704,2.8301925816668208,-0.12619258166682057
2.691,2.7835705220742195,-0.09257052207421967
2.871,2.4968044616714375,0.37419553832856245
2.689,2.66570909710328,0.023290902896719867
2.221,2.1825052969405094,0.038494703059490654
3.149,2.7333935382249326,0.41560646177506744
3.133,3.07375141854849,0.059248581451509796
2.476,2.441941997338491,0.03405800266150916
2.968,2.279609483520769,0.688390516479231
1.794,2.2749192944981234,-0.4809192944981233
1.83,2.3033343497093166,-0.47333434970931654
3.72,3.415267977445403,0.3047320225545973
4.72,4.199387144210139,0.520612855789861
5.00001,3.489906609493348,1.5101033905066514
4.07,3.453768042443042,0.6162319575569581
4.385,4.054302670258801,0.3306973297411986
3.8,3.7531462413733783,0.046853758626621556
4.333,2.4582377936858686,1.8747622063141316
5.00001,4.8373506243428395,0.16265937565716015
5.00001,4.64365781944017,0.35635218055982953
4.481,3.1716146953784023,1.3093853046215975
5.00001,4.171742625695445,0.8282673743045548
5.00001,2.1722949268063645,2.827715073193635
5.00001,3.101924846336237,1.8980851536637626
5.00001,3.2116057389972643,1.7884042610027353
3.773,2.6311920288376234,1.1418079711623768
3.185,2.7070481813552147,0.4779518186447853
3.992,3.6399359970336325,0.35206400296636753
3.567,3.3093673045591885,0.2576326954408117
3.461,2.5646049031645175,0.8963950968354824
5.00001,2.8577323837072974,2.142277616292702
3.855,3.4580762249143975,0.3969237750856025
5.00001,2.9053278678426504,2.094682132157349
5.00001,4.031503288809059,0.9685067111909405
5.00001,4.011725576234422,0.9882844237655775
5.00001,3.914573998418789,1.0854360015812108
5.00001,4.151917518432983,0.8480924815670168
5.00001,3.532124248680406,1.4678857513195935
5.00001,4.27879025304102,0.7212197469589796
5.00001,4.522706806411037,0.47730319358896267
5.00001,3.69548001106556,1.3045299889344397
5.00001,4.29762572406941,0.7023842759305898
1.067,1.1697016934286033,-0.10270169342860336
1.151,1.4998824526841026,-0.34888245268410256
1.2,1.4362499985925485,-0.23624999859254858
1.239,1.5608906474898494,-0.3218906474898493
1.048,1.316302489173736,-0.268302489173736
1.5,1.0775173863153524,0.42248261368464757
1.44,1.549042850067888,-0.10904285006788816
1.401,2.0941684268505076,-0.6931684268505076
1.257,1.8974152982113774,-0.6404152982113775
1.315,1.891361599687699,-0.576361599687699
0.968,1.3397585700379326,-0.37175857003793267
1.026,1.8098830560977417,-0.7838830560977417
1.875,1.3841968196582684,0.49080318034173165
1.594,0.9599037946829543,0.6340962053170458
1.411,1.9121327971059745,-0.5011327971059745
1.385,1.089298572907371,0.29570142709262903
1.375,1.0787641199538456,0.2962358800461544
1.04,1.1764899536923727,-0.1364899536923727
2.25,0.9849730519423461,1.265026948057654
1.3,1.7431799753821535,-0.4431799753821535
0.938,0.8238662590919978,0.1141337409080021
1.088,1.8105714655955065,-0.7225714655955064
1.135,1.6537862132268,-0.5187862132268
1.011,1.3601388797258382,-0.34913887972583835
1.003,1.6281085739505625,-0.6251085739505626
1.196,1.9605116026611196,-0.7645116026611196
1.265,2.1111266333284293,-0.8461266333284294
0.854,1.3756559372976511,-0.5216559372976511
1.075,1.5339141143371915,-0.45891411433719154
1.109,1.6441362743795533,-0.5351362743795534
1.469,1.5821567184169623,-0.11315671841696218
2.472,1.974694597936776,0.49730540206322393
1.181,1.9031962483139009,-0.7221962483139008
1.172,1.8298180286335226,-0.6578180286335227
1.014,1.7245859625875257,-0.7105859625875257
0.93,1.4110412631746194,-0.48104126317461937
0.869,0.7093081952416207,0.1596918047583793
0.977,1.3189419552343442,-0.34194195523434423
0.984,1.2405815638596431,-0.25658156385964315
1.021,0.7401605604481265,0.2808394395518734
1.163,1.8389806200195644,-0.6759806200195644
1.277,2.217751030081637,-0.9407510300816371
1.268,1.8746739909820058,-0.6066739909820058
1.0,1.7026848978194766,-0.7026848978194766
0.949,1.3490057523097656,-0.40000575230976565
1.636,2.0924264553157643,-0.4564264553157644
1.464,0.9254990722126037,0.5385009277873962
1.634,1.921340257507966,-0.2873402575079662
1.719,1.6937483844835752,0.025251615516424852
1.856,2.7078778978425406,-0.8518778978425405
1.679,2.0215396394336484,-0.3425396394336484
1.403,1.8905589176044901,-0.4875589176044901
1.268,1.9176050011724282,-0.6496050011724281
1.732,2.344665542078011,-0.6126655420780109
1.797,1.9996416135308563,-0.2026416135308564
1.382,1.5409358302455463,-0.15893583024554636
1.524,2.1352067166807247,-0.6112067166807247
1.401,1.4189428369307984,-0.017942836930798345
1.363,1.623410452072931,-0.2604104520729311
1.854,1.6326787916038077,0.2213212083961924
2.184,1.5755437349204249,0.6084562650795753
2.649,2.362810720897721,0.28618927910227887
1.489,2.0953276456849177,-0.6063276456849176
1.567,2.4960616648136744,-0.9290616648136745
1.516,1.9507977526163178,-0.4347977526163178
1.375,1.204484782585145,0.17051521741485498
1.256,1.038072233203962,0.21792776679603798
1.327,1.2314211719066193,0.0955788280933807
1.358,1.5996036466478023,-0.2416036466478022
1.41,1.6179350063992763,-0.20793500639927642
1.357,1.7548675118715642,-0.3978675118715642
0.992,1.1771402792347179,-0.18514027923471787
0.969,1.1946771485047465,-0.22567714850474652
2.281,1.8108171617498268,0.4701828382501734
2.922,2.847050914070769,0.074949085929231
2.044,2.513303248000782,-0.46930324800078216
0.945,1.3380904739128763,-0.3930904739128763
1.114,1.8767527597893416,-0.7627527597893415
1.541,1.972371109457049,-0.43137110945704915
2.621,2.0110781704782292,0.6099218295217708
2.224,2.1013435321610587,0.12265646783894146
1.811,2.559255343410007,-0.748255343410007
1.026,1.0706244569751757,-0.0446244569751757
1.135,1.8149431157929319,-0.6799431157929319
1.676,1.5946180919633868,0.08138190803661316
1.485,1.6356477991321785,-0.1506477991321784
1.035,1.6639414953964973,-0.6289414953964974
1.069,1.3731697765920214,-0.3041697765920215
1.381,1.4160338252861657,-0.03503382528616572
1.429,1.8122319935323243,-0.3832319935323243
1.466,1.6518725848462612,-0.18587258484626124
1.074,1.8826886415847386,-0.8086886415847385
1.093,1.8202066079160704,-0.7272066079160704
1.163,1.3774203849447149,-0.21442038494471483
1.455,1.7012312745322187,-0.2462312745322186
1.372,1.9289250741746642,-0.5569250741746641
1.543,1.6192623461880133,-0.07626234618801342
1.513,1.9690773991365167,-0.4560773991365168
1.374,1.6787488003826574,-0.3047488003826573
1.418,1.8555069418183894,-0.43750694181838945
2.399,2.0520156042173414,0.3469843957826586
2.252,2.6372677524024106,-0.38526775240241085
5.00001,4.342728511314284,0.6572814886857152
3.333,2.6497349773011853,0.6832650226988148
3.116,2.7733989620216586,0.3426010379783415
3.404,1.9831449543875952,1.4208550456124047
2.94,2.1521218682784804,0.7878781317215195
3.191,2.074926477318141,1.1160735226818588
1.508,1.4950216915000376,0.012978308499962399
1.594,2.1309273732607528,-0.5369273732607527
1.65,1.4465363875867863,0.20346361241321365
1.953,2.152447376346871,-0.19944737634687093
2.202,2.8056192649265266,-0.6036192649265266
2.518,2.5724093207085437,-0.054409320708543873
1.875,1.7485593591076503,0.12644064089234974
2.394,2.5510463811753987,-0.1570463811753986
1.85,2.5718810335215654,-0.7218810335215653
2.332,2.4560788485712224,-0.12407884857122253
1.855,2.610887659499536,-0.7558876594995358
2.178,2.789607473054355,-0.611607473054355
2.362,2.7136157928450197,-0.35161579284501965
2.201,2.5972129566633093,-0.39621295666330925
2.537,2.746512184598477,-0.2095121845984771
1.695,2.3312503895214793,-0.6362503895214793
3.59,3.4610280343124837,0.12897196568751612
1.879,2.2655001427873347,-0.3865001427873347
1.996,2.5612957796445794,-0.5652957796445794
2.134,2.2208280273116214,-0.08682802731162154
2.29,2.488513870078247,-0.19851387007824695
2.385,1.7525026119306601,0.6324973880693396
1.83,2.543045537618029,-0.7130455376180289
2.183,2.8482719962849843,-0.6652719962849845
1.946,1.9908442152545656,-0.04484421525456561
2.377,2.858665925581639,-0.48166592558163934
4.5,1.3610870083761673,3.1389129916238327
1.671,2.000451515100755,-0.3294515151007549
2.363,2.492048049346723,-0.1290480493467232
1.55,1.9523337649962573,-0.4023337649962573
1.546,1.665230440811096,-0.11923044081109602
2.852,2.5733113535456162,0.2786886464543836
2.281,2.033273302568247,0.24772669743175335
1.361,1.876034325400175,-0.515034325400175
2.621,3.1386489238233977,-0.5176489238233977
3.112,2.519426846198583,0.5925731538014172
3.337,2.082275470962979,1.2547245290370213
3.237,3.55480418523395,-0.3178041852339497
5.00001,2.680631488543793,2.3193785114562067
2.781,3.156715069321267,-0.37571506932126697
2.026,2.479608375677729,-0.4536083756777294
2.651,2.731768942738828,-0.08076894273882829
2.829,3.0336275946769495,-0.20462759467694935
3.209,2.6394481435894,0.5695518564105999
3.233,3.125208734917323,0.10779126508267689
3.295,2.9145267551778575,0.3804732448221424
0.14999,2.5352610881784656,-2.385271088178466
1.625,2.1323917233267,-0.5073917233267
1.917,1.617758861736569,0.299241138263431
1.83,2.3690621614884946,-0.5390621614884945
3.75,2.4165933097801253,1.3334066902198747
1.795,0.6142520265649918,1.1807479734350081
2.143,1.247958953400327,0.8950410465996728
1.146,0.8786995156247077,0.2673004843752922
0.956,0.8549200673681161,0.10107993263188386
1.063,1.2180871792390755,-0.15508717923907556
1.065,1.07115319638859,-0.006153196388590132
1.241,0.6912974150920042,0.549702584907996
1.198,0.8055169103360595,0.3924830896639404
1.037,0.7261508356395234,0.3108491643604765
1.223,0.5870369908831858,0.6359630091168142
1.044,0.8073278905641279,0.23667210943587214
1.375,0.6635769713001807,0.7114230286998193
1.478,0.7554779647456773,0.7225220352543227
0.944,1.2516713915275064,-0.30767139152750644
0.807,1.1743815605538774,-0.3673815605538774
0.961,0.7887982146447723,0.17220178535522768
1.136,1.2850156513769846,-0.1490156513769847
1.231,0.7503110957786809,0.48068890422131916
1.125,1.1347943648788874,-0.009794364878887407
0.463,1.4614978598506467,-0.9984978598506467
0.917,1.386325971448935,-0.46932597144893506
0.792,0.8275897581224383,-0.03558975812243825
0.759,1.062605158045788,-0.303605158045788
0.505,0.6891973188760327,-0.18419731887603275
0.507,0.7182066000490546,-0.21120660004905456
0.523,0.9568893756582186,-0.4338893756582186
0.57,1.0004221314323498,-0.43042213143234986
0.815,1.2037665802631419,-0.3887665802631419
0.588,0.9774675615999711,-0.3894675615999711
0.638,1.3277328114825742,-0.6897328114825741
0.839,1.3001843633401517,-0.4611843633401518
0.619,0.9141479708809956,-0.29514797088099565
0.643,0.9144629043384473,-0.27146290433844733
0.633,1.0170382563586697,-0.3840382563586697
0.652,0.9881867906473081,-0.33618679064730805
0.922,1.0895748261282456,-0.1675748261282456
1.563,1.273019620900013,0.28998037909998686
0.953,1.535655747065101,-0.5826557470651011
0.958,0.6935249332316016,0.2644750667683984
0.746,1.289295800397346,-0.543295800397346
0.849,1.2815380547913084,-0.43253805479130847
0.885,0.9939954777665776,-0.10899547776657759
0.816,1.3953827619482237,-0.5793827619482238
0.96,0.9808942930872291,-0.02089429308722912
0.539,0.8350548561365603,-0.29605485613656024
0.985,1.5309446955472896,-0.5459446955472896
1.024,1.615280415087169,-0.5912804150871689
1.012,1.6526233636682968,-0.6406233636682968
1.118,1.5056243686154933,-0.3876243686154932
0.596,0.9848634587418259,-0.38886345874182593
0.604,0.5369560493513501,0.06704395064864987
0.618,0.9868094488633201,-0.3688094488633201
0.471,0.7702820915983684,-0.2992820915983684
0.528,0.9068374534553072,-0.37883745345530717
0.48,0.8075928090844964,-0.3275928090844964
0.965,1.5379127002886617,-0.5729127002886617
0.942,1.4697347082896965,-0.5277347082896966
0.909,1.8719750475988817,-0.9629750475988816
1.194,1.5879144736472746,-0.3939144736472746
0.738,1.3553462134963836,-0.6173462134963836
0.707,1.163397351851845,-0.45639735185184505
0.55,0.8192410208634153,-0.2692410208634153
0.617,0.7690063436154213,-0.1520063436154213
0.523,0.8617168657616134,-0.3387168657616134
0.525,0.899677109634307,-0.374677109634307
0.614,0.9602170973001087,-0.34621709730010874
0.661,1.214820447271808,-0.553820447271808
0.652,0.7544167310117507,-0.10241673101175064
0.516,0.8499432554072668,-0.33394325540726677
0.518,0.636826208976067,-0.118826208976067
0.483,0.757827142823442,-0.274827142823442
0.623,1.0669403178106274,-0.44394031781062737
1.213,1.6228132346323618,-0.40981323463236174
0.65,1.3812439320394894,-0.7312439320394893
0.617,1.159159298659739,-0.542159298659739
3.07,2.9025425491296195,0.16745745087038033
3.921,3.524649113277064,0.39635088672293595
2.556,2.687175908772871,-0.131175908772871
3.349,3.11420229407776,0.23479770592224014
2.909,2.6879231473013454,0.2210768526986544
4.232,3.4569416559966646,0.7750583440033356
2.153,2.1118209696676873,0.04117903033231274
2.286,2.206624264515282,0.07937573548471821
2.879,3.0185350994482167,-0.13953509944821674
3.095,2.547236757405737,0.5477632425942631
2.016,2.1716485614134466,-0.15564856141344663
3.015,2.7474983042707986,0.26750169572920157
2.792,2.866122660808359,-0.07412266080835916
3.687,3.2714107017424574,0.4155892982575424
2.763,2.5686250685803067,0.1943749314196932
2.856,2.8900171619656954,-0.034017161965695486
3.45,3.194735268558668,0.2552647314413323
2.098,2.3825458395979076,-0.2845458395979077
2.953,2.678682067323272,0.27431793267672777
3.508,2.0752511383495813,1.4327488616504187
4.359,2.9753137162822214,1.3836862837177786
1.188,1.9151709357686473,-0.7271709357686473
0.675,2.0295997385010294,-1.3545997385010293
1.792,2.372551691883154,-0.5805516918831539
2.527,2.523468025672699,0.003531974327301235
3.109,2.931955970131627,0.1770440298683731
2.742,2.3066347937824947,0.4353652062175053
4.0,3.880259555740655,0.11974044425934505
2.932,3.1827450393521266,-0.25074503935212666
3.877,3.2231147802760756,0.6538852197239242
3.248,3.3909655410470325,-0.1429655410470323
3.973,3.991502658528306,-0.01850265852830635
3.14,3.0067801256968276,0.1332198743031725
2.395,2.5637051015688472,-0.16870510156884722
3.615,3.2612648593452334,0.35373514065476686
3.422,3.208911941340866,0.21308805865913394
2.77,2.1393466057977673,0.6306533942022328
3.011,2.4232604215665523,0.5877395784334478
4.44,3.7506439833252276,0.6893560166747728
3.242,2.0401114581068005,1.2018885418931995
3.719,3.244310366116581,0.4746896338834188
3.199,2.7531855470136515,0.44581445298634836
5.00001,4.2203183846431624,0.7796916153568372
3.375,2.1808547857423477,1.1941452142576523
4.333,2.9493040592525714,1.3836959407474287
4.878,3.1791423750604806,1.6988576249395195
3.294,2.2791950383517063,1.0148049616482937
4.392,3.5874946721943775,0.8045053278056229
5.00001,5.505644758179382,-0.5056347581793821
4.208,3.4368950932127147,0.7711049067872855
4.517,3.281000275841564,1.2359997241584364
2.0,2.032287226161716,-0.0322872261617162
2.708,2.17524091335334,0.53275908664666
2.875,2.090558292190934,0.7844417078090662
3.521,3.1707068501141107,0.3502931498858892
2.313,2.185655266020542,0.127344733979458
2.638,2.392655751614046,0.2453442483859538
3.31,2.9469652396700488,0.3630347603299513
2.688,2.3985150751512028,0.2894849248487974
5.00001,3.3780479103483487,1.621962089651651
2.908,2.5103570580695336,0.39764294193046634
1.875,2.3198897941646597,-0.4448897941646597
2.125,3.2031694703694695,-1.0781694703694695
1.875,1.9702830149134594,-0.09528301491345936
2.92,3.1881860640286623,-0.2681860640286624
2.667,2.3824551306137742,0.2845448693862256
2.554,2.702626371491416,-0.148626371491416
3.091,2.705233126173585,0.38576687382641506
3.054,3.025356095492237,0.028643904507762663
2.752,2.881206233060049,-0.1292062330600494
2.896,2.7182554288448557,0.1777445711551442
3.167,4.1886591395662975,-1.0216591395662977
3.02,2.5095729686733423,0.5104270313266577
2.466,2.437108945876564,0.028891054123436177
4.143,3.2308111421398866,0.9121888578601132
3.201,2.932466624613168,0.268533375386832
3.369,2.513600495415853,0.8553995045841472
3.55,2.8778697352507914,0.6721302647492085
3.163,2.8807810526687674,0.28221894733123243
2.922,3.0301742865150727,-0.10817428651507255
3.457,2.8541445298670527,0.6028554701329472
3.989,2.883564993724888,1.105435006275112
3.821,2.4111147476059402,1.40988525239406
5.00001,3.6896813529179253,1.3103286470820743
5.00001,4.659932996221268,0.34007700377873196
5.00001,3.2608176198482837,1.739192380151716
5.00001,5.041937286295081,-0.041927286295081245
5.00001,4.745432626184169,0.254577373815831
5.00001,4.967395334608367,0.032614665391633046
5.00001,2.596192167253878,2.4038178327461215
4.357,3.1737274592998688,1.1832725407001314
4.688,3.934136303793489,0.7538636962065106
2.713,2.317846429418299,0.3951535705817011
4.705,4.182614886722119,0.5223851132778812
3.932,3.590818416069429,0.34118158393057074
4.318,3.0917189255386086,1.226281074461391
4.352,2.7329578553873684,1.619042144612632
4.055,2.928204096819433,1.1267959031805668
5.00001,3.0267783158873462,1.9732316841126534
2.0,2.828759282090564,-0.828759282090564
3.339,2.888409445334913,0.4505905546650868
3.75,2.3933299436249182,1.3566700563750818
5.00001,6.852495889587017,-1.852485889587017
4.105,3.1495659485665777,0.9554340514334227
3.103,2.5846062633689577,0.5183937366310425
3.908,2.566749857587057,1.3412501424129428
3.178,3.440001320140973,-0.262001320140973
3.492,3.2516763749195605,0.24032362508043947
3.009,2.986408433046995,0.022591566953004794
3.862,3.2579262435731104,0.6040737564268897
3.1,3.3849755328216267,-0.2849755328216266
3.18,2.3099069343965013,0.8700930656034989
5.00001,4.478092449585306,0.5219175504146936
5.00001,5.557015548803901,-0.5570055488039012
5.00001,4.822933404257398,0.17707659574260148
4.411,3.042292132032401,1.3687078679675988
5.00001,3.404062763961059,1.5959472360389406
5.00001,3.664201693888818,1.3358083061111818
5.00001,4.36648645915892,0.6335235408410798
4.746,2.763043821923794,1.9829561780762064
4.583,2.2156735400430794,2.367326459956921
5.00001,4.118012063794998,0.8819979362050017
3.272,2.5219926733982883,0.7500073266017115
3.7,2.7793961931043,0.9206038068957003
4.89,3.232878948002716,1.6571210519972839
5.00001,3.417643424205611,1.5823665757943886
4.029,3.0728672945190585,0.9561327054809414
4.176,2.4105315869201966,1.7654684130798035
2.671,2.619167531213799,0.051832468786200625
3.892,2.477121466208728,1.414878533791272
4.534,4.085138129246231,0.4488618707537686
4.635,4.544850778429264,0.09014922157073535
5.00001,3.958265672155832,1.0417443278441678
5.00001,4.504456859283662,0.4955531407163374
4.6,2.3733185219385717,2.226681478061428
4.131,3.5977456449182608,0.5332543550817395
4.144,3.574728073900788,0.5692719260992121
4.0,3.9621789540081425,0.03782104599185754
3.086,2.667343144211358,0.41865685578864165
4.024,3.5970171749497952,0.4269828250502048
4.244,3.317613172996474,0.9263868270035256
4.004,3.2326519364095216,0.7713480635904779
3.625,2.8746744346290263,0.7503255653709737
2.584,1.9993401101852886,0.5846598898147115
1.404,2.0906573110138584,-0.6866573110138585
3.461,3.3906438901933527,0.0703561098066472
5.00001,3.707799430037623,1.2922105699623767
4.42,2.9845372248279394,1.4354627751720606
5.00001,3.61518464140561,1.3848253585943895
5.00001,3.6784666357462554,1.3215433642537442
5.00001,5.8303942653645064,-0.8303842653645068
2.75,2.771322037681415,-0.02132203768141494
4.938,3.7563642862826816,1.1816357137173181
4.786,2.3275693408114195,2.45843065918858
3.5,2.758069294053939,0.7419307059460611
4.958,2.6907909803677135,2.2672090196322867
2.387,2.7657570170491526,-0.37875701704915254
2.426,2.144471968803731,0.28152803119626935
2.615,2.821509290175524,-0.20650929017552366
2.707,2.471983288776122,0.2350167112238779
2.0,2.405565206929148,-0.4055652069291482
4.3,3.0287504150963205,1.2712495849036793
1.635,1.8531625726694676,-0.2181625726694676
2.409,2.0555815391646215,0.3534184608353783
2.388,2.241553988798989,0.14644601120101086
2.531,2.3826743613973624,0.1483256386026377
0.713,0.6829939008090944,0.030006099190905577
1.131,0.8604468944696007,0.27055310553039935
1.038,0.2980532458762084,0.7399467541237916
0.915,0.5728114887382281,0.34218851126177197
1.05,0.807464416700864,0.24253558329913605
0.875,0.6159823479991697,0.25901765200083027
1.208,1.0589698559340206,0.14903014406597936
0.702,1.1757046190512217,-0.47370461905122174
0.881,0.7133838750389718,0.16761612496102818
0.938,1.4241887821868575,-0.48618878218685757
0.924,0.7124384568883251,0.21156154311167497
1.12,0.9092712058394992,0.21072879416050094
1.042,0.7656510404712813,0.27634895952871874
1.219,0.9138144096504317,0.3051855903495684
0.96,0.7504259842660854,0.20957401573391454
1.111,0.836138712397128,0.274861287602872
0.559,1.1823923164969325,-0.6233923164969325
1.646,1.5306036110268426,0.1153963889731573
0.7,1.5611736060009587,-0.8611736060009587
0.579,0.9963618545924171,-0.41736185459241715
0.603,0.759448715563966,-0.156448715563966
0.792,1.4808682833707036,-0.6888682833707036
0.698,1.3259063249704592,-0.6279063249704593
1.458,1.1985726501522675,0.2594273498477324
1.0,1.5089521501544605,-0.5089521501544605
0.715,1.2920205148648587,-0.5770205148648587
1.407,1.787522395182389,-0.38052239518238906
1.573,1.5644279789907811,0.008572021009218833
1.503,1.817197497298475,-0.3141974972984751
1.65,1.7620771781492748,-0.11207717814927487
1.104,1.9432365576609576,-0.8392365576609575
1.316,1.9491302074461083,-0.6331302074461083
0.95,1.7061079808172677,-0.7561079808172677
1.133,2.342429688178602,-1.2094296881786022
0.936,1.5581141451873206,-0.6221141451873206
1.058,1.8877195943722596,-0.8297195943722595
1.162,1.906529492355225,-0.744529492355225
1.5,1.4190047921631455,0.08099520783685454
0.966,1.1819060100911074,-0.21590601009110744
1.044,1.6603308154470062,-0.6163308154470062
0.926,1.407044037821396,-0.48104403782139593
1.246,1.525882491994118,-0.2798824919941181
0.772,1.3137213677968518,-0.5417213677968518
0.96,1.9152703700400295,-0.9552703700400296
0.769,1.8907964803444826,-1.1217964803444826
0.718,1.3393057688010779,-0.6213057688010779
0.715,1.1016395181187233,-0.3866395181187233
0.84,1.3940511340053428,-0.5540511340053428
1.05,1.099259061001098,-0.04925906100109789
1.471,1.8796212860011547,-0.40862128600115466
1.542,1.5782957411571121,-0.036295741157112094
1.375,1.686411100460846,-0.31141110046084597
1.342,1.9857687688843995,-0.6437687688843994
1.429,1.6571562722569648,-0.22815627225696478
1.445,1.635200787423133,-0.19020078742313284
1.75,1.316679265810064,0.4333207341899361
1.493,1.3944810099733156,0.09851899002668452
1.188,1.905955684959807,-0.717955684959807
1.054,1.4727798433422605,-0.4187798433422605
1.514,1.952355080807231,-0.43835508080723096
1.405,1.9684176512435232,-0.5634176512435232
2.77,1.8895816991617138,0.8804183008382862
2.132,1.9264317867052858,0.2055682132947143
2.25,2.1461311260407445,0.10386887395925548
1.588,1.750262881856384,-0.16226288185638382
1.656,2.015857076973616,-0.359857076973616
0.953,1.6870804870599994,-0.7340804870599994
1.761,2.058218718070777,-0.29721871807077727
1.01,1.6290723467741663,-0.6190723467741663
1.094,2.1282999508006335,-1.0342999508006334
1.154,1.8700083100079603,-0.7160083100079604
1.421,1.5063583176567346,-0.08535831765673452
1.311,1.8214771166465058,-0.5104771166465059
1.598,1.9891531986214732,-0.39115319862147313
1.152,2.085034491679987,-0.9330344916799869
1.546,1.975887773025268,-0.4298877730252679
1.44,2.164107848336062,-0.7241078483360619
1.221,2.0720123892532096,-0.8510123892532095
1.129,1.776658721881798,-0.647658721881798
1.146,1.8308522836115992,-0.6848522836115993
1.274,2.1450380961132125,-0.8710380961132125
0.823,1.2221776349194293,-0.39917763491942937
1.096,1.6075000374485793,-0.5115000374485792
0.962,1.4249029487982874,-0.4629029487982874
1.256,1.4513911480210453,-0.1953911480210453
1.089,1.3377498573340396,-0.24874985733403965
1.092,1.2408682854281228,-0.1488682854281227
0.844,1.2119433915432682,-0.36794339154326827
1.0,1.2778223516399956,-0.2778223516399956
1.161,2.078431558532041,-0.9174315585320412
2.149,2.691755824040711,-0.5427558240407109
1.619,2.3136029173931107,-0.6946029173931108
0.947,1.3362848462451782,-0.38928484624517823
1.208,1.6863427078446527,-0.4783427078446527
0.7,1.594504167630547,-0.894504167630547
0.958,1.67852315080695,-0.7205231508069501
0.949,1.696457918402608,-0.7474579184026081
0.831,1.1270056532472121,-0.2960056532472122
0.663,1.1909278828804635,-0.5279278828804634
1.232,1.6456166661858016,-0.4136166661858016
0.905,1.2134575234867122,-0.3084575234867122
0.728,1.2018960613730445,-0.4738960613730445
0.807,1.2812922714046133,-0.4742922714046133
0.859,1.1383623710680577,-0.2793623710680577
0.738,1.4523000095958738,-0.7143000095958738
0.727,1.423301793226787,-0.6963017932267871
1.375,1.6399993810723048,-0.2649993810723048
0.813,1.105870005042631,-0.29287000504263117
0.888,1.248918639572516,-0.360918639572516
0.644,1.183136575586003,-0.539136575586003
0.673,1.1370767649594886,-0.4640767649594886
0.729,1.3423748163031153,-0.6133748163031153
0.714,1.216427966128321,-0.5024279661283211
1.038,1.0902812248434013,-0.05228122484340125
1.139,1.370223831880444,-0.23122383188044404
1.645,1.7813350652548137,-0.13633506525481365
1.094,1.4831134327534565,-0.38911343275345645
1.031,1.244250007690886,-0.2132500076908861
0.942,1.0340473336635894,-0.09204733366358941
0.704,1.141636946362527,-0.43763694636252715
0.846,1.0963376869059296,-0.2503376869059296
1.076,1.824410176907469,-0.7484101769074689
0.728,0.9581937582284572,-0.23019375822845722
0.691,1.2352980361017574,-0.5442980361017574
0.746,1.2615532063889907,-0.5155532063889907
1.301,1.8141049844456996,-0.5131049844456996
0.869,1.4000560149037544,-0.5310560149037544
1.102,1.6802334543802928,-0.5782334543802927
0.71,0.8198131018109169,-0.10981310181091697
0.835,1.4277637697420842,-0.5927637697420842
1.021,1.504740256961249,-0.483740256961249
0.873,0.8960239900049898,-0.02302399000498978
0.661,1.1677012970790384,-0.5067012970790383
0.75,1.148224538617575,-0.3982245386175749
0.692,0.7866671182073444,-0.09466711820734441
1.463,1.7395443830492776,-0.27654438304927753
0.689,1.1539810535832284,-0.4649810535832285
0.875,0.8982973967749577,-0.02329739677495768
1.013,1.4242945953437334,-0.41129459534373347
0.886,1.3486804920938802,-0.4626804920938802
0.88,1.4694505667539033,-0.5894505667539033
0.675,1.0808931203508725,-0.40589312035087244
1.25,0.9219526513450704,0.32804734865492957
1.414,1.3321468249283954,0.0818531750716045
0.83,0.8846983654084539,-0.054698365408453964
0.797,0.9541977333495126,-0.1571977333495126
0.958,0.9375144138369091,0.02048558616309082
0.896,0.9904334384201285,-0.09443343842012852
1.183,1.2080989087870795,-0.025098908787079433
0.832,1.1093543649254913,-0.27735436492549137
0.853,0.920398103923743,-0.06739810392374301
1.306,0.9659720427228384,0.3400279572771616
1.216,1.1288502941208192,0.0871497058791808
1.08,1.3952116681377256,-0.3152116681377255
1.276,1.7656056079078528,-0.4896056079078528
1.172,1.3767733381432181,-0.2047733381432182
1.253,2.0342350688218436,-0.7812350688218437
1.178,1.9045126794960683,-0.7265126794960683
1.014,1.350207127657915,-0.33620712765791505
1.382,2.368585203042241,-0.9865852030422413
0.988,1.3352768327896782,-0.34727683278967825
1.262,2.0716055984175505,-0.8096055984175505
1.335,1.5119628677103256,-0.17696286771032566
0.953,1.48003103747575,-0.52703103747575
0.756,1.2450605433533728,-0.4890605433533728
0.818,1.2995174723026306,-0.48151747230263064
0.724,1.1791389519460198,-0.45513895194601983
0.885,1.0323172851994873,-0.14731728519948728
0.67,1.087901025656093,-0.417901025656093
0.609,1.1051419050425515,-0.4961419050425515
0.952,1.2701310852503158,-0.31813108525031586
0.878,1.2601225789796668,-0.38212257897966684
0.75,1.137048074333479,-0.387048074333479
0.683,1.1777774909392211,-0.4947774909392211
0.798,0.7808675787293908,0.01713242127060921
0.632,1.0148525569651852,-0.38285255696518516
0.576,0.9703155469230484,-0.3943155469230485
0.627,0.5277840339349993,0.09921596606500072
0.609,0.6242848038071283,-0.015284803807128267
0.604,0.8166752781239377,-0.21267527812393772
0.733,0.7603987428153864,-0.027398742815386457
0.571,0.8025087325858191,-0.23150873258581917
0.811,0.9606035943391815,-0.14960359433918147
1.015,0.7345999670671912,0.2804000329328087
0.723,1.1356897521248281,-0.41268975212482817
2.122,2.172429000268179,-0.05042900026817909
0.894,0.7475673087197867,0.1464326912802133
1.036,1.0325351243401626,0.003464875659837441
0.596,1.186331341846651,-0.590331341846651
0.559,0.8807332932685481,-0.32173329326854805
0.576,0.8056339741106222,-0.22963397411062225
0.563,0.6454433065830201,-0.08244330658302013
0.599,0.9825004978830545,-0.3835004978830545
0.938,1.4878015454885931,-0.5498015454885932
0.875,1.0991741300372557,-0.22417413003725573
0.976,1.6457515805633376,-0.6697515805633376
0.774,1.2388352263763345,-0.46483522637633445
0.962,1.3788899896678743,-0.4168899896678744
0.975,1.4097063055954344,-0.43470630559543444
1.234,1.7116526860454857,-0.4776526860454857
0.972,1.8093592668971468,-0.8373592668971468
1.125,1.2707504321474097,-0.14575043214740968
1.177,1.6044500622566091,-0.4274500622566091
1.563,1.7854726642355265,-0.22247266423552658
0.972,1.7425662657465533,-0.7705662657465533
1.478,1.8379420890015803,-0.3599420890015803
0.863,1.3048927036277242,-0.44189270362772426
1.0,1.2932866595634285,-0.2932866595634285
0.785,0.7974811596682958,-0.012481159668295772
0.82,1.1219877022729081,-0.30198770227290817
0.886,1.8709039765437216,-0.9849039765437216
1.042,1.4292264071793488,-0.38722640717934875
1.406,1.63152129034175,-0.22552129034175006
1.655,2.27923144748796,-0.6242314474879598
0.55,1.371949173331558,-0.821949173331558
1.202,1.3164826150817892,-0.11448261508178925
1.406,1.063047723487681,0.34295227651231897
1.5,1.2148263470435468,0.28517365295645325
0.675,1.0349849854515751,-0.3599849854515751
0.875,1.651420925463051,-0.776420925463051
0.495,0.9943678359342627,-0.4993678359342627
0.613,1.082045562862989,-0.46904556286298904
0.757,1.1782746445442185,-0.4212746445442185
0.694,1.1631740702237074,-0.4691740702237075
0.875,0.6834006551560408,0.19159934484395924
0.44,-0.44860005501691314,0.8886000550169131
0.575,-0.26501715930983005,0.84001715930983
0.346,-0.6757857362494639,1.021785736249464
0.691,-0.6143033167930114,1.3053033167930113
0.475,-0.9481367914587002,1.4231367914587003
0.561,-1.0170532980867604,1.5780532980867603
0.526,-0.6807522799060739,1.206752279906074
0.479,-0.8735908340543062,1.3525908340543062
0.957,0.09535186862870715,0.8616481313712928
0.978,-0.15578582379539796,1.133785823795398
1.148,0.47198922062848636,0.6760107793715135
0.825,0.8388390967899988,-0.01383909678999884
1.607,0.8442900743391486,0.7627099256608514
1.3,0.5620237651778788,0.7379762348221213
1.078,-0.040938136369175204,1.1189381363691753
1.593,0.954884572794727,0.6381154272052729
2.427,0.9100719693245471,1.516928030675453
2.214,2.1428437251934493,0.07115627480655062
1.698,1.398629255965092,0.29937074403490804
1.955,2.2407636804442674,-0.28576368044426737
1.889,0.776317587042064,1.112682412957936
1.625,0.9699866679425244,0.6550133320574756
0.875,1.5049652587265712,-0.6299652587265712
1.375,1.456735677436851,-0.08173567743685095
2.318,1.24812955422825,1.06987044577175
1.599,2.4911635939570327,-0.8921635939570327
1.529,2.4562057847817327,-0.9272057847817328
1.778,2.5475408031239444,-0.7695408031239444
1.654,2.9710515517061182,-1.3170515517061183
1.425,2.594262001161383,-1.169262001161383
1.481,2.196395144864846,-0.7153951448648461
1.575,2.287340704793302,-0.7123407047933019
1.581,2.334268442968303,-0.7532684429683032
1.603,2.0577792678964903,-0.45477926789649037
1.561,1.8059742207053953,-0.24497422070539532
1.085,1.8837055013460864,-0.7987055013460864
1.276,2.263694167259075,-0.9876941672590751
1.305,2.099427460459127,-0.7944274604591273
1.185,1.690419220616241,-0.5054192206162409
1.192,2.1184625481536807,-0.9264625481536808
1.29,2.2863034256637325,-0.9963034256637324
1.352,2.0652424165103462,-0.7132424165103461
1.304,2.025642930041121,-0.7216429300411209
1.375,2.282927813208589,-0.9079278132085888
1.125,2.128768264602298,-1.0037682646022978
2.481,2.9338411031995495,-0.4528411031995496
2.142,2.27548487682101,-0.13348487682101018
2.21,2.4966414756819404,-0.2866414756819404
1.696,2.3058067210210886,-0.6098067210210887
1.232,1.8428584535182462,-0.6108584535182462
1.475,1.2754905963808216,0.19950940361917846
1.923,2.335782959236175,-0.4127829592361749
1.931,2.323909897662127,-0.3929098976621268
1.897,2.388334600943778,-0.4913346009437778
2.225,2.4371249018948973,-0.2121249018948972
2.023,2.9269138888819177,-0.9039138888819176
1.683,2.2296553236274965,-0.5466553236274965
1.689,2.3301825410452377,-0.6411825410452376
1.5,2.0812753777383484,-0.5812753777383484
2.938,2.1731229614170013,0.7648770385829988
1.369,1.9839954932451307,-0.6149954932451307
2.538,2.554777691178844,-0.0167776911788442
3.229,2.751204758831191,0.4777952411688089
2.535,2.9437890334699865,-0.4087890334699864
2.11,2.359089373717388,-0.24908937371738826
1.757,2.779013189162985,-1.022013189162985
1.77,2.380860893097384,-0.6108608930973838
2.063,2.387353250806565,-0.32435325080656474
2.319,2.7894241678617195,-0.4704241678617196
2.451,2.5474456154915313,-0.09644561549153119
1.853,2.1254732912088024,-0.27247329120880237
2.453,2.4815228482854668,-0.028522848285466917
2.299,2.120324449553083,0.17867555044691708
2.21,2.624934013584025,-0.41493401358402515
2.387,2.7390493130214457,-0.3520493130214457
2.225,2.3318346574117927,-0.10683465741179266
1.557,2.5637670577326332,-1.0067670577326333
2.272,2.0978872785128053,0.17411272148719448
1.21,2.0301641862118194,-0.8201641862118194
1.353,2.3016778720360387,-0.9486778720360387
1.324,2.1441028444018637,-0.8201028444018637
1.75,2.5297794250966144,-0.7797794250966144
2.552,2.5655223577969104,-0.013522357796910356
2.865,2.725542611229331,0.13945738877066916
2.275,2.63073596946395,-0.35573596946395014
1.528,2.129941967348204,-0.6019419673482038
2.526,2.3864458810916256,0.13955411890837421
1.655,2.678391438118445,-1.023391438118445
2.017,2.098554396065234,-0.08155439606523407
1.357,1.823248307204381,-0.46624830720438104
0.729,1.7807931874021152,-1.0517931874021151
2.449,3.320883526261175,-0.871883526261175
2.831,2.789686026410521,0.04131397358947897
2.918,3.1714488873925175,-0.25344888739251736
2.7,3.1438106919409057,-0.4438106919409055
3.366,3.9777214975122095,-0.6117214975122094
3.901,4.106614430989733,-0.20561443098973342
1.298,1.8228997202140924,-0.5248997202140924
1.147,2.3256497044890074,-1.1786497044890074
1.125,1.7981802094121186,-0.6731802094121186
1.341,1.9585428338243251,-0.6175428338243252
2.107,1.7797210146361686,0.3272789853638316
2.746,2.9018583419712547,-0.1558583419712547
3.77,3.264633917627263,0.5053660823727371
2.791,2.723468484952873,0.06753151504712696
2.884,2.447587652638515,0.4364123473614847
2.306,3.0014423046239407,-0.6954423046239406
4.058,3.4402592183019403,0.6177407816980596
1.027,1.939589522364535,-0.912589522364535
0.766,2.1464075380144094,-1.3804075380144094
1.143,1.9490169152782282,-0.8060169152782282
1.091,2.2297895404300156,-1.1387895404300157
1.906,2.5165749531249846,-0.6105749531249847
0.924,2.220448700540802,-1.296448700540802
1.005,1.967683569116141,-0.9626835691161411
2.063,1.9858373401298604,0.07716265987013982
1.255,2.1379741540596635,-0.8829741540596636
1.646,1.9540919963975867,-0.3080919963975868
0.762,1.8932159556257195,-1.1312159556257195
1.379,2.2589736186574383,-0.8799736186574383
0.958,1.7737005915583546,-0.8157005915583546
1.137,2.413952475052197,-1.2769524750521968
1.632,2.0598052265061355,-0.4278052265061356
1.0,1.8169904158567574,-0.8169904158567574
1.35,2.402395243719726,-1.052395243719726
1.469,2.5196326178169137,-1.0506326178169136
2.0,2.501699698001246,-0.501699698001246
1.146,2.2392382208999035,-1.0932382208999036
0.875,1.8323431158203243,-0.9573431158203243
2.5,3.162676386617785,-0.6626763866177852
2.1,2.7349005825440784,-0.6349005825440783
3.625,2.3328501459495103,1.2921498540504897
4.5,2.7799561394557855,1.7200438605442145
3.875,3.0696990173337264,0.8053009826662736
3.788,3.3413609466340515,0.44663905336594834
4.26,5.130577735118361,-0.8705777351183608
3.574,3.624292157468547,-0.050292157468547316
5.00001,3.4109358038965434,1.5890741961034562
3.944,2.9196881729857056,1.0243118270142944
3.988,3.413412767836038,0.574587232163962
4.68,2.6742677317457204,2.0057322682542793
3.691,3.588339324755118,0.10266067524488198
4.871,2.625164103921778,2.2458358960782223
3.64,2.4488758734242184,1.1911241265757817
4.658,2.7464092371920783,1.911590762807922
4.528,2.696601868531385,1.8313981314686147
5.00001,2.6448739626764612,2.3551360373235384
4.078,3.542485820969432,0.5355141790305682
3.865,3.029631852479968,0.8353681475200321
4.699,3.9969318076179707,0.7020681923820291
4.171,3.2902695816728853,0.880730418327115
5.0,3.660308293592464,1.3396917064075362
5.00001,6.907418225181814,-1.9074082251818147
2.257,2.7718591216201354,-0.5148591216201353
2.538,2.402963004587754,0.1350369954122459
2.78,2.6173097133596346,0.16269028664036522
2.68,2.3827797983294134,0.2972202016705867
2.538,2.838426995206092,-0.30042699520609206
2.365,3.075761415974637,-0.7107614159746367
2.417,2.814017812531694,-0.3970178125316943
2.493,2.5337307198723575,-0.04073071987235766
2.401,2.6521893191029395,-0.25118931910293973
2.346,2.4420676980676483,-0.09606769806764826
2.354,2.360018558022708,-0.00601855802270812
2.545,2.7667336706000967,-0.22173367060009674
2.583,2.206250337258523,0.37674966274147703
2.479,2.5242988336969847,-0.04529883369698462
2.402,3.0587726185297446,-0.6567726185297444
2.864,2.4351269197622103,0.4288730802377896
2.9,2.948786562701285,-0.0487865627012849
2.438,2.874304940563248,-0.436304940563248
2.792,2.129022581739716,0.6629774182602839
3.139,2.5476360429337586,0.5913639570662412
3.198,2.403627484178353,0.7943725158216468
3.111,2.544570895340011,0.5664291046599894
2.875,2.9673658312473385,-0.09236583124733855
3.391,2.535432068121246,0.8555679318787539
2.173,2.4050525358990935,-0.23205253589909347
2.171,2.3608216154834847,-0.18982161548348486
2.346,2.4724045676274686,-0.12640456762746854
2.264,2.8847403118222203,-0.6207403118222206
2.438,2.1217631687618743,0.31623683123812585
2.365,2.2931054275122054,0.07189457248779485
2.25,2.4155064939240365,-0.1655064939240365
2.603,2.4119735993410765,0.19102640065892373
3.01,3.0979514450033685,-0.08795144500336871
2.893,2.509497870414802,0.3835021295851977
2.913,2.9351332792788645,-0.02213327927886466
3.295,3.312324282094782,-0.017324282094782095
3.391,3.475281299752286,-0.08428129975228593
2.25,2.444936950180519,-0.19493695018051893
5.0,1.6651851260205055,3.3348148739794947
1.781,2.2963173674410515,-0.5153173674410516
1.795,2.3099535042028183,-0.5149535042028184
1.5,2.558036665483426,-1.0580366654834261
5.00001,3.8139875179072167,1.186022482092783
4.5,2.654748047518811,1.8452519524811888
3.477,3.235964513745059,0.24103548625494087
5.00001,3.564731403045209,1.4352785969547908
2.788,2.8357513689037583,-0.04775136890375853
1.953,2.4329237722258243,-0.4799237722258243
1.563,2.3258850258720174,-0.7628850258720175
1.912,2.6030917355700947,-0.6910917355700947
2.18,2.1757328906661186,0.004267109333881525
1.863,2.5870505442028033,-0.7240505442028033
2.213,2.863431898005531,-0.650431898005531
1.421,2.316572643331899,-0.8955726433318991
1.85,2.7937916053650698,-0.9437916053650697
1.289,2.1696400930510116,-0.8806400930510117
1.918,2.552041057822719,-0.6340410578227191
1.128,1.9748600613282865,-0.8468600613282866
1.223,1.7976930114994292,-0.5746930114994291
1.691,2.48217856286553,-0.7911785628655299
1.331,2.4471119603340425,-1.1161119603340426
1.312,2.3572712624311936,-1.0452712624311935
1.624,2.4890547666097693,-0.8650547666097692
1.618,2.2453115690451755,-0.6273115690451754
1.404,2.2333227565024787,-0.8293227565024788
1.25,1.8451111148908608,-0.5951111148908608
1.083,2.360413455351453,-1.277413455351453
1.5,1.949966958116676,-0.4499669581166761
1.188,1.6289992811204952,-0.44099928112049525
1.622,2.152421475789021,-0.5304214757890209
1.683,2.2039011313579677,-0.5209011313579677
1.9,2.9947356710403805,-1.0947356710403806
1.948,2.3153934855669394,-0.3673934855669394
1.748,2.3287029048595405,-0.5807029048595405
1.625,1.3863302003871256,0.23866979961287438
1.469,1.553931275778039,-0.08493127577803894
1.546,1.657006850647311,-0.11100685064731097
1.546,2.0710457148195776,-0.5250457148195775
1.833,1.457452009497303,0.37554799050269705
1.402,1.4841519419495657,-0.08215194194956577
1.631,1.8014630006476986,-0.1704630006476986
1.54,1.93890640618837,-0.39890640618837003
1.561,1.6497390031077572,-0.08873900310775729
1.342,2.0493680000041667,-0.7073680000041667
2.181,3.0009451689414686,-0.8199451689414685
1.53,1.7658995107688507,-0.23589951076885063
1.425,1.4622210008562795,-0.03722100085627944
3.25,1.289111986872066,1.960888013127934
1.527,1.7921092538907368,-0.2651092538907369
1.583,2.268326319948028,-0.6853263199480282
1.362,1.7884436136915598,-0.4264436136915597
2.811,2.579667180300295,0.2313328196997051
2.068,1.4307449214416148,0.6372550785583853
1.552,1.8091590136902844,-0.2571590136902844
1.945,1.8092371260672109,0.13576287393278919
1.532,1.6469554905536712,-0.11495549055367116
1.532,1.5237748022750093,0.008225197724990752
1.375,2.024913378297352,-0.6499133782973519
1.629,1.5817112029200178,0.04728879707998224
1.667,1.545497245391668,0.12150275460833204
1.398,1.6722410128885916,-0.2742410128885917
1.398,1.7819048736941434,-0.3839048736941435
2.104,2.1753169405371118,-0.07131694053711168
1.833,1.8564434221702446,-0.023443422170244643
1.836,2.1286081879275214,-0.2926081879275213
1.747,2.004100446337638,-0.25710044633763807
1.615,1.9884001873137203,-0.37340018731372027
2.093,2.304447781451927,-0.21144778145192689
2.026,2.4074100045081557,-0.3814100045081559
2.387,2.6589973738249686,-0.2719973738249686
1.644,2.189123482279272,-0.5451234822792721
1.381,1.8930714957148613,-0.5120714957148613
1.752,2.5376619472979507,-0.7856619472979507
2.589,2.772854973402494,-0.1838549734024939
1.873,2.080067923953096,-0.20706792395309592
1.755,2.0866725864111277,-0.33167258641112785
1.26,2.201318277586302,-0.941318277586302
1.779,1.462734870543269,0.3162651294567309
2.699,2.3959771391990112,0.3030228608009886
1.397,1.5415439532624184,-0.14454395326241842
1.421,1.8496545995945028,-0.4286545995945028
1.587,1.9270703916164418,-0.3400703916164418
1.944,2.2764791835669524,-0.3324791835669525
1.302,1.9227420948850866,-0.6207420948850866
1.634,2.1311435315822513,-0.49714353158225144
2.693,2.3011826617484394,0.3918173382515606
1.875,2.516426318491938,-0.6414263184919382
2.75,3.771075759150129,-1.0210757591501292
1.486,2.317308830605333,-0.8313088306053331
1.213,2.31539426401617,-1.1023942640161701
2.167,1.3957989016241117,0.7712010983758881
1.067,1.6751316192271224,-0.6081316192271224
1.304,2.0893001867079093,-0.7853001867079092
2.408,3.3963178669954424,-0.9883178669954424
1.951,2.40306452126082,-0.45206452126081986
2.431,2.6164443748229695,-0.1854443748229695
2.286,2.49546058785689,-0.2094605878568898
2.425,2.0698214774168,0.3551785225831998
2.875,2.28533050421931,0.5896694957806901
2.676,1.4873944541482458,1.1886055458517544
1.852,2.615391827339077,-0.763391827339077
1.75,1.9902176613658897,-0.24021766136588973
2.012,1.292882151898008,0.719117848101992
2.167,2.8392624240404887,-0.6722624240404889
3.313,2.4263817151043225,0.8866182848956776
3.611,2.3624372503728246,1.2485627496271756
3.048,3.040653087536662,0.007346912463337851
3.04,2.077659253593721,0.9623407464062792
3.988,3.4489481849967625,0.5390518150032375
3.392,2.8190201713021237,0.5729798286978762
3.259,2.715158870146887,0.5438411298531127
2.808,2.996045570529463,-0.18804557052946302
3.367,2.607672673041265,0.7593273269587351
3.482,2.3881471547135886,1.0938528452864116
2.485,2.4261501887500176,0.05884981124998223
1.875,1.8883569930982445,-0.013356993098244452
1.969,1.9405030004751058,0.028496999524894262
2.476,1.9929442377197315,0.4830557622802685
2.765,2.273933190294832,0.49106680970516825
2.145,2.1795254809656335,-0.03452548096563346
1.844,1.299073456035812,0.5449265439641882
2.484,1.7997060090784185,0.6842939909215815
1.597,1.8870187128700844,-0.2900187128700844
1.894,1.755073294412104,0.138926705587896
3.033,2.628621723655389,0.4043782763446111
2.566,2.2945949773238548,0.2714050226761451
2.758,2.013074611613897,0.7449253883861031
0.984,1.5260952086932238,-0.5420952086932238
1.528,1.2531157177071033,0.27488428229289674
1.425,2.2197329913993196,-0.7947329913993195
1.469,1.7040935889879838,-0.23509358898798371
3.0,1.9227994150093437,1.0772005849906563
2.45,2.5730116138604346,-0.12301161386043447
2.25,1.30238929793237,0.9476107020676301
1.958,2.0471891919704177,-0.08918919197041775
1.831,1.6106678331108033,0.22033216688919666
1.857,1.9911626382378687,-0.13416263823786867
1.434,0.46051005522491417,0.9734899447750858
1.431,0.6717412016703759,0.7592587983296242
1.444,0.5492450631320114,0.8947549368679886
1.388,0.4627705222412568,0.9252294777587431
1.635,1.0857124498671467,0.5492875501328534
1.851,1.1727197753243237,0.6782802246756763
1.645,1.0199141615500658,0.6250858384499343
1.559,1.0430204858906995,0.5159795141093004
1.702,0.7520958378438665,0.9499041621561335
2.017,0.8276231386467119,1.189376861353288
1.625,0.6510686283585825,0.9739313716414175
2.096,1.0999414311092024,0.9960585688907977
1.821,0.889434255057862,0.931565744942138
2.064,1.2103568509520373,0.8536431490479628
1.952,0.9940908101811687,0.9579091898188312
1.948,1.2124057640018542,0.7355942359981458
3.619,1.6317273979103755,1.9872726020896248
1.872,0.9594484415458804,0.9125515584541197
1.568,0.8156530848936661,0.752346915106334
1.804,1.1040586288746155,0.6999413711253846
1.715,1.6712912160108968,0.04370878398910327
1.704,0.6176046461493567,1.0863953538506432
1.615,1.165538300902656,0.4494616990973439
1.627,0.9799999221060653,0.6470000778939347
1.403,0.9997150718869285,0.4032849281130715
1.859,1.1441234854341198,0.7148765145658802
1.882,1.0899533752114232,0.7920466247885767
1.75,0.8854476444305193,0.8645523555694807
2.261,1.1249181264230783,1.1360818735769218
2.133,1.5223416464985406,0.6106583535014594
1.388,0.6143801967177511,0.7736198032822488
1.52,0.7414995152435959,0.7785004847564041
1.518,0.3259449454523624,1.1920550545476376
1.283,0.6714815909613883,0.6115184090386117
1.444,0.6144508154609629,0.829549184539037
1.451,0.3342923580272279,1.1167076419727722
1.625,0.790115124487833,0.834884875512167
1.138,0.48865525904341656,0.6493447409565833
1.257,0.6584469475029393,0.5985530524970606
1.549,0.13976958800369976,1.4092304119963002
1.327,0.37928879531789894,0.947711204682101
1.097,0.8470453270825673,0.24995467291743267
1.092,0.7731277361235871,0.318872263876413
1.211,0.8126075407019862,0.3983924592980139
1.052,0.4847125534979104,0.5672874465020896
1.118,0.47382332759326506,0.644176672406735
1.167,0.6212841605495045,0.5457158394504955
0.906,0.3549455519927305,0.5510544480072695
1.25,0.035825946862213076,1.214174053137787
1.125,0.48421861256334964,0.6407813874366504
1.231,0.8654005216919143,0.3655994783080858
1.083,0.7701980295095847,0.31280197049041525
1.039,0.7304523691609948,0.30854763083900516
1.171,0.793229803910378,0.37777019608962203
1.538,1.0675907195276269,0.4704092804723732
1.601,0.7958413165555478,0.8051586834444522
1.917,0.9687755736108445,0.9482244263891555
1.825,0.575240217630961,1.249759782369039
1.568,0.7625188584402782,0.8054811415597218
1.649,0.9231317394637708,0.7258682605362292
1.554,0.7892495846607708,0.7647504153392293
1.53,0.9770461721848376,0.5529538278151624
1.632,0.7511276547687391,0.8808723452312608
1.443,0.9463474594213381,0.4966525405786619
1.495,0.8060401837506765,0.6889598162493236
1.55,1.0647876360171242,0.4852123639828758
1.431,0.7604681881819277,0.6705318118180723
1.361,0.6498083337803933,0.7111916662196067
1.554,0.6030681059521905,0.9509318940478095
1.718,0.75177033513443,0.9662296648655699
1.574,0.7905820224506184,0.7834179775493817
1.728,1.0182976477681147,0.7097023522318853
1.551,0.8112806524461098,0.7397193475538901
1.792,0.8617468431774205,0.9302531568225796
0.795,0.20731568841194026,0.5876843115880598
0.85,0.5511066062656491,0.29889339373435087
1.289,0.6372921309630164,0.6517078690369835
0.857,0.026779043064290242,0.8302209569357097
0.839,0.7646825030166846,0.07431749698331536
1.109,0.7676878215714857,0.34131217842851425
1.095,0.6968443717188237,0.39815562828117623
1.557,0.014833031026243226,1.5421669689737567
1.198,0.5389350516147575,0.6590649483852424
1.163,-0.5417303912833695,1.7047303912833696
1.173,0.7503304561495188,0.4226695438504813
1.248,0.7469983354423726,0.5010016645576274
1.381,1.3025323609505668,0.07846763904943321
1.221,0.6822781089809651,0.538721891019035
0.958,1.721948318335886,-0.763948318335886
1.456,0.7972116461697687,0.6587883538302313
1.625,0.7803333173768703,0.8446666826231297
1.808,0.4611807801082288,1.3468192198917712
1.523,0.6640698456705381,0.8589301543294618
1.984,0.5074238685632091,1.476576131436791
1.875,0.9925685839708034,0.8824314160291966
1.741,0.8069964007904897,0.9340035992095104
2.641,2.504622404889548,0.136377595110452
2.289,2.5025295554190308,-0.21352955541903063
2.17,2.1960255632606476,-0.026025563260647644
2.558,2.7344330413508,-0.17643304135079996
2.157,2.1882995356443464,-0.0312995356443464
2.02,2.3099955176435056,-0.2899955176435056
1.94,2.4584813005104484,-0.5184813005104485
2.328,1.9576761507737137,0.37032384922628614
1.926,2.101991521594214,-0.17599152159421405
1.852,1.6145688054309995,0.23743119456900064
1.625,2.21778715787172,-0.5927871578717201
1.86,2.148395928439918,-0.288395928439918
1.661,1.479786881359153,0.181213118640847
1.619,1.9393918233253928,-0.32039182332539284
1.613,1.6811908867634497,-0.06819088676344975
1.754,2.358925109638181,-0.6049251096381809
2.413,2.7789613152924155,-0.3659613152924157
1.981,2.168407135430758,-0.18740713543075782
2.514,1.6708152969497485,0.8431847030502513
2.15,1.8688776881477487,0.2811223118522512
1.536,1.93948085943148,-0.40348085943148004
1.452,1.8630335514029497,-0.4110335514029497
1.782,2.1230317508619865,-0.34103175086198645
1.413,2.1757877248012427,-0.7627877248012427
1.655,2.425369720524705,-0.7703697205247051
1.37,1.728273095962898,-0.3582730959628979
3.038,2.461977484964943,0.5760225150350569
2.411,2.3304595850576995,0.08054041494230058
2.679,2.318374018518888,0.3606259814811117
1.45,1.4691163918690078,-0.01911639186900782
2.45,2.8120673815922594,-0.36206738159225926
2.247,2.1998004571687324,0.04719954283126748
1.844,2.0381832960416526,-0.19418329604165252
2.677,2.533882562168148,0.14311743783185227
1.982,2.3161505814671055,-0.3341505814671055
1.744,2.2539979245269812,-0.5099979245269812
1.375,1.7934171459733845,-0.41841714597338453
1.396,1.4539766780041088,-0.057976678004108884
1.663,1.8561153760131317,-0.19311537601313167
2.917,2.782452188135643,0.1345478118643566
3.505,2.782810368006384,0.7221896319936159
2.27,2.338783031231093,-0.06878303123109308
3.067,3.346108000475658,-0.27910800047565765
2.474,1.82131151955897,0.6526884804410302
1.903,2.602365987073238,-0.699365987073238
2.676,2.821288584406743,-0.14528858440674286
2.083,2.493785559703423,-0.4107855597034229
1.964,2.0006673326346975,-0.03666733263469757
2.217,2.519379266141983,-0.30237926614198285
2.302,2.204903582103232,0.09709641789676793
2.671,2.398598586177921,0.2724014138220787
1.704,2.107382313544872,-0.4033823135448722
2.165,1.9653543741963042,0.19964562580369583
1.954,1.953622601001832,0.00037739899816791045
1.595,1.8409508272307429,-0.2459508272307429
1.25,1.382273870694494,-0.13227387069449392
2.887,2.9280626378875634,-0.04106263788756337
2.582,3.570733224644192,-0.988733224644192
1.935,2.4261889774560608,-0.4911889774560607
2.266,2.3871680111828555,-0.12116801118285547
2.016,2.2605263389516055,-0.24452633895160547
3.021,2.5046853771779185,0.5163146228220814
3.369,2.8555635087169264,0.5134364912830738
4.118,4.186854890410858,-0.0688548904108579
2.935,4.20205073771425,-1.2670507377142504
4.0,2.570605778543497,1.4293942214565032
3.379,2.9298410770757854,0.44915892292421455
3.646,2.533713530540514,1.112286469459486
3.496,3.122110263191635,0.3738897368083651
3.754,4.010317758523598,-0.2563177585235983
4.676,5.605833953706225,-0.9298339537062246
1.618,2.486516769155306,-0.868516769155306
2.695,2.7929936687630263,-0.09799366876302651
3.815,3.194700664395851,0.6202993356041491
3.726,3.0984149151105265,0.6275850848894735
3.469,2.885697141390828,0.583302858609172
1.468,2.405170822919083,-0.9371708229190832
3.413,2.8017599734519516,0.6112400265480482
3.49,2.9724330887723553,0.5175669112276449
3.341,2.2717214639632664,1.0692785360367338
3.13,2.6517628865464475,0.47823711345355235
5.00001,4.396867598808631,0.6031424011913682
4.596,3.2004109689124673,1.3955890310875327
3.651,2.6635314512815054,0.9874685487184944
5.00001,4.298368300312787,0.7016416996872126
1.888,1.9501258071387033,-0.062125807138703415
1.587,2.222580199734444,-0.6355801997344439
1.375,2.3029955765133567,-0.9279955765133567
2.058,2.2532765906043926,-0.19527659060439273
1.692,2.1274266397388053,-0.43542663973880535
1.617,2.111793571783224,-0.4947935717832239
1.743,2.0764605761345605,-0.33346057613456037
1.417,2.043785651499646,-0.6267856514996459
1.849,2.1230995400603088,-0.2740995400603088
1.832,2.249387397668611,-0.4173873976686109
1.875,2.05278819310191,-0.17778819310191007
1.935,2.401142307663577,-0.4661423076635769
1.914,2.6598204208742287,-0.7458204208742287
1.9,1.9484929942789957,-0.04849299427899578
2.56,2.865771298248635,-0.30577129824863514
1.849,2.2787763035226285,-0.4297763035226285
1.852,2.435691239661575,-0.5836912396615748
0.55,1.3282871577447084,-0.7782871577447084
1.675,2.1148306242653403,-0.43983062426534025
1.758,2.573390162577113,-0.8153901625771129
2.75,2.0120075966468467,0.7379924033531533
1.947,2.42174775302096,-0.47474775302096006
1.975,1.6212786336750833,0.3537213663249168
1.957,2.643877706569687,-0.6868777065696869
1.821,2.4315725948686207,-0.6105725948686207
1.84,2.1699964542087526,-0.32999645420875257
1.831,2.464649952422507,-0.6336499524225072
1.856,2.5337430952830147,-0.6777430952830146
2.4,2.7455754674314474,-0.3455754674314475
1.375,1.187871649204165,0.187128350795835
1.87,2.3254117126844234,-0.45541171268442326
2.393,2.273655809569692,0.11934419043030786
1.911,1.619591110886143,0.2914088891138571
1.625,1.8350565916943662,-0.2100565916943662
1.821,1.7688613274495264,0.05213867255047355
2.417,2.410005088353579,0.006994911646420743
2.935,3.4197163404144115,-0.4847163404144115
2.325,2.334536212010287,-0.00953621201028687
2.356,2.5726851295609707,-0.21668512956097086
2.436,2.63617400694721,-0.20017400694721
3.187,2.5941895854699335,0.5928104145300663
3.519,3.5467766309469093,-0.027776630946909187
2.304,2.6568529728222066,-0.35285297282220673
2.154,2.394752323767942,-0.24075232376794187
2.186,1.765544222777977,0.420455777222023
1.952,1.943865645053751,0.008134354946248923
1.438,1.6177903068508197,-0.17979030685081976
1.773,2.0017870698813462,-0.22878706988134634
1.191,2.093321065921476,-0.9023210659214758
1.733,2.165030270348095,-0.4320302703480947
1.625,1.8088368151762562,-0.18383681517625616
1.75,1.3579858136158505,0.39201418638414953
2.296,2.6365467945501657,-0.3405467945501659
2.434,2.7363092855592455,-0.3023092855592453
1.882,1.9039559825095482,-0.021955982509548333
2.021,1.8454956115225176,0.1755043884774823
1.909,2.838356616912293,-0.9293566169122929
1.489,1.9027961836645422,-0.41379618366454207
1.68,2.0624568963501586,-0.38245689635015867
1.55,1.7856551870041766,-0.23565518700417654
1.866,1.8604479392070798,0.005552060792920255
1.825,2.8880098474391356,-1.0630098474391356
1.625,1.3909527549892111,0.23404724501078888
1.938,2.0008686468045664,-0.0628686468045665
1.658,1.565583680723944,0.09241631927605587
1.339,2.0151454432951144,-0.6761454432951144
1.578,1.861050308966258,-0.28305030896625794
1.763,2.0364270011406385,-0.27342700114063856
2.773,2.897783651981613,-0.12478365198161301
1.144,1.9331971355010604,-0.7891971355010605
2.184,1.7129804183113158,0.4710195816886844
2.655,2.062890209314781,0.5921097906852189
2.701,3.218292107875114,-0.517292107875114
2.708,2.8421460413991286,-0.13414604139912845
2.852,2.9728979911037103,-0.12089799110371047
2.992,3.1747486797018585,-0.18274867970185849
2.803,3.0408581986148917,-0.23785819861489177
2.898,2.951626952129963,-0.053626952129962824
2.745,3.027405538073921,-0.28240553807392077
2.75,2.865774772120039,-0.11577477212003906
2.014,1.909652551094239,0.10434744890576075
1.717,1.6164181240005757,0.10058187599942436
1.846,1.9727688642367178,-0.12676886423671774
1.569,1.7382242453691952,-0.16922424536919523
1.839,1.892180873670565,-0.05318087367056501
1.907,1.9795927090232672,-0.0725927090232672
2.043,2.028429117307757,0.01457088269224327
2.54,2.3234030464142,0.2165969535858001
3.5,2.8499660042970665,0.6500339957029335
1.875,2.3585161717147467,-0.4835161717147467
2.623,2.770351899942326,-0.14735189994232556
2.885,3.215206678591723,-0.33020667859172326
2.722,2.8940025288498097,-0.1720025288498097
3.019,2.5505546798004515,0.46844532019954865
2.605,2.572355889190235,0.032644110809764815
2.422,2.4725889528342435,-0.05058895283424336
2.269,2.6878776502504884,-0.4188776502504883
2.406,2.638177019313263,-0.23217701931326307
1.453,1.829032469815028,-0.3760324698150279
3.244,1.6684344124332597,1.5755655875667405
1.624,2.2802041514438103,-0.6562041514438102
1.585,1.4399001144737444,0.14509988552625552
2.971,1.7695793692273512,1.201420630772649
2.16,2.6708789208444936,-0.5108789208444935
2.0,1.6246462869695089,0.37535371303049114
1.428,1.9594524205670618,-0.5314524205670619
1.139,1.7369784072845322,-0.5979784072845322
2.979,2.667826790468408,0.3111732095315922
3.275,3.1527038727399166,0.12229612726008332
2.383,2.300696101668544,0.0823038983314559
3.717,2.4780221204695803,1.2389778795304198
2.789,1.9288839175140424,0.8601160824859577
2.461,2.0187271655257586,0.44227283447424126
2.637,2.81902051695774,-0.1820205169577398
2.728,2.961044918713527,-0.23304491871352662
2.996,3.0747541101504137,-0.07875411015041367
2.457,2.1725205276250525,0.2844794723749473
2.594,2.736128566043232,-0.14212856604323232
2.643,3.0504597628710433,-0.40745976287104346
2.317,3.139109901578646,-0.8221099015786457
2.803,2.8121920125058564,-0.00919201250585644
2.439,2.4183542026854683,0.020645797314531755
4.613,3.9523320846393046,0.6606679153606958
2.335,2.7187165705227256,-0.3837165705227257
2.061,2.116546909967393,-0.05554690996739309
2.35,1.8847287756311886,0.4652712243688115
3.03,2.858518779875179,0.1714812201248206
3.088,2.6442649879271127,0.44373501207288735
3.718,3.3417318328044274,0.37626816719557254
2.724,2.7725005925712445,-0.04850059257124428
3.064,2.852719494478136,0.21128050552186384
2.775,2.120223422497312,0.6547765775026879
3.579,3.0208978545867864,0.5581021454132138
2.526,2.7198748710357377,-0.19387487103573786
1.696,2.4359637852686595,-0.7399637852686596
3.019,2.8367152008486705,0.18228479915132967
2.682,2.820613491369102,-0.13861349136910217
2.593,3.423944804948446,-0.8309448049484462
3.549,3.3794978985327635,0.16950210146723643
3.663,3.069627619407873,0.5933723805921267
3.078,2.880477889230916,0.19752211076908388
4.102,3.361900918949541,0.7400990810504595
4.153,3.6665732152732837,0.48642678472671586
2.33,2.5904222954768263,-0.26042229547682627
2.359,2.7676419835602264,-0.4086419835602264
2.135,2.4306670080412456,-0.2956670080412458
3.049,2.595496476673958,0.45350352332604205
4.543,4.359436265855829,0.1835637341441707
4.601,4.4838215224169495,0.11717847758305044
3.653,3.6414792484891585,0.011520751510841531
3.356,3.1120535716048816,0.24394642839511826
2.66,2.713122787892135,-0.05312278789213476
2.882,3.017532533774634,-0.1355325337746338
3.8,3.4575060516493195,0.34249394835068037
4.17,4.153140523146964,0.016859476853036348
2.314,2.05220553434337,0.2617944656566302
2.832,2.9349485130260637,-0.10294851302606389
3.531,3.2236345213007254,0.3073654786992748
4.105,3.7376443471414897,0.3673556528585107
2.705,2.890027192939338,-0.18502719293933811
3.007,2.8283842676681434,0.17861573233185668
2.664,2.929151757889527,-0.26515175788952705
5.00001,4.249237671993618,0.7507723280063816
3.883,3.4188444808098364,0.4641555191901636
3.14,2.9228519577503347,0.21714804224966544
4.137,3.8395529948511213,0.29744700514887823
5.00001,2.8266182628284433,2.1733917371715563
2.307,2.8874097608220066,-0.5804097608220067
2.046,2.172528581083606,-0.1265285810836061
3.887,3.723977006177586,0.16302299382241392
2.903,3.01997976074056,-0.11697976074056005
2.42,2.334595818689629,0.08540418131037075
2.371,2.3953329773751775,-0.024332977375177478
2.869,3.635593259603787,-0.7665932596037868
2.566,2.8495685391015213,-0.28356853910152147
2.274,2.780379251479997,-0.5063792514799972
2.484,2.7349151065630344,-0.2509151065630344
2.74,3.2031330608310564,-0.4631330608310562
2.796,3.100833220175158,-0.304833220175158
2.781,3.4086306153622394,-0.6276306153622393
2.432,2.8846645769764434,-0.45266457697644347
1.431,2.0525975312635945,-0.6215975312635944
2.574,2.811341458233003,-0.23734145823300334
2.022,2.1893743609033707,-0.16737436090337088
1.864,2.536961569697227,-0.6729615696972269
2.725,2.7657338720986933,-0.04073387209869317
2.66,3.104170541775092,-0.4441705417750921
2.881,3.4428045670655645,-0.5618045670655647
3.148,3.258164255733317,-0.1101642557333169
3.156,3.2716761431693504,-0.11567614316935027
2.803,3.4804194840205036,-0.6774194840205037
2.866,3.4974598480932033,-0.6314598480932032
1.972,1.922355738529783,0.049644261470217055
2.827,2.8475891835342164,-0.02058918353421646
2.48,2.7157971959661245,-0.23579719596612447
2.362,2.0198399675593484,0.34216003244065174
3.039,3.073701065665919,-0.03470106566591902
2.348,2.58292430941843,-0.23492430941843034
2.508,3.048774315428347,-0.5407743154283469
1.641,2.483922356242247,-0.842922356242247
2.379,2.790379367255595,-0.411379367255595
2.519,2.9911018530929057,-0.47210185309290553
3.513,3.622172749067807,-0.10917274906780694
2.948,3.3072119634140535,-0.3592119634140536
2.233,2.6157993770121606,-0.3827993770121605
2.887,3.320239195887001,-0.43323919588700077
4.841,4.085059018427296,0.7559409815727038
4.366,3.74977835028547,0.6162216497145296
2.932,2.8412596335930043,0.09074036640699568
2.166,2.5446920152377843,-0.3786920152377844
1.967,1.7668391879956087,0.2001608120043914
2.38,1.9277869333460593,0.45221306665394057
2.75,2.8194709637685738,-0.06947096376857376
1.848,1.7365674952590107,0.11143250474098942
2.578,2.782070145872373,-0.20407014587237304
2.787,2.8105498785913015,-0.023549878591301532
2.479,2.617870243702313,-0.13887024370231282
3.161,2.4476708737723247,0.7133291262276753
3.48,3.3385461706636796,0.14145382933632034
3.576,4.091127095249414,-0.5151270952494138
1.956,2.2113398483367828,-0.2553398483367828
3.314,3.3034738761730273,0.010526123826972711
2.142,2.6459967367476622,-0.5039967367476623
3.379,3.4118597693620387,-0.032859769362038715
1.708,2.287687398736239,-0.5796873987362392
1.818,2.3646088565876044,-0.5466088565876044
2.223,1.913265209072041,0.30973479092795886
1.844,2.303349283557437,-0.45934928355743687
2.86,2.6873539980071386,0.1726460019928613
3.632,3.1748417230617383,0.45715827693826183
4.474,2.258162133093506,2.215837866906494
3.782,4.293205366186526,-0.5112053661865259
4.954,4.579285700001625,0.3747142999983746
3.02,2.8255879948421527,0.1944120051578473
2.798,3.1074618101632767,-0.3094618101632767
4.833,5.157145949060649,-0.3241459490606484
1.678,2.3670206254460435,-0.6890206254460436
2.15,2.3812604348261246,-0.23126043482612468
1.903,2.6665053994860344,-0.7635053994860344
2.608,2.6428686182031016,-0.0348686182031015
1.519,2.173880505357621,-0.6548805053576212
2.339,2.7031672772875908,-0.3641672772875908
2.849,2.917546512337964,-0.0685465123379636
2.04,2.243263153620674,-0.20326315362067415
1.828,2.0082622141365234,-0.18026221413652332
5.00001,1.8215680992852505,3.1784419007147493
2.19,2.6953013523952314,-0.5053013523952314
5.00001,4.347899948315943,0.6521100516840566
5.00001,2.157657466732271,2.8423525332677286
5.00001,2.525001593985575,2.4750084060144246
4.029,3.0564375933279173,0.9725624066720826
2.82,2.2811030466398714,0.5388969533601284
3.092,2.367881704162908,0.724118295837092
2.942,2.7782120636021124,0.1637879363978878
3.635,2.468375674694321,1.166624325305679
3.108,3.297948514290651,-0.18994851429065074
2.207,2.2673122746342855,-0.06031227463428568
3.873,2.7700208286529637,1.1029791713470365
3.255,2.99939073394287,0.25560926605712986
2.494,1.9301284029342547,0.5638715970657455
2.841,2.459785767980307,0.3812142320196932
2.471,1.910532021750372,0.560467978249628
2.31,2.0748111171043764,0.23518888289562367
2.313,1.7941844965994533,0.5188155034005468
3.708,2.077202419760084,1.6307975802399164
2.406,2.267655045953787,0.13834495404621316
1.875,1.7966923524248026,0.07830764757519737
1.906,1.9483041972714097,-0.04230419727140977
3.1,2.057634041983636,1.0423659580163642
2.438,2.7033951838688046,-0.26539518386880445
3.413,2.175025640634744,1.2379743593652557
2.521,2.237712822074583,0.2832871779254167
2.46,2.578481179924293,-0.11848117992429286
2.806,2.3902093585655075,0.4157906414344925
3.465,2.0595517486024213,1.4054482513975786
4.14,2.3883093894027985,1.7516906105972012
3.462,2.9375896547053006,0.5244103452946995
3.588,2.997251154621462,0.5907488453785379
5.00001,1.1826299594008174,3.8173800405991822
2.778,2.484490609606921,0.293509390393079
5.00001,3.2747527709316335,1.725257229068366
3.0,2.5824910353073522,0.41750896469264775
2.881,2.5861304052635683,0.2948695947364315
3.127,2.628072159442257,0.49892784055774264
5.00001,1.5034548294434846,3.496555170556515
2.488,2.257270474860786,0.23072952513921408
2.716,2.5548848502000823,0.16111514979991792
4.022,2.5206140292537476,1.5013859707462527
5.00001,5.500504981107456,-0.5004949811074564
3.536,3.209637614427726,0.32636238557227415
2.56,2.8825012529583858,-0.3225012529583857
2.773,2.878876179584027,-0.10587617958402706
2.759,2.7548206531268584,0.004179346873141476
2.393,2.620380031288452,-0.2273800312884524
5.00001,4.849743653634199,0.15026634636580027
3.812,2.8254343103849457,0.9865656896150541
5.00001,3.735439333133878,1.2645706668661214
4.206,3.4304068191100807,0.7755931808899197
2.448,2.3611511645104493,0.08684883548955069
2.513,2.472377817778293,0.04062218222170699
3.24,2.474880961556614,0.7651190384433861
5.00001,2.7855489152043855,2.214461084795614
5.00001,4.382650177043193,0.6173598229568062
2.959,2.857856124936471,0.10114387506352918
2.881,2.793266267986385,0.08773373201361467
2.659,3.060184672120537,-0.4011846721205372
2.27,2.5736583456196067,-0.3036583456196067
2.169,1.7453480845573695,0.4236519154426306
2.795,1.732420254750885,1.062579745249115
3.32,2.811546437791895,0.5084535622081048
3.481,3.4215580950788986,0.05944190492110124
3.14,3.8438848406822683,-0.7038848406822682
3.3,3.290123101196098,0.009876898803901746
5.00001,6.264970947174627,-1.264960947174627
5.00001,4.40828228653925,0.5917277134607497
2.856,2.8055070776012356,0.05049292239876424
2.314,2.4258707930533365,-0.11187079305333647
2.145,2.0823003706401657,0.06269962935983431
1.063,1.6441124489140473,-0.5811124489140473
1.833,1.308630269664324,0.524369730335676
2.5,3.729258869400467,-1.229258869400467
4.808,2.905752526672858,1.902247473327142
2.943,2.940763111191997,0.0022368888080031013
2.885,2.933414393789594,-0.048414393789594
3.056,2.812573609670604,0.24342639032939584
1.896,2.089063464468491,-0.1930634644684912
1.863,2.2005935187598795,-0.33759351875987953
1.204,2.160722789055244,-0.9567227890552441
1.264,1.9532439927726886,-0.6892439927726886
1.844,1.6410720028684578,0.2029279971315423
3.0,2.1248451328177995,0.8751548671822005
3.208,2.285905885712147,0.9220941142878534
3.056,2.0716793818569585,0.9843206181430415
2.438,2.0711611251972872,0.36683887480271293
3.5,2.114712202740999,1.385287797259001
5.00001,1.9797667610860228,3.020243238913977
3.155,2.819969818503728,0.33503018149627195
3.414,3.305207760206512,0.10879223979348795
3.228,2.6458342561151458,0.5821657438848544
3.183,3.0192873080140563,0.16371269198594351
2.72,3.0639229604751623,-0.34392296047516213
2.829,2.8180759671350595,0.010924032864940703
3.25,1.9607822708898457,1.2892177291101543
2.79,2.946710348104168,-0.15671034810416806
2.782,2.170796551692656,0.6112034483073439
2.885,2.7595768608524787,0.12542313914752112
3.409,2.9001731326340536,0.5088268673659462
4.87,5.655358438683807,-0.7853584386838071
5.00001,2.883181511643948,2.1168284883560515
5.00001,4.336914231081643,0.6630957689183568
3.842,3.5088774911083656,0.33312250889163453
2.743,2.7196954322288125,0.02330456777118739
3.547,3.4179900250201483,0.1290099749798519
2.621,3.265212695988095,-0.6442126959880952
2.985,2.9804450391317467,0.004554960868253133
1.833,2.156478556961421,-0.3234785569614209
1.385,1.8286974635264652,-0.4436974635264652
4.538,4.401536472632134,0.13646352736786582
3.183,3.343127788715048,-0.16012778871504807
1.875,2.2655728077405453,-0.39057280774054526
1.199,2.055031023051872,-0.856031023051872
2.26,2.0566743620470618,0.203325637952938
1.443,2.457800588937584,-1.0148005889375837
2.685,2.8293604430191444,-0.1443604430191443
1.73,2.330044375424354,-0.6000443754243538
2.454,2.6316731066289263,-0.1776731066289261
3.977,3.806394582290742,0.17060541770925797
4.347,3.79386445872949,0.5531355412705103
3.367,3.0376695934056204,0.3293304065943796
3.403,2.8540719645093104,0.5489280354906896
3.685,3.0927672302121394,0.5922327697878607
4.541,2.486642347945134,2.0543576520548665
3.457,2.6892082947727305,0.7677917052272694
1.625,1.5730648219534067,0.05193517804659331
3.551,3.6341492683949888,-0.0831492683949886
1.583,1.663516578219759,-0.080516578219759
3.449,3.4704824480040974,-0.0214824480040976
3.371,3.2298602078802863,0.14113979211971373
2.075,2.6023817005612764,-0.5273817005612762
1.375,1.9259936166350051,-0.5509936166350051
2.746,2.723356225853193,0.022643774146807072
3.074,3.6596887709534283,-0.5856887709534284
3.556,2.760567820529311,0.7954321794706889
3.089,3.4280717688997386,-0.33907176889973867
2.206,2.7518734866648638,-0.5458734866648638
2.418,2.294641336672894,0.12335866332710621
2.197,1.8322782958046657,0.36472170419533434
2.868,2.4608327597749238,0.4071672402250761
0.675,1.280643061238719,-0.6056430612387189
2.256,2.4094503028530716,-0.15345030285307182
2.417,2.6088800933987044,-0.1918800933987046
2.428,2.7482244459336416,-0.32022444593364163
3.861,4.5171382840644165,-0.6561382840644163
3.687,3.4182826670218676,0.2687173329781323
3.625,3.806562752759426,-0.1815627527594259
1.484,2.3444137655890276,-0.8604137655890276
1.083,1.9090044701335023,-0.8260044701335023
0.875,2.092524820497923,-1.217524820497923
3.505,3.519736627955573,-0.014736627955572956
2.257,3.063411908895201,-0.8064119088952011
3.092,2.642603555395101,0.44939644460489925
2.374,2.245919234436242,0.12808076556375791
2.399,2.6968320620605892,-0.2978320620605892
2.434,2.858610398757869,-0.4246103987578689
5.00001,1.1305154587742787,3.8694945412257207
3.02,3.3037617902043426,-0.28376179020434256
3.266,3.573118031337445,-0.3071180313374451
2.738,2.4228398963325413,0.3151601036674587
2.158,2.713344186940321,-0.5553441869403213
2.62,3.101996162452557,-0.48199616245255683
1.625,1.441205567275324,0.1837944327246761
2.728,3.0133447103372473,-0.28534471033724707
2.613,1.1799284403178967,1.4330715596821033
2.014,2.367476367174131,-0.3534763671741312
3.024,3.294654351873237,-0.27065435187323716
2.765,3.0953872563035665,-0.33038725630356636
1.872,2.6173130757535064,-0.7453130757535062
1.841,2.077698389914006,-0.23669838991400582
1.54,2.5454721804004214,-1.0054721804004214
0.55,1.237665076237016,-0.687665076237016
2.389,2.42916276196448,-0.04016276196448043
3.156,2.711376311818293,0.44462368818170717
2.955,2.7501574340785897,0.20484256592141037
3.255,3.1457034044772887,0.1092965955227112
3.139,2.6387364806420734,0.5002635193579263
3.261,3.1353180349609153,0.1256819650390848
3.067,2.2115798796076858,0.8554201203923144
2.51,2.1153424734514017,0.3946575265485981
3.28,3.6084365441545,-0.3284365441545001
2.25,1.8750112734809115,0.37498872651908854
2.741,3.1561161171167074,-0.41511611711670726
3.429,3.4983477155015947,-0.06934771550159491
2.425,2.262719767395141,0.1622802326048589
1.996,2.4962716261723266,-0.5002716261723266
2.75,3.2609236519513414,-0.5109236519513414
2.966,3.368161961187028,-0.40216196118702774
1.922,2.5112364819856747,-0.5892364819856748
2.343,2.8728937273706423,-0.5298937273706423
2.368,2.303048072693693,0.06495192730630706
3.115,3.270394996679993,-0.15539499667999257
2.356,2.1207479415869495,0.2352520584130504
2.659,2.6962386030253467,-0.03723860302534687
3.753,3.8820713194537397,-0.12907131945373962
2.4,2.72397282798606,-0.3239728279860601
3.025,3.6655151200891085,-0.6405151200891086
3.291,3.0415558080274243,0.2494441919725756
4.5,1.2497607658399859,3.250239234160014
5.00001,2.1707294115048805,2.829280588495119
3.606,3.8970857529050793,-0.29108575290507943
3.336,3.511190043919198,-0.17519004391919824
2.907,2.8871127715617333,0.019887228438266735
1.845,2.152045329924901,-0.30704532992490097
3.58,2.8943858396791513,0.6856141603208488
1.602,2.3419296177726876,-0.7399296177726875
2.787,2.912899107695888,-0.1258991076958882
3.047,3.422277411850084,-0.3752774118500839
3.798,3.4750322080160116,0.3229677919839884
3.757,3.2702682612370633,0.48673173876293685
2.278,2.5824907582458216,-0.3044907582458216
3.312,3.2169043657906373,0.09509563420936251
1.954,2.2978900525216575,-0.3438900525216575
2.913,3.2010148131812226,-0.2880148131812228
2.339,2.4520432671700667,-0.11304326717006674
2.471,2.961210860914014,-0.4902108609140141
2.832,2.806949981495663,0.02505001850433697
3.134,3.1139985311666982,0.020001468833301672
2.395,2.2004514045534833,0.1945485954465167
1.94,2.61160578971085,-0.67160578971085
2.277,2.4746933626687255,-0.1976933626687254
2.448,3.0536717277307446,-0.6056717277307446
3.4,3.7961953953434153,-0.3961953953434154
3.333,1.8308963504690117,1.5021036495309885
4.333,2.520384442654145,1.8126155573458553
5.00001,3.8365613862253944,1.1634486137746052
5.00001,5.073165387504451,-0.0731553875044515
5.00001,3.1217350798525345,1.878274920147465
2.375,2.3531507266799636,0.02184927332003639
5.00001,2.5553560668828035,2.444653933117196
4.5,1.802277935388699,2.697722064611301
4.521,2.386235060432745,2.1347649395672548
3.782,2.534959751258972,1.247040248741028
5.00001,2.503803148210049,2.4962068517899505
4.991,3.2187739013319043,1.7722260986680953
1.944,2.370465482956039,-0.42646548295603903
4.5,2.1317330410231903,2.3682669589768097
3.5,1.5585996683870844,1.9414003316129156
2.75,2.1079348845560206,0.6420651154439794
2.728,3.1279388170635216,-0.3999388170635214
2.917,2.770695405944872,0.14630459405512797
2.69,3.062563349492881,-0.37256334949288084
2.234,2.0462428111181,0.18775718888189985
3.839,4.480574931194813,-0.6415749311948127
2.742,2.8284203978119344,-0.08642039781193445
2.784,3.01784847157246,-0.23384847157246025
1.983,1.4256497733300089,0.5573502266699912
5.00001,3.7050290942736273,1.2949809057263724
5.00001,3.9244953389852184,1.0755146610147812
5.00001,4.674475131529203,0.3255348684707968
5.00001,4.094985323399379,0.9050246766006209
5.00001,3.555476064367572,1.4445339356324278
5.00001,4.501744755358286,0.49826524464171396
5.00001,4.69810578399788,0.3019042160021197
5.00001,3.5456260778883397,1.45438392211166
5.00001,6.555413042288693,-1.5554030422886935
5.00001,2.610846080151155,2.3891639198488446
5.00001,3.408046727066105,1.5919632729338948
4.664,3.2806250941138937,1.383374905886106
3.737,2.505594576221502,1.2314054237784982
3.847,2.104087822248353,1.7429121777516472
5.00001,2.343701690152567,2.6563083098474327
4.261,3.8153792899004184,0.4456207100995817
3.919,3.9782393776471032,-0.059239377647103186
5.00001,4.951251639647785,0.048758360352215036
4.456,2.8270053011665426,1.6289946988334578
5.00001,3.4753334793412316,1.524676520658768
1.618,2.7048049736740607,-1.0868049736740606
2.314,2.714048823104765,-0.40004882310476475
1.823,2.629277221620895,-0.8062772216208951
1.1,1.8037534258344619,-0.7037534258344618
1.058,1.6450988997904015,-0.5870988997904014
0.803,1.542019114275126,-0.739019114275126
1.625,1.093590390281539,0.5314096097184611
0.869,1.5762959916801431,-0.7072959916801431
1.868,2.490251999338904,-0.6222519993389037
2.417,2.0433407288607244,0.37365927113927544
2.298,1.9725457823319608,0.3254542176680393
1.808,1.9427697641740094,-0.13476976417400932
1.865,1.7867533472769295,0.07824665272307052
2.556,2.4714599281851224,0.08454007181487766
2.276,1.7842244044796742,0.49177559552032557
1.206,1.5416919833612122,-0.3356919833612122
3.226,2.0784772364057753,1.1475227635942247
0.743,1.4936038635972397,-0.7506038635972397
2.298,1.8663080237529024,0.43169197624709765
0.748,1.5071365800574525,-0.7591365800574525
0.804,1.5868259138186698,-0.7828259138186697
0.811,1.57165423192777,-0.7606542319277699
0.741,1.6667746639604153,-0.9257746639604153
0.723,1.5247697104677407,-0.8017697104677407
0.725,1.685093911152959,-0.9600939111529591
0.806,1.615646343588822,-0.8096463435888219
0.771,1.8071209793481968,-1.0361209793481967
1.909,2.106075021946078,-0.19707502194607796
2.304,2.3460861090700735,-0.04208610907007371
2.316,2.007977170852052,0.3080228291479479
2.25,1.3653760286644205,0.8846239713355795
2.962,3.6577585018712657,-0.6957585018712655
1.875,2.2505838793024244,-0.37558387930242443
2.504,2.047924227933617,0.45607577206638306
3.875,3.096635106024787,0.7783648939752128
4.104,3.6206121224784504,0.48338787752154966
3.625,2.9091282341877305,0.7158717658122695
2.708,2.188668201233719,0.5193317987662813
4.504,3.979150360742681,0.5248496392573188
4.93,4.916751802213609,0.013248197786390747
5.00001,4.381650953407953,0.6183590465920465
4.421,4.92239131371259,-0.50139131371259
5.00001,5.306739829907907,-0.30672982990790754
5.00001,4.369872474289902,0.6301375257100972
5.00001,3.2299427777418694,1.7700672222581302
5.0,2.8792813446073358,2.1207186553926642
5.00001,3.39644480545917,1.6035651945408298
5.00001,2.8258971343580246,2.174112865641975
5.00001,3.3818051585710798,1.6182048414289198
4.829,2.580738943866257,2.248261056133743
5.00001,3.863798784862311,1.1362112151376884
5.00001,2.4603257208814875,2.539684279118512
5.00001,2.6941461400116222,2.3058638599883774
5.00001,2.973540655045674,2.0264693449543256
5.00001,3.5590403101065715,1.440969689893428
5.00001,2.1907159242477805,2.809294075752219
5.00001,2.13234616357403,2.8676638364259697
5.00001,5.21370010199599,-0.21369010199599003
5.00001,4.858870992003023,0.14113900799697632
5.00001,4.859416684380493,0.1405933156195065
5.00001,5.255709455887619,-0.2556994558876191
3.454,2.5880824274513348,0.8659175725486654
0.938,1.8613409169625326,-0.9233409169625326
3.922,3.944198042712971,-0.022198042712970878
5.00001,5.925519413572599,-0.9255094135725992
3.5,3.2571768952239726,0.24282310477602742
5.00001,3.2745251597385003,1.7254848402614993
5.00001,2.8565875857425183,2.1434224142574814
5.00001,2.928314494203124,2.0716955057968756
5.00001,3.1396034190803515,1.8604065809196482
5.00001,2.5887234581523133,2.4112865418476863
5.00001,2.222417977153666,2.7775920228463336
5.00001,4.63426160889021,0.36574839110978985
5.00001,2.6377498436454987,2.362260156354501
5.00001,4.888363108268663,0.11164689173133624
5.00001,6.570711392859574,-1.5707013928595748
5.00001,4.454112032020253,0.5458979679797462
4.773,2.843008160770592,1.9299918392294075
5.00001,4.550819935205281,0.4491900647947187
1.063,2.326513258399215,-1.2635132583992152
4.507,3.0027589460697763,1.5042410539302233
4.55,1.937960576133834,2.6120394238661655
5.00001,3.3986029894611645,1.6014070105388352
2.954,2.0079987673707516,0.9460012326292486
2.652,2.369392623199864,0.28260737680013603
2.26,2.0530156605990073,0.20698433940099248
2.455,2.4616633998142285,-0.006663399814228477
2.531,2.9240145576798637,-0.3930145576798636
4.411,3.3001320688127196,1.11086793118728
3.398,2.2189929369953303,1.1790070630046698
2.618,2.783898702015012,-0.16589870201501222
2.723,2.475814438153172,0.24718556184682772
2.179,1.9172885712016243,0.2617114287983755
2.841,2.051470972931261,0.7895290270687392
2.768,1.5264122227999541,1.2415877772000457
2.684,2.3776477971107592,0.3063522028892409
3.109,2.6877060390147585,0.4212939609852415
3.254,2.5492069692805144,0.7047930307194856
3.261,2.0860722315246063,1.1749277684753938
3.111,1.7322119062820471,1.378788093717953
3.179,2.7060151754807578,0.47298482451924206
3.357,2.642479769941681,0.7145202300583193
2.688,1.9772514820358031,0.710748517964197
3.076,1.9289985893462136,1.1470014106537865
2.364,2.215398597087098,0.14860140291290191
4.07,2.0924498435109893,1.977550156489011
4.713,2.825406208718298,1.8875937912817022
4.908,3.8587357897567642,1.0492642102432361
4.585,3.3906693478249763,1.1943306521750237
5.00001,3.1010928666833424,1.8989171333166572
5.00001,2.4844856127457255,2.515524387254274
5.00001,4.395207043873709,0.6048029561262904
3.125,3.007510558164577,0.11748944183542287
5.00001,2.6267447586472517,2.373265241352748
4.846,3.1021672316298297,1.7438327683701704
4.391,3.44902725736904,0.9419727426309601
5.00001,3.145834418570788,1.8541755814292116
4.714,2.985091371548183,1.7289086284518174
3.667,2.344516095458654,1.322483904541346
5.00001,3.6500099898320686,1.350000010167931
5.00001,2.1355074498267985,2.864502550173201
2.221,2.8794892041416547,-0.6584892041416546
2.152,2.457512432029102,-0.30551243202910205
1.854,1.8316195255383267,0.02238047446167335
2.72,1.6213202257942547,1.0986797742057455
1.929,1.7005900384484254,0.22840996155157467
1.887,1.961644774560709,-0.07464477456070906
2.25,1.3077082128498834,0.9422917871501166
1.778,1.7964911397547483,-0.018491139754748254
3.588,3.0455506303545845,0.5424493696454156
3.815,3.132830030987667,0.6821699690123331
2.263,2.499974865114233,-0.23697486511423316
2.716,2.2049330039170982,0.511066996082902
2.134,2.3266077941699153,-0.19260779416991536
2.25,1.7026554494704418,0.5473445505295582
1.825,2.1404181356208594,-0.3154181356208594
2.25,2.2123985746270396,0.037601425372960406
1.813,1.5960929946071554,0.21690700539284458
2.254,1.163733822401038,1.090266177598962
2.115,2.390456411597942,-0.27545641159794165
2.2,1.9749688721198437,0.22503112788015645
2.75,1.8941244772428898,0.8558755227571102
2.446,2.4935236159575664,-0.04752361595756627
3.365,3.7395644803827,-0.37456448038269974
3.67,3.7027873439712256,-0.032787343971225624
2.241,2.8224953834485906,-0.5814953834485905
2.097,2.7241415731042053,-0.6271415731042054
2.201,2.3630404070261557,-0.16204040702615563
2.638,2.4676716109156978,0.17032838908430215
2.61,3.155276448522932,-0.545276448522932
2.456,2.4607374536525883,-0.004737453652588375
2.642,2.603201918470094,0.038798081529905826
3.742,3.382449662385533,0.3595503376144671
4.309,2.3208096493356645,1.9881903506643357
4.147,4.234313226896002,-0.08731322689600152
2.13,1.963750602529871,0.1662493974701289
2.295,2.6339114247630073,-0.3389114247630074
2.184,2.0517363032584868,0.1322636967415134
2.492,2.407753144272675,0.08424685572732482
2.661,2.9791672671578513,-0.31816726715785126
2.603,2.569287629149316,0.03371237085068435
2.759,3.1844842933849162,-0.42548429338491633
2.535,2.401293998298386,0.13370600170161406
2.433,2.309824720159086,0.12317527984091381
1.809,2.296453966519859,-0.48745396651985895
1.938,2.030914023765379,-0.09291402376537916
1.61,1.9174615325563247,-0.3074615325563246
1.926,3.1274973358730502,-1.2014973358730503
3.166,2.565841895711757,0.6001581042882429
2.75,2.105083288599551,0.644916711400449
1.813,1.9392619579105586,-0.1262619579105586
2.331,2.586360647362897,-0.2553606473628971
1.528,1.7849134615354374,-0.25691346153543737
1.575,2.0370004787602753,-0.4620004787602754
1.555,2.4750695010521726,-0.9200695010521727
2.625,2.0249269117142337,0.6000730882857663
2.664,2.4385425760291946,0.2254574239708056
2.46,2.5249611944058046,-0.06496119440580461
1.849,2.1624142961235555,-0.31341429612355554
1.852,2.006167288901346,-0.1541672889013459
2.45,1.9774593658322102,0.47254063416779
2.258,2.653591070020556,-0.39559107002055605
1.167,2.075006456462478,-0.9080064564624781
2.405,2.6112065755720444,-0.20620657557204458
2.054,2.084053631811719,-0.03005363181171905
1.375,2.25209330267885,-0.8770933026788499
1.821,2.469729798875864,-0.6487297988758642
1.807,2.4256462507668894,-0.6186462507668895
1.552,2.0044288938273853,-0.45242889382738527
1.978,2.404494879971174,-0.42649487997117386
1.835,2.06211620198786,-0.22711620198785987
1.775,2.399292676395173,-0.6242926763951733
1.653,2.303601480088786,-0.650601480088786
1.7,2.152703141591317,-0.4527031415913172
2.605,2.84828945158597,-0.24328945158596982
2.024,2.405678189287041,-0.3816781892870411
2.333,2.350173303938871,-0.01717330393887062
2.52,2.9414146613918555,-0.42141466139185546
2.663,2.8331019759255516,-0.17010197592555176
3.052,2.7959590449058322,0.2560409550941678
1.617,2.2388104508851225,-0.6218104508851225
1.457,2.0574221933237435,-0.6004221933237435
1.292,1.9353766043557243,-0.6433766043557243
1.908,2.4297689462493,-0.5217689462493
1.625,2.529398051617827,-0.9043980516178269
1.505,2.0901785082932545,-0.5851785082932546
1.577,1.5557286244520507,0.021271375547949223
1.659,2.1232334635183854,-0.46423346351838535
1.74,2.2300004682284453,-0.49000046822844534
1.506,2.182157899125908,-0.6761578991259081
1.591,2.0680615950504575,-0.47706159505045753
1.15,1.7079019510969156,-0.5579019510969156
1.75,1.5746656245679969,0.17533437543200314
1.214,1.8998920481990318,-0.6858920481990318
1.346,1.9030785832612587,-0.5570785832612586
1.125,2.000946806363636,-0.8759468063636362
1.315,1.7084793369321893,-0.3934793369321894
1.542,1.0938003219080468,0.44819967809195327
1.734,1.4704034296557835,0.26359657034421646
1.232,1.701085885139954,-0.469085885139954
1.175,1.7928542637832787,-0.6178542637832787
1.598,1.686216347054423,-0.08821634705442283
1.714,1.6533317914613417,0.060668208538658286
1.653,1.9066842009583653,-0.2536842009583653
1.759,2.287718379318983,-0.5287183793189829
1.708,1.5865525402032101,0.12144745979678984
1.774,2.1670827646465125,-0.3930827646465125
1.821,2.084409956187549,-0.26340995618754914
1.802,1.6635355659111106,0.13846443408888942
1.585,1.7550997357625,-0.17009973576250004
1.77,2.120310912523711,-0.35031091252371116
1.725,2.1713019260838298,-0.4463019260838297
1.656,2.1342525609192577,-0.47825256091925783
1.591,2.003551319610185,-0.4125513196101849
1.625,1.7005095006959394,-0.07550950069593942
1.774,1.989605491421596,-0.2156054914215959
1.641,2.2184107928912806,-0.5774107928912806
1.664,2.3108241367180726,-0.6468241367180727
1.635,1.977509915133584,-0.342509915133584
1.705,2.131921732493014,-0.4269217324930139
1.392,2.2588953419193176,-0.8668953419193177
1.584,1.8068948628284391,-0.22289486282843907
1.606,1.8845275487706534,-0.27852754877065333
1.595,1.9556588446286591,-0.36065884462865916
1.804,1.432305798991663,0.37169420100833706
1.667,1.4441273155743124,0.22287268442568764
1.832,1.7731461481610484,0.05885385183895164
1.799,2.513717110461591,-0.7147171104615913
1.785,2.218784956719237,-0.4337849567192371
1.11,1.786948941710862,-0.6769489417108618
1.731,2.4620236158928965,-0.7310236158928964
1.517,1.9352837495128288,-0.4182837495128289
1.59,2.1722577361168574,-0.5822577361168573
1.544,2.548859121296165,-1.0048591212961648
1.639,2.189010742567962,-0.5500107425679619
1.518,1.123528825464835,0.394471174535165
1.519,1.9000832372701697,-0.3810832372701698
1.594,1.8700194410131257,-0.2760194410131256
1.403,1.8148726963654533,-0.4118726963654533
1.589,1.6610752812074647,-0.07207528120746476
1.485,1.5790162777659813,-0.0940162777659812
1.635,1.884363480362528,-0.24936348036252798
1.833,1.4576611056452216,0.3753388943547784
1.444,1.6634412026926066,-0.2194412026926067
1.625,1.7765203935608265,-0.15152039356082647
1.58,2.225131645182601,-0.6451316451826008
1.375,1.117520578157666,0.25747942184233397
1.025,1.0732371274938552,-0.048237127493855336
3.5,1.3335261887810725,2.1664738112189275
2.355,2.055411667882227,0.2995883321177728
2.053,1.2461443572594129,0.8068556427405871
1.954,2.498621938463628,-0.5446219384636282
1.872,1.7380943915075293,0.1339056084924708
1.768,2.1332186517710907,-0.3652186517710907
1.63,2.138698139950504,-0.508698139950504
1.772,2.1827485876551074,-0.41074858765510736
1.701,1.9384902340556822,-0.23749023405568215
1.875,2.0687036316074083,-0.19370363160740833
2.888,3.250470858117931,-0.362470858117931
2.374,1.8704663990203496,0.5035336009796505
1.95,2.4280318446016342,-0.4780318446016343
1.896,2.1569541646124777,-0.2609541646124778
1.927,2.5730937286681823,-0.6460937286681823
3.203,3.941387408802322,-0.7383874088023221
3.113,2.19772992638469,0.9152700736153099
2.403,2.3707599507891413,0.03224004921085877
2.053,2.448734669173179,-0.3957346691731791
2.188,2.3487117458727766,-0.16071174587277648
2.047,1.737254341288329,0.30974565871167115
2.157,2.6755074743188625,-0.5185074743188625
2.194,1.9628840175936668,0.23111598240633313
1.395,2.211004698375039,-0.8160046983750391
2.138,2.3524197471883004,-0.21441974718830048
2.065,2.2031351352800748,-0.13813513528007482
2.331,2.115099199111087,0.21590080088891295
2.491,1.8291301624540366,0.6618698375459635
2.296,2.267829588780429,0.028170411219570646
2.964,2.4662756915765067,0.49772430842349324
2.365,2.3842210048542274,-0.019221004854227175
1.465,1.6836629649960864,-0.21866296499608628
1.378,1.8421319143044275,-0.4641319143044276
2.102,2.0142318859676713,0.08776811403232854
2.522,2.4771849228605536,0.04481507713944621
2.472,2.5577320013967224,-0.08573200139672243
2.528,1.981386664064158,0.546613335935842
2.169,1.890030449448692,0.2789695505513081
1.406,1.7281479863339706,-0.3221479863339707
2.342,2.3576094420814835,-0.015609442081483405
1.37,2.2658224650444136,-0.8958224650444135
2.25,2.478419224193023,-0.22841922419302296
2.23,2.586164007944687,-0.35616400794468683
1.836,1.8159598407918365,0.0200401592081636
1.604,2.0287420099412605,-0.42474200994126043
3.668,3.0870027172704533,0.5809972827295469
4.872,4.838841411447749,0.033158588552250734
5.00001,5.8608710657117715,-0.8608610657117719
5.00001,4.150150733880707,0.8498592661192923
2.866,2.609395923603734,0.25660407639626603
2.902,3.1496771699447543,-0.2476771699447542
2.278,1.9763330076259482,0.3016669923740518
4.513,3.7349284264679783,0.7780715735320216
4.39,2.9926886263983357,1.397311373601664
5.00001,4.943537675190431,0.056472324809568875
4.815,4.285215675306094,0.5297843246939067
3.74,3.493995360762651,0.2460046392373494
5.00001,4.698982668374796,0.30102733162520323
3.246,3.2255920268515528,0.020407973148447223
2.032,2.1928644512727393,-0.1608644512727393
2.854,2.1476058995915945,0.7063941004084056
2.878,2.993545174683173,-0.11554517468317282
3.592,3.1857415595314356,0.4062584404685645
2.656,3.0195705643721955,-0.36357056437219537
2.818,2.738657100748493,0.07934289925150706
3.495,3.905197673755145,-0.4101976737551447
3.346,3.3081541021607226,0.0378458978392775
4.771,4.212973782930922,0.5580262170690782
3.776,3.5930848450151758,0.18291515498482402
2.314,1.9176918860603895,0.3963081139396105
1.656,2.0298733829750706,-0.37387338297507067
2.181,2.386169527791207,-0.2051695277912069
2.223,2.232282847177337,-0.009282847177336961
2.21,2.8155753488720423,-0.6055753488720423
1.96,2.1007115961273755,-0.1407115961273755
2.357,2.6810981048443048,-0.32409810484430457
2.201,1.759831586664873,0.441168413335127
1.996,1.5499053773753066,0.44609462262469335
2.292,2.282768028044301,0.009231971955698803
2.48,2.2336799961693203,0.24632000383067965
2.119,1.9477575086575998,0.17124249134240044
3.185,2.9267733298936545,0.2582266701063456
2.705,2.6661621958322286,0.038837804167771495
2.747,2.573343719202555,0.1736562807974451
5.00001,5.200198610085326,-0.20018861008532607
5.00001,4.7217696763502985,0.2782403236497011
5.00001,3.563012630708405,1.4369973692915945
4.318,3.834802624954457,0.4831973750455427
5.00001,4.61848894164997,0.3815210583500299
4.569,4.196729004584012,0.3722709954159882
2.676,2.640428882616544,0.03557111738345631
1.5,2.0680527098114383,-0.5680527098114383
2.256,1.6903303888506147,0.5656696111493851
2.44,2.536632485037531,-0.09663248503753108
2.342,2.606531710918072,-0.2645317109180718
2.367,2.865394484276882,-0.49839448427688193
2.0,2.0907821029288387,-0.0907821029288387
2.368,2.2094629554707423,0.15853704452925754
1.464,1.921610078506886,-0.45761007850688595
2.11,2.365030473475907,-0.255030473475907
2.121,1.9732385753684356,0.1477614246315644
2.15,1.846892534151574,0.30310746584842585
2.25,2.379506015639838,-0.129506015639838
2.364,1.7143788011395173,0.6496211988604825
1.875,2.1827434481336487,-0.30774344813364873
1.788,1.6451362937353469,0.14286370626465317
1.685,2.310135678221677,-0.6251356782216768
1.735,2.376397954614317,-0.6413979546143167
1.86,2.2049164252158646,-0.3449164252158645
1.904,2.005657101833882,-0.1016571018338821
1.945,2.2820612158055034,-0.3370612158055033
2.199,2.237490291818435,-0.03849029181843511
1.903,2.6792624496581015,-0.7762624496581014
1.938,1.6991817975046843,0.2388182024953156
1.979,1.9539032985685285,0.02509670143147158
2.717,2.9830632727498307,-0.26606327274983066
1.594,1.6627220267282532,-0.06872202672825312
2.473,2.4571164938605072,0.01588350613949263
2.324,2.669196789095045,-0.34519678909504536
2.271,2.5647819774082707,-0.29378197740827083
2.194,2.2763074808571258,-0.0823074808571258
1.531,1.8273987299785952,-0.2963987299785953
2.481,2.4829819408423743,-0.0019819408423744633
2.345,2.12937219696211,0.21562780303788998
2.167,2.0453015483603463,0.12169845163965354
1.941,2.3727322005674782,-0.4317322005674782
2.449,2.066180150347606,0.3828198496523938
2.221,2.2536734112872665,-0.03267341128726642
2.306,1.891470273905667,0.41452972609433303
2.309,3.0227934297763936,-0.7137934297763935
2.512,2.2930092705797516,0.21899072942024844
2.326,2.473622264057854,-0.14762226405785395
1.828,2.064772069046926,-0.23677206904692594
2.008,2.7284423143794068,-0.7204423143794068
2.118,2.1099583429796924,0.008041657020307458
1.791,2.4251015520391532,-0.6341015520391533
1.875,3.242030189121341,-1.367030189121341
2.162,2.453012422570725,-0.2910124225707249
1.405,2.038028172818347,-0.6330281728183469
2.801,1.8273982257648513,0.9736017742351488
2.354,2.6143633302408995,-0.2603633302408994
2.385,1.9152739191073695,0.46972608089263024
2.238,2.0821745527965403,0.1558254472034597
2.31,2.661152285117263,-0.35115228511726304
2.412,2.9858257194147546,-0.5738257194147547
2.667,3.108510676100337,-0.4415106761003371
2.25,2.208805328013697,0.041194671986303
2.32,2.9022314610429483,-0.5822314610429484
2.494,2.7394628809457173,-0.2454628809457171
2.239,2.0044452601449603,0.2345547398550396
2.247,2.2248584975484005,0.022141502451599404
2.139,2.941397425029422,-0.8023974250294224
2.25,2.53188277823601,-0.2818827782360098
1.871,2.359438875169126,-0.488438875169126
1.935,1.9819770464464368,-0.04697704644643674
2.73,1.9931953244273248,0.7368046755726751
1.862,1.8680622779513263,-0.006062277951326189
2.013,1.8479409583728081,0.16505904162719176
1.874,2.0285133980721533,-0.15451339807215314
1.951,1.7571030874372706,0.19389691256272945
2.25,1.5859249610819206,0.6640750389180794
2.627,2.049837846548597,0.5771621534514026
2.373,2.3524841091826874,0.020515890817312865
2.314,2.1741573993421532,0.13984260065784682
1.39,2.305808061680469,-0.9158080616804691
2.492,2.4145946330857826,0.0774053669142174
2.541,2.17326258464296,0.36773741535703985
1.585,2.436273469055042,-0.8512734690550419
1.661,1.6447626528077954,0.0162373471922046
2.23,2.5545893007424203,-0.3245893007424203
1.701,1.989398654705077,-0.288398654705077
1.567,1.7679126176247553,-0.20091261762475532
1.754,1.865664792709179,-0.11166479270917895
1.8,1.7481859416685628,0.05181405833143726
1.625,1.7755329447647021,-0.15053294476470214
1.181,1.424506696813208,-0.24350669681320802
1.686,1.8895527715944986,-0.2035527715944987
1.784,1.8056891423935306,-0.02168914239353059
1.839,2.2370757338809986,-0.3980757338809986
1.639,2.348435379270493,-0.709435379270493
1.969,1.8670779614390027,0.10192203856099735
1.862,2.3852467108071553,-0.5232467108071552
1.899,1.8425966007704948,0.05640339922950521
2.035,2.0741044859058992,-0.0391044859058991
1.892,2.1540517932599306,-0.26205179325993067
1.829,2.148489580674749,-0.31948958067474886
1.857,2.561327291394697,-0.7043272913946972
1.837,2.202993666186252,-0.3659936661862522
1.734,2.045086413932026,-0.31108641393202596
1.8,1.929866515970443,-0.12986651597044285
1.354,1.7921076370913984,-0.4381076370913983
1.821,2.2036516441622553,-0.3826516441622554
1.815,2.395193450186495,-0.5801934501864952
1.911,2.179059597015287,-0.26805959701528703
1.896,2.6454250534703334,-0.7494250534703335
1.707,2.740922331080523,-1.0339223310805228
1.863,2.0440416693430192,-0.18104166934301924
1.868,2.522687855532845,-0.6546878555328448
1.902,2.6461341246633263,-0.7441341246633264
1.917,2.2801745412008856,-0.36317454120088555
2.19,1.5514730471080203,0.6385269528919797
2.555,2.5438565427269064,0.011143457273093738
1.875,1.9130734659689967,-0.038073465968996745
2.207,2.4007307832940157,-0.19373078329401583
1.858,1.9486404256328487,-0.09064042563284858
2.047,1.93859976734384,0.10840023265616017
2.259,2.2306355818211747,0.02836441817882518
2.023,1.7127875525455907,0.31021244745440946
2.196,1.5831913736987686,0.6128086263012316
1.961,2.1998679607563725,-0.2388679607563724
2.125,1.4530202675686965,0.6719797324313035
2.248,2.2903329783590864,-0.042332978359086226
1.99,1.9719909562237847,0.01800904377621526
2.521,1.89525996739772,0.62574003260228
1.914,2.6986809999655943,-0.7846809999655944
2.155,2.2791852566702775,-0.12418525667027769
2.285,1.946603255501731,0.3383967444982692
2.0,2.537002334852206,-0.5370023348522062
2.181,2.814337795140898,-0.633337795140898
2.308,2.9937775346319677,-0.6857775346319679
2.009,2.141112433153993,-0.1321124331539929
2.052,1.7549907281001347,0.29700927189986537
1.977,2.160798913238401,-0.18379891323840103
1.974,1.9948482636881026,-0.020848263688102664
1.375,2.0961273318893507,-0.7211273318893507
2.989,2.89937784622005,0.08962215377994998
1.714,2.003634556805577,-0.28963455680557715
3.5,1.860109214130194,1.639890785869806
2.178,2.466164369632546,-0.288164369632546
2.154,2.01791600036006,0.1360839996399399
1.969,1.977549929745186,-0.008549929745185869
2.132,2.095801559521628,0.036198440478372174
2.167,2.6517915477562117,-0.4847915477562119
2.208,3.0639251979067477,-0.8559251979067475
2.109,2.0708812765802787,0.038118723419721334
1.863,1.6137076180367873,0.24929238196321268
1.872,2.290280047310587,-0.418280047310587
2.081,1.6196789174157575,0.4613210825842424
2.286,2.6016592274592742,-0.3156592274592742
1.988,1.7826553926866595,0.20534460731334048
2.2,1.9273667950880562,0.272633204911944
1.713,1.5516069938920973,0.16139300610790275
2.019,1.989156473623042,0.029843526376958085
2.871,2.8634173271983476,0.007582672801652368
2.825,1.955676146772145,0.8693238532278551
3.5,1.5699847662214141,1.9300152337785859
1.647,1.7509708578182246,-0.10397085781822457
1.75,0.9479826684839003,0.8020173315160997
2.125,0.9905241563874441,1.134475843612556
1.654,1.121596583282289,0.532403416717711
1.681,1.822044220470232,-0.14104422047023202
1.606,2.2385941415557564,-0.6325941415557563
1.614,1.9275635507629971,-0.313563550762997
1.793,2.611360458083471,-0.8183604580834711
1.664,2.2011376437787495,-0.5371376437787496
1.708,1.7044308084497914,0.003569191550208517
1.669,1.6564237541513203,0.012576245848679779
1.524,2.4672363996201816,-0.9432363996201816
1.846,1.8059459987814965,0.040054001218503554
1.829,1.5430857058391716,0.28591429416082836
1.531,1.620968301961412,-0.08996830196141214
1.796,2.1032586074823123,-0.30725860748231226
1.663,2.3921240573251152,-0.7291240573251152
2.051,2.8312457080792828,-0.7802457080792826
2.18,2.2886230540995927,-0.1086230540995925
1.595,2.330431405792889,-0.735431405792889
0.45,1.7078526212902743,-1.2578526212902743
1.575,1.5964063964575326,-0.021406396457532617
3.5,1.8853860454862827,1.6146139545137173
2.125,2.3167662631670467,-0.1917662631670467
2.38,2.261096177879705,0.11890382212029493
2.143,1.9789491770498444,0.16405082295015538
2.274,2.8820464029216755,-0.6080464029216754
2.432,2.2788722241894033,0.15312777581059667
2.548,2.4750043608905714,0.07299563910942863
1.722,2.101480800189787,-0.3794808001897869
2.319,2.415100795409663,-0.09610079540966288
2.087,2.201664661864884,-0.11466466186488367
2.247,2.2481714247191067,-0.0011714247191068061
1.834,2.0938091988629988,-0.2598091988629987
1.974,2.129895257988005,-0.15589525798800508
1.952,2.4673993248145263,-0.5153993248145263
1.774,2.667431919176993,-0.8934319191769928
1.825,2.5527753008618337,-0.7277753008618337
1.8,2.449962715748703,-0.6499627157487031
1.804,2.0957166861088248,-0.29171668610882473
2.094,1.9417633526445437,0.15223664735545617
1.952,2.6038782762354185,-0.6518782762354185
1.839,2.3873629000043093,-0.5483629000043093
2.407,2.088786766228556,0.31821323377144406
2.018,2.3457110397407863,-0.3277110397407865
1.747,2.0359457968769914,-0.2889457968769913
1.771,2.3638038653294173,-0.5928038653294174
2.028,1.7980528451514304,0.22994715484856965
1.538,2.13973461295668,-0.6017346129566798
1.463,1.9770295511439986,-0.5140295511439985
1.625,2.170182712748229,-0.5451827127482289
1.965,1.772690052710117,0.19230994728988304
1.896,1.7561703391693502,0.13982966083064974
1.829,1.552139503735702,0.276860496264298
1.531,1.5967080694527407,-0.06570806945274077
1.625,2.3945273350352014,-0.7695273350352014
1.818,1.6419154825259201,0.17608451747407994
1.831,2.0530772819050944,-0.22207728190509446
2.156,2.67139480933914,-0.5153948093391398
2.063,1.7892710220655204,0.2737289779344798
1.806,2.3804322968342073,-0.5744322968342073
1.808,1.8637850912131029,-0.05578509121310282
1.69,2.31627159108665,-0.6262715910866499
1.905,1.921893149847946,-0.016893149847945876
1.678,2.239832427826067,-0.5618324278260669
2.275,2.7719150241778285,-0.4969150241778286
1.797,2.3074379571241606,-0.5104379571241606
1.914,2.359033310080479,-0.44503331008047886
2.256,2.741064929435313,-0.4850649294353131
2.114,2.0905037512353557,0.02349624876464418
1.435,1.9228510479413086,-0.4878510479413085
2.13,1.9519879066717094,0.1780120933282905
2.133,1.9494233956306046,0.18357660436939538
1.875,2.187125715186019,-0.31212571518601884
2.242,2.214289486603743,0.027710513396256964
1.739,1.7960528580157782,-0.057052858015778085
2.038,2.1984419379469244,-0.16044193794692463
1.802,1.8837771107630013,-0.0817771107630012
2.313,2.039360969295393,0.27363903070460704
2.218,2.7128205392154894,-0.4948205392154894
2.18,2.7227736595798246,-0.5427736595798245
1.884,2.3020469399108645,-0.4180469399108646
2.183,2.82856608532063,-0.6455660853206302
1.91,2.1852163036348644,-0.2752163036348645
2.145,1.5066652969272996,0.6383347030727005
2.292,3.1189358834582097,-0.8269358834582099
2.143,1.738259629193835,0.40474037080616476
1.906,2.3711486782276188,-0.46514867822761885
2.146,2.4214984286561245,-0.2754984286561246
2.157,2.607355994222634,-0.45035599422263406
2.365,2.4510859102253564,-0.08608591022535617
2.313,2.307603571681587,0.00539642831841336
1.992,2.5047168313703176,-0.5127168313703176
1.908,2.189556153347964,-0.28155615334796424
1.934,2.659049062546525,-0.7250490625465249
1.905,2.3505969118432555,-0.44559691184325545
1.987,1.9563648116745798,0.030635188325420337
1.843,1.7046319673997754,0.13836803260022457
1.703,2.3067366894489476,-0.6037366894489475
1.779,2.22348915446738,-0.44448915446738013
1.823,2.0882839087172327,-0.26528390871723273
1.903,2.103654976003063,-0.20065497600306292
1.84,1.8211387765702756,0.018861223429724516
1.865,1.9870105130863003,-0.12201051308630029
1.338,1.7346409784548729,-0.3966409784548728
1.708,2.4247167645635135,-0.7167167645635135
1.759,2.0188593884433157,-0.2598593884433158
1.711,2.0591688165507818,-0.3481688165507817
1.661,1.924353437865875,-0.26335343786587506
1.907,2.459190414246338,-0.5521904142463381
2.361,1.6407231843397658,0.7202768156602344
1.885,2.208491278942053,-0.323491278942053
2.693,2.471651151851813,0.22134884814818712
1.818,2.382489623004508,-0.564489623004508
1.809,2.106765947706003,-0.29776594770600284
2.228,2.2954538858657467,-0.06745388586574652
1.622,1.6881640801463247,-0.06616408014632458
3.5,1.8789693359256163,1.6210306640743837
1.796,1.6868173628722312,0.10918263712776888
1.609,1.961690013240303,-0.352690013240303
1.698,1.9588849239216608,-0.26088492392166085
1.94,1.7887881212546057,0.1512118787453942
1.742,2.201739206495703,-0.4597392064957031
1.969,2.36226537727232,-0.3932653772723198
1.875,2.50667851957239,-0.63167851957239
1.895,2.314848795021629,-0.419848795021629
1.939,2.0887970728325445,-0.1497970728325444
1.761,1.6566932419609084,0.10430675803909151
1.88,2.2528351618400686,-0.3728351618400687
1.842,2.2767773458211646,-0.43477734582116456
1.762,2.188862708446241,-0.4268627084462411
1.914,2.308885656368809,-0.39488565636880923
1.867,2.2207312067760516,-0.35373120677605163
2.373,2.2943429878712336,0.07865701212876663
1.963,1.683811832125318,0.27918816787468215
2.761,3.037032093723533,-0.27603209372353277
2.314,2.579461518653785,-0.265461518653785
1.839,2.1774314951658353,-0.33843149516583537
1.907,2.186892313174689,-0.2798923131746891
1.904,2.0430579390191093,-0.13905793901910934
1.741,2.241946665299002,-0.500946665299002
1.628,2.3590201865154286,-0.7310201865154287
1.416,1.9939661264462272,-0.5779661264462272
1.618,1.873494897011251,-0.25549489701125094
1.779,2.1999389337328967,-0.4209389337328968
1.375,1.8455959372177528,-0.47059593721775284
1.475,2.224613109807233,-0.7496131098072327
1.948,2.282234259218567,-0.334234259218567
1.823,2.170712937510803,-0.34771293751080323
1.904,1.856824358501818,0.047175641498181875
1.674,2.0570449103027757,-0.38304491030277577
1.743,1.7198307945651101,0.023169205434889983
2.151,1.7450829566046142,0.4059170433953856
1.563,1.6458710851711729,-0.08287108517117292
1.428,1.9054471082444568,-0.4774471082444569
1.6,1.7249647000291513,-0.12496470002915117
1.426,2.1215209549677247,-0.6955209549677248
1.53,1.9366635434882973,-0.40666354348829725
0.875,1.8556494759010551,-0.9806494759010551
1.865,1.8546584155392092,0.01034158446079081
1.597,1.481001706096687,0.11599829390331307
1.625,1.9201078285607216,-0.2951078285607216
1.893,2.30259334226848,-0.4095933422684801
1.795,2.2506736447254054,-0.4556736447254055
2.072,2.240264805587814,-0.16826480558781398
2.114,2.610469782042948,-0.496469782042948
2.012,2.014800489600475,-0.0028004896004749646
2.252,2.7196799990380915,-0.46767999903809176
2.719,2.835631173522658,-0.11663117352265795
1.605,2.197656095849844,-0.5926560958498439
2.3,2.4130524348088063,-0.11305243480880645
2.188,2.1439806438168953,0.04401935618310482
2.296,2.5702445598485326,-0.2742445598485328
2.248,3.0284962652837293,-0.7804962652837291
2.738,2.4209032240765316,0.3170967759234684
2.307,2.453475420806818,-0.14647542080681797
2.192,1.4603789693332259,0.7316210306667743
1.521,2.2861595977946783,-0.7651595977946783
2.609,2.8114125481588443,-0.20241254815884435
2.304,2.5438203384426767,-0.23982033844267692
2.65,2.489732825452105,0.16026717454789496
2.392,2.802253010214061,-0.41025301021406113
2.528,1.9579405777516061,0.5700594222483939
1.373,1.9056907644922174,-0.5326907644922174
3.724,3.802768440301554,-0.07876844030155361
3.298,3.13643061416725,0.16156938583274982
3.374,3.5027925919790253,-0.12879259197902515
1.979,2.1466932615332217,-0.16769326153322162
2.113,2.270687450887816,-0.1576874508878161
2.949,3.107735868840603,-0.1587358688406031
1.375,2.3262836218833502,-0.9512836218833502
1.392,2.2646277767110803,-0.8726277767110804
2.62,1.9199188179338178,0.7000811820661823
2.225,2.7906240968799443,-0.5656240968799442
2.242,2.507721558631106,-0.2657215586311059
2.3,2.274163529600205,0.025836470399794642
3.476,3.025571407790267,0.45042859220973286
3.018,3.3013450002906346,-0.2833450002906348
2.734,2.693696087677013,0.040303912322987134
2.88,2.8393897165467963,0.04061028345320361
3.182,3.187315175449165,-0.005315175449164933
2.956,3.0816087566342754,-0.1256087566342754
3.195,3.406969167190732,-0.21196916719073222
2.058,2.2087964137664415,-0.1507964137664417
2.258,2.124081594330402,0.1339184056695979
2.742,2.5909168561179925,0.1510831438820075
3.426,2.8060673249970103,0.6199326750029899
2.909,2.0317286267156454,0.8772713732843544
3.045,2.1419542662978848,0.9030457337021152
3.065,2.8585250372172126,0.20647496278278732
2.765,2.8348355796888014,-0.06983557968880127
1.588,2.2429976224150145,-0.6549976224150145
2.845,2.8483643969499712,-0.003364396949971038
2.846,3.2460954832450906,-0.4000954832450905
2.319,2.5567130845986696,-0.2377130845986697
3.502,3.242844711516204,0.25915528848379576
2.92,3.155412778829747,-0.2354127788297471
3.905,3.4270130063352973,0.47798699366470254
2.793,2.6523815232189425,0.14061847678105766
2.896,2.3946751246318083,0.5013248753681916
2.904,2.833704878474549,0.07029512152545081
3.167,3.5102910827765847,-0.34329108277658493
2.78,3.0220205863992056,-0.24202058639920576
2.646,2.7807147162092463,-0.13471471620924635
2.529,2.6585131543741154,-0.12951315437411548
2.861,2.786951279338643,0.07404872066135715
2.294,2.1481139983977693,0.14588600160223075
2.392,2.2123464726933655,0.17965352730663442
2.13,2.0732483472156567,0.05675165278434324
2.472,2.8101478588412734,-0.3381478588412734
2.651,2.839110390288003,-0.18811039028800325
2.815,2.8267503260373013,-0.011750326037301306
3.821,3.1148933243601857,0.7061066756398144
3.333,3.381845114021225,-0.048845114021224934
3.506,3.1516908113125925,0.35430918868740724
3.393,2.603440922951908,0.7895590770480916
3.44,2.9624069713132655,0.4775930286867345
2.898,2.802550315024625,0.09544968497537498
3.433,3.704594962076887,-0.2715949620768874
3.631,2.2873267481479536,1.3436732518520462
3.839,3.204618998295704,0.6343810017042961
2.698,2.9629556687320298,-0.2649556687320298
2.197,2.0491892285404107,0.14781077145958932
2.404,3.055285856744369,-0.6512858567443689
2.431,2.7088511879095627,-0.27785118790956265
2.647,2.863473354866761,-0.216473354866761
2.794,3.011906122452457,-0.21790612245245677
3.307,3.219388331870185,0.08761166812981491
1.803,1.6477666737978087,0.1552333262021912
3.691,3.356213536983158,0.334786463016842
2.819,2.9938171525950423,-0.17481715259504238
3.329,3.1447615313140647,0.18423846868593552
3.908,3.3188271132273663,0.5891728867726336
2.321,2.827682866603283,-0.506682866603283
4.477,2.900154650676431,1.5768453493235692
3.976,2.640684749277976,1.335315250722024
4.292,2.4219158854439806,1.8700841145560192
4.427,2.4068175155592844,2.0201824844407152
4.083,2.1077068044840526,1.9752931955159476
2.736,2.4650278817302596,0.27097211826974066
1.869,2.037996447963063,-0.1689964479630628
2.346,2.2504541379134406,0.09554586208655946
2.167,2.016599078835939,0.1504009211640609
2.822,2.4572229283945415,0.3647770716054586
3.5,2.1475326559476784,1.3524673440523216
2.625,2.0772527536269227,0.5477472463730773
2.529,1.9438999357943296,0.5851000642056703
3.531,2.636920223144756,0.8940797768552442
2.688,1.748044585618109,0.9399554143818911
2.714,2.309242162948725,0.404757837051275
4.777,4.446511683222621,0.33048831677737933
2.854,3.1473243350628137,-0.29332433506281363
3.878,2.60273181352922,1.2752681864707802
2.797,2.192637884915216,0.604362115084784
2.375,1.742935150410525,0.632064849589475
2.167,1.7645311912648358,0.402468808735164
3.319,2.736660810204734,0.5823391897952659
2.857,3.02780332146677,-0.1708033214667699
2.678,2.348453130128922,0.32954686987107795
3.025,3.15372649670193,-0.12872649670193015
3.369,2.625307717793377,0.7436922822066232
2.61,2.6607503965221633,-0.0507503965221634
2.378,2.453354406683322,-0.07535440668332205
2.509,2.1123069284438194,0.3966930715561805
3.428,3.0836397779585205,0.3443602220414794
2.208,1.9624480471754504,0.24555195282454978
2.557,2.7215062113645554,-0.16450621136455545
1.348,2.356717909634857,-1.0087179096348569
1.885,2.0687614924501103,-0.1837614924501103
2.956,2.4925941509990017,0.46340584900099824
3.027,3.4284593795975833,-0.40145937959758315
5.00001,4.966785260447168,0.033224739552832006
2.488,2.4304041031224286,0.057595896877571384
2.164,2.7087960758175265,-0.5447960758175263
3.5,1.3269511410724806,2.1730488589275194
2.878,2.9243141437139677,-0.04631414371396758
3.953,3.4848392608526786,0.46816073914732126
2.714,3.003609122965301,-0.28960912296530106
4.379,4.3085250430000395,0.07047495699996009
1.694,2.5453687342072695,-0.8513687342072696
1.889,2.332518179216397,-0.44351817921639713
1.825,2.278399630728795,-0.45339963072879486
2.951,2.961849473421922,-0.010849473421921996
3.969,3.037048624382485,0.9319513756175151
3.8,3.2784967957306033,0.5215032042693966
4.0,2.8049877991612235,1.1950122008387765
3.464,3.170037130457497,0.29396286954250295
5.00001,2.885211333096783,2.1147986669032166
4.222,2.7791298937945847,1.4428701062054157
3.905,2.695476540205542,1.209523459794458
4.955,2.678944421133203,2.276055578866797
4.571,2.7323781832127136,1.838621816787286
5.00001,2.9027956851755787,2.097214314824421
5.00001,2.525557171178038,2.4744528288219616
4.85,2.740683469613406,2.1093165303865935
5.00001,2.877499724644814,2.1225102753551854
5.00001,4.278073909906027,0.7219360900939726
5.00001,2.958984178476133,2.0410258215238666
4.616,4.083421775734804,0.5325782242651957
5.00001,4.403767972409714,0.5962420275902858
4.017,4.577967490927241,-0.5609674909272409
5.00001,6.590059118501019,-1.5900491185010193
5.00001,4.74127301713743,0.25873698286256985
3.407,3.5158431644717627,-0.10884316447176268
2.661,2.6291475095796613,0.031852490420338775
2.261,2.8449608266278448,-0.5839608266278447
1.745,2.1997135776720014,-0.45471357767200127
0.62,1.4600660870491828,-0.8400660870491828
0.875,1.5115635442668414,-0.6365635442668414
0.675,1.6403980275235464,-0.9653980275235463
0.685,1.4685900170424229,-0.7835900170424228
0.469,1.3380797677107998,-0.8690797677107999
0.585,1.438438130839005,-0.8534381308390051
0.613,1.4324053252420363,-0.8194053252420364
0.543,1.3825984836952907,-0.8395984836952907
0.467,1.349534682441456,-0.8825346824414559
0.713,1.6015668635365894,-0.8885668635365894
0.675,1.4043509975398782,-0.7293509975398782
1.76,1.8222047458332187,-0.062204745833218666
1.86,2.5105568873884936,-0.6505568873884935
1.375,1.8085920476121784,-0.4335920476121784
3.167,2.9291175156887714,0.23788248431122838
2.148,2.3266502862829563,-0.1786502862829562
2.312,2.817461620489061,-0.505461620489061
2.219,2.903137999006109,-0.6841379990061092
3.388,3.1792533758433414,0.20874662415665846
2.356,2.5636443695226827,-0.20764436952268284
2.358,2.7007691912335865,-0.3427691912335864
2.482,2.9926053272416473,-0.5106053272416471
2.341,2.7741235956849293,-0.4331235956849291
2.649,2.932420441141531,-0.28342044114153087
1.8,2.1045600799533117,-0.3045600799533117
1.996,2.0485409207093643,-0.052540920709364336
1.844,1.958384667268419,-0.114384667268419
2.075,2.4925335654005005,-0.41753356540050035
2.4,2.3629119339680567,0.037088066031943256
3.047,2.2775111583973215,0.7694888416026786
2.481,2.2808194074557964,0.2001805925442035
2.849,3.1227072999662226,-0.27370729996622245
2.024,1.8712298046012306,0.15277019539876946
1.974,2.2161479280380876,-0.2421479280380876
1.909,2.01796686074736,-0.10896686074735995
1.777,1.387674168186058,0.38932583181394187
1.918,1.957563340031317,-0.03956334003131712
1.5,1.5784261715538233,-0.07842617155382325
1.925,2.399854592459739,-0.47485459245973893
2.106,2.6179844029504045,-0.5119844029504046
2.075,2.6629075081667306,-0.5879075081667304
2.115,2.5770766433606136,-0.4620766433606134
1.958,2.103602855593656,-0.14560285559365593
2.041,2.7877781945292095,-0.7467781945292096
2.175,2.9432340194218116,-0.7682340194218118
1.919,2.17097830001007,-0.25197830001006993
1.777,1.6045918768840215,0.17240812311597842
1.928,1.929986346274396,-0.001986346274396089
1.942,1.908526440393573,0.03347355960642684
2.117,2.0338955422205087,0.08310445777949127
1.792,1.7719954461198018,0.020004553880198284
2.088,1.7793162788859442,0.30868372111405584
2.212,1.8176942880419713,0.3943057119580289
1.813,2.5663092581455436,-0.7533092581455436
2.189,2.7667407451050865,-0.5777407451050864
2.559,2.7986425338605323,-0.23964253386053214
2.235,2.624755379878628,-0.3897553798786282
2.949,3.307877888985165,-0.35887788898516515
2.376,2.904222695986703,-0.5282226959867029
2.166,2.315214707608075,-0.14921470760807498
2.232,2.7287228170533973,-0.49672281705339705
2.289,2.7709973483618926,-0.48199734836189245
2.074,2.9135132194148445,-0.8395132194148447
2.575,2.5060035210979885,0.06899647890201166
2.331,2.929904815309627,-0.598904815309627
2.701,3.155917175232258,-0.45491717523225805
2.594,2.840108859744693,-0.2461088597446932
2.471,2.8059575350699992,-0.33495753506999915
3.694,3.0295762526029764,0.6644237473970236
3.845,3.443009343567785,0.4019906564322153
3.762,3.633720666862475,0.12827933313752515
3.427,3.1283505302850454,0.29864946971495465
3.624,2.9247088225023323,0.6992911774976678
3.601,3.214867494686085,0.3861325053139151
3.72,2.8114570931082983,0.9085429068917019
3.647,3.3109145889691263,0.3360854110308735
3.401,2.599574247059271,0.8014257529407289
2.404,2.945785456483513,-0.5417854564835132
2.58,2.8006218527347837,-0.22062185273478363
1.938,2.8777090430510297,-0.9397090430510298
3.596,3.7935192796088693,-0.19751927960886917
2.195,2.5859855332762005,-0.39098553327620067
3.909,3.884098457742367,0.024901542257632858
3.535,2.8286251231277806,0.7063748768722196
3.591,3.1127833398221165,0.47821666017788367
3.556,3.3895485719969183,0.16645142800308177
2.451,2.623824030186949,-0.1728240301869488
1.969,2.583643041507904,-0.614643041507904
3.207,3.042931259104239,0.16406874089576107
2.125,2.320511754147832,-0.19551175414783195
1.953,2.091007487548787,-0.1380074875487869
1.931,2.03933285939023,-0.10833285939022996
2.774,1.7848230026522895,0.9891769973477105
2.56,2.3062592459865554,0.25374075401344465
3.297,3.1619427081898817,0.1350572918101185
3.207,2.358271257815975,0.8487287421840248
2.739,2.8304939364121866,-0.09149393641218673
2.019,2.1845282948804634,-0.16552829488046328
1.596,2.615502246236886,-1.0195022462368861
1.909,2.3688439756386264,-0.45984397563862633
2.63,2.613899540756925,0.016100459243074905
3.988,3.8615104308900143,0.12648956910998566
2.182,2.2417242711619876,-0.05972427116198764
2.375,1.959510830984236,0.41548916901576405
2.444,2.771530922739224,-0.327530922739224
2.453,2.0115882269268077,0.4414117730731921
3.185,2.9243916382611888,0.2606083617388113
2.583,2.3614804637462488,0.22151953625375143
2.6,1.972209939168963,0.6277900608310372
1.984,2.3490459485372925,-0.36504594853729255
2.296,2.3625747950555787,-0.06657479505557884
1.328,1.9357552367761381,-0.6077552367761381
2.264,2.3777642626216005,-0.11376426262160066
2.867,2.7547847532535528,0.11221524674644723
3.439,2.4140047401953666,1.0249952598046335
3.867,3.824364712482919,0.04263528751708101
1.638,2.17481506535272,-0.53681506535272
2.134,2.360098380476586,-0.22609838047658615
2.41,2.793980867644901,-0.383980867644901
2.161,2.841965957371852,-0.6809659573718521
2.346,2.6552427991823344,-0.3092427991823343
2.374,2.7731200031002907,-0.3991200031002906
2.893,2.280576325753181,0.612423674246819
2.792,2.701081167089331,0.09091883291066871
3.159,2.7365213710914045,0.42247862890859533
3.131,2.850026544371184,0.2809734556288159
3.285,3.4447976988458437,-0.1597976988458436
3.444,2.0343541790698465,1.4096458209301534
2.086,2.609205700944086,-0.5232057009440862
2.156,2.1343713692728556,0.021628630727144493
1.96,2.2516950169389105,-0.29169501693891053
2.176,1.9158899115755115,0.2601100884244887
2.045,2.099281911271797,-0.054281911271797156
1.923,2.2057189410653604,-0.28271894106536033
1.901,2.3124512450637162,-0.4114512450637162
2.009,2.6623705375361038,-0.6533705375361039
2.207,2.765654595131034,-0.558654595131034
2.13,2.7047730834802683,-0.5747730834802685
2.037,2.22065251277891,-0.18365251277890993
2.241,2.132628697622058,0.10837130237794224
2.093,2.194432785260531,-0.10143278526053123
1.952,2.450058785650833,-0.49805878565083317
1.88,2.426233356754887,-0.5462333567548869
1.942,1.93418220499341,0.007817795006589856
2.021,2.4143460536587,-0.3933460536586999
2.134,2.6651622118052725,-0.5311622118052726
2.141,2.331225668209501,-0.19022566820950093
2.264,2.7666288321077186,-0.5026288321077188
1.872,1.9908652985600406,-0.11886529856004047
2.126,2.5052863479544834,-0.37928634795448346
1.972,2.253597998526214,-0.2815979985262138
2.03,2.054603308146463,-0.024603308146463387
1.926,2.6629013388749323,-0.7369013388749324
2.07,2.592725576835125,-0.5227255768351253
1.951,2.2354127414926914,-0.28441274149269136
1.651,1.7587552382363496,-0.10775523823634958
1.857,1.8853738625258756,-0.028373862525875593
1.78,1.7798610292841992,0.00013897071580082354
2.681,2.4069763428870052,0.2740236571129948
2.696,1.983339666827598,0.7126603331724022
1.594,2.2582748436361375,-0.6642748436361374
1.611,2.281291723707364,-0.6702917237073642
1.708,1.6794979093604279,0.028502090639572097
1.74,1.8649925631346909,-0.12499256313469087
1.656,1.7301720692402425,-0.07417206924024256
2.17,1.6942476350693119,0.47575236493068807
1.619,2.1538067914055574,-0.5348067914055574
1.761,1.7603332081685508,0.0006667918314491317
3.937,3.239316999637669,0.6976830003623307
2.406,3.1100132787781956,-0.7040132787781954
1.605,2.2945476318272964,-0.6895476318272964
3.478,3.886010133489328,-0.4080101334893276
1.818,2.49763398875973,-0.67963398875973
1.375,1.6790468974172716,-0.30404689741727164
1.851,2.4690061381662742,-0.6180061381662743
2.185,2.8746811252237228,-0.6896811252237227
3.674,4.007817852039912,-0.33381785203991177
3.216,2.7458171585013,0.4701828414987004
4.628,4.535648264191234,0.09235173580876577
1.438,0.3233504655242816,1.1146495344757184
1.24,0.44347062434242535,0.7965293756575746
1.7,-0.4915159528375188,2.191515952837519
2.0,0.7736213774628322,1.2263786225371678
1.719,0.47889109857966083,1.2401089014203392
1.278,0.9117595690052729,0.36624043099472714
1.469,0.835353258816562,0.6336467411834381
1.458,0.5690999090732756,0.8889000909267244
1.766,2.090338269253338,-0.32433826925333786
2.833,0.7819581917423404,2.0510418082576596
1.792,0.6331197572799285,1.1588802427200715
3.6,0.8439897066202049,2.756010293379795
2.132,0.5591977273788458,1.5728022726211544
1.969,0.293458517398826,1.675541482601174
1.583,0.959584871681435,0.6234151283185649
1.533,0.5826628758729733,0.9503371241270266
1.469,1.0757568705448488,0.3932431294551513
1.695,1.015619306018843,0.6793806939811571
1.635,0.5108322145039434,1.1241677854960566
1.238,0.34066408760857225,0.8973359123914277
1.545,1.500139201836916,0.04486079816308397
0.993,0.057690007334125326,0.9353099926658747
0.936,0.5347863145696472,0.40121368543035285
2.25,0.23033377631267182,2.019666223687328
1.393,0.36209872225474005,1.03090127774526
1.468,0.9400094331231774,0.5279905668768226
1.01,0.8574059258773845,0.1525940741226155
1.182,0.4929188098907331,0.6890811901092668
0.977,0.5584549477345,0.4185450522655
1.43,0.6820557187769998,0.7479442812230002
1.384,0.7468252552329229,0.637174744767077
1.843,1.2995328823613312,0.5434671176386687
1.39,0.9807949994221126,0.40920500057788733
1.222,0.6804259067510157,0.5415740932489843
2.394,1.749631766850063,0.6443682331499372
2.165,0.9910561029717879,1.1739438970282121
1.281,1.106108577865252,0.17489142213474795
1.931,1.4270749573485308,0.5039250426514692
2.201,2.0088165805954783,0.19218341940452177
2.371,1.6465588988888116,0.7244411011111884
2.878,2.117505015796969,0.7604949842030311
2.766,3.2095204283034877,-0.4435204283034877
2.365,1.3273135620448864,1.0376864379551138
2.33,1.6906312386888858,0.6393687613111143
2.175,1.3905316934604128,0.784468306539587
2.778,2.110712575174989,0.6672874248250111
2.201,1.7689133806620083,0.43208661933799175
2.392,0.976107883524818,1.4158921164751819
2.644,1.2804507353749894,1.3635492646250107
3.94,2.1359651410965226,1.8040348589034774
3.348,2.6850496935503214,0.6629503064496785
2.731,2.167887007119261,0.5631129928807388
2.476,1.6036258292907504,0.8723741707092496
2.296,1.7558824323339353,0.5401175676660646
2.037,1.6334036491133626,0.40359635088663737
1.549,0.9566547046885676,0.5923452953114323
1.721,1.814863048689915,-0.09386304868991502
1.359,1.150215354433636,0.208784645566364
2.674,1.8127488266585297,0.8612511733414703
1.987,2.001364533126754,-0.014364533126753898
1.794,1.4324653261908562,0.36153467380914384
1.285,0.8993695847840888,0.3856304152159111
1.347,1.538349011267025,-0.19134901126702508
1.392,1.211108116968047,0.1808918830319528
2.201,1.0937197447441727,1.1072802552558274
1.863,1.4506672184667884,0.4123327815332116
1.292,1.3075353350372563,-0.015535335037256237
0.863,1.1067452528284134,-0.24374525282841342
0.838,0.8807046781374726,-0.042704678137472585
0.879,1.0512874225177562,-0.1722874225177562
1.693,1.3141957488878084,0.3788042511121916
1.019,0.9544127008450283,0.06458729915497163
0.853,1.2446934002407721,-0.39169340024077215
1.875,2.0600429904135633,-0.1850429904135633
2.014,1.9303901588381225,0.08360984116187731
1.479,1.2108961269551854,0.26810387304481464
1.411,1.1068089535558057,0.30419104644419437
1.365,0.18644093501838688,1.1785590649816131
1.426,0.6085044436903813,0.8174955563096187
2.18,2.154252193796558,0.02574780620344219
2.173,1.6177712800029198,0.5552287199970802
1.887,1.8118557456030913,0.07514425439690875
1.732,1.2541466673760233,0.47785333262397667
1.102,1.0517280672539047,0.05027193274609543
0.92,0.8636289961606387,0.05637100383936133
1.248,1.1474296470448184,0.10057035295518157
2.094,2.110040878535796,-0.016040878535795944
1.519,1.1286320376851373,0.3903679623148626
1.394,1.3513821171538176,0.04261788284618229
1.244,0.8535527387568274,0.39044726124317264
1.627,1.4387878341728062,0.1882121658271938
1.264,1.2447079149277056,0.019292085072294407
0.821,0.7462675305265338,0.07473246947346612
1.926,1.5194142934879098,0.40658570651209014
1.914,1.4825232434780915,0.4314767565219084
1.087,1.2570679620689222,-0.17006796206892227
0.936,0.9680424174428608,-0.03204241744286074
1.108,0.987612734815484,0.12038726518451615
0.993,1.1080748385448578,-0.11507483854485778
0.913,1.2384193130004415,-0.32541931300044147
1.113,0.8354424165195069,0.2775575834804931
2.12,1.4066300011528,0.7133699988472002
1.355,0.9332305043005265,0.42176949569947353
1.905,1.272080305329486,0.632919694670514
1.25,0.3668382695089225,0.8831617304910775
1.64,1.3619800128934414,0.2780199871065585
1.588,1.0347557441890367,0.5532442558109634
2.206,1.2950690948532775,0.9109309051467225
1.963,1.4246713751510434,0.5383286248489567
1.586,0.37073060962216164,1.2152693903778384
0.553,0.6239704457047546,-0.07097044570475453
2.128,1.36788282845732,0.7601171715426802
2.019,1.3602271805529305,0.6587728194470697
1.919,1.5931687485580905,0.3258312514419095
1.923,1.6120547163917367,0.31094528360826335
1.561,0.7106188758354832,0.8503811241645167
1.677,0.5408891886612415,1.1361108113387586
1.507,1.4560845343481716,0.05091546565182825
1.532,0.8326304377348164,0.6993695622651837
1.668,0.4733999062849754,1.1946000937150245
1.629,1.029317086655312,0.5996829133446879
1.743,1.5500848543816437,0.19291514561835643
1.854,1.086942084223346,0.7670579157766542
3.125,3.8999494584630927,-0.7749494584630927
1.427,1.2645060864173936,0.16249391358260645
1.289,0.6768685315847929,0.612131468415207
1.188,0.8767279788585143,0.31127202114148567
1.75,1.270130491500899,0.4798695084991009
1.413,0.28715704292335076,1.1258429570766493
2.44,0.5103851683974248,1.9296148316025752
1.391,0.6129425593390252,0.7780574406609748
1.48,0.7739573254049488,0.7060426745950512
1.515,0.7001585474719856,0.8148414525280143
0.878,0.056514026377333604,0.8214859736226664
0.835,0.3353173202632693,0.49968267973673064
0.709,0.00706343852274971,0.7019365614772503
0.819,0.3493655456688094,0.46963445433119055
0.966,0.5241299203916343,0.44187007960836566
1.188,0.3381360927664301,0.8498639072335699
1.025,0.46606735068955074,0.5589326493104492
0.882,0.11313331198622523,0.7688666880137748
1.02,-0.07405668446057279,1.0940566844605728
1.305,0.13709611012159706,1.1679038898784029
1.265,0.9323259887558581,0.33267401124414175
0.83,0.5590147040728,0.2709852959272
0.888,0.3631371419763276,0.5248628580236724
0.719,0.11671116336369014,0.6022888366363098
1.0,-0.08055108017102341,1.0805510801710234
0.559,-0.011959806455597466,0.5709598064555975
0.759,-0.12414504742105281,0.8831450474210528
0.928,-0.23435871940409836,1.1623587194040983
0.825,0.09587313015065102,0.7291268698493489
0.892,-0.04101625154178068,0.9330162515417807
0.696,-0.01361512300794221,0.7096151230079422
0.58,-0.1762906493956331,0.7562906493956331
0.75,0.32666370292629177,0.42333629707370823
0.894,0.240573606516425,0.653426393483575
0.675,3.603680324614556,-2.9286803246145556
0.936,0.7407362746552653,0.1952637253447348
0.771,0.025623618637020673,0.7453763813629793
1.938,1.2210889612297744,0.7169110387702256
1.375,0.2653639707763664,1.1096360292236336
1.438,0.7236047100937615,0.7143952899062385
1.134,0.5752645183795351,0.5587354816204648
1.115,-0.12767085775101794,1.242670857751018
1.452,0.3750400337900728,1.0769599662099272
0.878,1.3220723162355537,-0.44407231623555365
0.929,1.5591280369000198,-0.6301280369000197
0.889,1.2711944076213437,-0.3821944076213437
0.906,1.6069715035044005,-0.7009715035044005
1.051,1.452781125263146,-0.401781125263146
1.242,1.4998329730620683,-0.2578329730620683
1.238,1.6590955904581906,-0.42109559045819056
1.417,1.4664363979327235,-0.049436397932723475
1.016,1.3546744504713009,-0.33867445047130085
1.691,1.5531951218197453,0.13780487818025478
1.25,1.4080565921795223,-0.15805659217952228
0.967,1.3348009752197907,-0.3678009752197907
1.55,0.9666459168248804,0.5833540831751196
1.625,1.0082210940690852,0.6167789059309148
0.958,0.9057941628186037,0.052205837181396264
1.142,1.082831125634816,0.05916887436518392
0.823,1.3001873343941353,-0.4771873343941353
0.924,1.2480748830562476,-0.32407488305624754
0.799,0.8741774637028319,-0.07517746370283185
0.848,1.1029350476852327,-0.2549350476852327
1.25,1.3784319784122288,-0.12843197841222875
1.125,1.4087991736386747,-0.2837991736386747
0.859,1.0643213451542275,-0.2053213451542275
1.225,1.4625610242571456,-0.23756102425714554
0.822,1.3562733664735358,-0.5342733664735358
0.807,1.274673055059365,-0.46767305505936496
2.166,3.073513990554652,-0.9075139905546519
2.352,3.3898941644041143,-1.0378941644041144
2.048,3.145865331209719,-1.0978653312097189
2.196,2.630692519942722,-0.43469251994272184
3.152,3.3065999818216536,-0.15459998182165346
1.362,2.1190145411354,-0.7570145411353999
1.5,1.4274918463757613,0.07250815362423868
1.293,1.6966157138073585,-0.4036157138073586
1.255,1.8393358566486986,-0.5843358566486987
1.179,1.7287348377094744,-0.5497348377094744
1.489,2.3172493981547335,-0.8282493981547334
1.348,1.800135065257762,-0.4521350652577618
1.188,1.250485143132347,-0.06248514313234699
1.234,1.781640741325455,-0.5476407413254549
1.578,1.930239522921393,-0.3522395229213928
1.125,5.566847636040789,-4.441847636040789
1.165,1.7325687727949164,-0.5675687727949164
1.153,1.7916635697986947,-0.6386635697986947
1.115,1.6565811292359145,-0.5415811292359145
1.173,1.3572610344781761,-0.1842610344781761
1.321,1.4411078017418872,-0.12010780174188729
1.239,1.4699423132047231,-0.23094231320472303
1.108,1.3993229808254415,-0.2913229808254414
0.981,1.3875511957342006,-0.4065511957342006
1.127,1.368097689109711,-0.24109768910971097
1.338,1.636849573491788,-0.298849573491788
1.229,1.5705867882197544,-0.3415867882197543
1.207,1.921644650423911,-0.714644650423911
1.214,0.9593373245497687,0.25466267545023125
1.144,2.0447198283335526,-0.9007198283335527
1.426,1.9079426314295322,-0.4819426314295323
1.401,1.7590491063920317,-0.3580491063920317
1.368,1.6667476413756694,-0.29874764137566934
1.279,2.0949551702015334,-0.8159551702015335
1.091,1.8206492694143357,-0.7296492694143357
0.827,1.5196761871325704,-0.6926761871325704
0.813,1.186756970008998,-0.373756970008998
0.893,1.9315726874297592,-1.0385726874297592
1.12,1.7497600303900134,-0.6297600303900133
1.16,1.5749270139345481,-0.41492701393454823
1.176,1.5288924913300912,-0.35289249133009126
1.125,1.6216668560501435,-0.4966668560501435
1.256,1.5839600837137469,-0.32796008371374685
1.185,1.2790317709713566,-0.09403177097135651
1.135,1.731908909867038,-0.5969089098670379
1.139,1.9645346292218433,-0.8255346292218433
1.045,1.9717885765708196,-0.9267885765708197
1.133,2.0797166243899476,-0.9467166243899476
1.293,1.1561223700464591,0.1368776299535408
1.094,1.2832198022338397,-0.1892198022338396
1.16,2.1427013640779715,-0.9827013640779716
1.037,1.0173583813434623,0.019641618656537574
1.141,1.8719797430533043,-0.7309797430533043
1.269,1.785492653872863,-0.5164926538728631
1.187,1.9378374926774675,-0.7508374926774675
1.299,2.021775929204055,-0.722775929204055
1.139,1.5651418610387515,-0.4261418610387515
1.108,1.5703592944326443,-0.46235929443264423
1.214,1.747081089541162,-0.533081089541162
1.133,1.2869953467873407,-0.15399534678734073
1.137,1.142570752337357,-0.005570752337356932
3.141,1.5627542243102615,1.5782457756897386
1.487,1.8734939270508337,-0.38649392705083363
1.38,1.8213671249727192,-0.44136712497271935
1.938,3.0287472978955106,-1.0907472978955106
0.878,1.2503179952742722,-0.37231799527427223
0.92,1.2378972511234352,-0.31789725112343514
0.978,1.4532071070809947,-0.4752071070809947
1.628,1.6341032231410653,-0.0061032231410653726
0.868,0.9509782412203021,-0.08297824122030206
0.762,1.1737510274609964,-0.41175102746099634
0.834,1.1651359460462607,-0.33113594604626073
1.522,1.779073741140126,-0.25707374114012604
1.195,1.338805012346004,-0.14380501234600396
0.952,1.302340851822511,-0.35034085182251107
0.983,1.539403832602372,-0.556403832602372
0.886,0.8596019743347458,0.026398025665254177
0.966,1.4860519680177884,-0.5200519680177884
1.169,1.9005141194813857,-0.7315141194813857
1.713,1.7789218687629988,-0.06592186876299877
1.285,1.8267211393574372,-0.5417211393574373
1.164,2.1805779620612142,-1.0165779620612143
1.15,1.533648425340698,-0.383648425340698
1.606,2.0565080344557565,-0.4505080344557564
1.387,1.8457752700568895,-0.45877527005688945
1.581,1.96421597402461,-0.38321597402460994
1.211,1.954004371323311,-0.743004371323311
1.082,1.8206697051508236,-0.7386697051508235
1.424,2.0167428055192973,-0.5927428055192974
1.353,1.1347330460316893,0.21826695396831064
1.455,1.5688967410951786,-0.11389674109517856
1.247,1.622089210515503,-0.3750892105155028
1.829,2.132045621663152,-0.30304562166315185
1.41,1.8173029958291422,-0.4073029958291423
1.41,1.9360576805897258,-0.5260576805897259
1.375,1.764200138806111,-0.38920013880611104
3.75,2.0868712901748774,1.6631287098251226
1.531,1.5856853347752315,-0.05468533477523163
0.75,1.2275780046529756,-0.4775780046529756
2.032,1.8403051774250474,0.19169482257495263
1.639,2.072067196808199,-0.43306719680819916
1.643,0.7735833523764362,0.8694166476235639
2.571,2.7818751039320144,-0.21087510393201425
2.719,2.9101198072552434,-0.19111980725524358
2.294,2.441250893032167,-0.14725089303216699
2.034,2.204595528185906,-0.17059552818590618
1.376,1.6523902363971366,-0.27639023639713667
1.917,1.2809169852098359,0.6360830147901642
1.648,2.4791588463726955,-0.8311588463726955
2.208,2.139043525340724,0.06895647465927635
2.51,3.067555803770609,-0.5575558037706094
1.543,1.9345217149815164,-0.39152171498151644
1.633,2.198271833354405,-0.5652718333544051
1.988,1.5792630966766916,0.40873690332330836
2.335,2.446668039359695,-0.11166803935969494
2.464,2.5602726585377127,-0.09627265853771272
2.146,2.3210373407357223,-0.1750373407357224
2.442,3.2823709279122575,-0.8403709279122573
1.356,1.9189874399412288,-0.5629874399412287
1.391,1.4753860282939493,-0.08438602829394926
1.156,1.5375598438985858,-0.3815598438985859
1.468,2.0345892790493316,-0.5665892790493317
1.691,2.075780170823276,-0.38478017082327587
0.996,1.7804445607935748,-0.7844445607935748
1.246,1.832269637562691,-0.586269637562691
1.392,1.8340566213798346,-0.4420566213798347
1.434,2.1627264570570395,-0.7287264570570395
0.858,1.0029793946144863,-0.14497939461448628
0.885,1.6616558042955254,-0.7766558042955254
1.129,1.4102544689789593,-0.28125446897895934
1.173,1.5915344519108034,-0.4185344519108034
1.271,1.8478451163549203,-0.5768451163549204
1.147,1.3909993694842315,-0.2439993694842315
1.328,1.642947878621055,-0.3149478786210549
1.211,1.6323452568565386,-0.42134525685653856
1.105,1.7392837355381359,-0.6342837355381359
1.056,1.6266836550967905,-0.5706836550967904
1.054,1.7240746233921622,-0.6700746233921622
1.22,1.3874064433528408,-0.16740644335284083
1.261,1.668731318841855,-0.4077313188418552
1.246,1.8565739696328984,-0.6105739696328985
1.273,1.1373173259961205,0.13568267400387946
1.448,1.5060779780295885,-0.058077978029588584
1.499,2.010155730260361,-0.5111557302603611
1.591,1.6021588165415985,-0.01115881654159856
1.411,1.9152159871585726,-0.5042159871585725
3.341,2.6748641176222807,0.6661358823777195
1.58,1.8028298091773673,-0.22282980917736728
1.238,1.9562280747821092,-0.7182280747821093
1.025,1.3720782464240613,-0.3470782464240614
0.91,1.6011567014792596,-0.6911567014792596
2.398,1.9810104482324002,0.4169895517675999
0.962,1.5256106069512203,-0.5636106069512203
1.079,1.2293790026236553,-0.15037900262365533
1.088,1.2140739980250963,-0.12607399802509622
1.382,1.3689718819169487,0.013028118083051154
1.13,1.3639294913601763,-0.23392949136017638
1.194,1.4248563464193922,-0.23085634641939223
1.106,1.4082732927311161,-0.30227329273111603
1.135,1.1558933904976836,-0.020893390497683573
1.17,1.253629512412735,-0.08362951241273509
1.07,1.3636416722408353,-0.29364167224083526
1.161,1.3018259878931102,-0.14082598789311018
1.228,1.479545056517156,-0.251545056517156
1.65,2.356353852171835,-0.7063538521718349
1.639,2.204831293610269,-0.565831293610269
1.443,1.6607929252122062,-0.21779292521220617
1.421,1.777248591627452,-0.35624859162745204
1.953,2.0145095837088047,-0.06150958370880466
3.393,2.4075714585895027,0.9854285414104971
1.951,2.1831737819629518,-0.2321737819629517
2.167,1.6233599014924485,0.5436400985075514
5.00001,1.700874756074286,3.2991352439257136
2.214,2.174989914699471,0.039010085300529074
1.771,2.3373266282829595,-0.5663266282829595
1.371,1.8220944499353369,-0.45109444993533687
2.048,2.4298516748395853,-0.38185167483958526
1.503,1.9482587068668293,-0.44525870686682945
1.61,2.333077347589929,-0.723077347589929
1.381,1.6434638657831675,-0.2624638657831675
2.579,2.550739497432597,0.0282605025674032
1.11,1.727692233706439,-0.617692233706439
1.898,2.008221528577061,-0.11022152857706113
1.956,2.2540441978457277,-0.2980441978457278
1.608,2.063950234866152,-0.45595023486615194
2.15,2.1726291006886083,-0.02262910068860835
1.898,1.8563722070080533,0.04162779299194663
1.878,1.8644637833133337,0.013536216686666158
2.113,2.159857401962024,-0.046857401962023815
2.679,1.9727966719749772,0.7062033280250226
2.405,1.980309248377879,0.4246907516221208
1.1,1.3584875370182408,-0.2584875370182407
1.613,2.0158402478989803,-0.4028402478989803
1.279,1.2595221990372278,0.019477800962772074
1.18,1.0141446855950202,0.1658553144049797
2.952,1.7141733932692458,1.2378266067307542
2.491,1.876079942849271,0.6149200571507292
2.236,2.1756743902175657,0.06032560978243451
1.232,1.1053949920943291,0.12660500790567086
1.739,1.9970247340070801,-0.25802473400708004
1.527,1.2318268432654753,0.2951731567345246
1.845,1.8082049047563715,0.03679509524362845
1.445,1.668650032134301,-0.2236500321343009
2.365,2.970001188071002,-0.605001188071002
2.145,2.202859353725499,-0.057859353725498774
2.165,2.0424908690766066,0.12250913092339344
1.625,1.304368720178983,0.3206312798210169
1.625,0.06334495332582701,1.561655046674173
1.016,1.4495543146583754,-0.43355431465837535
1.034,0.8325504304446678,0.20144956955533222
1.335,1.9607958085609156,-0.6257958085609157
1.403,1.61225132261052,-0.20925132261051993
1.606,1.717151730690294,-0.11115173069029383
0.953,1.256779777590626,-0.303779777590626
0.854,1.213509040083518,-0.35950904008351803
1.299,1.8595604155737155,-0.5605604155737156
1.326,1.8738736082078904,-0.5478736082078903
1.42,1.4234893085239957,-0.00348930852399576
1.387,1.5862234555195815,-0.19922345551958154
1.633,1.9150297964143594,-0.28202979641435943
1.555,1.8919480268239899,-0.33694802682398994
2.232,2.249933261251816,-0.017933261251815935
1.977,1.9774607900687693,-0.00046079006876920126
1.357,0.5176353724784173,0.8393646275215827
0.869,1.1755900421966106,-0.30659004219661057
1.272,1.3117636283973095,-0.039763628397309514
1.648,1.0693622962599783,0.5786377037400217
1.139,0.8132950942324504,0.3257049057675496
1.132,1.3440947084504322,-0.21209470845043232
1.376,1.6417034976308804,-0.2657034976308805
1.246,1.6619130269983236,-0.41591302699832355
1.272,1.5668316016402093,-0.2948316016402093
1.366,1.5814736160935845,-0.2154736160935844
1.142,1.2695007366231923,-0.1275007366231924
1.17,1.3222649539477869,-0.15226495394778694
1.309,1.497931205335135,-0.18893120533513508
1.526,1.7962822192424657,-0.27028221924246565
1.435,1.7999182455286917,-0.3649182455286917
1.215,1.5546887199671282,-0.3396887199671281
2.444,1.0381991297354358,1.4058008702645641
1.43,1.4709636022228016,-0.04096360222280171
5.00001,0.9016978679994785,4.098312132000521
1.363,1.1366476043341662,0.22635239566583376
1.875,1.7405529690582389,0.13444703094176114
1.613,1.517997482201379,0.0950025177986209
1.0,1.576262025451593,-0.5762620254515931
1.221,1.5463123897589333,-0.3253123897589332
1.137,1.3631752017389123,-0.22617520173891226
0.979,1.029243297349704,-0.05024329734970412
1.101,1.052369960253827,0.04863003974617297
0.986,0.9122060693599594,0.07379393064004058
0.833,1.0787901630336787,-0.24579016303367873
0.924,1.0863470495463705,-0.16234704954637047
0.835,0.9874706238647792,-0.15247062386477928
1.364,1.7667593684899912,-0.40275936848999105
2.289,2.117251986275519,0.17174801372448112
1.134,1.515319122045089,-0.3813191220450891
1.259,1.6329316134770226,-0.37393161347702275
1.172,1.3623910880270163,-0.19039108802701632
1.773,1.556708267041297,0.21629173295870285
1.458,0.9730583132907888,0.4849416867092111
1.396,1.5324778422969756,-0.13647784229697568
1.612,1.6916502402476614,-0.07965024024766132
1.482,1.4936529067790743,-0.011652906779074268
1.693,0.6406503086974449,1.0523496913025552
0.961,0.9859261079642241,-0.02492610796422412
1.554,1.0539957496548928,0.5000042503451072
1.092,1.0846413793912932,0.007358620608706845
1.453,1.0918125160784182,0.36118748392158184
1.488,1.254586048277833,0.23341395172216695
1.265,1.5691334735594409,-0.304133473559441
0.905,0.853971035920225,0.051028964079774974
1.125,1.1808692387934365,-0.055869238793436526
0.713,0.9696400315457092,-0.25664003154570925
1.115,1.2525016558730182,-0.1375016558730182
1.407,1.0610878074980254,0.3459121925019746
0.893,1.1023852120843043,-0.20938521208430427
0.815,0.9515175365123878,-0.13651753651238785
0.83,0.8718896501601574,-0.04188965016015744
1.183,1.06468610287024,0.11831389712976015
1.733,1.7209515336891057,0.012048466310894401
1.465,1.0568078398913094,0.40819216010869064
1.042,1.1874688579567838,-0.14546885795678377
1.292,1.0662360722379798,0.22576392776202026
1.013,0.9435261396526025,0.06947386034739744
1.1,1.3005919718015584,-0.2005919718015583
1.146,0.9755458754813899,0.17045412451860997
1.687,2.161186196474317,-0.47418619647431703
1.238,1.4480082957076346,-0.21000829570763457
1.543,1.3791195727058567,0.1638804272941432
1.574,1.327331530989248,0.24666846901075212
1.113,1.405749888629569,-0.29274988862956897
1.006,1.1285275610960306,-0.12252756109603058
1.25,1.95116089934245,-0.7011608993424501
1.318,1.5359603355632032,-0.21796033556320316
1.326,1.2139050116866914,0.11209498831330866
1.092,1.3662245391237389,-0.2742245391237388
1.622,1.5583759351069637,0.0636240648930364
1.636,1.2629748571637411,0.37302514283625876
4.656,4.016907663267708,0.6390923367322916
1.593,1.4963538652489121,0.09664613475108785
1.556,1.5550926059812982,0.0009073940187018792
2.107,1.3662335197933966,0.7407664802066036
1.509,1.4774103116125303,0.03158968838746956
1.743,1.8049362164810687,-0.06193621648106862
2.153,1.8595257863829353,0.2934742136170647
1.456,1.7020751142903525,-0.24607511429035256
1.873,1.4901669100208625,0.38283308997913745
1.475,1.609031270481306,-0.1340312704813058
3.477,1.8636209357369973,1.6133790642630026
3.921,1.6350376329516458,2.285962367048354
3.076,1.6997253272279518,1.3762746727720483
3.372,1.2647079536056833,2.1072920463943166
2.219,1.6524104780914706,0.5665895219085293
4.933,2.8802551570638837,2.052744842936116
1.875,1.4176508946445971,0.45734910535540285
5.00001,2.9764605125396564,2.0235494874603432
1.911,1.654754336251885,0.25624566374811497
2.123,1.7862016625501018,0.3367983374498984
1.742,1.8756534367413846,-0.13365343674138463
0.43,1.475940375571063,-1.045940375571063
1.83,1.6001423016436953,0.22985769835630476
4.29,2.1989383127389703,2.0910616872610297
5.00001,2.0200414824344524,2.9799685175655473
1.347,1.1407548219601074,0.20624517803989262
1.897,1.2122193628631082,0.6847806371368919
2.013,2.0287203098415816,-0.01572030984158168
1.739,1.6456921704163285,0.09330782958367156
0.938,0.9960277792307108,-0.058027779230710896
1.438,1.263456665076312,0.174543334923688
0.978,0.8007063105032195,0.17729368949678048
1.279,0.8635103579369976,0.4154896420630023
0.858,0.9806276414961723,-0.12262764149617233
1.095,0.824645821090094,0.270354178909906
1.215,1.1393900725019768,0.07560992749802331
1.128,1.4232962175850805,-0.2952962175850806
0.894,1.0026723325767044,-0.10867233257670439
0.87,1.3101403691040798,-0.44014036910407983
0.945,1.294867980316668,-0.3498679803166681
0.912,1.1123764953126658,-0.20037649531266577
1.189,1.7927447470950242,-0.6037447470950241
1.2,1.4161292815090074,-0.21612928150900745
1.323,1.4914379324472775,-0.16843793244727756
0.763,1.2938937786430003,-0.5308937786430002
0.862,0.9746994722829179,-0.11269947228291788
0.775,0.6918772799575368,0.08312272004246324
0.77,0.6927279355218758,0.07727206447812418
0.857,0.8515773300156613,0.005422669984338713
0.769,0.9648521333957247,-0.19585213339572471
0.876,0.9295980158170511,-0.05359801581705115
1.376,0.9166710785804382,0.4593289214195617
1.051,1.0147988387517843,0.036201161248215596
0.959,0.7174282076559169,0.2415717923440831
1.079,0.8092875363217973,0.2697124636782027
0.694,0.8926464996372974,-0.1986464996372974
0.944,1.036466184119485,-0.09246618411948515
1.125,0.7902731983016964,0.3347268016983036
1.131,0.8178288376293801,0.3131711623706199
1.207,1.0314773222986862,0.1755226777013139
1.393,1.1246927216671663,0.26830727833283374
1.089,0.9069363945420361,0.18206360545796385
0.953,0.7678367099287655,0.18516329007123444
0.777,0.8057907422973469,-0.028790742297346905
0.83,0.8887156550453201,-0.05871565504532017
0.748,1.1613331557062532,-0.4133331557062532
0.74,0.8136153786206493,-0.07361537862064926
0.567,0.6857437657833465,-0.11874376578334656
1.308,0.83445927729296,0.47354072270704006
1.4,0.6379613826677051,0.7620386173322948
0.817,0.8290981866766602,-0.012098186676660294
1.234,0.851154942198509,0.38284505780149103
1.707,1.0302421100021173,0.6767578899978828
1.049,0.9951985428896568,0.05380145711034312
0.944,1.1472861803364116,-0.20328618033641166
1.321,1.3735000560791366,-0.05250005607913666
1.959,1.7811290195275884,0.17787098047241168
1.188,0.8329897389667567,0.3550102610332433
1.163,1.116958523776144,0.046041476223856126
1.121,0.8658961321018563,0.25510386789814365
1.49,1.2673976919187369,0.22260230808126313
1.052,1.0241665374643034,0.02783346253569663
1.875,0.9142907695940128,0.9607092304059872
0.819,0.6070354796736286,0.21196452032637136
1.475,1.2850437799084105,0.18995622009158963
0.58,0.7765153925511643,-0.19651539255116435
0.9,0.4077412498683328,0.4922587501316672
0.63,0.6138556760234004,0.016144323976599595
0.818,0.48841464276020985,0.3295853572397901
1.463,0.9738152225551453,0.4891847774448548
0.55,0.6357425459500692,-0.08574254595006914
0.911,1.2248236569423319,-0.31382365694233183
0.898,1.3978549553156672,-0.49985495531566715
0.732,0.9725959113139446,-0.24059591131394464
0.912,1.2757517988849598,-0.3637517988849598
0.732,0.7327307034429988,-0.000730703442998859
0.683,0.983416466008348,-0.3004164660083479
0.986,1.4092063315360042,-0.4232063315360042
0.956,0.6988056282629025,0.25719437173709747
0.726,0.8351483576401784,-0.10914835764017838
0.55,0.7572192117368932,-0.20721921173689317
0.718,1.043020930332692,-0.3250209303326921
1.938,2.1561641821055,-0.21816418210550004
0.734,0.9429615554769666,-0.2089615554769666
0.546,0.7171480744653209,-0.17114807446532088
0.731,1.1860599728108872,-0.45505997281088717
0.81,0.9887185098926534,-0.17871850989265337
1.434,1.5783187462207384,-0.14431874622073848
1.0,1.5256246619197096,-0.5256246619197096
1.505,1.4010270944956926,0.10397290550430727
1.611,1.6497261425280432,-0.038726142528043184
2.143,1.6858415646152198,0.45715843538477996
1.635,1.418714482703696,0.21628551729630408
1.375,1.2797538414312735,0.09524615856872654
1.281,1.367700006175418,-0.08670000617541818
1.229,0.9822063597751327,0.24679364022486738
1.153,1.0323772323594684,0.12062276764053159
3.455,2.364359758631381,1.090640241368619
1.734,1.2588139417693287,0.4751860582306713
1.031,1.1620576819040416,-0.13105768190404166
1.135,0.9278067510828869,0.2071932489171131
1.557,0.8006708938934268,0.7563291061065731
0.744,0.8457446842381189,-0.10174468423811889
0.663,1.0201200813827347,-0.35712008138273466
0.61,0.6995191792565234,-0.08951917925652342
0.681,1.1626547627052113,-0.48165476270521124
0.5,0.6432632433241636,-0.14326324332416362
0.766,1.4116982608135014,-0.6456982608135013
0.884,0.6565106604156958,0.22748933958430417
0.785,0.737927812600752,0.04707218739924801
0.896,1.0464344134489623,-0.15043441344896225
0.611,0.4775351475852929,0.13346485241470707
0.682,0.8728451155617867,-0.19084511556178663
0.666,0.4533163191198506,0.21268368088014944
0.66,0.4851009836149227,0.17489901638507732
0.894,0.6575753248118175,0.23642467518818255
0.852,1.1117689048717843,-0.2597689048717843
0.81,0.7336252354383257,0.07637476456167436
1.464,1.3272471773309251,0.13675282266907485
1.0,1.4489253818555314,-0.44892538185553144
0.71,0.5780032385996225,0.13199676140037742
1.304,1.358764803202186,-0.05476480320218591
0.704,0.8719449938442636,-0.16794499384426365
2.302,1.3151867962069617,0.9868132037930384
1.109,1.1011567747238675,0.00784322527613246
5.00001,2.3331253623763537,2.666884637623646
1.59,1.0182634534571315,0.5717365465428685
1.125,1.1574387931072936,-0.032438793107293584
0.875,1.7790638404759647,-0.9040638404759647
0.659,1.0477769216600135,-0.38877692166001343
1.452,0.9438210822969482,0.5081789177030518
1.156,0.6811568991995549,0.474843100800445
3.219,1.1798066848705369,2.039193315129463
0.9,1.5168633585837306,-0.6168633585837305
0.948,0.9802761508940929,-0.03227615089409297
1.622,1.2900955816869568,0.3319044183130433
1.241,0.9302114373734112,0.31078856262658894
1.994,1.1969381532827854,0.7970618467172146
1.489,1.564790492868454,-0.07579049286845385
1.839,0.8975841081973177,0.9414158918026823
3.016,1.2927836654754685,1.7232163345245315
2.481,0.8828922867168991,1.5981077132831008
2.356,1.5063576404670311,0.8496423595329687
2.205,0.8522928014384328,1.3527071985615673
1.252,1.518979000448357,-0.266979000448357
1.375,0.8099024910010009,0.5650975089989991
1.452,0.992786119459842,0.459213880540158
1.425,1.2860019476898001,0.1389980523101999
1.042,1.2552850144747079,-0.21328501447470782
0.909,0.7670500251235679,0.14194997487643213
1.364,0.764840424714655,0.5991595752853451
1.151,1.1864558999796722,-0.035455899979672134
2.85,1.7579113247578353,1.0920886752421648
2.321,2.243477880353291,0.07752211964670908
1.346,1.0354739825652097,0.31052601743479036
3.417,2.8773664076189824,0.5396335923810174
2.592,2.4390243168402335,0.15297568315976662
0.991,1.2457435198119655,-0.2547435198119655
2.393,1.042773694241745,1.3502263057582549
1.945,1.4359262277109885,0.5090737722890115
1.585,1.5248306145063504,0.060169385493649585
1.319,1.1329600841145684,0.18603991588543156
0.55,0.8604957993990454,-0.31049579939904537
0.83,1.1524657286460345,-0.3224657286460345
1.225,1.6443065427036494,-0.4193065427036493
1.136,1.3998644977914458,-0.26386449779144594
1.345,1.4151488934438894,-0.07014889344388942
1.213,1.2031521947345287,0.009847805265471354
1.28,1.3458167718329581,-0.06581677183295809
2.581,1.7276535452414377,0.8533464547585623
2.388,2.6046916071695163,-0.2166916071695164
1.523,1.09004038957704,0.43295961042295983
0.975,0.8599409453588822,0.11505905464111776
5.00001,1.3102749885588283,3.6897350114411713
4.033,4.008532689995698,0.02446731000430269
1.688,1.2240958673911797,0.46390413260882024
1.778,0.9129195340621794,0.8650804659378206
1.383,0.7189957892423537,0.6640042107576463
3.181,3.0009210802256656,0.18007891977433443
3.531,2.7036413695764305,0.8273586304235696
2.313,1.9923058524663355,0.32069414753366465
1.375,0.9215525159220654,0.45344748407793456
0.934,0.886548771014021,0.04745122898597909
0.918,1.0105452585871422,-0.09254525858714213
0.98,1.1225866626007668,-0.1425866626007668
1.026,1.544145583844336,-0.5181455838443361
1.058,0.9295061925334966,0.1284938074665034
0.929,0.9071140790258088,0.021885920974191286
1.247,1.1990150828871038,0.04798491711289632
0.967,1.7054420202591845,-0.7384420202591845
1.993,1.5948023182717461,0.398197681728254
1.674,1.0270579140578144,0.6469420859421855
0.675,1.2038983506924765,-0.5288983506924765
0.5,0.883970277508102,-0.383970277508102
0.934,1.337591035856438,-0.40359103585643796
0.95,0.8818196331365564,0.06818036686344353
1.041,0.9428890696820815,0.0981109303179184
0.694,1.1446155275048688,-0.4506155275048689
0.682,0.9999124877744319,-0.3179124877744318
0.689,0.880820383097902,-0.19182038309790206
0.685,0.7585018907105643,-0.07350189071056423
0.721,0.9448755995121421,-0.2238755995121421
0.822,0.47235714079756486,0.3496428592024351
0.588,0.663080530621738,-0.07508053062173803
0.606,0.8425279316078993,-0.2365279316078993
0.769,0.6777552560447262,0.09124474395527382
0.9,0.830702912150497,0.06929708784950306
1.125,0.995624210611306,0.12937578938869398
0.847,0.6723282468927945,0.1746717531072055
0.654,0.4595811087004704,0.1944188912995296
0.963,0.8901633226153307,0.07283667738466926
1.009,1.293643485708799,-0.28464348570879916
1.0,0.6638564369286513,0.33614356307134874
3.667,1.0288757944841411,2.638124205515859
3.824,3.8791905392847563,-0.05519053928475648
0.586,0.767607023264417,-0.18160702326441702
1.0,0.6344943281167328,0.3655056718832672
0.664,0.6275089735615853,0.03649102643841473
0.689,0.6127102009571723,0.07628979904282762
0.614,0.5997302311816748,0.014269768818325201
0.659,0.7752616221561413,-0.11626162215614122
0.475,0.7933386179291602,-0.3183386179291602
0.675,0.4665907996992329,0.20840920030076715
0.667,0.6980381037617827,-0.03103810376178262
1.55,0.6575923151957404,0.8924076848042597
0.74,0.725093630824299,0.014906369175700984
0.761,0.651054903104189,0.109945096895811
0.535,0.06986207184128057,0.46513792815871946
0.275,-0.36347110844820607,0.6384711084482061
0.717,0.8835511761263961,-0.16655117612639614
0.713,0.5734062613319437,0.13959373866805624
0.875,1.7553519835208957,-0.8803519835208957
0.949,0.37345713514925194,0.575542864850748
0.444,-0.09741899143587851,0.5414189914358785
0.857,-0.18997675129968528,1.0469767512996853
0.734,0.43162409955998715,0.30237590044001283
0.655,-0.07830980973807034,0.7333098097380704
0.45,-0.013145108296819696,0.4631451082968197
0.584,0.16800501197148998,0.41599498802851
0.615,-0.05829353717636243,0.6732935371763624
0.865,0.1288955758651662,0.7361044241348338
0.74,0.41055844670962127,0.3294415532903787
2.75,-0.8283425260374901,3.57834252603749
0.824,0.27088541449151715,0.5531145855084828
0.62,-0.18523300698134193,0.8052330069813419
1.557,1.6427465740271372,-0.08574657402713726
1.637,1.7493460141629908,-0.11234601416299084
1.614,1.610398445469567,0.003601554530433093
1.471,1.7531612119373103,-0.28216121193731025
1.42,1.6591140866360186,-0.23911408663601863
1.645,1.7460558841270513,-0.10105588412705124
1.488,1.3429872552192652,0.14501274478073478
1.539,1.5542728183231085,-0.015272818323108561
1.479,1.617229257667744,-0.13822925766774397
1.816,1.81674846332024,-0.0007484633202399227
1.098,1.0245528732995122,0.07344712670048792
1.151,0.9376754222522858,0.21332457774771418
1.375,1.23519123203419,0.13980876796581
1.093,1.4447657792432824,-0.35176577924328245
0.943,1.2025105213024965,-0.2595105213024965
1.406,1.07017731097933,0.3358226890206699
0.903,1.0120954850707755,-0.10909548507077549
0.705,1.0519499746744452,-0.3469499746744452
0.85,0.5656812688302382,0.2843187311697618
1.688,1.1092513157253658,0.5787486842746341
1.625,0.3311456371000825,1.2938543628999175
1.25,1.219029035057687,0.030970964942313106
0.775,1.3503561148228058,-0.5753561148228058
1.375,1.0232793636506035,0.35172063634939654
1.375,0.8566298964866803,0.5183701035133197
1.417,0.9943460231957357,0.4226539768042643
1.875,1.1267663285947367,0.7482336714052633
0.938,1.2321608064884573,-0.2941608064884573
0.879,0.9199064414744935,-0.040906441474493516
1.5,1.165147974121703,0.334852025878297
1.239,1.1578631257722636,0.08113687422773652
1.141,1.0262082566251203,0.11479174337487974
2.0,1.587465362892578,0.4125346371074221
1.681,0.9070686096271672,0.7739313903728329
1.575,1.0727986463454044,0.5022013536545955
2.361,1.6298525064225613,0.7311474935774389
2.338,2.011290887541338,0.3267091124586621
1.118,1.4841022975503355,-0.3661022975503354
1.4,1.6034983566981817,-0.20349835669818184
2.132,1.5208584235552087,0.6111415764447914
1.589,1.5256628937287262,0.06333710627127376
1.567,1.2138849783685197,0.35311502163148023
1.317,1.4747508631772748,-0.15775086317727482
1.319,1.7087983563942073,-0.38979835639420735
1.394,1.3651681442276593,0.028831855772340598
1.259,1.2296824256862133,0.029317574313786565
1.378,1.4174671053707821,-0.03946710537078224
2.325,2.261416956842887,0.06358304315711338
1.738,1.8080308799927947,-0.07003087999279467
0.989,1.179164253138878,-0.19016425313887797
1.001,1.3006993831229896,-0.2996993831229897
0.776,0.616162898930269,0.15983710106973104
1.228,1.661514803933307,-0.433514803933307
1.212,1.2774262198718747,-0.06542621987187469
0.97,1.4780075298313315,-0.5080075298313316
0.856,1.5023944229951962,-0.6463944229951962
1.04,1.1389798597011302,-0.09897985970113021
0.841,0.981011090997546,-0.14001109099754605
0.685,0.7809457673867981,-0.09594576738679805
0.654,0.9611768133746394,-0.3071768133746394
0.859,1.1656080333962069,-0.3066080333962069
0.958,1.208580823872799,-0.2505808238727991
0.881,1.0715896615614113,-0.19058966156141133
1.136,1.0584910446640565,0.07750895533594337
1.347,1.393603015887293,-0.04660301588729299
1.143,1.017402090257256,0.12559790974274399
0.875,0.7960726674763574,0.07892733252364259
0.869,1.0388109534804428,-0.16981095348044284
1.088,1.0585849163096277,0.02941508369037238
0.946,0.9383394949839712,0.0076605050160287735
0.875,1.1985915403097571,-0.3235915403097571
0.938,1.1757814506933917,-0.23778145069339174
0.8,0.8148252835790528,-0.014825283579052773
1.231,0.7296437457550973,0.5013562542449028
1.375,0.7604838198332047,0.6145161801667953
1.379,1.4026441812832995,-0.02364418128329948
1.372,1.3254949707305772,0.046505029269422904
1.035,1.5493530024875004,-0.5143530024875005
1.511,1.6242737604132276,-0.11327376041322768
2.098,2.539850649793202,-0.441850649793202
1.378,1.819983738024368,-0.4419837380243681
1.23,1.3836800338718387,-0.1536800338718387
4.058,3.466593249885741,0.5914067501142588
2.241,2.187701957917029,0.053298042082971175
2.368,2.299409042096358,0.06859095790364167
1.798,1.6711367980731202,0.12686320192687983
2.287,3.07434021109592,-0.7873402110959202
1.625,2.031587387350067,-0.40658738735006716
0.943,1.2785418829373776,-0.33554188293737763
1.75,1.9541399619751538,-0.20413996197515383
1.919,2.132761536299406,-0.21376153629940609
1.25,1.6130070450445921,-0.36300704504459214
0.654,0.8222387849749224,-0.1682387849749224
0.558,0.5241152435985685,0.033884756401431515
0.567,0.7680643740447621,-0.20106437404476218
0.67,0.6070369170485348,0.06296308295146524
0.946,1.1316249468538866,-0.18562494685388664
0.56,1.3845977218745626,-0.8245977218745626
0.583,0.8262540743006417,-0.24325407430064172
0.582,0.9764414582052905,-0.39444145820529053
0.57,0.9762773566834717,-0.40627735668347176
1.08,1.2594355928863106,-0.1794355928863105
0.927,1.3878793438272767,-0.4608793438272767
1.015,1.4492860812724633,-0.4342860812724634
0.924,1.2164306923921018,-0.29243069239210173
0.866,1.0291559932752246,-0.16315599327522456
0.876,0.887006726956177,-0.011006726956176993
0.943,1.255557797463978,-0.31255779746397805
1.013,1.1746947662639475,-0.16169476626394763
0.936,1.4716271204380926,-0.5356271204380926
0.757,1.2368609083641586,-0.4798609083641586
0.79,1.3406813541546299,-0.5506813541546298
0.721,1.348867832330131,-0.6278678323301311
0.712,1.2242887377014258,-0.5122887377014258
0.718,1.452768181933044,-0.734768181933044
0.827,1.3828791193434329,-0.5558791193434329
0.819,1.3272988896969915,-0.5082988896969916
0.806,1.1117923323773575,-0.3057923323773575
0.668,0.7998702440555128,-0.13187024405551273
0.878,0.7350275436522016,0.14297245634779843
0.726,1.1006632871220465,-0.37466328712204655
0.721,1.2017479207280668,-0.4807479207280668
0.783,0.7008624851132601,0.08213751488673993
0.766,1.221797107460438,-0.4557971074604379
1.92,2.094108155554801,-0.17410815555480097
1.143,1.5678568636604766,-0.4248568636604766
1.919,1.7797241007085134,0.13927589929148665
2.166,2.2314921715859657,-0.06549217158596576
0.591,1.140482523685595,-0.5494825236855951
1.713,2.2691553579006953,-0.5561553579006953
2.516,2.66755299826168,-0.15155299826168012
1.814,1.7429498113071364,0.07105018869286361
1.016,1.1215316079190476,-0.10553160791904759
1.306,1.3962870361971442,-0.09028703619714418
0.784,0.8997007383535962,-0.11570073835359618
1.039,1.147867656106682,-0.10886765610668214
0.964,1.3434260063879986,-0.3794260063879986
0.968,1.4705979938562888,-0.5025979938562888
1.242,1.5681271631635243,-0.3261271631635243
0.735,1.0625338843345573,-0.3275338843345573
0.623,0.9522061662720644,-0.32920616627206445
0.525,0.7510237832765392,-0.22602378327653916
0.544,0.8217529688402969,-0.2777529688402969
0.654,0.8861983128281081,-0.2321983128281081
1.529,1.3242029160928868,0.20479708390711315
0.845,1.427009821624591,-0.582009821624591
0.879,1.1827530358782408,-0.30375303587824076
0.985,1.5028511995223839,-0.5178511995223839
0.795,1.3625896734255867,-0.5675896734255866
1.648,1.6785759132138018,-0.03057591321380193
1.603,1.859286150405786,-0.25628615040578606
1.712,1.5237030864363994,0.18829691356360057
1.569,1.3300107990111645,0.23898920098883547
1.583,1.6568937298756055,-0.0738937298756055
1.802,2.0188870021150622,-0.21688700211506218
2.168,2.5614523748145737,-0.3934523748145735
2.046,2.173593481188149,-0.1275934811881494
1.836,1.6325499208811283,0.2034500791188718
2.179,1.7024734171032314,0.4765265828967684
2.168,2.564745642032145,-0.3967456420321449
1.789,1.3569268254317193,0.43207317456828065
1.844,1.90780710190204,-0.06380710190203986
2.122,1.8261543753221816,0.2958456246778183
1.528,1.4933023084984185,0.03469769150158153
1.745,1.9398415522139598,-0.1948415522139597
0.958,1.3825145497527531,-0.42451454975275316
0.723,1.0803451756329356,-0.35734517563293566
0.703,0.7586285463373357,-0.055628546337335716
0.777,1.1121162413011823,-0.3351162413011822
0.782,1.1655371657233415,-0.3835371657233415
0.834,1.4435515349297465,-0.6095515349297466
0.786,0.7840830490611843,0.0019169509388157202
0.746,1.094344199722273,-0.34834419972227293
0.788,0.9332577139887741,-0.14525771398877407
0.762,1.069308796679664,-0.30730879667966393
0.68,0.9765768955065817,-0.2965768955065816
0.673,1.3506038431763725,-0.6776038431763725
0.605,0.8510518569858316,-0.24605185698583165
0.699,0.9100680047269938,-0.21106800472699383
0.754,1.0154634134716725,-0.26146341347167246
0.87,1.1279628280524703,-0.2579628280524703
0.639,0.9113797352062023,-0.2723797352062023
0.654,0.871358067490732,-0.21735806749073194
0.557,0.7645294663764153,-0.20752946637641523
0.668,0.7004427479335549,-0.03244274793355484
1.1,0.7222841878194468,0.3777158121805533
0.995,1.1779439579516682,-0.18294395795166818
1.375,0.6889471227086719,0.6860528772913281
0.8,1.7040969304239848,-0.9040969304239848
0.604,0.9430547029649601,-0.3390547029649601
0.697,0.9236419871992609,-0.22664198719926099
0.759,0.9815003689998654,-0.22250036899986536
0.712,1.1667404830658827,-0.4547404830658828
0.703,1.208760187652413,-0.505760187652413
0.721,0.9464921349251925,-0.2254921349251925
0.841,0.8437387272556136,-0.0027387272556136377
0.656,1.2657121170987606,-0.6097121170987606
0.824,0.9603396785538667,-0.13633967855386675
0.968,1.6593982519585686,-0.6913982519585686
0.975,0.6975762149775244,0.27742378502247556
0.904,0.9794670745419012,-0.07546707454190116
0.879,1.230640573182915,-0.3516405731829151
1.079,0.958078842895862,0.12092115710413798
1.098,1.5314813100198457,-0.4334813100198456
1.093,1.42361854725916,-0.33061854725916007
1.031,1.2124593985278849,-0.18145939852788495
0.905,1.1635195320595342,-0.25851953205953415
1.098,1.0360003774120226,0.06199962258797753
0.987,1.4555716799590237,-0.4685716799590237
0.931,1.29126209832123,-0.3602620983212299
1.03,1.2582499355675285,-0.22824993556752848
1.16,0.7906046402235072,0.36939535977649274
1.063,1.2840767837256204,-0.22107678372562045
1.089,1.0420824848043817,0.046917515195618265
0.92,0.7718450111737842,0.1481549888262158
0.55,0.6936574471265797,-0.14365744712657968
1.374,1.6441213753003379,-0.27012137530033775
1.337,1.5999589220359494,-0.2629589220359494
1.309,1.8601827837068798,-0.5511827837068799
1.262,1.4315601565987046,-0.1695601565987046
1.543,0.8113762218282112,0.7316237781717887
1.425,1.8961690993560467,-0.4711690993560467
1.563,0.837762010654042,0.725237989345958
1.424,1.128264771428549,0.29573522857145096
0.675,0.4178941111191117,0.25710588888088837
0.821,0.5732406083581285,0.24775939164187144
0.675,0.9437214762246866,-0.26872147622468656
1.375,1.2489439066543433,0.1260560933456567
1.795,2.0329570328957987,-0.23795703289579873
3.87,2.053296298104003,1.8167037018959973
3.387,3.3712377376766334,0.015762262323366638
2.976,2.237509576834914,0.7384904231650862
1.907,1.3779833687516714,0.5290166312483287
3.278,2.737922349645341,0.5400776503546592
0.896,0.8078607719048239,0.08813922809517616
1.028,0.847631652489389,0.18036834751061104
1.114,1.5369106132323935,-0.42291061323239343
0.957,1.0505188857030738,-0.09351888570307387
0.55,1.1332087915355755,-0.5832087915355755
1.055,1.483411016525759,-0.4284110165257591
1.042,0.8663472404290886,0.17565275957091142
1.145,1.1206968408578588,0.024303159142141206
0.991,1.1175654846320053,-0.12656548463200534
1.414,1.3283592317294788,0.08564076827052114
1.366,1.3254495293323496,0.040550470667650496
1.188,1.0179527459975628,0.17004725400243714
1.364,1.7182394954988498,-0.3542394954988497
1.03,1.2710268826720617,-0.24102688267206163
1.081,0.9809984833598138,0.1000015166401862
1.136,1.1872421649710336,-0.05124216497103373
1.246,1.0986446292289398,0.1473553707710602
1.568,0.7976892082216795,0.7703107917783205
0.987,1.3804564633159933,-0.39345646331599327
0.934,1.1791310422896375,-0.24513104228963745
4.483,2.570034056720186,1.9129659432798136
1.368,1.5284094464845255,-0.16040944648452538
2.833,2.226004783225298,0.6069952167747021
4.464,2.635144361465195,1.8288556385348054
1.486,1.434650878789789,0.05134912121021107
2.078,1.3695107357925231,0.7084892642074767
2.804,2.9463663796358714,-0.14236637963587162
1.917,2.067587388934219,-0.15058738893421908
1.894,1.821747209822084,0.07225279017791597
1.941,1.8978650523259764,0.043134947674023705
1.157,1.0815309680213674,0.07546903197863264
1.701,1.8680633643593008,-0.1670633643593007
1.33,1.8086626516661575,-0.4786626516661574
1.336,1.5886702725158495,-0.2526702725158494
1.441,1.9955005027729138,-0.5545005027729137
2.657,2.0511385893640424,0.6058614106359577
2.257,1.9218649431501995,0.3351350568498006
3.44,3.2647091627620832,0.17529083723791672
3.202,3.275527942114075,-0.0735279421140751
2.672,2.9700822337649386,-0.2980822337649385
2.259,2.209736998223304,0.04926300177669596
3.8,3.142513875843746,0.6574861241562537
1.752,2.0964455945294684,-0.34444559452946844
1.464,1.864428008264618,-0.4004280082646181
1.64,1.3386270810446952,0.3013729189553047
1.341,1.09506811101432,0.24593188898568008
1.595,1.6095894296600308,-0.01458942966003085
1.33,1.2981447329605165,0.031855267039483603
1.645,1.7314207106004993,-0.08642071060049927
1.393,1.7987620025378215,-0.40576200253782146
1.434,0.8343602419596086,0.5996397580403914
1.207,1.1407066192131015,0.06629338078689861
1.411,1.98751444280997,-0.57651444280997
1.518,1.8103989354586356,-0.2923989354586356
1.661,0.6547716089494953,1.0062283910505048
1.165,1.0363414872280554,0.12865851277194462
1.153,1.5258638409624266,-0.37286384096242653
1.156,1.3048960052495635,-0.1488960052495636
1.271,1.6737046739230337,-0.4027046739230338
1.141,1.2732080861548154,-0.13220808615481539
1.269,1.2928081293207643,-0.02380812932076437
1.189,1.252847513943738,-0.063847513943738
1.504,1.4093783156178175,0.09462168438218255
1.569,0.970816806046598,0.5981831939534019
1.705,1.0203044394197625,0.6846955605802376
1.609,0.9342546867607417,0.6747453132392582
1.304,1.0858850340860418,0.2181149659139583
0.987,0.9071203173455575,0.07987968265444245
1.132,0.9761963658558099,0.15580363414418996
1.188,0.9070386806952089,0.28096131930479107
0.975,1.0157304356096803,-0.04073043560968037
0.886,1.0322314207911814,-0.14623142079118134
0.844,0.9923037868385141,-0.14830378683851408
0.652,0.680784093524669,-0.02878409352466893
0.649,1.074276615201354,-0.42527661520135407
0.78,1.1625295149437496,-0.38252951494374954
0.67,0.8343026330244978,-0.16430263302449777
0.731,0.9842760981950085,-0.2532760981950085
0.73,1.0206606595247507,-0.29066065952475073
0.633,0.9093916809832567,-0.2763916809832567
0.668,1.0251477339186452,-0.3571477339186452
0.644,0.8471567838043905,-0.2031567838043905
0.605,0.9015290864756951,-0.2965290864756951
0.585,0.7839812224715752,-0.19898122247157524
0.498,0.8019446629961644,-0.3039446629961644
0.774,1.245826908054879,-0.4718269080548789
0.659,0.8515465581655381,-0.19254655816553812
0.705,0.49580144571029905,0.2091985542897009
0.621,0.4045099075342251,0.21649009246577489
1.222,1.5791024025736058,-0.3571024025736058
0.622,0.6777520502214367,-0.0557520502214367
0.559,0.685198796924853,-0.12619879692485292
0.71,0.8397441312481031,-0.12974413124810313
0.647,0.9378815011097652,-0.2908815011097652
0.61,0.7708376835483177,-0.16083768354831773
1.1,0.7955325279679029,0.30446747203209723
1.034,1.1299828870933895,-0.09598288709338942
0.926,1.3566728124364014,-0.4306728124364013
0.606,0.7630770073828881,-0.1570770073828881
0.67,0.587357758755322,0.082642241244678
0.676,0.5928170968089215,0.08318290319107857
0.517,0.6500887311576675,-0.1330887311576675
0.598,1.1292644173090842,-0.5312644173090842
0.631,0.8063791721897737,-0.17537917218977372
0.814,0.520501538231477,0.2934984617685229
0.609,1.2633189433814023,-0.6543189433814023
0.609,0.8781056743307247,-0.26910567433072474
0.701,0.6245633975775648,0.07643660242243511
1.589,2.052036156730294,-0.46303615673029386
0.7,0.7418030208258903,-0.04180302082589038
0.663,0.7137456055192009,-0.05074560551920082
1.356,0.970177561299002,0.3858224387009981
0.675,0.560419540095519,0.11458045990448107
0.693,0.9826812717756299,-0.28968127177562997
0.658,0.804738573758689,-0.14673857375868893
0.675,0.8608195728585581,-0.1858195728585581
3.313,1.5177736589996058,1.7952263410003944
1.788,1.455167047262089,0.332832952737911
1.293,1.3949925546857018,-0.1019925546857019
1.345,1.371466684673537,-0.026466684673537078
2.25,1.07191191061509,1.17808808938491
1.17,1.138041548835352,0.031958451164648016
1.297,1.421747931916175,-0.12474793191617506
1.053,1.290014454654215,-0.237014454654215
0.966,1.4292243168842136,-0.4632243168842136
0.894,0.8867514027390766,0.007248597260923417
1.086,0.7900618396521568,0.29593816034784326
3.833,3.339524508580963,0.4934754914190371
0.919,0.9504546346946161,-0.03145463469461607
1.355,1.8260118039087465,-0.47101180390874653
0.998,1.544666914420213,-0.546666914420213
1.012,1.2981998799145522,-0.2861998799145522
0.962,1.411775479574938,-0.449775479574938
0.904,1.492819516226616,-0.588819516226616
0.939,1.5806445506253892,-0.6416445506253893
0.962,0.9072926585974805,0.05470734140251943
0.944,0.7625356835153969,0.18146431648460304
1.122,1.4193755128665542,-0.29737551286655406
1.052,1.4409313091102032,-0.3889313091102031
0.949,1.1719237861566163,-0.22292378615661634
0.892,0.8261720733681699,0.06582792663183012
1.03,1.1912524675984573,-0.16125246759845724
0.973,1.9910457162086674,-1.0180457162086674
0.968,1.171019671334606,-0.20301967133460597
0.913,1.442297742429819,-0.5292977424298189
0.811,1.1480373063569829,-0.3370373063569828
1.205,1.3362155088729786,-0.1312155088729785
1.125,1.0679809632374873,0.05701903676251274
0.87,1.1491860743794826,-0.2791860743794826
0.842,1.2693107899019864,-0.42731078990198645
0.842,1.6478423041190786,-0.8058423041190786
0.834,1.2124286279739722,-0.37842862797397225
0.84,1.2634086590363458,-0.42340865903634584
0.844,1.0602587694303733,-0.21625876943037337
1.083,1.5991993065015968,-0.5161993065015968
0.802,1.0244454908895009,-0.22244549088950083
0.882,1.3209018327658206,-0.4389018327658206
0.729,0.9427358605118583,-0.21373586051185833
0.77,0.9718882400703883,-0.2018882400703883
0.938,0.760626185569556,0.17737381443044398
0.788,0.8998479780570243,-0.11184797805702429
0.727,1.0254098454411193,-0.29840984544111937
0.784,1.063949614899911,-0.279949614899911
0.734,1.0238752630190366,-0.28987526301903666
1.125,0.729858392167438,0.395141607832562
0.95,1.2276167436262182,-0.27761674362621824
0.895,0.7815084154607215,0.11349158453927854
0.884,1.4884104510800815,-0.6044104510800815
0.882,1.310532205730715,-0.42853220573071493
1.127,1.3524814207557072,-0.2254814207557072
1.143,1.3147796225262334,-0.17177962252623336
1.2,1.5598464265667125,-0.3598464265667125
0.986,1.28597003804442,-0.2999700380444199
1.513,1.4008727772392762,0.11212722276072373
1.33,1.3420760802203797,-0.012076080220379648
1.07,1.2731077263352002,-0.20310772633520013
0.933,1.3179160004800505,-0.3849160004800505
1.296,1.1839741719287487,0.11202582807125139
0.825,0.9089731680240245,-0.08397316802402455
1.166,0.7555868078974024,0.4104131921025975
0.86,0.8250983973353303,0.034901602664669684
0.965,1.0593627558801022,-0.09436275588010223
1.033,0.8767246744195238,0.15627532558047608
1.005,0.7125341545978063,0.29246584540219356
1.095,1.3931921888066658,-0.29819218880666587
0.993,1.5251097166454057,-0.5321097166454057
1.24,1.5878472831549733,-0.34784728315497326
1.185,1.591646127270626,-0.4066461272706259
1.207,1.1858679010899373,0.021132098910062735
0.929,0.7664469642036016,0.16255303579639846
1.307,0.9486017849728907,0.3583982150271092
1.375,1.044498116214649,0.33050188378535106
1.331,0.7666221393809458,0.5643778606190542
1.057,1.0315385639912416,0.025461436008758387
1.161,1.2997719215724324,-0.13877192157243234
1.597,1.4110697703555992,0.18593022964440076
1.079,1.2519252483566015,-0.1729252483566015
1.055,0.9717427889084296,0.08325721109157036
1.985,0.9909429248158266,0.9940570751841735
1.99,1.7008005904006986,0.28919940959930135
1.832,1.0705654558843931,0.761434544115607
1.61,1.397134242007355,0.21286575799264518
1.195,0.968121126437778,0.22687887356222203
1.397,1.3454897764445297,0.0515102235554703
1.617,1.4062347628017955,0.2107652371982045
1.568,1.031806395532635,0.536193604467365
1.358,0.8344972861533364,0.5235027138466637
1.53,0.9281761311397778,0.6018238688602222
1.422,1.0396920375477259,0.38230796245227405
1.661,0.7073873780821565,0.9536126219178436
1.48,1.0165059581671727,0.4634940418328273
1.621,1.5010758276573992,0.11992417234260078
2.882,2.3752367110683417,0.5067632889316585
2.13,1.2113003962664461,0.9186996037335537
1.5,1.251860675402546,0.24813932459745391
1.505,1.1102411983363516,0.3947588016636483
2.4,2.378627097024852,0.021372902975147934
1.779,1.1803716885480737,0.5986283114519262
1.483,1.1076438856670676,0.3753561143329325
1.902,1.0741423838475086,0.8278576161524913
3.267,2.489218539558644,0.7777814604413558
1.6,1.4353993605780706,0.16460063942192948
1.954,1.6244654476584175,0.32953455234158247
1.585,1.3076340596019778,0.2773659403980222
1.364,1.9906874778682244,-0.6266874778682243
1.405,1.7288975066290164,-0.3238975066290164
1.634,1.942492581159612,-0.3084925811596122
1.436,1.383609821298191,0.05239017870180884
1.577,1.1311972629623357,0.44580273703766427
1.657,1.983976483267141,-0.3269764832671409
1.39,1.274659214621555,0.11534078537844494
1.392,1.5498411728474288,-0.15784117284742893
1.443,1.5589008481114048,-0.11590084811140478
1.216,1.4059884204240392,-0.18998842042403918
2.323,1.865534317269951,0.45746568273004895
1.96,1.9459121862255906,0.014087813774409375
2.494,1.8059079774204136,0.6880920225795866
2.129,1.6270009654200916,0.5019990345799084
1.695,1.7183847939673988,-0.023384793967398787
2.503,2.103974606771961,0.399025393228039
2.161,1.3153224626932516,0.8456775373067484
1.696,1.8108099375030764,-0.11480993750307644
2.216,2.1746705228238095,0.04132947717619073
1.887,2.2089992396797125,-0.32199923967971245
1.898,1.509120136144696,0.38887986385530393
2.587,1.958021440526057,0.6289785594739432
2.706,1.6052268396985583,1.1007731603014417
1.598,1.1264512177856776,0.4715487822143225
2.135,1.5836895430438154,0.5513104569561844
2.174,1.915136610518148,0.25886338948185195
1.733,1.9804651429249773,-0.24746514292497723
1.473,1.420394208967648,0.05260579103235208
1.862,1.810211480443069,0.0517885195569312
3.5,4.095103269876042,-0.5951032698760423
2.421,1.3017834422242445,1.1192165577757553
1.171,0.941809530446519,0.229190469553481
1.129,1.0546805438516196,0.07431945614838043
1.135,1.4104606220644431,-0.2754606220644431
1.432,1.272588265470016,0.15941173452998392
1.212,0.902420603427373,0.309579396572627
1.247,1.0758027162346608,0.17119728376533927
1.154,1.4227246086073708,-0.2687246086073709
1.245,1.2577864614282692,-0.012786461428269114
1.429,0.6554840017866659,0.7735159982133342
0.999,0.9520263396897091,0.04697366031029093
1.038,1.3919499502923978,-0.35394995029239773
1.319,0.6573942732868139,0.6616057267131861
1.222,1.323678486402278,-0.10167848640227795
1.275,1.5582955185284648,-0.2832955185284649
1.02,1.6009332957723041,-0.5809332957723041
1.249,1.5332392340878949,-0.28423923408789475
1.184,1.1336123413863635,0.05038765861363648
1.26,0.9882992748102928,0.2717007251897072
1.178,0.8965261415288976,0.2814738584711023
1.227,1.6344171031896177,-0.40741710318961766
1.464,1.263724571357843,0.20027542864215686
1.306,0.9940624335424806,0.31193756645751947
0.916,1.1548260402132025,-0.23882604021320242
1.357,1.5087571389974561,-0.15175713899745613
1.302,0.7410705121842964,0.5609294878157036
1.254,0.9083065747702732,0.3456934252297268
1.155,1.8615403010352367,-0.7065403010352367
1.145,1.6014419614410311,-0.4564419614410311
1.325,1.2584718091990608,0.06652819080093919
1.349,1.3024178953601109,0.0465821046398891
0.825,0.7544929617523914,0.07050703824760851
1.343,1.3785890773720313,-0.03558907737203132
1.198,1.0819772733694475,0.11602272663055246
1.406,1.9331988326441767,-0.5271988326441768
1.43,1.7740644705177318,-0.3440644705177318
1.171,1.2218885280660479,-0.05088852806604782
1.254,1.478784840969951,-0.2247848409699511
1.453,1.567988727267457,-0.11498872726745701
1.456,1.5645288207883452,-0.10852882078834525
1.33,0.9741432648671209,0.3558567351328792
1.668,1.9632020950215068,-0.29520209502150685
1.444,1.4121723042286378,0.03182769577136213
1.37,1.8683761626289814,-0.4983761626289813
1.345,1.5399483578347994,-0.19494835783479947
1.128,1.5255786568909064,-0.39757865689090655
1.355,1.2591369356356483,0.09586306436435166
1.356,1.7273281780293401,-0.37132817802934004
1.674,1.734479526385027,-0.06047952638502707
2.761,2.145260755746248,0.6157392442537519
2.443,1.4158767908409162,1.0271232091590838
1.418,1.473029761216377,-0.05502976121637704
1.49,0.9836685189374716,0.5063314810625283
1.243,1.4567753898263338,-0.2137753898263337
1.116,1.0008469368764081,0.11515306312359197
1.287,1.4046677241381587,-0.11766772413815874
1.473,1.2738325386785287,0.19916746132147134
1.6,1.9997893458090026,-0.3997893458090025
1.588,1.605936971166081,-0.01793697116608084
1.44,0.5675095168206572,0.8724904831793427
1.305,1.2969893774358296,0.008010622564170289
1.627,1.6871164069836078,-0.06011640698360776
1.429,1.509795685209458,-0.08079568520945801
1.434,1.4452890108343963,-0.011289010834396374
1.466,1.4440176026218765,0.021982397378123464
2.432,1.94268652882802,0.48931347117198
3.908,0.895855596814888,3.012144403185112
2.745,2.081058152588601,0.6639418474113992
1.317,1.5186215968696493,-0.2016215968696493
1.375,0.9389857834700277,0.4360142165299723
1.39,1.1436133868918579,0.24638661310814203
2.147,1.4965133179347587,0.6504866820652411
1.705,1.589179940067393,0.11582005993260713
1.487,1.2850354376940034,0.2019645623059967
1.33,1.4429897060895174,-0.1129897060895173
1.317,1.4436590084638323,-0.12665900846383238
1.438,1.1180153856605777,0.31998461433942227
1.458,1.3359639621241728,0.12203603787582717
1.307,1.3551260474467477,-0.048126047446747755
1.121,1.067008946113606,0.053991053886393914
1.47,1.6472481360920248,-0.17724813609202483
1.154,1.0271248887421147,0.1268751112578852
1.71,1.579893443068335,0.13010655693166506
1.792,2.2469614082503613,-0.45496140825036124
2.048,1.8339305228288745,0.21406947717112557
2.25,1.7613726290700153,0.48862737092998465
2.933,0.6795429117349301,2.25345708826507
1.219,1.205911937838372,0.013088062161628056
1.16,1.0208416685474184,0.1391583314525815
1.59,1.3448437282036583,0.2451562717963418
1.896,1.585999888471859,0.310000111528141
1.316,1.0304184880823763,0.2855815119176237
2.225,1.9862113815263398,0.23878861847366029
2.125,1.4826437057970465,0.6423562942029535
2.631,2.352814993426743,0.27818500657325673
2.034,1.2398746485405283,0.7941253514594715
2.732,2.529414701885572,0.20258529811442827
0.55,0.8999713193335999,-0.3499713193335998
1.125,1.0393486470749622,0.08565135292503778
1.019,1.2236174992937472,-0.20461749929374728
1.361,1.3486117999675837,0.012388200032416252
1.237,0.9601986536234004,0.2768013463765997
1.327,1.4119614582645235,-0.0849614582645235
1.169,1.6228713865224251,-0.4538713865224251
1.034,1.34249992702918,-0.30849992702917994
0.956,0.9966326954842728,-0.04063269548427284
0.961,1.0247685975934224,-0.06376859759342246
1.033,0.8810648218799348,0.15193517812006507
1.105,1.661715830232654,-0.556715830232654
1.156,1.0409371115577626,0.11506288844223733
1.116,1.1334157083543248,-0.01741570835432471
1.125,1.1870420115851903,-0.06204201158519029
1.091,1.5830740531850283,-0.4920740531850283
1.275,1.8782921667409416,-0.6032921667409417
1.094,1.2008382013246393,-0.10683820132463917
1.011,1.4761608690455637,-0.46516086904556375
1.087,1.6527427613368095,-0.5657427613368096
1.044,1.1230123982530764,-0.07901239825307638
1.65,1.0504618186310593,0.5995381813689407
0.913,0.9792456347359038,-0.06624563473590372
0.907,0.9876662414551487,-0.08066624145514867
1.125,0.921102454168726,0.20389754583127395
1.133,1.195669437994853,-0.06266943799485292
1.016,0.9293626706121785,0.08663732938782154
1.5,0.8647603930071774,0.6352396069928226
0.925,1.125337720218921,-0.20033772021892093
0.956,1.3433237847859032,-0.38732378478590324
0.896,0.8772154889928616,0.018784511007138405
0.924,1.1607400896356685,-0.2367400896356685
1.186,1.0846617039771442,0.10133829602285571
1.14,1.4675833974618673,-0.3275833974618674
1.163,1.307043826743587,-0.14404382674358707
1.135,1.0610207311912878,0.0739792688087122
1.358,1.0313010615485292,0.3266989384514709
1.18,0.9319056422439629,0.24809435775603705
1.295,2.090373472835131,-0.7953734728351312
1.402,1.7158036343454484,-0.31380363434544845
1.341,1.8755722455041712,-0.5345722455041713
1.345,1.62546080744095,-0.28046080744095003
1.233,1.467493521916011,-0.23449352191601092
1.269,1.9021708766210388,-0.6331708766210389
1.188,1.070342180877779,0.11765781912222084
1.324,1.8693332506212605,-0.5453332506212605
1.38,1.9235033397980361,-0.5435033397980362
1.255,1.707612630461745,-0.45261263046174505
0.325,0.805222691466283,-0.480222691466283
0.525,0.9999868732002914,-0.4749868732002914
1.575,1.503127573025708,0.07187242697429186
1.577,1.6667263472432383,-0.08972634724323836
1.306,1.4699345996577522,-0.16393459965775214
1.459,1.54763795496146,-0.08863795496145999
2.376,1.8709210643387726,0.5050789356612273
2.099,2.209537049501458,-0.11053704950145793
1.444,1.4750677222888542,-0.031067722288854238
2.409,2.11345743333679,0.2955425666632099
2.475,2.1968182944945354,0.2781817055054647
1.884,1.7626604926332066,0.12133950736679333
1.257,1.3478527889839131,-0.09085278898391325
0.912,1.2863095938866465,-0.3743095938866464
1.504,1.6681886485415278,-0.16418864854152782
1.387,1.7033029212451143,-0.3163029212451143
1.544,1.8205639402669598,-0.27656394026695974
1.435,2.3287629513662504,-0.8937629513662504
0.944,1.1909993893800181,-0.2469993893800182
1.444,1.6223948306471732,-0.1783948306471732
1.481,1.902313375440801,-0.42131337544080094
2.411,2.597567730477508,-0.18656773047750796
1.757,1.4093592950776321,0.34764070492236776
2.138,1.7178034847828298,0.42019651521717005
2.193,1.689147012809193,0.5038529871908071
1.917,1.7564510468999486,0.16054895310005146
1.516,1.7240201173342875,-0.2080201173342875
1.578,1.5404200567117816,0.037579943288218454
1.602,1.5438090051564435,0.05819099484355661
1.446,1.7545878975744325,-0.3085878975744325
1.567,1.8234358755126079,-0.25643587551260794
0.82,1.3242219263026205,-0.5042219263026205
1.701,1.728413586368092,-0.02741358636809199
1.554,0.8155985213629329,0.7384014786370672
1.046,1.3077197038946617,-0.2617197038946617
0.883,0.823407766415031,0.05959223358496901
1.346,1.4950975487108193,-0.14909754871081926
0.861,1.1782944101417219,-0.3172944101417219
1.212,1.4577057504754385,-0.24570575047543852
0.978,0.9886794674776396,-0.010679467477639593
1.003,1.5602944535780336,-0.5572944535780338
0.962,1.6810076654246386,-0.7190076654246387
0.959,1.6267722227462134,-0.6677722227462134
1.089,1.2435107601881508,-0.1545107601881508
1.036,1.358739022100869,-0.322739022100869
1.537,1.708649948568231,-0.17164994856823101
1.625,1.2202469466579344,0.40475305334206557
1.375,1.9530006458856168,-0.5780006458856168
0.729,1.037242842348407,-0.30824284234840704
0.925,1.480764625653415,-0.555764625653415
1.368,1.467072020657965,-0.09907202065796494
0.528,1.1207509503149717,-0.5927509503149717
1.625,1.2657985001828083,0.35920149981719174
0.897,1.6978632832945406,-0.8008632832945406
3.742,2.8937089022492044,0.8482910977507956
2.938,2.2754018118819728,0.6625981881180274
2.659,2.6952715662748767,-0.03627156627487693
1.936,1.8693267047625017,0.06667329523749821
2.1,1.7904654071629675,0.30953459283703255
2.415,2.684088502364068,-0.2690885023640681
3.633,2.383137052555359,1.2498629474446412
1.462,1.8754049269186406,-0.4134049269186406
2.25,2.0529222596109915,0.1970777403890085
1.459,1.819724967976124,-0.36072496797612397
1.573,2.093773328423816,-0.5207733284238159
1.365,2.2098725191728503,-0.8448725191728503
1.553,2.172813740742739,-0.6198137407427389
1.922,2.226416874239961,-0.3044168742399609
1.454,1.602758796391696,-0.1487587963916961
1.924,2.083980133923716,-0.15998013392371613
2.176,2.1849140360487618,-0.00891403604876162
2.43,2.012249437318655,0.41775056268134536
2.212,2.1094241570515617,0.10257584294843847
2.16,2.472356425903121,-0.31235642590312107
2.079,1.838658650389866,0.2403413496101341
1.804,2.2272589334553627,-0.4232589334553627
1.708,1.471678658055331,0.23632134194466903
2.025,2.1584059674662477,-0.13340596746624778
2.905,2.531178816503157,0.373821183496843
3.368,2.212823654343987,1.1551763456560127
1.0,1.4135385190531315,-0.41353851905313155
2.25,2.188832749581584,0.061167250418415975
2.896,2.5219951326962082,0.3740048673037917
5.00001,3.262397370316041,1.7376126296839587
2.067,2.4580224411518703,-0.3910224411518701
2.924,2.68317117493335,0.24082882506665015
2.549,2.4320408059053005,0.11695919409469946
1.878,2.242915683056026,-0.36491568305602606
1.372,1.7702307567703308,-0.3982307567703307
2.522,2.6079324196747082,-0.08593241967470844
4.269,3.1409203121322675,1.1280796878677326
1.842,2.6341903658768064,-0.7921903658768064
1.402,1.411926680192738,-0.009926680192738013
1.073,1.7786484267223304,-0.7056484267223304
1.218,1.7290502237385605,-0.5110502237385606
1.343,1.3790485162921726,-0.03604851629217265
1.292,1.9568374786294211,-0.6648374786294211
1.425,2.131880156435299,-0.7068801564352991
1.31,1.7969777961389706,-0.4869777961389705
1.36,1.8805512932008226,-0.5205512932008225
1.282,1.526344735885826,-0.24434473588582595
1.393,1.6977477247677828,-0.3047477247677828
1.373,1.9499571735098327,-0.5769571735098327
1.284,1.8572020222370003,-0.5732020222370002
1.144,1.5899056406247172,-0.44590564062471727
1.44,1.3653224255919099,0.07467757440809009
1.5,1.374216156240366,0.12578384375963392
0.953,1.2868825630437324,-0.3338825630437324
0.913,1.0617266785951576,-0.14872667859515754
1.875,1.44081001837255,0.43418998162744993
1.289,1.9147640406368973,-0.6257640406368974
1.625,2.125233662614269,-0.5002336626142689
1.604,1.6768240460583157,-0.0728240460583156
1.305,1.2396812034962017,0.06531879650379824
1.043,1.5430296057798352,-0.5000296057798352
1.07,1.8636205419644942,-0.7936205419644942
1.826,1.7486862637122345,0.07731373628776561
1.63,1.6228818200884843,0.007118179911515643
2.221,2.0247595520352513,0.19624044796474882
2.318,1.3544440907341908,0.9635559092658093
1.618,2.4500594303796985,-0.8320594303796984
2.368,2.8140752323849463,-0.4460752323849464
2.13,2.0133331771943483,0.11666682280565155
1.797,2.361968117771358,-0.5649681177713581
2.254,2.3496063843317194,-0.09560638433171942
1.116,1.424544778164868,-0.3085447781648678
1.931,2.3940730227550056,-0.4630730227550055
1.577,1.6692655885606487,-0.0922655885606487
1.644,1.6111620990862188,0.03283790091378114
1.655,2.055652787500858,-0.4006527875008581
1.243,1.5224020641698706,-0.27940206416987046
1.625,1.6831323687311843,-0.058132368731184325
1.235,1.5562493783943263,-0.3212493783943262
0.956,1.3053677418652176,-0.3493677418652177
2.135,1.8953035024012657,0.23969649759873413
3.601,3.612819183746497,-0.011819183746497153
3.929,2.6078919229370308,1.321108077062969
2.863,2.6694121916911877,0.19358780830881228
2.77,2.7640159703441842,0.005984029655815792
3.25,2.791178020405123,0.45882197959487714
3.105,2.816626655868211,0.28837334413178883
3.955,3.218638436172016,0.7363615638279839
3.54,3.5354024719596726,0.0045975280403274255
3.454,3.142942624342906,0.31105737565709424
3.041,3.0544846899279063,-0.013484689927906413
3.071,2.5251753269077897,0.5458246730922105
1.917,2.2349071820471478,-0.31790718204714774
2.541,2.4780681927754173,0.06293180722458258
3.905,3.6403254566272607,0.2646745433727391
4.067,3.3593990226349195,0.7076009773650807
2.559,2.4798660606472027,0.07913393935279744
2.427,2.5415587992668933,-0.11455879926689327
2.268,2.525619941351614,-0.25761994135161403
2.029,2.4111152254560944,-0.38211522545609444
1.766,1.7979249443289862,-0.03192494432898618
1.469,1.1828138029081656,0.28618619709183446
1.656,1.9172748538818412,-0.26127485388184124
1.193,1.297936325605955,-0.104936325605955
2.594,2.371966266997012,0.2220337330029878
2.086,2.2859585069377526,-0.19995850693775274
2.511,2.4811837485403463,0.02981625145965383
2.305,2.284940817992048,0.020059182007952092
2.39,2.8330400469609964,-0.4430400469609963
2.335,2.2293454094155787,0.10565459058442128
1.375,1.4256274128928845,-0.05062741289288453
1.63,1.366664860369124,0.26333513963087585
1.74,1.8756460452701877,-0.13564604527018775
1.557,2.0076469271077264,-0.45064692710772647
1.364,1.7219912378862783,-0.3579912378862782
1.453,1.694820389575207,-0.2418203895752069
1.5,1.3227957277964841,0.17720427220351587
1.06,1.3400073987405143,-0.2800073987405143
1.488,1.482579492482968,0.005420507517031936
1.01,1.4650046181598029,-0.45500461815980286
1.663,1.6817908704429834,-0.018790870442983332
1.625,1.5285083729637587,0.09649162703624126
1.515,1.5011159904826163,0.013884009517383555
1.456,2.0139491183624716,-0.5579491183624716
1.588,2.171375207947663,-0.5833752079476628
2.439,2.6245549720555053,-0.1855549720555052
1.928,2.003144637468262,-0.07514463746826205
1.228,1.336726056168449,-0.1087260561684491
1.141,1.2852993953377179,-0.14429939533771785
1.213,1.6370489113308884,-0.4240489113308883
1.163,1.5943248882036394,-0.43132488820363935
1.158,1.700961593542029,-0.5429615935420291
1.393,1.5354965274795729,-0.14249652747957287
1.373,1.6189226857863075,-0.2459226857863075
1.372,1.5433757621478725,-0.17137576214787242
1.234,1.7620502227356716,-0.5280502227356716
1.35,1.0741892531766815,0.27581074682331863
1.213,1.924864501186245,-0.711864501186245
1.664,2.121605216806943,-0.4576052168069429
1.449,1.7926053554223311,-0.34360535542233106
1.396,1.5831046169968401,-0.18710461699684022
1.149,1.2223901237036745,-0.07339012370367448
1.37,1.5121285677164469,-0.14212856771644677
1.381,1.3636929907826572,0.01730700921734285
1.41,1.5680588716758073,-0.15805887167580734
1.572,1.8113261653723218,-0.23932616537232176
1.304,1.690879405827133,-0.386879405827133
1.228,1.6972670334728375,-0.4692670334728375
1.443,1.8637025056955765,-0.42070250569557643
1.582,2.547803335750268,-0.965803335750268
1.18,1.7410954396031872,-0.5610954396031873
1.226,1.3481941504356922,-0.12219415043569226
1.117,1.9538981365743386,-0.8368981365743386
1.067,1.760864445348037,-0.6938644453480372
1.27,1.5275156617064107,-0.2575156617064107
1.163,1.4676127668122994,-0.3046127668122993
1.262,1.4459648251837622,-0.18396482518376223
1.32,1.8349449201814385,-0.5149449201814384
1.118,1.5861590251782338,-0.4681590251782337
1.36,2.0807245422020886,-0.7207245422020885
1.288,1.4267789816485865,-0.13877898164858649
1.355,1.990182154436123,-0.6351821544361229
1.44,1.9873827483941564,-0.5473827483941565
1.587,2.0200287593011934,-0.43302875930119344
1.598,2.080320373427301,-0.48232037342730094
1.132,1.030442476474886,0.10155752352511382
1.172,1.3638222722941924,-0.19182227229419246
1.125,1.3629836201537098,-0.23798362015370977
1.289,1.32772921118845,-0.038729211188450074
0.981,1.3043851526994887,-0.32338515269948875
1.112,1.5615637479273254,-0.44956374792732534
1.083,1.6463978743171264,-0.5633978743171264
1.104,1.429309274690227,-0.32530927469022686
0.918,1.0825505219874616,-0.16455052198746156
0.905,1.4442296073368466,-0.5392296073368466
0.792,1.2654327720762737,-0.47343277207627366
0.857,1.2995013890232974,-0.4425013890232974
0.883,1.4302007401763297,-0.5472007401763297
1.04,1.3334501005217874,-0.2934501005217873
1.086,1.4034600703913758,-0.3174600703913757
1.136,1.6372460375873383,-0.5012460375873384
1.62,1.958418223025475,-0.33841822302547486
1.476,2.0666914010076,-0.5906914010076001
1.475,1.6462283374544653,-0.1712283374544652
1.51,1.7690784150476015,-0.25907841504760154
1.599,1.836343148197093,-0.23734314819709312
1.675,1.4520092077342273,0.22299079226577279
1.943,2.2319775183616573,-0.2889775183616572
0.997,1.5208859540068191,-0.5238859540068191
1.865,1.8465620548256143,0.018437945174385684
1.591,1.9383548636119414,-0.34735486361194146
1.855,2.4537620501993005,-0.5987620501993005
1.785,2.1470459589232123,-0.36204595892321234
2.079,2.81006801043979,-0.73106801043979
1.491,1.59510474670327,-0.10410474670326986
1.0,1.4014778928670721,-0.40147789286707214
0.969,1.570121415619159,-0.601121415619159
0.957,1.2524018131980688,-0.2954018131980688
1.37,2.1055075939787047,-0.7355075939787046
1.025,1.3564249550322907,-0.33142495503229075
1.591,1.7889959151742962,-0.19799591517429627
1.58,1.7772422487721848,-0.19724224877218477
1.754,2.3150949801578937,-0.5610949801578937
1.951,2.188829995700773,-0.237829995700773
1.76,2.062293659206582,-0.30229365920658213
1.641,2.1381526125176324,-0.49715261251763243
1.703,1.710085471225879,-0.007085471225878992
1.604,2.260151398406003,-0.6561513984060028
1.754,2.3367766251853297,-0.5827766251853297
1.036,1.5409382462739423,-0.5049382462739422
1.502,1.332424463413416,0.16957553658658409
2.023,2.3045705226179503,-0.2815705226179501
4.167,0.9026970844456397,3.26430291555436
5.0,1.457088018706721,3.542911981293279
2.75,3.1246038244217136,-0.3746038244217136
1.813,1.1109729149631868,0.7020270850368131
2.011,2.2655329971452547,-0.25453299714525457
2.25,1.246076272162213,1.003923727837787
1.833,2.0860914733656255,-0.25309147336562554
2.452,1.7371593452323917,0.7148406547676083
3.431,2.189965643978536,1.2410343560214638
2.252,2.2624807810908765,-0.01048078109087669
1.818,1.96474864912226,-0.14674864912226004
1.315,1.6407217609613751,-0.3257217609613752
1.917,1.8889784305800306,0.028021569419969472
1.917,1.9404908231037057,-0.02349082310370565
3.15,1.2487051093041404,1.9012948906958596
2.063,2.075864715646956,-0.012864715646955904
3.614,3.0173935355123516,0.5966064644876483
2.317,2.0506042283752377,0.26639577162476247
3.115,2.5245666362900705,0.5904333637099297
2.456,2.240417892785466,0.21558210721453408
1.646,1.891940249190661,-0.24594024919066104
1.569,2.0155611983756296,-0.4465611983756297
1.696,1.5941642147623947,0.10183578523760528
1.576,1.9861432998016095,-0.41014329980160946
1.557,2.102318195273269,-0.5453181952732691
1.787,1.8982363901958466,-0.11123639019584664
1.813,1.625440064165554,0.18755993583444597
1.326,1.5600737290233972,-0.23407372902339718
1.393,1.269327111834795,0.12367288816520494
1.278,1.5762025205562993,-0.29820252055629926
1.008,1.1349947351346796,-0.12699473513467963
1.204,1.741249935621302,-0.5372499356213021
1.188,1.5122422332637817,-0.32424223326378177
1.614,2.1480936429120927,-0.5340936429120926
1.525,2.070628297988417,-0.5456282979884173
1.748,2.187891086267719,-0.4398910862677192
1.589,1.9509227668832843,-0.3619227668832843
1.164,1.4090036504657246,-0.2450036504657247
1.03,1.6210786450981831,-0.5910786450981831
1.419,1.759630902527209,-0.34063090252720896
1.341,1.1953677040777881,0.14563229592221183
1.19,1.516177120527625,-0.32617712052762515
1.161,0.24908656365742354,0.9119134363425765
1.41,1.5743859985995639,-0.16438599859956393
0.935,1.4106239176582789,-0.4756239176582788
1.088,0.9886427750099083,0.09935722499009181
1.016,1.449842361132386,-0.43384236113238606
0.992,1.720060539473691,-0.728060539473691
0.986,1.534258122196158,-0.548258122196158
0.906,1.321467492794493,-0.4154674927944929
1.207,1.5836133523847744,-0.37661335238477434
1.134,1.252872303914557,-0.11887230391455716
1.174,1.8146305431560736,-0.6406305431560737
1.064,1.396822375726897,-0.3328223757268969
1.125,0.8557914042955157,0.2692085957044843
1.431,1.3471447499661928,0.08385525003380723
1.956,1.857986826931682,0.09801317306831803
1.25,1.370562364970354,-0.120562364970354
2.077,1.667461831208613,0.40953816879138705
1.547,2.0570320560549664,-0.5100320560549665
1.434,2.059542810161826,-0.6255428101618261
1.437,1.7009834613984398,-0.26398346139843976
1.473,1.6637312759161205,-0.19073127591612038
1.614,1.9056775597323479,-0.29167755973234777
1.492,1.712508224585292,-0.22050822458529207
1.818,2.0267159865823223,-0.20871598658232227
1.375,1.536951015395658,-0.16195101539565804
1.217,1.1321152877068716,0.08488471229312844
1.058,1.2167751366792223,-0.15877513667922227
0.911,0.8564902018776603,0.05450979812233969
1.119,1.5738908340618802,-0.45489083406188024
1.154,1.7974027734634612,-0.6434027734634613
0.995,1.7307702033359535,-0.7357702033359536
1.098,1.2277759402517354,-0.12977594025173533
0.899,1.368366804198594,-0.4693668041985939
0.951,1.2617072604955295,-0.31070726049552955
0.974,1.1788445547419342,-0.2048445547419342
1.138,1.0417673859439516,0.09623261405604833
1.164,1.5212366224701241,-0.3572366224701242
1.283,1.759783243655615,-0.476783243655615
1.277,1.5424976055128592,-0.2654976055128593
1.274,1.8930443381753477,-0.6190443381753477
1.202,1.1886397466709302,0.01336025332906976
1.275,1.2443282139474436,0.03067178605255627
1.217,1.0244086443777816,0.19259135562221852
1.135,1.4422077654103393,-0.30720776541033934
0.953,1.0855455449004274,-0.13254554490042747
1.055,1.108622190429227,-0.05362219042922711
0.92,1.0915843025657224,-0.17158430256572232
1.054,1.6269506739764965,-0.5729506739764965
0.956,1.6897355606927045,-0.7337355606927045
1.306,1.5250553975552528,-0.21905539755525272
1.02,1.394948554013145,-0.374948554013145
1.055,1.59360416158859,-0.5386041615885901
1.281,1.6937633306391044,-0.41276333063910453
1.389,1.8021404431501904,-0.4131404431501904
1.327,1.9636194769767705,-0.6366194769767706
0.963,1.4931052519256833,-0.5301052519256834
1.012,1.4740043461814825,-0.46200434618148245
1.038,1.0149124809696137,0.023087519030386305
1.125,1.0408642327905895,0.08413576720941052
1.198,1.6180812805271925,-0.4200812805271925
1.129,1.4420698244673071,-0.31306982446730713
1.185,1.5439371494337757,-0.35893714943377564
1.078,1.0347558380942745,0.04324416190572555
1.408,1.0958474035821992,0.3121525964178007
1.052,0.9945676296102821,0.057432370389717935
1.405,1.8268200500998373,-0.42182005009983725
1.276,1.3539899511781992,-0.07798995117819918
0.955,1.437647648035892,-0.482647648035892
1.15,1.2325888847133302,-0.08258888471333026
1.126,1.51376911143061,-0.3877691114306101
1.224,1.8855039801736582,-0.6615039801736582
2.625,2.007828583488787,0.617171416511213
1.258,1.4804646539026887,-0.22246465390268866
1.332,1.62422606406671,-0.29222606406671003
1.307,1.6822033690900464,-0.3752033690900465
1.227,1.5270621630271228,-0.30006216302712274
0.968,1.3906598993170274,-0.4226598993170274
0.881,1.073865823369058,-0.1928658233690579
0.861,1.2842701705977868,-0.4232701705977868
0.913,0.7858584691579211,0.1271415308420789
1.265,1.6345050734573214,-0.36950507345732153
1.071,1.4478689981528383,-0.37686899815283836
1.182,1.6890711738868194,-0.5070711738868194
1.332,1.6247931042541723,-0.29279310425417227
1.32,1.4261756929896323,-0.10617569298963225
0.876,1.133837927746944,-0.2578379277469439
0.886,1.1262529115981157,-0.24025291159811568
0.928,1.6084968986148094,-0.6804968986148093
1.123,1.377975371814776,-0.25497537181477603
1.016,1.6329758126737768,-0.6169758126737768
0.818,1.218567965686662,-0.400567965686662
0.964,1.2841782875934449,-0.3201782875934449
1.468,1.3835394057247938,0.08446059427520614
0.792,1.3012588985573106,-0.5092588985573105
0.727,1.0533387290359113,-0.3263387290359113
0.678,0.8204962005316576,-0.14249620053165757
0.666,0.8766244965711791,-0.2106244965711791
0.697,0.9738934188812007,-0.2768934188812008
0.816,1.1260981523943179,-0.3100981523943179
0.845,1.0634906802394264,-0.21849068023942642
0.734,1.1889401793062768,-0.45494017930627684
0.704,1.2860014372794806,-0.5820014372794806
0.705,1.1246523744029808,-0.41965237440298087
0.664,0.7975891404231403,-0.1335891404231403
0.69,0.7382198795434469,-0.048219879543446975
0.932,0.8510611015352891,0.08093889846471092
0.724,0.7568412314068982,-0.03284123140689821
0.706,0.9349813943732461,-0.22898139437324616
0.703,0.4138159140054156,0.28918408599458434
0.681,1.1776137627843322,-0.4966137627843321
0.673,0.9164582292440615,-0.24345822924406146
0.704,1.0744796857290035,-0.3704796857290036
1.056,1.3522037584534015,-0.2962037584534014
0.906,1.4494152799748043,-0.5434152799748043
0.884,1.3889315721496025,-0.5049315721496025
1.038,0.9921928992907414,0.04580710070925864
1.115,1.05344460754535,0.061555392454649915
1.332,1.6188741290497477,-0.28687412904974763
2.213,2.2637887685074105,-0.05078876850741043
1.643,2.056951936954926,-0.4139519369549258
1.55,2.404708782209403,-0.8547087822094028
1.222,1.3346165239851384,-0.11261652398513844
0.868,0.8505329826419938,0.017467017358006154
0.883,1.4713669168236425,-0.5883669168236425
1.111,1.7472302472444057,-0.6362302472444057
0.897,0.952795895253951,-0.05579589525395101
0.871,1.314910950831099,-0.443910950831099
1.065,1.4537561720134209,-0.38875617201342094
1.371,2.13021489541297,-0.75921489541297
1.09,1.739967161990576,-0.649967161990576
1.249,1.7086148411865703,-0.45961484118657014
1.199,1.1926484835602782,0.0063515164397218715
1.063,1.467020722630883,-0.40402072263088296
1.31,1.5603960145811864,-0.2503960145811863
1.222,1.3409656658397797,-0.11896566583977974
1.15,1.871989300365188,-0.721989300365188
0.88,1.2259539120520966,-0.3459539120520966
0.855,1.0416978269287167,-0.18669782692871673
0.89,0.9241413782741481,-0.03414137827414809
0.861,1.5143691872315947,-0.6533691872315948
0.894,0.9860201154550792,-0.09202011545507915
0.96,1.7367351501933874,-0.7767351501933875
0.908,1.7727085141617103,-0.8647085141617102
0.655,1.1571519539463817,-0.5021519539463817
0.648,1.079003028568457,-0.43100302856845707
0.709,0.6962454130881697,0.01275458691183029
0.685,1.0246101508892305,-0.3396101508892304
0.664,1.4232273000329585,-0.7592273000329585
0.67,1.3322602018562,-0.6622602018561999
0.64,0.8834647398522679,-0.2434647398522679
0.649,1.1290550547920652,-0.48005505479206523
0.641,1.1134343608142068,-0.47243436081420676
0.681,1.3398246975465016,-0.6588246975465015
0.634,0.9847933080809259,-0.3507933080809259
0.695,0.8374633573915751,-0.14246335739157512
0.788,1.4315172001368606,-0.6435172001368605
0.597,1.013600969879219,-0.416600969879219
0.752,1.1641627551686713,-0.4121627551686713
0.737,0.9295545386161221,-0.19255453861612215
1.597,2.5480043316380834,-0.9510043316380834
1.222,1.6094581057286566,-0.3874581057286566
0.974,1.6666454208117387,-0.6926454208117387
0.97,1.393618758886169,-0.42361875888616907
0.991,1.3427218672213503,-0.35172186722135035
1.221,0.8808969718918678,0.3401030281081323
0.907,1.1734759682683822,-0.26647596826838216
1.35,1.4190776733279635,-0.06907767332796344
0.933,1.5925742897571304,-0.6595742897571304
0.973,1.849544951584536,-0.8765449515845359
1.026,1.5610824156614882,-0.5350824156614882
0.819,1.2154551123405848,-0.39645511234058484
0.829,1.2581964284919116,-0.42919642849191164
0.976,1.4965802673370376,-0.5205802673370377
0.9,1.1859361115114186,-0.2859361115114186
0.881,1.0505315516940281,-0.16953155169402812
0.771,1.0376745826802745,-0.26667458268027444
0.768,0.9793786691362909,-0.2113786691362909
0.795,0.8144382617347519,-0.019438261734751827
0.779,0.9427629698122111,-0.16376296981221106
0.706,0.832105330462475,-0.12610533046247507
0.658,0.7849766188523737,-0.12697661885237366
0.758,0.9454045794488966,-0.18740457944889655
0.715,0.927955591511934,-0.212955591511934
0.669,1.4514711079456237,-0.7824711079456237
0.661,0.932466377622293,-0.271466377622293
0.682,0.8638325773515447,-0.18183257735154468
0.721,1.1482468820063674,-0.4272468820063674
0.635,1.3349010011535212,-0.6999010011535212
0.708,0.876744522504681,-0.16874452250468108
0.788,0.633353939353682,0.15464606064631803
0.68,0.9836765225182416,-0.3036765225182415
0.695,0.9278775227791516,-0.23287752277915164
0.713,0.45111709843090697,0.261882901569093
0.683,0.6680030944914028,0.014996905508597225
0.75,1.2691560321411748,-0.5191560321411748
0.908,1.2078045254185878,-0.2998045254185878
0.733,0.9937234260551975,-0.2607234260551975
1.594,1.7516181814627134,-0.15761818146271334
1.166,1.5576679112900949,-0.39166791129009493
0.915,1.6691534488747415,-0.7541534488747414
0.976,1.4849040297498735,-0.5089040297498735
0.883,1.5074105603580965,-0.6244105603580965
0.98,1.5816752166875956,-0.6016752166875956
1.237,1.6346445623560348,-0.39764456235603474
2.5,1.603929015712979,0.8960709842870209
0.888,0.9705415375258943,-0.08254153752589433
1.145,0.9718344164945552,0.17316558350544486
0.964,1.7909550132648162,-0.8269550132648162
0.976,1.8998879875844112,-0.9238879875844113
0.953,1.4235184120585826,-0.4705184120585827
0.9,1.5576840985077436,-0.6576840985077436
0.834,1.3440935183018994,-0.5100935183018994
0.721,1.0343626004329045,-0.31336260043290454
0.875,1.0545321954550309,-0.17953219545503085
0.788,0.9774956617532284,-0.1894956617532284
0.838,1.4302643495655192,-0.5922643495655192
0.878,1.3870808378786492,-0.5090808378786492
0.882,1.0678061253369,-0.1858061253369
0.726,0.8107688187885056,-0.08476881878850562
0.708,1.2798463441894108,-0.5718463441894108
0.702,0.7121104897573114,-0.010110489757311436
0.875,0.709238453138396,0.16576154686160405
0.677,0.7773485545004246,-0.10034855450042457
0.593,0.6990608635319961,-0.10606086353199617
0.629,1.0100396944472205,-0.3810396944472205
0.78,0.7709269592287669,0.009073040771233165
0.845,1.3402956730465645,-0.4952956730465645
0.867,1.463178666552943,-0.5961786665529429
0.952,1.6967430946050641,-0.7447430946050642
0.892,1.2453325294394575,-0.3533325294394575
0.905,1.2021493420951352,-0.2971493420951352
0.937,1.4581157894311554,-0.5211157894311553
0.994,1.5080012815518402,-0.5140012815518402
0.753,1.1916223765480878,-0.4386223765480878
0.786,1.1514267021758253,-0.3654267021758253
0.855,1.249391130140292,-0.39439113014029203
0.84,1.6459639986123356,-0.8059639986123356
0.769,1.185293638205989,-0.4162936382059891
0.635,1.2310719011035751,-0.5960719011035751
0.731,0.7685326723649597,-0.03753267236495972
0.67,0.7107761108715729,-0.040776110871572846
0.682,1.3747745161770044,-0.6927745161770044
0.65,1.0284036775898264,-0.3784036775898264
0.731,0.892961763277881,-0.16196176327788103
0.746,1.092572053819985,-0.346572053819985
0.699,1.098252108917534,-0.39925210891753415
0.709,1.190261656588113,-0.48126165658811304
0.84,1.0957693281433922,-0.25576932814339226
0.815,1.0824683854570272,-0.2674683854570272
0.883,1.2118401313052125,-0.3288401313052125
1.167,1.114836458917199,0.05216354108280097
1.063,1.262725616070751,-0.199725616070751
1.346,1.9641718359406743,-0.6181718359406743
1.495,1.3392268939940772,0.15577310600592287
0.958,0.757372301323588,0.20062769867641195
1.157,1.4342635148968272,-0.2772635148968272
1.115,1.803502066789242,-0.6885020667892421
1.367,1.9455987725681674,-0.5785987725681674
1.231,1.8764723186045862,-0.6454723186045861
1.237,1.9709144839061605,-0.7339144839061604
1.224,1.6241548289716787,-0.40015482897167876
1.345,2.0443899622235913,-0.6993899622235913
1.516,2.231890997348165,-0.7158909973481649
1.293,2.1338287886460643,-0.8408287886460644
1.977,1.6373757074091149,0.3396242925908852
0.793,0.5722026613357538,0.22079733866424622
0.73,0.8441661437006089,-0.11416614370060896
0.858,1.103265878335904,-0.24526587833590396
0.788,1.0791966552748895,-0.29119665527488947
0.821,0.9303387032053942,-0.1093387032053943
2.145,2.44049677564983,-0.2954967756498301
1.611,1.8180335164460004,-0.20703351644600043
1.382,1.5571403161119797,-0.17514031611197978
0.857,1.005016748953807,-0.14801674895380712
0.93,0.9913424496517342,-0.06134244965173419
1.065,1.2972571382402847,-0.2322571382402847
2.239,2.9966202969402636,-0.7576202969402637
1.651,1.9797215642606503,-0.32872156426065025
0.933,1.3103426860043197,-0.37734268600431964
1.372,1.7629589009668276,-0.3909589009668275
1.294,0.9970638335524025,0.29693616644759757
1.075,1.2521830916595318,-0.17718309165953183
1.284,1.7942509031292562,-0.5102509031292561
1.402,2.3847965062995105,-0.9827965062995105
1.407,1.980184435547836,-0.5731844355478359
1.593,2.281363404829494,-0.6883634048294942
1.732,2.980667293161667,-1.248667293161667
1.6,1.208515613990121,0.3914843860098791
1.448,2.035276515744475,-0.5872765157444753
0.875,0.7151804591428472,0.15981954085715278
0.989,1.40312723590562,-0.41412723590561995
0.816,0.9374833405701595,-0.12148334057015953
0.687,0.6789749564445526,0.00802504355544742
1.102,1.0522080740018263,0.049791925998173836
1.267,1.2563873390428881,0.010612660957111775
0.825,1.2612092067545817,-0.43620920675458175
0.929,1.4086371223649645,-0.4796371223649645
1.139,1.3784596764369574,-0.23945967643695742
0.723,1.0668639348160323,-0.3438639348160323
0.732,1.037512966132611,-0.30551296613261103
0.813,1.0163884076472514,-0.2033884076472514
0.735,0.8651750105842477,-0.13017501058424774
0.783,0.988494698844584,-0.20549469884458393
0.772,1.140935704747783,-0.36893570474778303
0.804,0.8661362771878944,-0.062136277187894384
0.909,1.6507136385774186,-0.7417136385774186
0.894,1.3225983776857357,-0.4285983776857357
0.909,1.3620106613696792,-0.45301066136967916
0.977,1.4360571221971112,-0.45905712219711126
1.431,1.2482378184001235,0.18276218159987656
1.292,1.2890046749306519,0.002995325069348187
1.644,1.8568012297445988,-0.21280122974459892
1.625,1.2837967239370793,0.34120327606292067
1.739,2.1801842175837365,-0.4411842175837364
0.903,1.305717274101234,-0.4027172741012339
0.847,1.1572680964072353,-0.3102680964072353
1.265,1.6601499423430828,-0.39514994234308287
0.974,1.3072185120134674,-0.3332185120134674
0.753,0.9476634240252841,-0.19466342402528414
1.125,1.1394397758674235,-0.01443977586742351
0.851,0.6304413266183371,0.2205586733816629
0.819,1.0770530701919483,-0.25805307019194834
0.728,0.7880646912882072,-0.06006469128820724
0.725,1.085027530866246,-0.36002753086624606
1.0,0.8736302832935525,0.12636971670644748
1.027,1.1707834050243342,-0.1437834050243343
1.223,1.1309053055533926,0.09209469444660745
1.493,1.3027271006165078,0.19027289938349234
1.407,2.1382365777444035,-0.7312365777444034
1.37,1.3310032140179215,0.03899678598207856
1.176,1.388461893734978,-0.21246189373497804
1.178,1.4061387081033343,-0.22813870810333436
1.346,1.6217265654153392,-0.27572656541533913
1.734,2.3898873046231857,-0.6558873046231857
1.532,2.3946946018509516,-0.8626946018509516
2.247,2.376398631666072,-0.12939863166607202
1.375,1.3433078282071147,0.031692171792885304
1.528,1.5287016047886293,-0.0007016047886292398
1.524,1.9933258463390133,-0.4693258463390133
1.824,2.542500348964845,-0.7185003489648449
3.818,4.480294444880279,-0.662294444880279
1.358,1.7173663976391484,-0.35936639763914835
1.08,1.2360443828071,-0.15604438280709987
1.381,1.7291253206664572,-0.3481253206664572
1.298,2.0880999026964875,-0.7900999026964874
1.62,1.9741674493679733,-0.3541674493679732
1.411,1.4719213391945158,-0.06092133919451581
1.274,1.6387345165305067,-0.3647345165305067
2.041,2.4503879595857114,-0.4093879595857115
1.623,1.8223269132771787,-0.19932691327717866
1.499,2.36176659480442,-0.8627665948044201
1.215,1.7123682384685845,-0.49736823846858447
2.831,2.9553334890429346,-0.12433348904293462
1.172,1.3144838138228196,-0.14248381382281972
0.943,0.7606145624540417,0.18238543754595826
2.696,2.905720875222259,-0.20972087522225902
2.372,2.6475450117745867,-0.2755450117745868
2.171,2.362614017475199,-0.19161401747519902
2.306,2.5755234923208707,-0.2695234923208707
1.313,1.7375305460244872,-0.42453054602448725
1.03,1.0082005543056543,0.021799445694345776
1.208,0.6549215497179679,0.5530784502820321
1.632,1.791727062615069,-0.15972706261506908
0.869,1.3049757673923321,-0.4359757673923321
5.00001,1.3819161883645181,3.6180938116354815
1.466,1.9685641947645167,-0.5025641947645167
1.732,0.5931352971560648,1.1388647028439352
2.203,1.4720213558779744,0.7309786441220254
1.916,1.4901005190629153,0.42589948093708463
1.21,1.6284835033163905,-0.4184835033163905
1.352,1.7233045841832684,-0.3713045841832683
3.167,2.5940036310585173,0.5729963689414825
1.118,0.8771095360514993,0.24089046394850078
0.96,1.023220332799634,-0.06322033279963413
1.157,1.2234690357056994,-0.0664690357056994
1.228,1.2820217941603707,-0.05402179416037067
1.163,1.1058645140137213,0.05713548598627871
1.067,1.0409568196922696,0.02604318030773034
1.167,0.9488310703477341,0.21816892965226597
1.035,0.6756048064940872,0.35939519350591276
1.046,0.6472157068644018,0.39878429313559827
1.262,0.681299880507936,0.580700119492064
1.135,1.204390326638872,-0.06939032663887201
0.92,1.2291136373911646,-0.3091136373911646
0.983,1.115271384319624,-0.13227138431962404
0.404,1.000951411329748,-0.5969514113297479
0.35,1.0039910332431428,-0.6539910332431428
1.402,1.3591547344168393,0.0428452655831606
1.388,1.228563747177357,0.15943625282264295
1.196,1.403089783851965,-0.20708978385196497
1.309,1.2275651237183476,0.08143487628165236
1.265,1.0837826368988726,0.18121736310112735
0.849,0.8642376191198169,-0.015237619119816914
0.695,0.5664842132503374,0.12851578674966257
0.579,0.6054361654864164,-0.026436165486416474
0.647,0.4473363869287461,0.1996636130712539
0.734,0.46674242179583736,0.2672575782041626
0.833,1.110427583537893,-0.277427583537893
0.913,0.9706559849875658,-0.057655984987565745
1.671,1.5915411174713716,0.07945888252862843
1.769,2.033522020212128,-0.2645220202121281
1.08,2.00592235335096,-0.92592235335096
1.531,2.1576703497576992,-0.6266703497576993
0.766,0.8385207209544989,-0.07252072095449891
0.555,0.7796340351136957,-0.22463403511369562
0.616,0.5884162676689701,0.027583732331029842
0.596,0.5577151885435694,0.03828481145643059
0.72,0.6148213590643845,0.10517864093561546
0.694,0.8670471495160781,-0.17304714951607814
0.704,0.7127564844943695,-0.008756484494369499
0.693,0.850411956588395,-0.15741195658839502
0.668,1.0301003604646066,-0.3621003604646066
0.62,1.3333791006174918,-0.7133791006174918
0.985,0.7634793052785076,0.22152069472149238
0.925,1.0077304348014862,-0.08273043480148612
1.104,0.873001537532331,0.23099846246766909
1.112,0.8478915163193439,0.2641084836806562
1.041,1.3996484008730268,-0.35864840087302685
1.709,1.660062454777807,0.04893754522219318
1.706,1.7123864658043817,-0.006386465804381736
1.162,1.1496423752783544,0.012357624721645477
0.922,0.5932667619676539,0.3287332380323461
0.941,0.5625482440959484,0.37845175590405156
0.648,0.7693523605415007,-0.12135236054150067
0.869,0.8115126321311379,0.057487367868862105
1.019,0.9870246547332058,0.03197534526679413
1.099,1.1776162304594875,-0.07861623045948751
1.516,0.8862505668536933,0.6297494331463067
1.422,1.4856674982711733,-0.06366749827117335
1.678,1.833949945295812,-0.15594994529581196
1.484,1.7035952036726967,-0.2195952036726967
1.582,1.3527236172914798,0.22927638270852024
1.192,0.8643251294544829,0.327674870545517
1.185,1.260301080657753,-0.07530108065775298
0.908,1.132393881369338,-0.2243938813693379
0.985,1.1077474385904778,-0.12274743859047776
0.641,0.6998762389002013,-0.05887623890020133
0.565,0.535593614391564,0.029406385608435892
0.854,1.203279408013842,-0.34927940801384205
0.799,1.0193079300887433,-0.22030793008874328
0.917,0.13141808644450625,0.7855819135554938
0.928,1.0172079054992016,-0.08920790549920155
0.971,0.9958897549139072,-0.024889754913907214
1.031,0.8127429769660885,0.21825702303391137
0.98,1.1214322848334282,-0.14143228483342818
0.983,1.0627559017612382,-0.07975590176123826
1.221,1.1920154025780172,0.028984597421982894
0.743,1.2393575127625802,-0.4963575127625802
1.156,1.004571579912965,0.15142842008703483
0.823,0.7966497712395615,0.026350228760438466
1.004,0.9502925728453562,0.05370742715464383
1.167,0.5950957124276752,0.5719042875723248
0.934,0.46500649379614645,0.4689935062038536
1.118,1.0956098793783617,0.022390120621638365
0.931,0.9689926309921533,-0.03799263099215322
1.941,2.1663215891709218,-0.2253215891709217
1.745,1.5230034882440306,0.22199651175596946
1.653,1.0953636897691577,0.5576363102308424
1.631,1.336184555839973,0.29481544416002703
3.026,1.8077098738901691,1.2182901261098307
1.197,0.623341007330531,0.5736589926694691
1.182,1.0213055548689138,0.1606944451310861
1.083,0.5017962698757246,0.5812037301242754
1.051,1.2159070223545057,-0.16490702235450572
1.244,1.0152866688674318,0.2287133311325682
1.257,1.373184163079851,-0.11618416307985102
1.519,1.8022745521235595,-0.28327455212355956
1.034,0.4719630753582664,0.5620369246417336
1.201,1.5365565687965108,-0.33555656879651075
1.135,1.2731544248601039,-0.13815442486010387
1.005,1.1730731526648375,-0.16807315266483758
1.234,1.298746351623938,-0.06474635162393794
1.297,1.2100195950319848,0.08698040496801518
0.982,0.8949117139036875,0.08708828609631247
1.04,1.1933224699581475,-0.15332246995814747
0.719,0.5816260441869368,0.13737395581306322
0.956,1.0407939708657425,-0.08479397086574259
1.214,1.435894782242857,-0.22189478224285697
1.02,1.036412715474136,-0.01641271547413603
0.933,1.0170440277581898,-0.08404402775818975
0.993,1.056100258311456,-0.06310025831145605
1.088,0.969286655454402,0.11871334454559812
0.817,0.5717976507008893,0.24520234929911067
0.675,0.24277668982188683,0.4322233101781132
0.75,0.1540047140920815,0.5959952859079185
0.4,0.17069956665646924,0.22930043334353079
0.647,0.2512970296367063,0.3957029703632937
0.225,0.034995732597304485,0.19000426740269552
1.375,0.13840885676702852,1.2365911432329715
0.81,0.6211129418788104,0.18888705812118967
0.658,1.5341697827673575,-0.8761697827673575
0.554,0.3135340825747339,0.24046591742526613
0.623,0.12869117163768662,0.4943088283623134
0.542,0.3765211597318552,0.16547884026814486
0.574,0.22675509261899496,0.347244907381005
0.608,0.5125774381919612,0.09542256180803876
0.674,0.7360515045418254,-0.0620515045418254
0.75,0.27179296808023823,0.47820703191976177
0.513,0.745892930952466,-0.232892930952466
0.696,0.8125748375477579,-0.11657483754775799
0.981,0.7926378481691305,0.18836215183086946
0.65,0.5090613926931162,0.1409386073068838
0.733,0.3744136758503065,0.3585863241496935
0.724,0.33045427238932734,0.39354572761067264
0.653,0.5362484476443172,0.1167515523556828
0.84,0.6042188931373973,0.23578110686260267
0.978,0.8222415797720526,0.1557584202279474
0.78,0.6549203242015786,0.12507967579842139
1.163,1.1095988797055418,0.053401120294458204
0.425,1.4793170537852447,-1.0543170537852447
0.478,1.4320163402424153,-0.9540163402424153
0.669,0.2977457052896213,0.37125429471037874
0.668,0.41091529582292186,0.2570847041770782
0.656,0.5339224408254528,0.12207755917454721
0.826,0.8089328899043009,0.017067110095699056
0.656,0.813242795108311,-0.15724279510831096
0.945,1.026156174836455,-0.08115617483645499
0.41,0.8250158088094275,-0.4150158088094275
0.425,0.1658490082288424,0.2591509917711576
0.577,0.5217650554250342,0.055234944574965805
0.5,-0.2562808474230631,0.7562808474230631
0.801,0.13927717374392,0.66172282625608
0.669,-0.4183986051331905,1.0873986051331905
0.485,-0.5686381159119347,1.0536381159119346
0.691,-0.6754737277709233,1.3664737277709231
0.481,-0.30172365947082813,0.7827236594708281
0.486,-0.3371647118663348,0.8231647118663348
0.704,-0.06784447356142786,0.7718444735614278
0.868,-0.7676557445551682,1.635655744555168
1.572,1.711905106385387,-0.1399051063853869
1.336,1.2790982727736866,0.05690172722631348
0.979,1.3670168606405828,-0.38801686064058283
1.033,0.9884153038775612,0.04458469612243876
0.965,1.9033931960339046,-0.9383931960339046
1.286,2.1209255465221646,-0.8349255465221646
1.176,1.401171026844833,-0.22517102684483303
1.324,1.7315695038496055,-0.40756950384960544
1.104,1.731804559461251,-0.6278045594612509
1.352,1.0023789066749895,0.34962109332501057
0.713,1.1358232218608848,-0.42282322186088483
2.538,2.5424929565987693,-0.004492956598769471
2.552,1.5441439194796074,1.0078560805203927
1.676,2.243348576676346,-0.567348576676346
2.309,2.252539594954312,0.056460405045688056
1.625,1.9770570651118575,-0.3520570651118575
1.372,1.562640624054,-0.19064062405399995
1.655,1.3460936934853904,0.3089063065146096
1.611,2.216206262966238,-0.6052062629662378
1.15,2.662165846947451,-1.5121658469474513
1.441,2.0542580392036482,-0.6132580392036482
1.719,2.793198594153443,-1.074198594153443
1.239,2.007978578555016,-0.7689785785550158
1.084,1.9857162261456327,-0.9017162261456326
0.875,2.132690172065809,-1.257690172065809
0.89,1.5915350700585627,-0.7015350700585626
1.5,2.564264377800433,-1.0642643778004328
1.535,1.214889662136884,0.3201103378631158
1.245,0.9999921529216962,0.24500784707830392
1.897,1.1590676080518008,0.7379323919481993
2.265,1.8733921732834518,0.39160782671654837
1.76,1.7956566175997373,-0.03565661759973726
1.828,1.486981135053255,0.34101886494674516
1.32,1.4402150972460888,-0.1202150972460887
1.478,2.6252479645986404,-1.1472479645986404
1.571,1.896116584477986,-0.32511658447798597
1.526,1.9003839162771072,-0.3743839162771072
1.33,1.5484845418453803,-0.21848454184538024
0.906,1.029070025403401,-0.12307002540340106
0.924,1.2697638719507136,-0.34576387195071356
1.631,1.3772217290478108,0.2537782709521892
0.908,1.3371973639131352,-0.4291973639131351
0.847,1.9651573560487778,-1.1181573560487779
1.114,1.0208005805296272,0.09319941947037291
0.89,1.0371012114651286,-0.14710121146512856
1.339,1.860769880779436,-0.521769880779436
1.175,1.875576413487541,-0.700576413487541
1.286,2.1743966514581707,-0.8883966514581707
0.425,0.3163586405758627,0.10864135942413727
2.25,1.8862024088370177,0.36379759116298227
1.577,1.0889580509145622,0.48804194908543774
0.533,0.9510329286565717,-0.4180329286565717
0.574,0.686392413936658,-0.112392413936658
1.0,0.5930288230363296,0.40697117696367036
0.556,0.6423002099779711,-0.08630020997797105
0.914,0.9875166281433467,-0.0735166281433467
0.571,0.610205765309924,-0.039205765309924034
0.668,1.0163739116101642,-0.3483739116101642
0.608,0.6603048696112004,-0.0523048696112004
0.738,0.7287989437556743,0.009201056244325656
0.798,1.0679454867095979,-0.26994548670959784
0.885,1.1886513151253122,-0.3036513151253122
0.705,1.0677871633551637,-0.3627871633551637
0.69,0.8626404774847276,-0.17264047748472766
0.872,0.9919854703064237,-0.1199854703064237
0.8,0.8307195894893176,-0.030719589489317523
1.015,1.0521509469539387,-0.037150946953938835
0.447,0.4483154044290285,-0.0013154044290284994
0.55,0.13397778906416602,0.416022210935834
1.861,0.960757336332611,0.900242663667389
0.683,0.37619809274011917,0.3068019072598809
1.128,0.980066490915803,0.1479335090841969
0.777,0.3780442801954895,0.3989557198045105
0.785,0.6827122474571101,0.10228775254288991
4.417,2.6408328808891293,1.7761671191108706
4.085,2.883643960619226,1.2013560393807738
4.596,4.272848611378322,0.32315138862167814
5.00001,4.157949098614209,0.8420609013857909
4.116,3.282632485313227,0.8333675146867727
5.00001,3.04097913401832,1.9590308659816795
3.542,1.884152163595564,1.6578478364044358
2.49,2.2686147905452887,0.22138520945471152
2.74,1.844308313783094,0.8956916862169062
2.847,1.8821017430646814,0.9648982569353186
2.896,2.201075354547716,0.6949246454522839
2.455,1.8891678198147248,0.5658321801852753
1.375,1.8386034847591106,-0.4636034847591106
2.25,2.1038347794469683,0.14616522055303172
2.438,1.9269999534845903,0.5110000465154099
2.615,2.046037792165249,0.5689622078347512
2.4,1.6106454912496861,0.7893545087503138
1.991,1.9017042400410833,0.08929575995891681
2.0,1.8134240648447477,0.18657593515525228
3.022,2.1802677244558115,0.8417322755441883
2.148,2.0473904851315075,0.10060951486849268
1.798,1.9291890646725498,-0.13118906467254976
1.75,1.9486805403954546,-0.19868054039545457
1.987,1.8563118942971162,0.13068810570288392
2.042,1.7916661287360593,0.25033387126394047
1.714,1.8430756086628088,-0.12907560866280887
2.636,1.780563991851704,0.8554360081482961
2.117,1.968781439938482,0.148218560061518
1.594,1.8473466908328686,-0.25334669083286854
1.727,2.12645332954741,-0.39945332954740986
1.781,1.7316354448908138,0.04936455510918614
1.181,1.6888453194602873,-0.5078453194602872
1.333,1.7376635391532096,-0.40466353915320963
1.292,2.0042463702061917,-0.7122463702061916
1.5,1.179034167463297,0.3209658325367031
1.625,1.655907352405377,-0.030907352405376898
1.313,1.789403212278342,-0.47640321227834215
1.641,1.817461440908179,-0.17646144090817906
1.464,1.8859431952737282,-0.42194319527372826
1.455,1.6419859707915525,-0.18698597079155244
1.6,1.6318246772969118,-0.03182467729691174
1.717,1.8888280470707404,-0.1718280470707403
1.625,1.58942335523334,0.03557664476665989
1.544,1.8179334475400168,-0.2739334475400168
1.429,1.5467311978716358,-0.11773119787163577
1.4,1.8994539219468962,-0.4994539219468963
1.271,1.5533521592919344,-0.28235215929193447
1.423,1.594598922692239,-0.17159892269223898
1.125,1.6188097414316163,-0.49380974143161627
1.5,1.5608307804902175,-0.060830780490217506
1.35,1.581376027495845,-0.23137602749584496
1.306,1.8480454921144234,-0.5420454921144233
1.688,2.123844505728264,-0.4358445057282643
1.853,2.3880866479267446,-0.5350866479267447
1.741,1.8923227066018693,-0.1513227066018692
1.183,1.7479839973086029,-0.5649839973086028
1.552,2.1885573776260747,-0.6365573776260747
1.634,2.382334655300441,-0.7483346553004413
1.576,1.5971398254992657,-0.02113982549926563
1.067,1.487586068474986,-0.42058606847498603
1.192,1.477293390662512,-0.28529339066251214
1.146,1.6239826294274167,-0.47798262942741676
1.3,1.3916271264366618,-0.09162712643666171
1.161,1.563386443420916,-0.4023864434209159
1.39,1.7425324801531874,-0.3525324801531875
1.278,1.8382122247130488,-0.5602122247130488
1.236,1.7435586835597876,-0.5075586835597876
1.142,1.6406082631643017,-0.49860826316430185
1.281,1.5133078952401506,-0.23230789524015072
1.188,1.523591225084462,-0.33559122508446215
1.475,1.86195644231927,-0.38695644231926996
1.5,1.4807947149297336,0.01920528507026642
1.205,1.7648811473939108,-0.5598811473939107
1.903,1.766772679513435,0.13622732048656494
1.67,2.3316966821820166,-0.6616966821820167
1.75,1.945097156288052,-0.1950971562880519
1.922,2.045133893389131,-0.12313389338913105
3.314,3.435989291766094,-0.12198929176609408
3.0,2.4875289553692213,0.5124710446307787
2.816,3.0766837872361013,-0.2606837872361014
2.708,2.472496360288223,0.23550363971177735
2.165,1.8970999914440767,0.26790000855592333
2.031,2.1604025164246936,-0.12940251642469347
2.23,2.138342096083074,0.09165790391692585
2.044,2.0946676068763637,-0.050667606876363624
1.396,1.925941446641545,-0.5299414466415451
1.227,1.5520124006878881,-0.32501240068788806
1.263,1.5928942514449362,-0.32989425144493634
1.144,1.4860551887366256,-0.34205518873662566
0.964,1.345855835356272,-0.381855835356272
0.913,1.1123956970342002,-0.19939569703420013
1.0,1.4297496827697318,-0.4297496827697318
1.0,1.3886830950203992,-0.3886830950203992
1.031,1.3995446011021182,-0.3685446011021183
1.4,1.6899789488306984,-0.2899789488306985
1.225,1.3870911981100604,-0.16209119811006034
1.518,1.9621764313487735,-0.4441764313487735
1.034,1.3353779447316088,-0.3013779447316087
0.948,1.2763689943968557,-0.32836899439685574
0.992,1.5555532756954742,-0.5635532756954742
0.924,1.061862220788877,-0.137862220788877
0.852,1.420021390169027,-0.5680213901690271
0.906,1.84310743729511,-0.9371074372951099
1.011,1.5087275154674664,-0.4977275154674665
1.021,1.6496288769032816,-0.6286288769032817
1.018,1.493740333531749,-0.47574033353174894
0.934,1.2159282578550348,-0.2819282578550347
0.987,1.4981508036473525,-0.5111508036473525
0.903,1.7037408675143637,-0.8007408675143637
1.231,2.0783820802624557,-0.8473820802624557
0.973,1.6889418336643862,-0.7159418336643862
1.029,1.5438156517450001,-0.5148156517450002
1.267,2.2499048053554143,-0.9829048053554144
1.326,2.1964802261941276,-0.8704802261941276
0.844,1.4026493456554652,-0.5586493456554652
0.932,1.5731120660411313,-0.6411120660411312
1.0,1.3080926636284071,-0.30809266362840715
0.941,1.740081590836207,-0.7990815908362071
0.898,1.154299281074287,-0.2562992810742869
1.0,1.2997126056631974,-0.29971260566319735
1.281,1.1125166637060737,0.1684833362939262
0.953,1.6661620401303323,-0.7131620401303324
0.95,1.4656593998043608,-0.5156593998043608
1.05,1.2268446023951929,-0.17684460239519284
0.955,1.3463580952073082,-0.39135809520730824
1.188,1.1785518111772089,0.009448188822791082
1.25,1.407997196973572,-0.15799719697357206
1.381,1.438901153913107,-0.057901153913106906
1.542,1.5997792296543754,-0.05777922965437532
1.447,1.5636444660160649,-0.11664446601606482
1.191,1.8117912617657006,-0.6207912617657005
1.292,1.9005168904152416,-0.6085168904152416
1.153,1.9491589482373406,-0.7961589482373406
1.169,1.7298218388976334,-0.5608218388976334
1.207,1.7592291515592553,-0.5522291515592552
1.183,1.4279454499203896,-0.24494544992038958
1.247,1.4061364737655446,-0.15913647376554452
1.177,1.269578128552911,-0.09257812855291103
1.101,1.6625638319098455,-0.5615638319098455
1.265,2.0896096196075327,-0.8246096196075328
1.22,2.168598587265171,-0.948598587265171
1.139,1.8049610869284662,-0.6659610869284662
1.351,1.5325214199964172,-0.18152141999641724
1.225,2.1162041513416145,-0.8912041513416145
1.113,1.1711402040064334,-0.05814020400643338
1.542,1.6300016025839024,-0.08800160258390233
2.188,1.2649132385964794,0.9230867614035208
2.915,1.8593254430696307,1.0556745569303694
2.192,2.998948806275024,-0.8069488062750239
1.855,1.9959909263208668,-0.14099092632086685
1.84,2.3489385667863427,-0.5089385667863426
1.766,1.7312500958576809,0.034749904142319155
1.841,1.7261214727105834,0.11487852728941661
1.554,1.845310216653525,-0.29131021665352486
1.591,1.762075134851738,-0.1710751348517381
1.403,1.442809631386354,-0.03980963138635407
1.438,1.7229382410284906,-0.28493824102849064
1.477,1.4193919316804142,0.05760806831958587
1.618,1.393667972183015,0.22433202781698514
1.618,1.4685706879510685,0.14942931204893162
1.676,1.7292260393595995,-0.053226039359599575
1.668,1.8661571256157217,-0.19815712561572174
1.583,1.725796351283793,-0.1427963512837931
1.568,1.5896177384574193,-0.02161773845741921
1.505,1.943274380538192,-0.4382743805381921
1.596,2.038563338084054,-0.4425633380840539
1.557,1.8583025407667733,-0.3013025407667733
1.568,1.5143763294313528,0.05362367056864725
1.398,2.23293443292589,-0.8349344329258901
1.259,1.614517829140188,-0.35551782914018815
1.373,1.8399659986564962,-0.46696599865649624
1.418,2.325523234226562,-0.9075232342265622
1.019,1.877103289684999,-0.8581032896849992
1.091,1.6879745620957687,-0.5969745620957687
1.267,2.129940663636753,-0.8629406636367531
1.169,1.8950378007586204,-0.7260378007586203
1.17,2.069209406032284,-0.8992094060322842
1.043,1.7956422420784621,-0.7526422420784622
0.896,1.6730840267071028,-0.7770840267071027
1.006,1.8995763448761775,-0.8935763448761775
0.989,1.8365561829030583,-0.8475561829030583
0.97,1.596190646158331,-0.6261906461583311
1.257,2.115730584256146,-0.8587305842561459
1.452,2.0724044915000297,-0.6204044915000297
0.862,1.3195200446018043,-0.4575200446018043
1.234,1.725694277039012,-0.49169427703901203
1.43,2.072018216793687,-0.642018216793687
1.35,2.173312031004952,-0.823312031004952
1.414,2.0941756646626044,-0.6801756646626045
1.098,2.002284106367404,-0.9042841063674041
1.192,1.855290511614389,-0.663290511614389
1.03,1.9504346694269128,-0.9204346694269128
0.996,1.9317704051264966,-0.9357704051264966
1.218,1.9787983946530365,-0.7607983946530366
1.254,2.21700639453135,-0.9630063945313498
1.33,2.561124511251114,-1.2311245112511138
1.185,1.9945005033077006,-0.8095005033077005
1.208,1.9027941728286308,-0.6947941728286309
1.655,2.636322362674317,-0.981322362674317
1.577,2.385141353451939,-0.8081413534519388
1.549,2.3215424463913106,-0.7725424463913106
1.589,2.598629412587555,-1.0096294125875551
1.099,1.5072842700778963,-0.40828427007789636
1.158,2.032107506928522,-0.8741075069285222
1.569,2.145631827338092,-0.5766318273380922
1.422,2.5786602829317173,-1.1566602829317174
1.258,1.894995170735223,-0.636995170735223
1.25,1.524541567417566,-0.27454156741756597
1.443,2.053972384091572,-0.6109723840915717
1.135,1.6490223177328316,-0.5140223177328316
1.25,2.250118964740295,-1.0001189647402948
1.298,2.2180323901652543,-0.9200323901652543
1.378,2.2283183878599795,-0.8503183878599796
1.504,1.936542642851941,-0.432542642851941
1.538,2.6424801324948133,-1.1044801324948132
2.346,2.860436228849211,-0.514436228849211
1.334,1.9854399741638213,-0.6514399741638213
3.039,2.2302913866067433,0.8087086133932568
2.666,2.5788337954747886,0.08716620452521129
2.674,2.757487157845147,-0.08348715784514704
1.438,1.9778561015710248,-0.5398561015710248
1.651,1.8202532046636375,-0.16925320466363747
0.893,2.102275796927091,-1.209275796927091
1.527,2.6094649251013413,-1.0824649251013414
1.375,2.1314891818424466,-0.7564891818424466
1.589,1.7500829989558992,-0.16108299895589928
1.25,1.9726380963983874,-0.7226380963983874
1.15,2.220647410113655,-1.0706474101136552
1.322,1.7876476666187116,-0.4656476666187115
1.35,2.108926763842363,-0.7589267638423629
1.794,2.3798725080458447,-0.5858725080458447
1.561,2.299890359787118,-0.7388903597871179
1.755,2.1612471370992545,-0.40624713709925464
1.063,1.2081107343685158,-0.14511073436851585
0.842,1.1338848944062199,-0.2918848944062199
0.942,1.1635249430479053,-0.22152494304790538
1.08,1.1416243231314234,-0.0616243231314233
1.083,1.7874907181512172,-0.7044907181512172
0.831,1.12121830348964,-0.29021830348963995
0.956,2.107241014269621,-1.1512410142696212
0.863,1.4135994006367363,-0.5505994006367363
0.926,1.3520475462485837,-0.42604754624858365
1.241,1.8000741324395966,-0.5590741324395965
1.372,1.3420158809780185,0.029984119021981614
1.025,1.5083012656488664,-0.48330126564886644
1.118,1.3522825757059245,-0.23428257570592437
1.203,2.04058641542112,-0.8375864154211199
0.968,1.7130270730177908,-0.7450270730177908
0.869,1.294294364076606,-0.42529436407660604
0.879,1.3827246013390073,-0.5037246013390073
0.886,1.4347758309351,-0.5487758309351
0.859,1.4052881156721146,-0.5462881156721147
0.794,1.4825728846885236,-0.6885728846885235
0.833,1.5056775303208334,-0.6726775303208334
0.864,1.3452924025453978,-0.48129240254539785
0.905,1.137316510341316,-0.23231651034131606
0.841,1.5314660768271229,-0.6904660768271229
0.832,1.1911113736786558,-0.35911137367865587
0.872,1.7338353698614508,-0.8618353698614508
0.98,1.508512656337249,-0.5285126563372491
0.934,1.5757002242160127,-0.6417002242160127
0.918,1.6073033857219818,-0.6893033857219818
0.863,1.4366045326457646,-0.5736045326457646
0.865,2.083685847026554,-1.2186858470265538
0.938,1.4977687586027213,-0.5597687586027214
0.885,1.6839914862742638,-0.7989914862742638
0.657,1.1963108119939936,-0.5393108119939936
0.781,1.247955778095799,-0.466955778095799
0.901,1.251065478580113,-0.35006547858011294
0.756,1.7058347290165492,-0.9498347290165492
0.789,1.1737446449918205,-0.3847446449918205
0.802,1.4283799381240532,-0.6263799381240531
0.702,1.6256941978797097,-0.9236941978797097
0.785,1.5452184669638036,-0.7602184669638036
0.827,1.2721519730497588,-0.44515197304975884
0.875,1.359961667180561,-0.484961667180561
0.833,1.4744775290403829,-0.6414775290403829
1.203,1.5582747644039587,-0.35527476440395866
1.113,0.8363939219380094,0.27660607806199056
1.375,1.3447863117877954,0.030213688212204604
1.179,1.5735079547355657,-0.39450795473556566
1.591,2.0945673625765897,-0.5035673625765897
1.688,2.225574986609473,-0.5375749866094732
1.754,2.172539604356073,-0.4185396043560732
1.701,1.9322470818761852,-0.23124708187618515
2.409,3.0940736522985492,-0.6850736522985494
2.131,2.3496007193406867,-0.21860071934068692
2.032,1.9336684595196667,0.09833154048033332
1.45,1.7204846922927812,-0.27048469229278127
1.406,1.8482508589831617,-0.44225085898316174
1.991,1.9256999379511117,0.06530006204888839
2.211,1.774911001606048,0.43608899839395177
1.391,1.8625253587405588,-0.4715253587405588
1.266,1.4093580726935937,-0.14335807269359369
1.394,1.6647849592635675,-0.2707849592635676
1.031,1.6713412394852623,-0.6403412394852623
1.688,1.8448611930336598,-0.15686119303365986
1.563,1.5180006306018528,0.04499936939814719
1.604,1.7656885461919585,-0.16168854619195838
1.063,1.6082235456232872,-0.5452235456232872
1.0,1.518811983607029,-0.5188119836070291
0.875,1.7357162424993962,-0.8607162424993962
0.911,1.6422607629516364,-0.7312607629516363
0.815,1.538156994983686,-0.723156994983686
0.813,1.529554680035507,-0.7165546800355072
0.72,1.4157123931874265,-0.6957123931874265
0.829,1.5630847176651192,-0.7340847176651193
0.773,1.4348180492015254,-0.6618180492015254
0.788,1.8205420119967313,-1.0325420119967312
0.87,1.7450242252758006,-0.8750242252758006
0.925,1.3275013693783602,-0.4025013693783601
0.827,1.3873080925044352,-0.5603080925044353
0.865,1.8665362293825423,-1.0015362293825423
0.894,1.7509348115289343,-0.8569348115289342
0.9,1.2834061320395955,-0.3834061320395955
1.625,1.7351832565196323,-0.11018325651963234
0.875,1.6650020074157204,-0.7900020074157204
0.863,1.481410891837016,-0.6184108918370159
1.375,1.6906679779713798,-0.3156679779713798
1.375,1.7152889646789915,-0.3402889646789915
1.625,1.6067527082643047,0.01824729173569528
0.225,1.6686160520146536,-1.4436160520146535
3.25,1.1322342383556316,2.1177657616443684
2.05,2.375996895773901,-0.32599689577390123
1.875,1.6226090080804911,0.25239099191950887
1.375,2.485339911122318,-1.1103399111223178
2.5,1.6458354026994375,0.8541645973005625
1.625,1.320639034856257,0.3043609651437429
2.0,1.915543336683202,0.08445666331679802
2.25,1.3576006006345083,0.8923993993654917
1.167,1.7930231483961179,-0.6260231483961178
2.625,1.710570322218166,0.9144296777818339
1.125,1.9802079797928387,-0.8552079797928387
1.958,1.8206366672381067,0.13736333276189328
2.15,2.035863994293941,0.11413600570605897
4.188,2.2650089040382895,1.9229910959617103
4.667,2.248555792440922,2.418444207559078
3.615,2.2920288705301832,1.322971129469817
2.894,1.993416475429082,0.9005835245709182
1.125,1.6436450927547988,-0.5186450927547988
2.55,1.8474045483512684,0.7025954516487314
2.583,1.9247308108039412,0.658269189196059
1.917,1.9455771303736165,-0.02857713037361642
1.625,1.0039876845870508,0.6210123154129492
3.0,1.1853709092559581,1.8146290907440419
0.875,1.6938163986536965,-0.8188163986536965
2.621,1.8954294528097835,0.7255705471902165
2.25,1.9472378135931816,0.3027621864068184
1.25,1.8129379465450466,-0.5629379465450466
1.018,2.0445584251698783,-1.0265584251698783
1.62,2.145249888751783,-0.5252498887517829
1.598,2.0571375988608755,-0.45913759886087546
3.345,3.589718375770412,-0.2447183757704119
3.457,3.773626891854012,-0.31662689185401227
3.452,3.8300882048188685,-0.3780882048188685
2.875,1.7657579227752485,1.1092420772247515
2.91,2.565836726010647,0.344163273989353
2.914,2.318685816409408,0.5953141835905922
2.402,1.824703443402481,0.5772965565975192
2.697,1.9761702294564312,0.7208297705435689
2.442,1.7080856226512107,0.7339143773487895
2.638,2.4184762394281982,0.21952376057180167
2.977,3.024702444850324,-0.047702444850324266
3.883,3.089017042540255,0.793982957459745
4.414,3.7005330323127636,0.713466967687236
5.00001,2.099930468087509,2.900079531912491
5.00001,3.4279561016119624,1.5720538983880372
4.667,3.7598540304520176,0.9071459695479822
3.964,3.40576621850197,0.5582337814980298
3.836,2.6735446014862476,1.1624553985137522
3.458,3.403649269336833,0.0543507306631672
4.964,3.2615168598830273,1.702483140116973
4.0,3.2437579313773615,0.7562420686226385
3.586,2.76350899017583,0.8224910098241698
2.477,1.997380697887711,0.47961930211228876
2.882,1.9867330827892153,0.8952669172107848
2.868,2.0400023549084145,0.8279976450915854
2.571,2.0327733522377716,0.5382266477622286
2.986,2.3781396115878155,0.6078603884121847
3.218,2.420841819088875,0.7971581809111248
3.674,2.519002721393349,1.154997278606651
1.375,2.042259116274554,-0.667259116274554
1.65,1.7791035191294178,-0.12910351912941787
1.792,2.4483429584825727,-0.6563429584825726
1.698,2.5781505957249613,-0.8801505957249613
2.382,2.4295494673991267,-0.04754946739912658
2.849,2.402192584952706,0.44680741504729404
2.527,2.0287446724437306,0.49825532755626956
2.206,1.7953245279328638,0.41067547206713617
2.26,2.037285841083117,0.22271415891688262
2.482,1.9139150814849664,0.5680849185150338
2.083,1.764133193781863,0.31886680621813723
2.058,1.5740262562516096,0.4839737437483902
2.313,1.7888660164550283,0.5241339835449719
2.167,1.9308505569292844,0.2361494430707154
2.667,1.8251624270321716,0.8418375729678282
3.404,1.9273086220336468,1.476691377966353
3.286,1.668251690787932,1.6177483092120681
2.917,2.096448155575059,0.8205518444249407
3.5,1.8527712782820969,1.6472287217179031
5.0,2.7902493208426016,2.2097506791573984
3.625,2.1272343145536405,1.4977656854463595
3.853,2.5620787095379987,1.2909212904620015
4.526,2.8524356748259683,1.6735643251740315
1.75,2.0788855270717734,-0.32888552707177343
2.38,2.182704005516751,0.19729599448324908
2.667,2.2682978370055427,0.39870216299445715
3.565,2.670977381576585,0.8940226184234148
3.422,2.5231696385080906,0.8988303614919095
2.417,2.368331756858293,0.048668243141706924
2.75,2.080160197970912,0.6698398020290881
2.458,2.054687141159267,0.4033128588407333
2.125,2.2642121030983646,-0.13921210309836463
1.938,2.4832628574461992,-0.5452628574461993
1.375,1.5171343448223416,-0.14213434482234155
1.833,1.9303011081191253,-0.09730110811912529
1.906,1.7206472247624798,0.18535277523752014
2.444,1.7625938108490782,0.6814061891509218
2.7,2.1087419932546005,0.5912580067453996
3.625,2.0953530009034464,1.5296469990965536
2.706,2.1399144669306516,0.5660855330693484
2.583,1.8980185618899204,0.6849814381100798
2.531,1.9074927023362498,0.6235072976637503
2.125,2.055226641474139,0.06977335852586108
2.75,2.1249696721005473,0.6250303278994527
3.171,2.184365243006127,0.9866347569938729
1.938,2.392349993805443,-0.45434999380544316
2.294,1.9820470683607871,0.3119529316392129
2.161,1.8810251048947941,0.2799748951052059
2.417,2.0188458891817564,0.39815411081824337
2.348,1.9353481082980721,0.41265189170192773
1.875,1.6740462949985908,0.2009537050014092
1.125,2.329387740887362,-1.2043877408873618
2.1,1.589683235014286,0.5103167649857141
2.763,1.742509414816485,1.0204905851835149
2.382,2.041483168861684,0.340516831138316
3.074,2.1378869470285107,0.9361130529714892
2.75,2.515847013503315,0.23415298649668514
2.955,2.1339454809398672,0.8210545190601328
2.278,1.9315571500734356,0.3464428499265644
2.906,1.7226947377116972,1.183305262288303
3.265,2.049746768761014,1.2152532312389863
5.00001,3.5441003591731204,1.4559096408268792
4.5,2.3691862262374315,2.1308137737625685
3.324,2.893006930267841,0.4309930697321587
3.944,3.343309828223571,0.6006901717764288
3.119,2.3329739632699926,0.7860260367300076
3.76,2.163179600662925,1.5968203993370746
3.603,2.047294726021938,1.5557052739780621
4.1,2.4106358087260373,1.6893641912739623
5.0,2.3924022086128964,2.6075977913871036
5.00001,2.4874511329056928,2.512558867094307
5.00001,2.4649825634136224,2.535027436586377
4.052,2.5617341545408676,1.490265845459132
5.00001,5.380706509428249,-0.3806965094282493
4.889,1.6453370644249286,3.2436629355750717
3.813,2.283163704473469,1.5298362955265312
4.75,2.598934386552851,2.151065613447149
5.00001,2.16734291620227,2.8326670837977295
4.222,2.9252692585070825,1.296730741492918
4.063,3.7761685194708177,0.28683148052918206
3.923,3.368033882086171,0.5549661179138292
5.00001,4.777948440922136,0.22206155907786318
5.00001,3.88574307552041,1.1142669244795895
5.00001,4.87990864331991,0.12010135668008992
5.00001,3.077254551617173,1.9227554483828264
2.05,1.3215526526204786,0.7284473473795212
2.744,2.3986072218028065,0.3453927781971937
3.636,3.6568854661436543,-0.020885466143654163
3.167,3.0521429070847668,0.11485709291523305
3.26,3.069609491350728,0.19039050864927187
2.607,2.6509165949580584,-0.04391659495805822
2.778,2.241421628874503,0.536578371125497
2.775,2.7023171396237955,0.07268286037620442
4.457,3.5433899197233565,0.9136100802766434
4.74,3.6471111600132073,1.0928888399867929
5.00001,4.379772997083094,0.6202370029169053
5.00001,4.826012139490043,0.17399786050995658
5.00001,4.03413314056912,0.96587685943088
5.00001,3.86393690061842,1.1360730993815795
5.00001,3.340543042603502,1.6594669573964977
5.00001,5.675549099679445,-0.6755390996794457
5.00001,2.6742496930755837,2.325760306924416
5.00001,3.6811018450340467,1.318908154965953
5.00001,2.996201817152045,2.003808182847955
3.885,3.192317873114273,0.6926821268857268
5.00001,4.558154770949652,0.4418552290503479
2.724,3.006002181800596,-0.2820021818005958
2.674,2.510022303013183,0.16397769698681675
2.953,2.482135261054384,0.470864738945616
2.135,1.6284859605377346,0.5065140394622651
4.175,2.5173419729547994,1.6576580270452004
2.042,1.8981404887227518,0.14385951127724805
1.883,2.7248119885950763,-0.8418119885950763
1.801,2.081677109604524,-0.2806771096045242
2.098,2.587732033483843,-0.4897320334838433
1.0,2.0150794693749825,-1.0150794693749825
1.968,2.8289789797693903,-0.8609789797693903
1.486,1.836532180753072,-0.3505321807530719
1.71,1.9035122202089236,-0.19351222020892367
2.808,2.022253467872074,0.7857465321279258
1.766,2.1583484843636054,-0.39234848436360537
1.561,1.9090836845547157,-0.3480836845547157
2.67,2.1414416599644883,0.5285583400355116
2.544,2.208581231781926,0.33541876821807426
1.693,2.445561285323768,-0.7525612853237678
1.748,2.445430104423499,-0.6974301044234992
2.146,2.7944329643922874,-0.6484329643922875
1.832,2.3357265096679276,-0.5037265096679275
1.761,2.213212500504272,-0.4522125005042723
1.891,2.214901354147286,-0.32390135414728594
1.146,1.6759886698465718,-0.5299886698465719
1.963,1.8480462998101528,0.1149537001898473
1.512,2.1419675280297277,-0.6299675280297277
1.547,2.1108450480643426,-0.5638450480643427
1.603,2.0465649683516234,-0.4435649683516234
1.621,2.2413332929211602,-0.6203332929211602
1.752,2.0225598297714504,-0.27055982977145043
0.925,1.7563963724449554,-0.8313963724449553
1.382,2.3685308724035146,-0.9865308724035147
1.696,2.136533565088644,-0.44053356508864394
1.634,1.954944279267775,-0.320944279267775
1.063,1.8783681743234362,-0.8153681743234362
1.325,2.0052794560800278,-0.6802794560800278
1.847,2.4399548412734413,-0.5929548412734413
1.911,2.227049897735098,-0.31604989773509784
1.923,2.610556012923537,-0.6875560129235367
1.804,2.362997560977811,-0.5589975609778108
1.955,2.4654649572623857,-0.5104649572623856
1.712,2.26791953998824,-0.55591953998824
1.667,2.157554277033019,-0.4905542770330189
1.711,2.209178005769694,-0.49817800576969407
2.189,2.478966537490338,-0.28996653749033774
1.853,2.4439077479127462,-0.5909077479127463
1.744,2.6292811074783957,-0.8852811074783957
1.683,2.2883175763030996,-0.6053175763030996
1.829,2.361233636075454,-0.532233636075454
1.683,2.2259164578096593,-0.5429164578096592
2.107,2.40085010957251,-0.2938501095725097
4.062,3.114714297283211,0.9472857027167891
5.00001,2.709100298206158,2.290909701793842
5.00001,3.0652954147683067,1.934714585231693
4.259,3.2309727749161907,1.0280272250838096
3.705,2.9533513622534753,0.7516486377465248
3.293,2.886444688097911,0.40655531190208904
2.944,2.652136226601068,0.29186377339893177
2.719,2.75762894498913,-0.038628944989130165
2.495,2.8132252914625564,-0.3182252914625563
2.609,2.7166479292076717,-0.10764792920767174
2.415,2.7829163101394805,-0.36791631013948045
2.402,2.9285198756571322,-0.5265198756571321
3.37,3.4394566299064597,-0.06945662990645962
4.676,3.756239348719395,0.9197606512806051
3.225,2.9192611854809387,0.3057388145190614
1.769,2.239903319956607,-0.47090331995660706
1.902,2.8801358076190704,-0.9781358076190705
2.373,2.8168594723322684,-0.4438594723322682
2.004,2.0508978555485555,-0.04689785554855552
1.839,2.063420625985928,-0.22442062598592782
1.877,2.422458347979654,-0.5454583479796542
1.814,1.9508590306185587,-0.13685903061855864
1.821,2.452393978612171,-0.6313939786121712
1.76,1.7774273101815001,-0.017427310181500122
1.66,2.1776090246030586,-0.5176090246030587
1.996,2.2225585690434233,-0.2265585690434233
1.625,2.134485027955793,-0.509485027955793
1.848,2.4346209622435726,-0.5866209622435725
2.12,2.202002097293094,-0.08200209729309371
2.838,2.7033731082445134,0.1346268917554867
3.031,2.169479447207986,0.861520552792014
3.625,2.156053621012817,1.4689463789871828
1.614,1.961386677647756,-0.3473866776477559
1.716,2.244036813085211,-0.5280368130852111
1.723,2.0212645928878046,-0.2982645928878045
2.082,2.624309832690781,-0.5423098326907811
2.04,2.7688805392575393,-0.7288805392575393
1.929,2.5944125045033033,-0.6654125045033032
1.759,2.0927653404495814,-0.3337653404495815
1.651,2.155210295099843,-0.504210295099843
1.678,2.322500009436313,-0.6445000094363129
1.971,2.8109363685185196,-0.8399363685185195
1.72,2.2317873485363027,-0.5117873485363027
1.841,2.0520886281186708,-0.2110886281186708
1.698,2.2594938068028094,-0.5614938068028095
1.733,2.3262963819253475,-0.5932963819253474
2.125,2.613072391847152,-0.4880723918471519
1.981,1.792061912930552,0.18893808706944815
1.976,1.784295937508202,0.19170406249179806
1.828,2.261858189972142,-0.4338581899721421
1.62,2.240947909939888,-0.620947909939888
1.88,2.416964311754934,-0.5369643117549341
1.841,2.4215418250136667,-0.5805418250136667
1.857,2.5688326163846393,-0.7118326163846393
1.795,1.8207664426182286,-0.02576644261822869
1.875,1.9508512717989557,-0.07585127179895568
1.59,1.4936683039529006,0.09633169604709946
1.724,2.060231396649738,-0.3362313966497379
1.597,1.8931492846692923,-0.29614928466929236
1.778,1.7105444205301665,0.0674555794698335
1.763,2.031281806050245,-0.2682818060502452
1.787,2.280073633068442,-0.493073633068442
1.775,1.4647132935448177,0.3102867064551822
1.623,2.3818304237533887,-0.7588304237533887
2.04,2.4350879054574848,-0.39508790545748473
2.07,2.668485145137479,-0.5984851451374791
2.171,2.6499317910862965,-0.4789317910862967
1.985,2.0770028464719856,-0.09200284647198553
1.404,1.991257993090093,-0.5872579930900932
1.236,1.7964491417578938,-0.5604491417578938
1.333,1.6755030650599276,-0.34250306505992767
1.875,1.6597391212204118,0.21526087877958822
1.576,1.9358164183567474,-0.3598164183567474
0.875,1.8709789041147638,-0.9959789041147638
1.463,2.0634794741753173,-0.6004794741753172
1.786,2.1077225682023544,-0.32172256820235434
1.543,2.0789161308415487,-0.5359161308415488
1.641,1.609180519554707,0.031819480445292925
1.65,2.177327428936689,-0.5273274289366889
1.452,1.8237379634479451,-0.3717379634479452
1.668,2.2214090681667242,-0.5534090681667243
1.648,2.3775508013952344,-0.7295508013952345
0.875,1.8585920137930259,-0.9835920137930259
1.589,2.1356457917685603,-0.5466457917685603
0.675,1.8683693385106714,-1.1933693385106714
2.1,1.8776303399510479,0.2223696600489522
2.006,1.9231673914086462,0.08283260859135355
3.021,2.80044866236497,0.2205513376350301
2.0,2.2292053097528135,-0.2292053097528135
3.0,2.615152839645753,0.38484716035424693
2.941,2.3256397766988934,0.6153602233011064
2.896,2.0709914778142995,0.8250085221857004
1.663,2.0078379728464157,-0.3448379728464157
1.684,1.825796754449476,-0.14179675444947604
2.351,2.1903815579396024,0.16061844206039755
2.384,2.0942533314774354,0.2897466685225645
2.76,2.490716474654639,0.2692835253453607
2.556,2.5060573124305217,0.049942687569478394
1.922,2.1415009601601485,-0.21950096016014853
2.52,2.378717135377272,0.141282864622728
2.416,2.33876158731751,0.07723841268248988
2.38,2.24812444868569,0.13187555131430972
1.51,2.2378158356387097,-0.7278158356387097
1.438,2.1591421297686857,-0.7211421297686857
1.406,1.661208697761667,-0.255208697761667
1.375,2.1863107099547983,-0.8113107099547983
1.969,1.911780013392174,0.05721998660782601
1.783,1.9244026377415069,-0.14140263774150696
1.667,1.603399866114649,0.06360013388535113
1.569,1.5179372972477188,0.0510627027522812
1.798,2.140778691913341,-0.34277869191334087
1.696,1.5637716560638357,0.13222834393616423
1.886,2.5278676026902738,-0.6418676026902739
2.051,2.6768807264357264,-0.6258807264357262
1.83,2.718382613888786,-0.888382613888786
1.774,1.7365394990358567,0.03746050096414333
1.791,2.4081437289689527,-0.6171437289689528
1.083,2.092752640223943,-1.0097526402239432
1.753,2.4214671430757457,-0.6684671430757458
1.742,2.1493252454477716,-0.4073252454477716
1.665,1.9045030376817405,-0.23950303768174042
1.663,2.1757028209866647,-0.5127028209866646
1.749,2.234658734360947,-0.4856587343609471
1.741,2.34165513473471,-0.6006551347347098
1.738,2.0884695244008435,-0.35046952440084356
1.242,2.3153938312880435,-1.0733938312880436
0.922,1.9159871959843158,-0.9939871959843157
2.882,2.6940984333082465,0.18790156669175362
1.75,1.4179061712336924,0.33209382876630755
1.125,1.5780023072263232,-0.4530023072263232
0.675,1.2631531733799681,-0.5881531733799681
0.675,1.5961005224111515,-0.9211005224111515
1.313,1.3519594969360809,-0.03895949693608092
2.43,2.7369499865461036,-0.3069499865461034
1.665,2.3023230207679832,-0.6373230207679832
2.481,2.8727494263680313,-0.39174942636803145
1.795,2.1933305695294107,-0.3983305695294108
2.64,2.2903771095051058,0.34962289049489437
2.786,3.1786104470484586,-0.3926104470484586
2.717,2.783239711854515,-0.06623971185451483
2.606,2.9730528494735347,-0.3670528494735348
1.774,2.7416966158684404,-0.9676966158684404
4.776,4.309849459283862,0.4661505407161375
4.361,3.9289415219432136,0.4320584780567862
1.845,1.9867031840912035,-0.14170318409120353
1.697,1.7699493212577688,-0.07294932125776876
1.741,2.516059578935436,-0.7750595789354358
1.781,1.8857131066992125,-0.10471310669921263
0.969,2.054459760555516,-1.085459760555516
1.293,2.0936081814166383,-0.8006081814166384
0.735,2.1998388324856233,-1.4648388324856234
1.332,2.04365438583391,-0.7116543858339097
1.712,2.265894187546855,-0.5538941875468548
1.7,2.164200247763011,-0.46420024776301116
1.777,1.9322470263718572,-0.15524702637185728
1.653,1.861226272140847,-0.208226272140847
1.81,2.588303372858034,-0.778303372858034
1.689,2.1956086321287653,-0.5066086321287653
1.708,2.2186313817988506,-0.5106313817988506
1.951,2.5103555144507457,-0.5593555144507456
2.242,2.258523771034218,-0.016523771034218093
2.347,3.084449688818045,-0.7374496888180451
2.286,2.658949096408956,-0.3729490964089561
1.804,2.010807883976308,-0.2068078839763079
2.22,2.5812660616243006,-0.3612660616243004
2.776,3.544718463329958,-0.7687184633299582
2.683,2.4081210229592074,0.27487897704079245
2.228,2.340877186766482,-0.11287718676648195
3.068,3.117833394523996,-0.049833394523996155
2.434,2.689922288264502,-0.25592228826450203
0.946,1.7709062159847453,-0.8249062159847453
2.49,2.97727341486987,-0.48727341486986964
3.306,3.5074155693436477,-0.20141556934364768
3.318,3.902177930450292,-0.5841779304502919
3.913,4.288622877338293,-0.375622877338293
2.208,2.5209891046626973,-0.31298910466269714
1.772,2.083343928606264,-0.31134392860626403
2.205,2.7314074175772394,-0.5264074175772393
2.2,2.265832652318433,-0.06583265231843294
1.467,1.2895717540996694,0.17742824590033068
0.842,1.6914743837140163,-0.8494743837140163
1.602,1.736725766326683,-0.13472576632668298
1.689,2.0022046335375707,-0.31320463353757066
1.593,2.2585451236173153,-0.6655451236173153
1.689,2.039809613138231,-0.3508096131382308
1.7,2.30707124731017,-0.6070712473101703
1.851,2.6059644318881414,-0.7549644318881414
1.64,2.081746542116921,-0.4417465421169211
1.809,2.6280172590366178,-0.8190172590366178
1.935,2.5050548155341748,-0.5700548155341747
1.822,1.9054062468985868,-0.08340624689858678
2.097,2.381231673307566,-0.2842316733075658
2.542,2.929074271252298,-0.3870742712522981
1.97,2.1265288713863404,-0.15652887138634042
1.319,2.3250464235227826,-1.0060464235227826
1.488,2.166994673844293,-0.6789946738442931
1.369,2.2761226810596655,-0.9071226810596655
1.477,2.1473595188320873,-0.6703595188320872
1.076,1.9472772518841115,-0.8712772518841114
1.424,2.005077617622308,-0.581077617622308
1.565,1.6560094046891205,-0.09100940468912055
1.521,2.513853595582878,-0.9928535955828779
1.321,2.140013427446274,-0.8190134274462741
1.348,2.2099889230991847,-0.8619889230991846
1.327,2.734138728819334,-1.407138728819334
1.276,2.4953558116581576,-1.2193558116581575
1.236,1.895194528125605,-0.6591945281256051
1.411,2.365535541632231,-0.954535541632231
1.38,1.786586921868247,-0.4065869218682472
1.149,1.437809338036529,-0.2888093380365291
1.345,1.7987710660918186,-0.4537710660918186
0.95,1.1103378357626559,-0.16033783576265592
1.533,1.606478858444292,-0.07347885844429203
0.932,1.310278966507739,-0.37827896650773896
1.393,1.5131039619613853,-0.12010396196138529
1.404,1.3291144404414086,0.07488555955859133
1.25,1.3387197452755042,-0.08871974527550419
1.088,1.1611676733702876,-0.07316767337028751
0.675,1.1249499808384595,-0.4499499808384595
0.875,1.5865974256591584,-0.7115974256591584
1.208,1.584394297481895,-0.376394297481895
1.328,1.6046178606665782,-0.2766178606665781
1.227,2.3849688164455904,-1.1579688164455904
1.368,2.674003869660112,-1.3060038696601117
1.449,2.3168801490435307,-0.8678801490435306
1.468,2.0649028441736963,-0.5969028441736963
1.314,1.6229625081980545,-0.3089625081980545
1.032,1.568968055117757,-0.5369680551177569
0.936,1.6966395509777268,-0.7606395509777267
1.426,1.8402102212575642,-0.41421022125756424
1.53,1.60516072157285,-0.07516072157285003
1.427,2.1348867564572394,-0.7078867564572393
1.31,1.998194761678893,-0.688194761678893
1.344,2.118669334155732,-0.774669334155732
1.353,1.7906064237300898,-0.43760642373008984
0.883,1.5919027107564967,-0.7089027107564967
1.395,2.0538501278761747,-0.6588501278761747
1.607,2.276370943801461,-0.669370943801461
1.389,2.6722415732516183,-1.2832415732516183
1.515,2.4615668870098952,-0.9465668870098953
1.444,2.062345855433557,-0.618345855433557
1.367,2.0575256771971757,-0.6905256771971757
1.741,2.5286132564504795,-0.7876132564504794
1.56,2.068765179211574,-0.5087651792115739
1.594,1.7169867916688428,-0.12298679166884274
1.953,1.7540613732453025,0.19893862675469753
2.577,1.9802996828733184,0.5967003171266816
1.356,1.7806580159839636,-0.42465801598396347
1.405,2.1153918539062744,-0.7103918539062744
1.333,1.7402751175377102,-0.4072751175377103
1.316,1.936012414711159,-0.620012414711159
1.25,1.574189907431443,-0.32418990743144294
1.276,1.6625952698679183,-0.38659526986791826
1.337,1.5861545572853817,-0.24915455728538172
1.432,1.5622605394715259,-0.13026053947152594
1.325,1.6253995134008128,-0.30039951340081283
1.531,1.5107012856096984,0.02029871439030151
1.445,1.8617116892925734,-0.4167116892925733
1.478,2.173418971677332,-0.6954189716773318
4.785,4.068697130100337,0.7163028698996632
0.675,1.985157917686699,-1.3101579176866989
1.875,4.107467310152071,-2.232467310152071
5.00001,2.085554103414351,2.9144558965856486
5.00001,2.924586151264518,2.0754238487354817
3.208,2.130683963473183,1.0773160365268173
4.528,2.615417603468444,1.9125823965315556
5.00001,2.800964398027581,2.1990456019724185
4.324,2.925166655844987,1.3988333441550127
3.346,2.8188354983238813,0.5271645016761188
4.222,2.662316407907375,1.5596835920926253
4.097,2.425619201999689,1.6713807980003113
3.688,2.3002663620488755,1.3877336379511247
4.045,2.8351374009537302,1.2098625990462697
4.827,3.2258988112517404,1.6011011887482596
1.25,1.611058440694705,-0.36105844069470505
0.93,1.5523118117606853,-0.6223118117606853
0.925,1.5557296136031766,-0.6307296136031766
0.475,1.890543013606729,-1.415543013606729
0.6,1.447717695206458,-0.8477176952064581
0.833,1.5279208803550994,-0.6949208803550995
1.188,1.4384522929905446,-0.2504522929905446
1.17,1.713924473975517,-0.5439244739755171
1.271,1.5591162165257684,-0.28811621652576846
1.143,1.4676053954323784,-0.32460539543237843
1.063,1.659387760427057,-0.5963877604270571
1.091,1.5864872563064623,-0.4954872563064623
1.106,1.585429420641007,-0.4794294206410068
1.206,1.880030509537388,-0.674030509537388
1.089,1.591258752480561,-0.5022587524805611
0.929,1.1631033113644005,-0.23410331136440043
0.889,1.5084354387836936,-0.6194354387836936
1.036,1.4917261533009305,-0.45572615330093047
1.076,1.7216480721942795,-0.6456480721942794
0.903,1.7721275836026285,-0.8691275836026284
0.936,1.7293459442132328,-0.7933459442132328
0.978,1.605502280374634,-0.627502280374634
0.996,1.892091731953256,-0.896091731953256
1.18,2.033889611155777,-0.853889611155777
1.17,2.0315614273550304,-0.8615614273550305
1.114,2.144516010060953,-1.0305160100609527
1.127,2.0294335821353204,-0.9024335821353204
1.0,1.6332844141328906,-0.6332844141328906
1.533,2.2443869248858332,-0.7113869248858333
1.124,1.7832635852387757,-0.6592635852387756
1.226,1.1746594559882941,0.051340544011705846
1.049,1.4952065197972721,-0.4462065197972722
1.123,1.6124670055199335,-0.4894670055199335
1.182,1.7855918932080792,-0.6035918932080793
1.363,2.0977884576034613,-0.7347884576034613
1.034,1.9761086335214721,-0.9421086335214721
0.956,1.507358248362152,-0.551358248362152
2.049,1.9364492346462718,0.1125507653537281
1.728,2.3809191100824902,-0.6529191100824903
1.458,1.5507077032891037,-0.09270770328910372
1.47,1.6848917148845435,-0.2148917148845435
1.5,1.6544202662992773,-0.1544202662992773
1.417,1.3297767162320313,0.08722328376796873
1.458,1.6625302414049856,-0.20453024140498566
1.5,1.832159451538084,-0.3321594515380839
1.238,1.7135106025974776,-0.47551060259747757
1.459,1.9371241875976053,-0.4781241875976052
1.427,1.8126014742735044,-0.38560147427350433
1.347,1.8432811438632166,-0.49628114386321664
0.575,1.4184927935422476,-0.8434927935422476
1.313,1.358959910593685,-0.04595991059368498
0.675,1.7253217488968757,-1.0503217488968757
0.675,1.4833756841106887,-0.8083756841106886
1.315,1.6613455925685174,-0.3463455925685175
1.287,1.9634196372373702,-0.6764196372373703
1.297,1.7728646671849433,-0.47586466718494336
1.297,1.6279005631609398,-0.33090056316093985
1.398,1.6766445189653811,-0.2786445189653812
1.475,1.5018652200032083,-0.026865220003208234
1.5,1.5196146177436618,-0.0196146177436618
1.504,2.598158119248714,-1.0941581192487142
1.569,2.0145391770321908,-0.4455391770321908
1.295,1.6827941937929274,-0.38779419379292746
1.602,2.3491509361443286,-0.7471509361443285
1.897,2.1892818050436733,-0.2922818050436733
1.549,2.178574391838494,-0.629574391838494
1.455,2.2317163875879493,-0.7767163875879493
1.594,1.7743943593122602,-0.1803943593122601
1.463,1.547027790931635,-0.08402779093163493
1.586,1.8983095559338108,-0.3123095559338107
1.504,2.0966006862563296,-0.5926006862563296
1.188,1.5840633981223486,-0.3960633981223487
1.13,2.133312410053154,-1.0033124100531543
1.519,1.5595228314842418,-0.04052283148424185
1.491,2.0967178647816906,-0.6057178647816905
1.559,1.7596835630444105,-0.2006835630444106
1.283,1.9223063856069338,-0.6393063856069339
1.355,1.5762034160594944,-0.22120341605949445
0.675,1.330167861698897,-0.655167861698897
0.962,1.3023057514404996,-0.3403057514404997
1.344,1.8869765996329657,-0.5429765996329656
1.219,1.6265515945400617,-0.4075515945400616
1.284,1.438939188525251,-0.1549391885252509
1.523,1.6099616185484595,-0.08696161854845963
1.311,1.6428728437111633,-0.3318728437111633
1.063,1.5717085299437108,-0.5087085299437109
0.946,1.340600688145015,-0.39460068814501503
1.073,1.6771601567913712,-0.6041601567913713
1.082,1.8158358696880919,-0.7338358696880918
1.601,2.309070456475676,-0.7080704564756761
1.445,2.375422888359041,-0.9304228883590409
1.56,2.5818501225219004,-1.0218501225219003
1.399,2.019721392010842,-0.6207213920108421
1.297,1.887632188017804,-0.590632188017804
1.393,2.145566217151743,-0.7525662171517429
1.398,2.233072326494924,-0.835072326494924
1.529,2.071606314136651,-0.5426063141366511
0.983,1.7560415525613635,-0.7730415525613635
1.602,2.2108831641563276,-0.6088831641563275
1.519,2.444837134986083,-0.925837134986083
1.713,2.502482199302661,-0.7894821993026611
1.669,2.888811110346864,-1.219811110346864
1.434,2.659204856331776,-1.2252048563317761
0.981,1.7000736135313779,-0.7190736135313779
1.843,2.2840977898118453,-0.44109778981184533
1.861,2.8770937012939752,-1.0160937012939752
1.698,2.3158916707977824,-0.6178916707977824
1.563,2.7048574635975107,-1.1418574635975107
2.669,2.631177718363647,0.03782228163635315
2.641,3.0156210351468804,-0.3746210351468804
2.452,2.9504206437262686,-0.4984206437262686
2.939,3.1112629781084475,-0.17226297810844748
2.736,3.0524488813819772,-0.316448881381977
2.334,2.618116607929662,-0.28411660792966176
1.935,1.9647694359841628,-0.029769435984162707
2.478,2.0111276943590006,0.4668723056409996
2.905,3.4145101648127567,-0.5095101648127569
1.704,2.3723636695853996,-0.6683636695853996
2.216,2.6327110833005403,-0.4167110833005401
2.256,2.1489900826755077,0.10700991732449205
2.817,2.9960111410187116,-0.1790111410187114
2.277,2.723112642495444,-0.4461126424954438
2.137,2.5832443879590175,-0.44624438795901744
1.816,2.579076198245942,-0.763076198245942
1.899,1.6704908029674896,0.22850919703251038
1.583,1.5703728172435696,0.012627182756430377
1.737,2.4010908565553892,-0.6640908565553891
1.623,2.432832460209117,-0.8098324602091169
1.583,2.1753310141053026,-0.5923310141053026
1.753,2.384493016628939,-0.6314930166289392
2.233,2.08887886628687,0.14412113371313007
1.761,2.0952130557723323,-0.3342130557723324
1.417,2.000757756818972,-0.583757756818972
1.55,1.4820319330388736,0.06796806696112645
1.571,2.5284640056185474,-0.9574640056185475
2.707,2.719397752738835,-0.012397752738835255
2.14,2.1899386166560317,-0.04993861665603161
1.869,2.4236802693235497,-0.5546802693235497
1.708,1.7686165354657546,-0.06061653546575463
2.289,3.017830773471322,-0.728830773471322
2.662,2.2817455870249015,0.38025441297509843
2.297,2.306609426244265,-0.009609426244264974
1.813,2.7089844674963315,-0.8959844674963315
2.494,2.307473658167274,0.18652634183272632
2.409,2.2356049818878114,0.17339501811218838
1.891,3.1306644433310744,-1.2396644433310744
2.735,2.243549889056786,0.49145011094321367
2.153,2.046866153337575,0.10613384666242487
1.188,1.331609672698164,-0.14360967269816416
1.538,2.1836733116974774,-0.6456733116974773
1.781,2.087225336559383,-0.3062253365593832
1.525,2.272278709985028,-0.7472787099850282
1.352,1.694409155676706,-0.34240915567670593
1.208,1.685945660677696,-0.47794566067769595
1.276,1.9637360364376897,-0.6877360364376897
1.432,1.345501060770035,0.08649893922996488
1.323,1.4446733951218387,-0.12167339512183872
1.501,2.0096209457825447,-0.5086209457825448
1.31,2.233803396460229,-0.923803396460229
1.214,1.846473462185098,-0.632473462185098
1.138,2.0655047847910426,-0.9275047847910427
1.235,2.0310307851381086,-0.7960307851381085
1.291,1.695732955822716,-0.4047329558227162
1.695,1.9650981605605229,-0.2700981605605228
1.433,2.320070973619997,-0.8870709736199969
1.496,1.8700645322185816,-0.3740645322185816
1.695,2.203109272379106,-0.5081092723791059
1.447,1.9677926203310037,-0.5207926203310036
1.42,2.0349004876621155,-0.6149004876621156
1.544,2.0058871359218373,-0.4618871359218373
1.304,1.8311787263289638,-0.5271787263289638
1.414,2.3883893045555493,-0.9743893045555494
1.269,2.148078079312535,-0.8790780793125352
1.236,2.1096856690978085,-0.8736856690978085
1.254,2.1376942414986644,-0.8836942414986644
1.206,1.9204292507129623,-0.7144292507129624
1.37,2.1438292601272684,-0.7738292601272683
1.307,1.9639182494230556,-0.6569182494230557
1.254,1.980318260448022,-0.7263182604480221
1.339,2.176592757809124,-0.8375927578091242
1.339,1.9817107870995534,-0.6427107870995534
1.297,1.7189079703573167,-0.42190797035731675
1.407,2.120125265857151,-0.7131252658571512
1.192,1.3233677295392487,-0.1313677295392488
1.32,1.1621758869286638,0.15782411307133626
1.44,2.036408723854705,-0.5964087238547049
1.429,1.781270978914352,-0.3522709789143519
1.337,1.8043741310277757,-0.4673741310277757
1.612,1.8637647253257856,-0.25176472532578553
1.542,0.9332225816391617,0.6087774183608383
1.857,1.9200800307308932,-0.06308003073089319
2.171,2.697785898107876,-0.5267858981078763
1.873,1.8064821041477666,0.06651789585223344
1.489,1.7386849364148353,-0.24968493641483525
1.414,2.0151500383661367,-0.6011500383661368
1.548,2.1166995402707887,-0.5686995402707886
1.522,2.148726786336494,-0.626726786336494
1.447,1.7277030451130995,-0.2807030451130994
1.182,1.619345095449841,-0.437345095449841
1.617,2.473578760245668,-0.856578760245668
1.713,1.6588581019084092,0.05414189809159087
1.582,1.9757892519353817,-0.3937892519353816
1.744,2.231710784321943,-0.48771078432194304
1.663,1.600946461879459,0.06205353812054093
1.735,1.7594036263268533,-0.024403626326853223
1.896,1.7236777476937468,0.1723222523062531
2.237,2.2180004561130877,0.018999543886912384
1.852,1.7618464533685625,0.0901535466314376
1.642,1.730527878665836,-0.08852787866583611
1.493,1.9689454685190093,-0.4759454685190092
1.553,2.0156386006494853,-0.46263860064948537
2.356,1.74821607206662,0.6077839279333799
1.63,1.9896958975007628,-0.3596958975007629
1.479,2.2161023751971314,-0.7371023751971313
1.651,2.1346403603428654,-0.4836403603428654
1.658,2.038392367749079,-0.38039236774907925
2.228,2.622906401657954,-0.39490640165795377
1.558,2.045797633188174,-0.48779763318817415
3.016,2.9672136325754024,0.04878636742459763
3.796,3.6649973626878976,0.13100263731210227
2.268,2.197396656137246,0.07060334386275358
2.414,2.7378762239794954,-0.3238762239794952
1.381,1.8990574803905442,-0.5180574803905442
1.328,1.420892286521024,-0.09289228652102399
2.269,2.3533540930639427,-0.08435409306394259
1.591,2.2137189683443887,-0.6227189683443888
3.164,3.220345919504603,-0.05634591950460299
2.75,3.0235669052203216,-0.27356690522032157
3.071,2.6959045324076807,0.3750954675923195
2.964,2.788048667650944,0.1759513323490558
3.034,2.846067212242912,0.187932787757088
1.932,1.7831026365503684,0.14889736344963156
1.976,1.789386015558575,0.18661398444142496
1.432,2.26333225512408,-0.8313322551240803
1.872,2.310728094248262,-0.4387280942482621
1.678,2.3669141446754915,-0.6889141446754916
2.105,2.2699602084351023,-0.16496020843510228
1.42,2.2870408884594857,-0.8670408884594858
1.406,1.7572287907325284,-0.35122879073252844
2.088,2.7239138181618117,-0.6359138181618116
2.947,2.977138276261451,-0.030138276261451047
1.098,1.3456520815400759,-0.24765208154007579
1.423,1.6634045375618738,-0.24040453756187374
1.232,1.354552553244202,-0.122552553244202
1.208,1.0496159022817069,0.1583840977182931
1.238,1.5404871999843128,-0.30248719998431284
1.337,1.7454288001783875,-0.40842880017838756
1.042,1.3529087545449858,-0.3109087545449858
1.125,1.3609844043938715,-0.23598440439387147
1.388,1.452499425664484,-0.06449942566448419
1.386,2.0941365502236433,-0.7081365502236434
1.364,1.8234544515296331,-0.45945445152963305
1.136,1.7963886354972407,-0.6603886354972408
1.897,2.086520298314034,-0.18952029831403405
1.644,2.0902129814730745,-0.44621298147307464
1.958,2.6069130087404115,-0.6489130087404116
1.503,2.4169061998442682,-0.9139061998442684
1.441,1.757294932272539,-0.316294932272539
2.01,2.1546462959474693,-0.14464629594746947
2.5,2.8208249239894716,-0.3208249239894716
1.125,1.5489763872346298,-0.4239763872346298
1.25,1.4896247830656217,-0.23962478306562174
1.114,1.4931240596029451,-0.37912405960294504
1.352,1.6597622131899454,-0.30776221318994534
1.375,1.5555638874823847,-0.18056388748238472
1.241,1.3563551743251006,-0.11535517432510045
1.344,1.954835521275402,-0.610835521275402
1.653,2.507816682058932,-0.854816682058932
1.589,1.8120614816641643,-0.22306148166416429
1.71,2.1507278526918716,-0.44072785269187165
2.32,2.5344221869185604,-0.21442218691856052
1.604,1.9290034216660947,-0.32500342166609464
1.125,1.2508085981485655,-0.1258085981485655
1.3,1.427939689823325,-0.12793968982332493
1.254,1.4280287959817923,-0.17402879598179233
1.357,1.5817261911636806,-0.22472619116368064
1.083,1.5338979136231046,-0.4508979136231046
1.477,1.90731370043929,-0.43031370043928985
1.525,1.6383871271952068,-0.11338712719520694
1.592,1.765519020208447,-0.1735190202084469
1.435,1.262329326538206,0.172670673461794
1.0,1.4826242750814285,-0.48262427508142847
1.449,1.9514036762804874,-0.5024036762804873
1.173,1.6158972973768218,-0.4428972973768217
1.546,1.725744104777768,-0.17974410477776792
1.342,2.172744243267096,-0.830744243267096
1.345,2.029056768349855,-0.6840567683498551
1.219,1.7812285555115999,-0.5622285555115998
1.433,1.7438854575819687,-0.3108854575819686
1.483,2.453247642331336,-0.9702476423313358
1.661,1.9967709660035673,-0.33577096600356726
1.603,2.0661256415571767,-0.4631256415571767
1.585,2.2365466582151257,-0.6515466582151257
1.517,2.070475804233723,-0.5534758042337229
1.532,2.266277239638042,-0.7342772396380419
1.464,2.0060703506846593,-0.5420703506846594
1.504,2.160508038526509,-0.6565080385265092
1.514,2.631273602434546,-1.117273602434546
1.408,2.5839110236905487,-1.1759110236905488
1.687,1.7007594928320806,-0.013759492832080555
1.294,1.889869534138544,-0.595869534138544
1.19,1.528437297564414,-0.3384372975644141
1.5,1.627664835384591,-0.12766483538459106
1.61,2.4355732865230997,-0.8255732865230996
1.663,2.2636590429491674,-0.6006590429491674
1.478,2.1067939566223846,-0.6287939566223846
1.966,2.237320971844436,-0.27132097184443604
2.854,2.297722579577236,0.5562774204227643
2.021,1.690226890780463,0.33077310921953695
1.583,1.4973968128174207,0.08560318718257931
1.471,2.1369241519638162,-0.6659241519638162
1.395,1.3831840457805833,0.011815954219416724
1.31,1.873906953604353,-0.5639069536043531
1.27,1.3348112507143726,-0.06481125071437255
1.725,1.9487726840266626,-0.2237726840266625
1.635,1.3778137014259775,0.25718629857402253
1.557,1.555810143941117,0.0011898560588829987
1.45,2.0947361360522097,-0.6447361360522097
1.78,2.240192352805698,-0.4601923528056979
1.744,1.9720958260869468,-0.22809582608694678
1.846,1.9227416084885285,-0.0767416084885284
1.595,2.174457317260514,-0.5794573172605142
1.853,2.3671865544643627,-0.5141865544643627
1.538,1.4744857192954672,0.0635142807045328
1.544,2.4003467841116803,-0.8563467841116803
1.469,2.043579715886307,-0.5745797158863069
1.701,1.9675416115176296,-0.26654161151762956
1.865,2.450497489907445,-0.5854974899074452
2.278,2.446354921669629,-0.16835492166962895
1.772,2.488310296697632,-0.716310296697632
2.119,1.7890670433625917,0.3299329566374085
1.892,1.9815170342310264,-0.08951703423102653
1.193,1.6673903340038938,-0.47439033400389374
2.111,2.189747071145049,-0.07874707114504886
4.293,4.572130372683368,-0.27913037268336804
3.423,3.647841729016281,-0.22484172901628074
3.874,3.234583960092093,0.639416039907907
3.149,2.839313738528332,0.309686261471668
1.929,2.698925358737877,-0.7699253587378772
1.807,2.83455362815007,-1.02755362815007
1.943,2.4990841756397035,-0.5560841756397035
1.658,2.355421295267661,-0.6974212952676613
1.757,2.190862032608524,-0.4338620326085241
2.312,2.18138724941338,0.1306127505866197
1.821,2.0825340751926125,-0.2615340751926125
1.813,2.235573851551192,-0.42257385155119187
1.601,1.9248935557858684,-0.3238935557858684
1.689,2.205759565112988,-0.5167595651129879
1.786,1.9659691269688437,-0.1799691269688437
1.678,1.76056175990056,-0.08256175990056014
1.211,1.2386642535377006,-0.027664253537700523
1.591,1.8408310716631293,-0.24983107166312934
1.694,1.6591153815288444,0.03488461847115554
1.482,1.5646824595276732,-0.08268245952767317
2.78,2.5587496901443028,0.22125030985569705
2.654,3.257430000145414,-0.6034300001454143
2.685,2.4284366479598765,0.2565633520401236
3.282,3.0281425270818225,0.2538574729181775
1.606,2.1030069013182455,-0.49700690131824543
2.101,1.95287992317852,0.14812007682147987
1.379,1.7539205581702497,-0.3749205581702497
2.293,2.6331514977097448,-0.3401514977097446
1.372,2.625711582773615,-1.253711582773615
2.207,2.857133046042299,-0.6501330460422992
2.641,2.7950992389716545,-0.15409923897165445
4.504,3.1443506131885544,1.3596493868114452
0.858,1.5197659081830097,-0.6617659081830097
1.676,2.133070646560759,-0.45707064656075924
2.786,2.4822253344318765,0.3037746655681235
4.0,2.9149518060040034,1.0850481939959966
2.222,2.2094859581072783,0.01251404189272165
1.446,2.2194208633830117,-0.7734208633830117
2.615,2.64268140683354,-0.02768140683353959
2.601,2.7815146314096317,-0.18051463140963175
3.623,3.2432336362614667,0.37976636373853356
2.962,2.862595734611043,0.0994042653889573
3.783,3.5497525902067375,0.23324740979326242
5.00001,3.265009689115551,1.7350003108844487
2.557,2.968563048497491,-0.41156304849749104
2.822,3.1251652387218947,-0.3031652387218946
2.551,2.859215340735136,-0.3082153407351358
1.843,2.3862518935490638,-0.5432518935490638
1.615,2.2663726618079596,-0.6513726618079596
3.106,3.3313701510317104,-0.22537015103171054
2.484,2.94242075736199,-0.45842075736198984
3.083,2.726198302393578,0.35680169760642233
3.279,3.3281112552593415,-0.04911125525934157
2.941,2.3209659688639004,0.6200340311360995
2.092,2.0281470280707756,0.06385297192922446
2.816,2.027497951981629,0.7885020480183709
2.415,2.3317331925162694,0.08326680748373061
2.387,2.747329780469098,-0.3603297804690979
2.014,2.3687847041117456,-0.3547847041117458
2.168,2.2648245546055508,-0.09682455460555062
2.688,1.438293271236212,1.2497067287637882
1.563,2.5523441434026655,-0.9893441434026655
2.636,2.745000747697378,-0.10900074769737778
2.611,2.631903421066462,-0.020903421066461814
2.318,2.3423164619279757,-0.024316461927975652
2.181,2.8171946232987475,-0.6361946232987474
2.383,2.6946476204336567,-0.3116476204336567
2.637,2.283975834996089,0.353024165003911
2.465,2.5076140782793557,-0.042614078279355816
1.923,2.139799794515712,-0.21679979451571185
2.962,2.8281030308666284,0.1338969691333718
2.134,2.120497787373557,0.013502212626443022
2.409,2.908376029381276,-0.49937602938127634
3.198,3.3623461332407745,-0.16434613324077452
1.692,2.5809825753208777,-0.8889825753208778
3.442,2.8869083092736583,0.5550916907263419
4.113,2.611033699826045,1.5019663001739554
4.045,2.602613348658899,1.442386651341101
5.00001,4.888158118154701,0.1118518818452987
5.00001,5.94643056426928,-0.94642056426928
5.00001,4.61932265283521,0.38068734716478936
5.00001,4.889153300293246,0.11085669970675394
5.00001,3.2541156193668677,1.745894380633132
5.00001,4.843034742417734,0.15697525758226583
5.00001,2.9028951245754513,2.0971148754245483
5.00001,2.4577756321140525,2.542234367885947
5.00001,2.288758843629452,2.7112511563705475
3.96,3.451304419477379,0.508695580522621
3.691,3.4409870621918115,0.25001293780818834
5.00001,6.536593067324283,-1.5365830673242833
4.399,3.3764929600201565,1.0225070399798435
4.853,2.8321872069712155,2.0208127930287842
3.935,2.5353425660037474,1.3996574339962526
3.878,2.763072668076316,1.1149273319236843
4.925,3.4722576065695363,1.4527423934304635
2.313,1.6419336945647225,0.6710663054352777
3.821,2.7716927287398856,1.0493072712601146
2.269,2.2522113299870954,0.01678867001290474
2.447,2.418624847305955,0.028375152694045003
2.307,2.8339959357593827,-0.5269959357593827
3.944,2.298925399139865,1.6450746008601351
3.477,2.286028434104489,1.1909715658955107
3.767,2.430774181895639,1.336225818104361
2.783,2.971309235052294,-0.1883092350522939
2.696,3.0225660989900773,-0.32656609899007716
1.476,1.6758761170039065,-0.1998761170039065
3.246,3.052841432673727,0.193158567326273
2.158,2.083062229434068,0.07493777056593176
1.487,1.885167575669278,-0.39816757566927796
3.698,2.9371942881905495,0.7608057118094504
2.209,2.4090675640746158,-0.20006756407461568
2.861,2.7865752282523846,0.07442477174761564
3.0,2.0589333420095532,0.9410666579904468
2.527,1.861952464565255,0.6650475354347452
2.146,2.018305062995875,0.12769493700412493
2.869,2.558538082082911,0.3104619179170891
3.143,1.9593865119751508,1.183613488024849
2.951,2.9887952310629204,-0.037795231062920376
3.467,2.7318148372705244,0.7351851627294756
3.424,2.719650859785614,0.704349140214386
3.387,2.9207109405889993,0.46628905941100074
2.458,2.1207021801644146,0.3372978198355856
3.671,1.646466842983515,2.024533157016485
1.224,1.710001022877854,-0.48600102287785396
3.432,2.1584179940785555,1.2735820059214444
3.571,2.2558261695287722,1.315173830471228
3.694,1.995052048303959,1.6989479516960408
2.848,2.003832134365045,0.8441678656349549
2.763,1.9268597168469643,0.8361402831530356
2.9,2.3573293500173813,0.5426706499826186
3.313,2.0855602123596872,1.227439787640313
2.813,1.9986477558286238,0.8143522441713764
2.437,2.3229746430774845,0.11402535692251536
2.455,2.050512876747612,0.4044871232523879
2.621,2.578492359001113,0.04250764099888693
3.54,1.6320032225660466,1.9079967774339535
5.00001,1.8341464111484205,3.165863588851579
1.83,1.819304186130989,0.010695813869010973
1.881,2.0879552540819466,-0.2069552540819466
1.688,2.3958507547371966,-0.7078507547371966
2.598,2.3837321633196344,0.21426783668036542
2.679,3.0032327282463522,-0.3242327282463524
1.856,1.5967119205046556,0.2592880794953445
1.875,1.5578109860406422,0.31718901395935784
1.785,1.7693219491750263,0.015678050824973644
5.00001,2.286513048468543,2.7134969515314564
2.063,2.1526915898487666,-0.08969158984876646
2.833,1.9235178181162345,0.9094821818837657
1.818,1.5547760776225654,0.26322392237743464
1.854,1.7603435832879057,0.09365641671209435
1.98,2.141612723653083,-0.1616127236530831
5.00001,1.4833885587485436,3.516621441251456
2.667,1.730925278236973,0.9360747217630268
1.738,1.3733450808273049,0.3646549191726951
2.086,1.7556636139144493,0.3303363860855506
1.925,1.5821686269550517,0.3428313730449484
1.85,2.4703566416757385,-0.6203566416757385
1.979,1.7563925081064604,0.22260749189353968
3.133,2.1156889008465423,1.0173110991534577
5.0,1.5087109591489232,3.491289040851077
1.063,1.4709794191668877,-0.40797941916688774
1.875,1.276619330423952,0.5983806695760481
1.625,1.1988831526671686,0.4261168473328314
1.844,1.2129803828885852,0.6310196171114149
1.661,1.125584416002558,0.5354155839974419
1.699,1.7747129935713484,-0.07571299357134831
1.508,1.8306289707669925,-0.3226289707669925
1.697,1.570390145278028,0.12660985472197206
1.503,2.119563326197024,-0.616563326197024
1.457,2.058503697327275,-0.6015036973272749
1.429,2.1226764617718388,-0.6936764617718387
2.161,1.55711783987513,0.6038821601248701
1.981,2.5824915787093676,-0.6014915787093675
2.245,2.5181861173707567,-0.2731861173707566
1.736,1.6691039873518778,0.06689601264812217
2.741,2.6484801422743454,0.09251985772565474
1.538,1.5679449559965808,-0.029944955996580758
0.985,1.4923071626290692,-0.5073071626290692
1.693,1.1653573969472144,0.5276426030527857
1.624,1.8969713063362421,-0.272971306336242
1.089,1.390019124069737,-0.3010191240697371
0.912,1.592551798483655,-0.680551798483655
0.917,1.544626132506206,-0.627626132506206
0.858,1.4077438930324608,-0.5497438930324609
1.841,1.795867947009771,0.045132052990229043
2.155,2.0682817760164207,0.08671822398357909
1.573,1.4112772137901581,0.16172278620984182
0.877,1.2759990973892172,-0.39899909738921724
1.516,1.628199104926329,-0.1121991049263289
1.521,2.128347916750564,-0.6073479167505642
1.256,2.139969064671346,-0.8839690646713458
1.898,1.7271416957267167,0.1708583042732832
1.171,1.5166667424654854,-0.34566674246548534
1.033,1.7147657584760323,-0.6817657584760324
0.996,1.399326072700043,-0.40332607270004295
1.507,1.766710583198842,-0.2597105831988422
3.59,2.7226518186711486,0.8673481813288513
1.739,1.9812750232176648,-0.2422750232176647
1.338,2.0195488319462385,-0.6815488319462384
1.31,1.9150342133182394,-0.6050342133182394
1.023,1.6719051510455563,-0.6489051510455563
0.971,1.4875943031524994,-0.5165943031524994
1.869,2.1996759003000568,-0.3306759003000568
1.709,1.7201276504245095,-0.011127650424509472
1.41,1.603597268967965,-0.19359726896796503
1.556,1.4172583758530268,0.13874162414697322
1.279,1.782435647155694,-0.503435647155694
1.434,1.5146845737366283,-0.0806845737366284
1.344,1.199491044973698,0.14450895502630212
2.573,2.043337746664454,0.529662253335546
2.633,2.018377761705119,0.6146222382948809
3.313,2.6955078928360443,0.6174921071639559
3.257,2.347106278840175,0.909893721159825
3.144,2.6364849840643596,0.5075150159356405
1.899,1.4223494982540315,0.47665050174596857
2.959,1.8903127478838555,1.0686872521161446
3.768,2.328543115123714,1.4394568848762859
1.467,1.5492696529317758,-0.08226965293177568
2.27,1.7356399231777102,0.5343600768222898
1.732,1.4724023862149662,0.25959761378503377
1.712,1.7461853502268823,-0.034185350226882294
1.344,1.2721738222961059,0.07182617770389421
1.373,1.2886472022863962,0.08435279771360382
1.546,1.2059462920399868,0.3400537079600132
1.469,1.1734963158112368,0.29550368418876327
1.809,2.04491511625476,-0.23591511625476014
2.226,2.0224768633983845,0.20352313660161547
2.47,1.237013563698396,1.232986436301604
2.733,2.529716018720454,0.20328398127954594
2.961,1.8861293626489848,1.074870637351015
2.083,1.8455586812116276,0.2374413187883726
2.915,2.176401003112111,0.7385989968878892
1.688,1.5436855944758767,0.14431440552412322
1.17,1.131939344649417,0.038060655350582895
2.438,1.761046437776871,0.6769535622231291
2.676,3.1305578701365686,-0.45455787013656845
2.647,1.7253618763462812,0.9216381236537186
2.328,2.2905150014103426,0.03748499858965726
4.192,3.529928405590174,0.6620715944098263
2.541,2.0576933000119526,0.4833066999880473
2.5,1.4801352982421851,1.0198647017578149
2.345,1.4134373660185025,0.9315626339814977
2.813,1.611909448143547,1.2010905518564532
2.981,2.1656037314909042,0.8153962685090956
2.722,1.8792209370773953,0.8427790629226046
3.073,2.7437500448389303,0.3292499551610697
2.946,1.8875441240952715,1.0584558759047287
2.864,2.437170807881481,0.426829192118519
1.908,1.6837141978877486,0.22428580211225135
1.75,1.2135480907849052,0.5364519092150948
1.625,1.191348254466837,0.433651745533163
2.401,2.0984030977524473,0.30259690224755253
1.96,1.9098666298949958,0.05013337010500418
1.509,1.7253792648729345,-0.21637926487293457
1.72,1.5972864142043481,0.12271358579565184
0.97,1.1629673494269754,-0.19296734942697547
1.488,1.2289467213070964,0.2590532786929036
1.625,1.9939756223064058,-0.3689756223064058
1.514,1.2626795772727943,0.2513204227272057
1.646,2.203543197088204,-0.5575431970882039
2.05,2.026764487302751,0.023235512697248772
1.985,1.9030735438824442,0.08192645611755589
1.967,2.158338978982922,-0.19133897898292185
0.908,1.138036592682306,-0.23003659268230592
0.986,1.25992100483538,-0.27392100483537996
1.775,2.012676427451801,-0.23767642745180106
1.426,1.9994290217159736,-0.5734290217159737
1.358,1.8177782030755791,-0.45977820307557904
1.36,1.7016157430224845,-0.34161574302248443
1.756,1.991453717975749,-0.235453717975749
1.507,2.096540650342477,-0.5895406503424769
1.219,1.5633693162416458,-0.3443693162416457
1.569,2.260053655508326,-0.691053655508326
1.393,1.672816937641664,-0.27981693764166393
1.658,1.7807604845165563,-0.12276048451655641
1.272,1.2098700647171192,0.0621299352828808
1.217,1.3767875564411547,-0.1597875564411546
1.113,1.6961489010815332,-0.5831489010815332
1.475,1.5444918113125863,-0.0694918113125862
1.717,1.5536335199820996,0.16336648001790044
1.245,1.3539722852778342,-0.10897228527783409
1.313,1.4976234817024192,-0.18462348170241927
1.17,1.470568442578456,-0.30056844257845605
2.138,1.8791995031865056,0.25880049681349426
1.988,1.834544831060737,0.15345516893926292
2.055,2.2152663283155363,-0.1602663283155361
1.66,1.9465949410785628,-0.28659494107856287
2.125,2.292504085536735,-0.16750408553673513
2.537,2.3412536825945063,0.19574631740549364
2.169,1.485597358370288,0.6834026416297121
2.157,1.5476920707659945,0.6093079292340056
2.161,1.5768467933860042,0.5841532066139958
1.585,1.9712463294017466,-0.38624632940174664
2.07,2.155241959874232,-0.085241959874232
1.594,1.6206874027705476,-0.026687402770547486
1.925,1.8263960951820528,0.09860390481794723
2.002,2.386150927246794,-0.384150927246794
1.826,2.0072147517512455,-0.18121475175124546
2.39,1.9353919961917792,0.454608003808221
2.839,2.3521022828857667,0.48689771711423324
2.478,2.458230188806658,0.019769811193342424
2.244,2.631722273647401,-0.38772227364740086
1.114,1.5225871154073356,-0.4085871154073355
1.606,1.7260217370344266,-0.12002173703442653
1.573,1.2161122468050514,0.3568877531949486
1.781,2.897684459043184,-1.116684459043184
2.256,2.126434616672806,0.12956538332719392
2.449,2.0808536490692853,0.36814635093071457
0.875,1.949131848679664,-1.074131848679664
2.375,1.990152514543054,0.3848474854569459
1.357,1.8732495971859053,-0.5162495971859054
2.281,1.9250054232551945,0.3559945767448056
2.145,1.7713950183047438,0.37360498169525624
1.839,1.7164512678920711,0.12254873210792883
1.638,1.8936286047290685,-0.25562860472906856
2.185,2.271425149142336,-0.08642514914233601
2.097,1.9700978889748428,0.12690211102515714
1.96,1.516132427344314,0.443867572655686
0.916,1.3525709280515787,-0.4365709280515787
1.99,1.5738804398617199,0.4161195601382801
1.392,1.9670286217076551,-0.5750286217076552
2.104,2.3231155400660053,-0.2191155400660052
1.633,1.473958855909308,0.15904114409069203
1.328,1.2184406398080263,0.10955936019197376
2.143,1.6075909320812554,0.5354090679187444
1.599,1.644444452863508,-0.04544445286350807
1.585,1.702981745869996,-0.1179817458699961
2.027,2.4838564339728384,-0.45685643397283826
1.932,1.648620865803816,0.283379134196184
1.684,2.535641800977868,-0.8516418009778681
1.746,2.3576929187639775,-0.6116929187639775
1.589,1.226696438476861,0.3623035615231389
1.726,1.528082856846193,0.19791714315380693
1.707,2.251364011143527,-0.5443640111435271
1.714,1.9455573065205791,-0.23155730652057915
1.636,1.9065692717684404,-0.2705692717684405
1.726,1.8086734885811606,-0.08267348858116064
1.539,1.977014165616786,-0.43801416561678597
0.92,1.4097527724536119,-0.4897527724536118
1.175,1.316813442757275,-0.14181344275727503
1.68,1.9468589049618963,-0.26685890496189635
2.478,2.4287226895032283,0.049277310496771864
2.589,2.136843784666819,0.45215621533318107
2.799,2.4530425510306255,0.3459574489693744
2.558,2.4297528525949637,0.12824714740503618
2.403,2.724049498457691,-0.32104949845769104
2.374,3.4085023512256614,-1.0345023512256613
1.719,2.016745212619075,-0.29774521261907494
5.00001,3.3722463931704105,1.627763606829589
2.271,2.1466352056595754,0.12436479434042447
2.796,2.8451050024160165,-0.049105002416016674
3.403,3.255320887542238,0.14767911245776189
2.852,2.9464550968402414,-0.09445509684024156
2.996,2.493076922924846,0.5029230770751538
1.299,1.6203699383632544,-0.32136993836325445
1.542,2.0109956909322393,-0.46899569093223925
1.609,2.0252318027401923,-0.41623180274019234
1.606,2.1725259124441356,-0.5665259124441355
1.577,2.3279411014872906,-0.7509411014872907
1.475,2.2955827478505144,-0.8205827478505143
2.224,2.229245999557171,-0.005245999557170755
2.128,2.3194115223011034,-0.19141152230110325
1.748,1.948619245568819,-0.20061924556881894
1.838,2.458905651329623,-0.6209056513296227
2.067,2.146611878953446,-0.0796118789534459
1.804,1.5164953851277416,0.2875046148722584
1.568,1.7524511091388701,-0.18445110913887008
1.375,1.7512750735083613,-0.3762750735083613
1.353,1.459149216220573,-0.10614921622057305
1.375,1.4819388035040437,-0.10693880350404372
1.372,1.894271669495149,-0.5222716694951488
0.985,1.4156502914574736,-0.4306502914574736
1.5,1.423342188456188,0.0766578115438119
1.363,1.3191690343328162,0.04383096566718381
1.435,1.4894509070492443,-0.05445090704924427
1.137,1.3767446074116974,-0.23974460741169734
1.375,1.0340051043018657,0.34099489569813435
1.911,2.14954853971171,-0.23854853971170975
1.611,1.5567249666448233,0.054275033355176694
1.828,1.9737305975965556,-0.1457305975965555
1.998,1.7181137936985107,0.2798862063014893
1.595,1.2412866326054413,0.3537133673945587
1.905,1.6793437057368497,0.22565629426315037
2.64,2.1965904071223123,0.4434095928776878
0.8,1.1694879065074146,-0.3694879065074146
2.0,2.3146435622812307,-0.3146435622812307
2.75,1.031240207412245,1.718759792587755
1.324,1.3291862993027044,-0.005186299302704311
1.996,2.0348678043166384,-0.03886780431663839
1.866,2.2506495412228444,-0.38464954122284434
3.473,3.820423380580239,-0.3474233805802389
4.441,3.587933582912566,0.853066417087434
3.53,2.001277752350183,1.5287222476498168
2.491,2.2858313423960004,0.20516865760399972
1.77,1.9223074343027764,-0.15230743430277638
1.783,2.257756310373694,-0.47475631037369403
1.225,1.5272734957434637,-0.3022734957434636
1.151,1.5516318205592206,-0.40063182055922053
1.277,1.460608956583623,-0.1836089565836232
1.716,1.7258658428135663,-0.009865842813566283
1.455,1.3693102433054318,0.08568975669456824
1.399,1.8004555920906318,-0.40145559209063175
1.167,1.4144971874244145,-0.2474971874244145
1.143,1.4225009448348878,-0.27950094483488774
1.877,1.6400186317477439,0.23698136825225613
1.463,1.570485766293133,-0.107485766293133
1.27,1.3581310581250787,-0.08813105812507871
1.423,1.6040069677092426,-0.18100696770924252
2.625,1.8440017148504628,0.7809982851495372
1.728,2.1316193757358066,-0.40361937573580664
2.875,2.963156373149154,-0.08815637314915392
1.699,1.9305178403419383,-0.23151784034193823
2.235,2.425771824416182,-0.19077182441618223
1.675,2.4118294723353104,-0.7368294723353104
3.202,2.6089363873770055,0.5930636126229945
2.483,2.443393908698874,0.039606091301126245
3.356,2.5785432840352334,0.7774567159647665
2.399,2.1597538477139473,0.23924615228605273
2.109,2.3054201078902947,-0.19642010789029474
2.226,2.118872129227098,0.10712787077290198
2.259,1.862756287962786,0.396243712037214
2.391,2.467781022988179,-0.0767810229881789
2.21,2.2883207371200553,-0.07832073712005538
1.992,2.23664622403271,-0.24464622403271008
1.667,1.4191653401881978,0.2478346598118022
1.715,2.3694890008084224,-0.6544890008084223
1.672,1.6480445528283638,0.023955447171636113
1.645,1.7011788520259752,-0.05617885202597517
1.702,2.1126069588732603,-0.4106069588732604
2.098,2.4717014355863967,-0.3737014355863968
1.582,1.2030281028139698,0.3789718971860303
1.563,1.1096261044538118,0.4533738955461881
1.729,1.4064495526828937,0.32255044731710636
1.344,1.7165248817927132,-0.37252488179271315
1.482,1.806518816252526,-0.3245188162525261
1.981,1.875298641568803,0.10570135843119699
2.219,0.8621639507955741,1.3568360492044258
1.938,2.581289483277338,-0.6432894832773381
1.899,2.083934189400947,-0.18493418940094708
1.764,1.343904966300401,0.420095033699599
1.0,1.459722461734512,-0.4597224617345119
0.837,1.109888401114529,-0.27288840111452894
0.588,1.6078353328226063,-1.0198353328226064
0.987,1.2480140262878057,-0.2610140262878057
1.165,1.551599744888479,-0.38659974488847904
1.271,1.29519884912686,-0.0241988491268601
1.107,1.010596568848125,0.09640343115187489
0.618,1.0493232421895589,-0.43132324218955886
2.174,1.9658875098728237,0.20811249012717625
2.318,1.6927502241665258,0.6252497758334743
1.872,1.6091184884622696,0.26288151153773054
2.229,1.5287042053628779,0.7002957946371222
3.086,2.8923728288728983,0.1936271711271016
2.746,2.66659600468102,0.07940399531897979
1.691,1.9324273334478315,-0.2414273334478314
2.406,2.814909463444668,-0.40890946344466794
2.489,2.533118787756904,-0.044118787756904254
3.003,2.7845506705256513,0.2184493294743488
2.599,2.6105257224714693,-0.011525722471469102
2.931,2.796220170792985,0.13477982920701503
2.145,2.2453855694958014,-0.10038556949580135
2.061,1.8703846639111656,0.1906153360888343
5.00001,2.6598675727277303,2.3401424272722693
5.00001,1.7694851643654073,3.2305248356345926
5.00001,2.9552242463755247,2.044785753624475
5.00001,4.467900558819132,0.532109441180868
5.00001,3.222488132512476,1.7775218674875237
5.00001,2.4877706089749623,2.5122393910250373
5.00001,2.9439550252256637,2.056054974774336
5.00001,2.427838835641859,2.5721711643581404
3.5,2.817002761252392,0.6829972387476082
5.00001,3.3835397193259085,1.6164702806740912
5.00001,2.2349935073536367,2.765016492646363
4.333,2.569602951197194,1.7633970488028061
5.00001,3.7905431828242513,1.2094668171757483
5.00001,3.2666640601263355,1.7333459398736641
4.125,2.9133633386934026,1.2116366613065974
2.5,4.058003099639406,-1.5580030996394063
3.75,2.35480870861662,1.3951912913833802
3.0,1.996970190108464,1.003029809891536
1.688,2.2529244356806415,-0.5649244356806415
4.0,2.4867795122588445,1.5132204877411555
2.438,1.9808174084036994,0.4571825915963008
4.5,1.384754877876723,3.115245122123277
5.00001,3.5614142937707634,1.4385957062292363
3.5,2.594045250390058,0.905954749609942
3.8,2.3796428112684263,1.4203571887315736
5.00001,2.9209532830522638,2.079056716947736
4.5,2.9226842165697335,1.5773157834302665
4.583,2.0715817980970432,2.511418201902957
4.2,2.560993053501216,1.639006946498784
2.875,2.189406107249448,0.685593892750552
2.25,2.212099546265283,0.037900453734716955
4.0,2.069959306843115,1.9300406931568852
2.75,2.264293134589235,0.4857068654107648
5.00001,2.409737552951983,2.5902724470480165
5.00001,2.5597159000940275,2.440294099905972
3.5,2.6119560000103457,0.8880439999896543
2.25,1.9512483471047968,0.2987516528952032
0.55,1.8160985609795957,-1.2660985609795956
5.00001,1.6229428932232688,3.377067106776731
5.00001,2.9225545385831833,2.0774554614168164
4.5,1.9163452400035226,2.5836547599964774
2.375,1.9479040190626984,0.4270959809373016
5.00001,2.6269488478442957,2.373061152155704
2.75,2.3543722602428296,0.39562773975717036
2.25,2.0884821118061563,0.16151788819384372
2.25,1.9978973878648212,0.2521026121351788
5.00001,2.128263294580769,2.8717467054192305
5.00001,1.4625993527072825,3.537410647292717
5.00001,2.5885723226892425,2.411437677310757
5.00001,2.6724297116349573,2.3275802883650423
5.00001,2.9410158456388054,2.0589941543611943
5.00001,3.0299022202104755,1.9701077797895241
5.00001,2.8491980865178834,2.150811913482116
5.00001,3.241830225875395,1.7581797741246046
5.00001,3.0032703551627913,1.9967396448372083
5.00001,2.531226870505814,2.4687831294941858
5.0,2.3372818038239753,2.6627181961760247
5.00001,3.024739362485878,1.9752706375141216
5.00001,4.212091342237635,0.7879186577623649
5.00001,3.23848223828122,1.7615277617187797
5.00001,2.862853097534706,2.1371569024652937
4.667,2.8584651154269167,1.808534884573083
4.0,2.9374172024612317,1.0625827975387683
5.0,2.5492933598264944,2.4507066401735056
4.75,2.804631692805101,1.945368307194899
5.0,2.452722964321236,2.547277035678764
5.00001,2.783057250562452,2.2169527494375476
5.00001,2.8806704615374246,2.119339538462575
5.0,3.154228739905164,1.845771260094836
5.00001,3.584864093591878,1.4151459064081218
5.00001,2.96873550598201,2.0312744940179894
5.00001,3.0829647634579804,1.9170452365420192
5.00001,2.830743655802144,2.1692663441978555
5.00001,2.701883471965949,2.2981265280340506
5.00001,4.1972762309731575,0.8027337690268421
5.00001,3.6194427369781295,1.3805672630218702
5.00001,3.1916754028169168,1.8083345971830829
5.00001,5.276155069330871,-0.27614506933087135
5.00001,4.369601590191692,0.6304084098083074
5.00001,7.172453892115595,-2.172443892115595
5.00001,5.03976512058046,-0.03975512058046071
5.00001,3.333073035415535,1.6669369645844645
4.25,1.761569002656243,2.488430997343757
5.00001,5.41435816313879,-0.41434816313878997
5.00001,6.754927170022896,-1.754917170022896
5.00001,3.179209153746161,1.8208008462538388
5.00001,2.863814447743983,2.1361955522560168
5.00001,2.9435956289621688,2.056414371037831
5.00001,3.7650779262420757,1.234932073757924
5.00001,2.990765290770076,2.0092447092299235
5.00001,2.987764784315333,2.0122452156846666
0.875,2.3548087292421167,-1.4798087292421167
1.175,2.3087791799237407,-1.1337791799237407
5.00001,2.332679742565066,2.6673302574349336
5.00001,2.599233044352836,2.4007769556471636
4.6,2.953608475419317,1.6463915245806828
5.00001,2.9753829630304156,2.024627036969584
4.688,2.792870576432973,1.8951294235670266
5.0,2.603187347913812,2.396812652086188
3.722,2.3026403550005634,1.4193596449994366
3.333,2.3633174862577873,0.9696825137422129
5.00001,2.576221761454433,2.4237882385455665
5.00001,3.0646753575953696,1.93533464240463
4.5,2.1182954515958583,2.3817045484041417
2.2,1.3576628418371988,0.8423371581628014
2.375,1.604726598848686,0.7702734011513139
4.944,2.5984649983861514,2.3455350016138485
3.553,2.74739392948962,0.8056060705103798
4.0,3.2596526420478624,0.7403473579521376
4.923,2.5297888377708997,2.3932111622291004
2.8,2.271328592494968,0.5286714075050316
4.125,2.5935686768892943,1.5314313231107057
3.227,2.800047126026559,0.4269528739734407
4.283,2.267557026551878,2.0154429734481223
4.184,2.5642191646845394,1.6197808353154608
1.469,1.6826260003458482,-0.2136260003458481
3.5,2.33978723150961,1.16021276849039
4.714,2.5805709950611764,2.133429004938824
3.417,2.3813214508371887,1.035678549162811
3.462,2.0922961477561275,1.3697038522438727
2.938,2.2763112402472228,0.6616887597527774
2.875,2.022903114965726,0.8520968850342738
2.75,2.415472367502387,0.33452763249761297
1.875,2.298659442157567,-0.4236594421575668
0.725,1.5026158051667475,-0.7776158051667476
1.15,1.2833927591532654,-0.13339275915326554
1.125,1.3527630327827633,-0.22776303278276333
2.75,2.373940921394774,0.376059078605226
1.875,2.1215755259191362,-0.24657552591913623
1.775,1.4510249558851456,0.32397504411485434
3.167,2.0742932330129613,1.0927067669870385
4.429,2.323041451849188,2.105958548150812
4.25,2.3850102926116263,1.8649897073883737
4.75,2.1967126273000743,2.5532873726999257
3.643,1.9067307833385816,1.7362692166614182
3.5,2.502279806621204,0.9977201933787958
5.00001,2.4437285860126012,2.5562814139873984
5.00001,2.443856521006502,2.5561534789934974
5.00001,2.59433705418725,2.4056729458127495
5.0,2.811665625746091,2.188334374253909
5.0,2.4477770356554434,2.5522229643445566
4.929,2.5079253450572163,2.421074654942784
3.357,2.4859831996345636,0.8710168003654366
4.0,2.910981611794026,1.0890183882059739
4.889,2.475254607027628,2.4137453929723724
4.389,2.38689688613693,2.00210311386307
2.5,2.220970719565384,0.27902928043461594
4.5,2.3865837854887233,2.1134162145112767
3.667,2.3359818525679277,1.3310181474320721
4.125,2.2012933985991046,1.9237066014008954
3.375,2.101996598285351,1.2730034017146492
2.227,2.4851556185016657,-0.2581556185016658
3.545,2.2587541568475693,1.2862458431524306
4.188,2.6239928431868003,1.5640071568131995
4.769,3.2562993960696263,1.5127006039303739
4.0,2.9293025640159724,1.0706974359840276
4.559,3.836632716981034,0.7223672830189662
5.00001,2.918079047404045,2.081930952595955
5.00001,2.8779514239917634,2.122058576008236
5.00001,2.974885217799478,2.0251247822005216
4.5,2.9673624265486644,1.5326375734513356
5.00001,2.5591771770929643,2.4408328229070353
5.00001,2.953301560334597,2.0467084396654025
0.55,1.7391644887317346,-1.1891644887317345
3.75,1.9739313575483395,1.7760686424516605
3.5,3.148003317007028,0.35199668299297215
2.75,2.409401353474453,0.34059864652554683
1.938,2.238804540751989,-0.30080454075198904
3.5,2.190010202717912,1.3099897972820882
2.5,2.717882368459787,-0.21788236845978703
0.325,2.042102216427155,-1.7171022164271552
2.75,2.817679539931622,-0.06767953993162212
1.875,2.3947751028503443,-0.5197751028503443
3.5,3.024238652949245,0.4757613470507551
2.5,1.8243819713545752,0.6756180286454248
1.125,2.055638487608425,-0.9306384876084248
2.25,3.046860197240063,-0.7968601972400631
1.625,2.2159041818610064,-0.5909041818610064
3.125,1.8548638504482784,1.2701361495517216
2.25,1.6875162088978723,0.5624837911021277
3.5,2.331304405986274,1.1686955940137258
3.25,2.252983533077053,0.9970164669229469
2.5,2.2101431363781705,0.2898568636218295
2.75,2.681695874890281,0.06830412510971895
2.5,2.6708819950982745,-0.1708819950982745
3.5,2.288896503133727,1.211103496866273
3.616,2.859222664901834,0.7567773350981661
3.861,2.8369289980135317,1.0240710019864685
3.162,2.7660037715667833,0.3959962284332166
4.231,2.7062888969192347,1.5247111030807652
3.766,3.2699801581023706,0.4960198418976294
5.00001,3.326659655390166,1.6733503446098337
3.7,2.520382469929065,1.179617530070935
3.7,2.689649812639004,1.0103501873609964
4.054,3.1530178245166787,0.9009821754833216
4.273,2.654597838466411,1.6184021615335888
5.00001,3.0221521168875274,1.9778578831124722
4.554,2.831827983929692,1.7221720160703082
3.864,2.4721787129127226,1.3918212870872773
2.7,2.5730460680933716,0.12695393190662863
3.912,2.6077681995135764,1.3042318004864235
4.9,2.1754004612608746,2.7245995387391257
2.25,2.093811498455906,0.15618850154409403
2.667,2.248495688905259,0.4185043110947406
2.65,1.9318555851872197,0.7181444148127802
2.125,1.7292991209626294,0.3957008790373706
2.5,2.0672522638670463,0.4327477361329537
2.625,2.538468551833191,0.08653144816680891
2.75,2.1304046643141703,0.6195953356858297
2.5,2.1538318599213033,0.3461681400786967
3.0,2.285291907526797,0.7147080924732032
4.0,2.597280713804283,1.4027192861957172
4.0,2.3638477708141226,1.6361522291858774
2.75,2.365200525603848,0.3847994743961518
3.968,2.553902445581822,1.414097554418178
3.556,2.832888050000326,0.7231119499996739
3.879,2.7340608885202986,1.1449391114797014
4.375,2.8344240180747176,1.5405759819252824
3.556,3.107361500422274,0.44863849957772617
3.75,2.710671388211183,1.0393286117888172
3.689,2.8238298114745266,0.8651701885254734
3.837,2.6289098095031895,1.2080901904968107
3.388,2.7282644062721273,0.6597355937278726
3.804,3.1784727043885814,0.6255272956114184
3.475,2.578319838646575,0.8966801613534252
3.622,3.1272331557297894,0.49476684427021045
3.477,2.6971461699458996,0.7798538300541002
3.06,2.4866937905897917,0.5733062094102084
3.257,3.047473345417795,0.2095266545822052
3.281,2.388939300611872,0.8920606993881282
3.243,3.198708837169343,0.044291162830656816
3.259,2.6230049936571502,0.6359950063428497
3.561,3.035284417773609,0.525715582226391
4.097,2.707896589528941,1.3891034104710593
3.919,2.5396281513868777,1.3793718486131223
2.949,2.9849433542280703,-0.03594335422807049
3.5,2.7623093773721523,0.7376906226278477
3.31,3.0089484041998995,0.30105159580010055
3.331,2.6589398144521423,0.6720601855478576
3.009,3.2942002911509505,-0.2852002911509506
2.989,3.1552490892903515,-0.16624908929035165
3.108,3.1604660577813486,-0.052466057781348496
4.5,1.7942725808973699,2.7057274191026304
2.083,2.8449959138079803,-0.7619959138079802
1.625,2.457103614821824,-0.8321036148218242
2.909,2.731004375545308,0.17799562445469164
3.216,2.88720857870243,0.32879142129757
2.537,2.5584952771423235,-0.021495277142323577
2.433,2.1909696262325538,0.24203037376744607
2.983,2.7660920579636192,0.21690794203638086
3.2,2.899309137900357,0.30069086209964313
2.773,2.864525968625955,-0.09152596862595486
2.625,1.8063970715163389,0.8186029284836611
2.391,2.3265273350512903,0.06447266494870973
2.603,2.2100993132210927,0.39290068677890755
2.333,2.505074320973775,-0.17207432097377495
2.25,2.3876278724173914,-0.13762787241739138
3.25,2.170897068506963,1.0791029314930372
3.0,2.2849152894071745,0.7150847105928255
2.65,2.505417575990488,0.1445824240095117
2.146,1.9429810399510827,0.20301896004891717
2.29,2.1112499369084734,0.17875006309152663
2.539,2.431047385614732,0.10795261438526804
2.3,2.8597769114758442,-0.5597769114758444
2.553,2.1352440592962885,0.41775594070371147
1.781,2.006717370228378,-0.2257173702283779
2.361,2.10845323484176,0.25254676515824004
2.063,1.8221286245330408,0.24087137546695936
2.01,1.9907971925376617,0.019202807462338045
2.173,2.7273500918327667,-0.5543500918327666
2.254,2.364220437241161,-0.11022043724116104
2.118,2.02061015428883,0.09738984571116971
1.404,1.3542589459740833,0.049741054025916664
2.034,1.2832744278884152,0.7507255721115846
1.853,1.8360435916596203,0.016956408340379703
1.875,1.9003862170190022,-0.025386217019002233
1.938,1.74833742475579,0.18966257524421004
1.938,1.7362330360455527,0.20176696395444726
1.951,1.8295302642071756,0.1214697357928245
1.92,2.1015497439370527,-0.1815497439370528
1.89,2.2124202577077856,-0.3224202577077857
1.993,2.076116976488156,-0.08311697648815586
2.063,1.2389710327288495,0.8240289672711507
1.923,2.455120960956811,-0.5321209609568109
1.813,2.047476644119296,-0.23447664411929625
2.759,2.58914215669373,0.16985784330627007
2.708,2.6644280243768144,0.04357197562318582
2.552,2.7776296324312373,-0.22562963243123724
2.547,2.4923027483872824,0.05469725161271777
2.849,2.576146662385719,0.272853337614281
3.35,2.558365510604915,0.7916344893950851
2.49,1.824679289564152,0.6653207104358483
2.508,3.3073094050208196,-0.7993094050208196
2.713,2.790664623337283,-0.07766462333728308
2.799,2.766145737123619,0.032854262876381046
2.813,2.6574162625003535,0.1555837374996467
2.639,2.4126450537484114,0.22635494625158836
2.75,2.578804901983882,0.17119509801611787
2.409,2.6551759995613744,-0.2461759995613746
2.296,2.430359839376955,-0.1343598393769554
2.3,2.5032367537645968,-0.20323675376459693
2.464,2.257583346849962,0.206416653150038
2.409,2.4722969390390674,-0.06329693903906763
2.586,2.0875549161207303,0.49844508387926956
2.43,2.9105815883646384,-0.48058158836463827
2.923,2.406510037630375,0.5164899623696249
2.632,3.037282990911626,-0.4052829909116258
2.64,2.716158202252445,-0.07615820225244496
2.755,2.5463939533927658,0.20860604660723414
2.598,2.584238141693039,0.01376185830696075
2.672,2.8169618331859256,-0.14496183318592548
2.7,2.891265989221417,-0.1912659892214168
2.619,3.262139320330453,-0.643139320330453
2.294,2.69341430499835,-0.39941430499834985
2.793,2.751852007525799,0.04114799247420109
2.545,2.718759218551064,-0.1737592185510639
2.409,2.7339888991998813,-0.3249888991998815
2.302,2.400196413838569,-0.09819641383856892
2.387,2.466575802800758,-0.07957580280075804
2.33,2.0640959904520546,0.26590400954794546
2.713,2.544207476473639,0.1687925235263612
2.725,2.5417923223770593,0.18320767762294077
2.503,2.696128109820925,-0.193128109820925
2.194,2.767125987386716,-0.573125987386716
2.393,1.8786884607406171,0.5143115392593827
2.762,2.4517314895691324,0.31026851043086756
2.429,2.9065512607221162,-0.4775512607221164
2.362,2.504619107317881,-0.14261910731788108
2.447,2.5707678678599697,-0.12376786785996963
2.526,2.5078180352853985,0.018181964714601317
2.54,2.5365875837954137,0.0034124162045863216
2.505,2.612185178395534,-0.10718517839553421
2.52,2.618136678882747,-0.09813667888274713
2.42,2.296954580589078,0.12304541941092184
2.518,2.6662847301453025,-0.14828473014530275
2.226,2.3198548942081008,-0.09385489420810078
2.65,2.5698434322512935,0.08015656774870639
2.685,2.696356908644508,-0.01135690864450778
2.618,2.794939205577996,-0.17693920557799592
2.6,2.5622899561009365,0.03771004389906363
2.706,2.811155358873931,-0.1051553588739309
2.616,2.6264683685362353,-0.010468368536235229
2.436,2.6453502469663497,-0.20935024696634974
2.462,2.7650764123218305,-0.30307641232183036
2.316,2.618160439564264,-0.3021604395642643
2.669,2.749062192038741,-0.08006219203874076
2.665,2.654307890499413,0.010692109500586966
2.556,2.354202392798319,0.20179760720168094
2.477,2.615477558327088,-0.13847755832708808
2.515,2.742298387457613,-0.22729838745761288
2.489,3.250147019138164,-0.7611470191381642
2.641,2.9026804405087994,-0.26168044050879935
2.51,2.385706482451819,0.12429351754818097
2.191,2.1771707177766295,0.01382928222337032
2.38,2.168277283783639,0.21172271621636085
2.263,2.4395318026008725,-0.17653180260087264
1.819,1.3835519622822248,0.4354480377177752
2.139,3.0317934321433007,-0.8927934321433009
2.178,2.5020726636611945,-0.3240726636611946
2.183,2.573957724763904,-0.3909577247639042
2.419,2.784251273685804,-0.365251273685804
2.786,2.656510734907556,0.12948926509244396
4.143,2.5550051675718017,1.587994832428198
4.357,2.6225593780398233,1.734440621960177
3.9,2.8024795794025428,1.0975204205974571
5.0,2.419655410816928,2.580344589183072
3.677,3.2547126229257177,0.4222873770742823
3.742,2.6818264074305,1.0601735925695
4.065,2.4072301082886716,1.6577698917113288
3.596,2.2386416958433495,1.3573583041566506
3.457,2.436135898607263,1.0208641013927369
3.067,2.7248486965168848,0.3421513034831154
3.296,2.252323113144085,1.043676886855915
3.3,2.3954186264387154,0.9045813735612844
3.5,2.41169303849274,1.0883069615072598
3.38,2.4687576236285804,0.9112423763714195
3.61,2.757244435857543,0.8527555641424569
3.57,2.630008474332948,0.9399915256670517
3.663,3.2303030388647733,0.4326969611352265
4.203,2.9656894571048253,1.237310542895175
3.586,2.834482760829215,0.7515172391707847
5.00001,3.302128355913906,1.6978816440860935
5.00001,5.345056547373812,-0.345046547373812
5.00001,4.833465601806461,0.1665443981935386
3.817,3.4837790712196575,0.3332209287803427
3.374,2.9049046992746748,0.46909530072532535
3.336,2.7332964365355137,0.6027035634644862
3.49,3.3155052492877832,0.17449475071221698
3.226,2.89354794587121,0.33245205412878986
3.134,2.1667729562872005,0.9672270437127994
3.94,3.6448962999044534,0.29510370009554654
3.495,2.7783537637173037,0.7166462362826964
4.31,3.5102896628238924,0.7997103371761072
3.351,3.014996706313512,0.33600329368648785
3.136,3.254345631041464,-0.11834563104146367
3.468,3.401212503726513,0.0667874962734869
4.169,3.129375044428309,1.0396249555716905
5.00001,5.494902591052102,-0.4948925910521025
5.00001,4.1978948236687605,0.8021151763312391
3.636,3.362760125867138,0.2732398741328623
3.656,3.0394321278305987,0.6165678721694015
5.00001,4.094126281307815,0.9058837186921842
4.268,4.234222916554639,0.03377708344536057
4.052,3.6499874287640366,0.402012571235963
4.846,3.261841298778564,1.584158701221436
5.00001,5.35667394008894,-0.3566639400889402
5.00001,5.424280887425264,-0.42427088742526475
3.99,3.41276501032511,0.5772349896748903
3.941,3.7289314802020064,0.21206851979799346
3.351,3.1133106354657567,0.23768936453424327
3.442,3.112904131957994,0.32909586804200597
2.755,2.9655192612267722,-0.21051926122677234
2.614,2.6276519150310964,-0.013651915031096529
2.662,2.3041672567474225,0.3578327432525774
2.642,3.182818556188916,-0.540818556188916
2.692,2.762152105459986,-0.07015210545998585
2.319,2.814148132942925,-0.49514813294292503
2.193,2.8526894129012854,-0.6596894129012854
2.212,2.855100608387702,-0.643100608387702
2.25,2.5586582166627174,-0.3086582166627174
2.386,2.419383615766836,-0.033383615766835906
2.286,2.7682344867799946,-0.4822344867799946
2.215,2.3675612503639183,-0.15256125036391843
2.441,2.6010025806770614,-0.16000258067706152
2.32,2.086435202487232,0.2335647975127677
2.379,2.7230616521018467,-0.3440616521018467
2.394,2.459615239723532,-0.06561523972353189
2.393,2.032257825921847,0.3607421740781529
2.467,2.245612065405745,0.22138793459425488
2.597,2.8920348815081693,-0.29503488150816937
2.289,2.0950295539471973,0.1939704460528029
2.216,2.7333582074212703,-0.5173582074212701
2.195,2.810135945506989,-0.6151359455069891
2.25,2.2066387254570405,0.04336127454295946
2.118,2.198371272911979,-0.08037127291197921
3.486,2.7281625662772484,0.7578374337227518
3.321,2.45717654749785,0.86382345250215
3.238,2.7010799238372005,0.5369200761627995
3.221,2.770258380340845,0.45074161965915494
3.313,2.707079906028123,0.6059200939718772
3.361,2.881729129729738,0.47927087027026216
3.398,3.388253424081061,0.009746575918939016
3.296,2.497752786660998,0.798247213339002
3.312,2.498392452075731,0.8136075479242688
3.327,2.629334589125398,0.6976654108746021
3.398,2.4645470810252323,0.9334529189747678
3.536,2.760089083358127,0.7759109166418732
3.231,2.785168770944929,0.445831229055071
3.184,2.853360437494347,0.3306395625056533
3.176,2.8416455683239716,0.3343544316760285
3.118,2.6063970389208015,0.5116029610791983
3.292,2.8233397990487443,0.4686602009512555
3.147,2.6227363504536614,0.5242636495463384
3.31,3.019719297338366,0.29028070266163386
3.202,2.542508301442503,0.6594916985574968
3.085,2.5347606462268724,0.5502393537731276
2.978,2.9909087749963454,-0.01290877499634524
3.191,2.5714760689736647,0.6195239310263352
3.212,2.4989517073459444,0.7130482926540558
3.238,2.993699691081583,0.24430030891841703
3.213,2.4729198361065197,0.7400801638934804
3.231,2.688275619567963,0.5427243804320367
3.143,2.7655248439850557,0.3774751560149441
3.35,2.6207993251795765,0.7292006748204236
4.385,3.5106810606391106,0.8743189393608892
3.408,2.5461787871927717,0.8618212128072282
3.177,2.837558033982627,0.3394419660173731
3.152,2.967234264676436,0.18476573532356433
5.00001,3.0453753667807137,1.9546346332192859
3.715,3.1019739670854514,0.6130260329145485
3.694,3.0406408480852116,0.6533591519147883
4.333,2.412584469565012,1.9204155304349881
4.062,3.1434393044422064,0.9185606955577938
3.5,2.3335911127573654,1.1664088872426346
3.5,2.4398413447584146,1.0601586552415854
4.0,2.6175717564009555,1.3824282435990445
1.875,2.791056041338985,-0.9160560413389849
1.125,2.4725114976230222,-1.3475114976230222
3.077,2.593530178697659,0.4834698213023412
3.162,2.290167412686584,0.8718325873134161
2.956,2.693363036122714,0.2626369638772861
2.963,2.633661527144805,0.3293384728551949
2.788,2.854830286082267,-0.06683028608226715
2.915,2.7365326432541868,0.17846735674581327
2.832,2.684033898495733,0.14796610150426703
2.689,2.260661521342922,0.4283384786570781
2.742,2.332875268072887,0.40912473192711296
2.608,2.3920363048185957,0.21596369518140435
2.841,2.8092530988204225,0.03174690117957768
2.723,2.407304546249141,0.31569545375085895
2.702,2.8531612434514595,-0.15116124345145954
2.718,2.4184221061908944,0.2995778938091056
2.722,2.6544676601383683,0.06753233986163165
2.863,2.1820304608785706,0.6809695391214294
2.978,2.4861829198338232,0.491817080166177
2.966,2.5360842781536936,0.42991572184630655
3.0,3.3273449800260733,-0.32734498002607326
2.757,2.4682080071037333,0.2887919928962668
2.757,2.6167987536312105,0.1402012463687896
2.724,2.6556493507369447,0.06835064926305545
2.728,2.7252593524243514,0.002740647575648847
2.737,2.6922623294743246,0.044737670525675455
2.681,2.8876729158775487,-0.20667291587754866
2.711,2.7289547437378596,-0.01795474373785977
5.00001,2.663217730018746,2.3367922699812538
3.5,2.376897758121474,1.123102241878526
3.5,2.356111457713833,1.143888542286167
5.00001,2.5763436193464413,2.4236663806535583
5.00001,2.6693057232010142,2.3307042767989854
3.071,2.2554707630841184,0.8155292369158818
4.167,2.6273127946657393,1.5396872053342605
5.00001,3.0643755403154715,1.935634459684528
5.00001,2.3006045521447276,2.699405447855272
4.833,2.6752588344440764,2.1577411655559238
4.433,2.5151560507007216,1.9178439492992783
3.964,2.810938406471873,1.1530615935281268
3.75,2.405213929975793,1.344786070024207
4.578,2.808284687823604,1.7697153121763964
3.353,2.341589919451625,1.0114100805483752
3.229,2.3288427871939392,0.9001572128060609
3.522,2.5623964624950624,0.9596035375049374
5.00001,4.7395826198911095,0.2604273801088901
5.00001,3.454023250194447,1.5459867498055528
5.00001,5.221786252504949,-0.2217762525049496
3.768,2.5338993034244544,1.2341006965755454
4.417,2.461741451875546,1.955258548124454
3.75,2.5073734774139473,1.2426265225860527
3.607,2.280847695929082,1.3261523040709182
4.029,2.6942092161098943,1.3347907838901056
3.984,2.7742000205085566,1.2097999794914434
4.213,2.657544332372406,1.555455667627594
4.469,2.4351491912215795,2.033850808778421
4.224,2.3725198651743193,1.8514801348256809
4.146,2.6687746393735416,1.4772253606264583
4.047,2.719418675164805,1.3275813248351946
3.667,2.637449178269665,1.0295508217303349
3.372,2.4991342808384847,0.8728657191615152
3.938,2.770140480893569,1.1678595191064312
3.485,2.7336212751729434,0.7513787248270565
3.464,2.491802871094195,0.9721971289058051
3.114,2.5587335726936424,0.5552664273063574
3.291,2.3363830434691457,0.9546169565308542
3.563,2.306398272321881,1.256601727678119
3.692,2.558568331937905,1.1334316680620953
3.595,2.7266736315335613,0.8683263684664388
3.185,2.152416683637549,1.0325833163624512
3.284,2.4921107174203487,0.7918892825796511
5.00001,2.779738899080656,2.2202711009193434
3.485,2.5483521286306114,0.9366478713693884
3.247,2.797178208185846,0.4498217918141538
3.367,3.1461790500751614,0.22082094992483858
3.229,2.55150226851236,0.67749773148764
3.328,2.6017706348245424,0.7262293651754574
3.511,2.953155391617628,0.5578446083823723
3.422,2.6758450813479313,0.7461549186520688
3.222,2.255385204916647,0.9666147950833528
5.00001,2.279035087897075,2.7209749121029247
5.00001,7.142860552613083,-2.1428505526130834
3.189,2.4681472017176564,0.7208527982823436
2.128,1.5436956310265622,0.584304368973438
1.804,1.8670112803552648,-0.06301128035526471
2.25,5.361493812370921,-3.111493812370921
2.25,3.2541474876651852,-1.0041474876651852
2.071,2.674588383599989,-0.6035883835999889
2.237,2.3465861587032366,-0.10958615870323651
0.525,0.8252845226272985,-0.30028452262729843
0.525,1.0242365642948918,-0.4992365642948918
0.633,1.056148273450867,-0.4231482734508669
1.125,1.2287435036222367,-0.10374350362223672
0.75,1.1726519500496217,-0.42265195004962175
0.875,0.6619348601970017,0.21306513980299835
0.45,1.2428911576262325,-0.7928911576262325
0.225,1.3400117573706538,-1.1150117573706537
0.768,1.0695987413663686,-0.30159874136636855
0.776,1.36319166616732,-0.58719166616732
1.102,1.117758687811505,-0.0157586878115048
1.031,1.1341897830236216,-0.1031897830236217
0.923,1.1727863750366443,-0.24978637503664425
1.104,0.871738082190568,0.23226191780943206
1.051,1.828060914927381,-0.777060914927381
0.974,1.212028363329108,-0.23802836332910804
1.076,1.6963439177593256,-0.6203439177593255
0.926,1.710281948417119,-0.784281948417119
0.66,1.0620324108948112,-0.4020324108948111
0.613,1.0244628983217794,-0.4114628983217794
0.59,1.2267215465789674,-0.6367215465789674
0.546,1.2132511317566688,-0.6672511317566687
0.52,1.1101078663297024,-0.5901078663297024
0.568,1.0129854008117218,-0.4449854008117219
0.527,1.180117993444857,-0.6531179934448569
0.425,1.0007595508798814,-0.5757595508798814
0.638,1.2256213395411293,-0.5876213395411293
0.43,0.9116350830800584,-0.48163508308005837
0.45,1.3105015966679918,-0.8605015966679919
0.608,0.9503209949799982,-0.34232099497999824
0.675,1.5491612607865206,-0.8741612607865206
0.55,1.4111913377340777,-0.8611913377340776
1.184,1.8495396191512163,-0.6655396191512164
0.872,1.7113991837172575,-0.8393991837172575
0.881,1.195348006004096,-0.31434800600409596
0.803,1.4145827580111234,-0.6115827580111234
0.594,1.157767569163156,-0.563767569163156
0.621,1.182867480518841,-0.5618674805188411
0.5,1.042715848220921,-0.5427158482209209
0.946,1.7830126949986749,-0.8370126949986749
1.137,1.501861653522237,-0.3648616535222371
0.939,1.5254687011605896,-0.5864687011605897
2.474,1.7908252797758544,0.6831747202241458
1.899,2.421589215080803,-0.5225892150808029
0.941,1.5426994403348364,-0.6016994403348365
0.846,1.677624462163417,-0.8316244621634171
0.916,1.7259566988889614,-0.8099566988889614
0.878,1.7180931051058295,-0.8400931051058295
0.888,1.5596043568123439,-0.6716043568123439
0.926,1.2486307117941733,-0.32263071179417324
0.874,1.8156539031593617,-0.9416539031593617
0.908,1.2716021634107362,-0.36360216341073615
1.415,1.6397379744808134,-0.22473797448081334
1.136,2.0706217445508304,-0.9346217445508305
1.837,2.368096495141308,-0.531096495141308
1.231,1.8153784811165319,-0.5843784811165318
0.654,1.4448329943260934,-0.7908329943260933
0.988,1.0873722172041878,-0.09937221720418776
0.767,1.4766147333076196,-0.7096147333076196
0.983,2.113546002984969,-1.130546002984969
1.054,1.31990295696493,-0.26590295696493005
0.906,1.7474596480488638,-0.8414596480488638
0.813,1.0663252972214683,-0.25332529722146835
0.875,1.4035925395353417,-0.5285925395353417
0.938,1.3681847889149619,-0.4301847889149619
0.557,1.6180410285924065,-1.0610410285924066
0.557,1.19822638451895,-0.64122638451895
0.7,1.36425613548944,-0.6642561354894401
0.728,1.4368468240600691,-0.7088468240600692
0.699,1.2735455132925628,-0.5745455132925629
0.752,1.031295801706321,-0.27929580170632096
0.544,0.8069320770255066,-0.2629320770255066
0.636,1.4333294267721857,-0.7973294267721857
0.527,1.2006276945850922,-0.6736276945850922
0.542,1.4722450124687843,-0.9302450124687842
0.542,0.8000576899840595,-0.2580576899840594
0.483,0.9524187278191141,-0.4694187278191141
0.505,1.3571493264628778,-0.8521493264628778
0.631,1.11911686575811,-0.4881168657581101
0.623,1.3334517055959898,-0.7104517055959898
0.698,1.5191777368167476,-0.8211777368167477
0.75,1.1525805758272902,-0.40258057582729023
0.635,0.9884082516079307,-0.35340825160793066
0.553,1.1594646910381208,-0.6064646910381207
0.593,1.0783875903278428,-0.48538759032784284
0.62,1.2514289840839217,-0.6314289840839217
0.54,0.8807238891531093,-0.34072388915310925
0.628,1.3208621915568015,-0.6928621915568015
0.683,1.2121316937414206,-0.5291316937414206
0.577,1.0483977855264035,-0.47139778552640355
0.622,1.1696973297687348,-0.5476973297687348
0.638,1.7567386096269832,-1.1187386096269831
0.659,0.9336156657669643,-0.2746156657669643
1.136,1.2040049484528281,-0.06800494845282823
0.65,0.9548673900055171,-0.3048673900055171
0.559,1.233767911360946,-0.674767911360946
0.483,1.1085440416731744,-0.6255440416731745
0.53,0.8891566099350912,-0.35915660993509113
0.517,1.1702494584566279,-0.6532494584566279
0.612,1.0801562353834804,-0.4681562353834804
0.567,1.1239324698157873,-0.5569324698157874
0.603,1.2179939349309208,-0.6149939349309208
0.577,1.1693368423544455,-0.5923368423544455
0.591,1.4277932011665895,-0.8367932011665895
0.618,1.412845329087755,-0.794845329087755
0.678,1.1011619165442716,-0.4231619165442716
0.616,1.2857917406113482,-0.6697917406113482
0.731,1.3664082802542143,-0.6354082802542144
0.659,0.975217624937665,-0.3162176249376649
0.814,1.1620646624717903,-0.34806466247179035
0.739,0.98887424385272,-0.24987424385272006
0.804,0.8626719552764197,-0.05867195527641966
0.672,1.2992971320905113,-0.6272971320905113
0.577,1.488638683883261,-0.9116386838832611
0.572,0.9993094468488897,-0.4273094468488897
0.592,0.9762979471341691,-0.3842979471341691
0.892,1.3568089608338916,-0.46480896083389156
0.584,1.2760141446856172,-0.6920141446856173
0.564,1.0412629233351565,-0.4772629233351565
0.721,1.2866650065102907,-0.5656650065102907
0.66,1.0910604031426425,-0.4310604031426425
0.857,1.0376694951835201,-0.18066949518352016
2.258,2.2577226655956393,0.00027733440436072954
1.524,1.7008255168788535,-0.1768255168788535
1.238,1.4914504692446147,-0.2534504692446147
2.42,4.09344568804135,-1.6734456880413502
0.944,1.6333779311273426,-0.6893779311273427
1.733,1.9208863395591833,-0.1878863395591832
0.871,1.2735431483077169,-0.40254314830771687
1.669,1.843678207891104,-0.174678207891104
1.75,1.514376229755932,0.235623770244068
1.551,2.242213970929854,-0.6912139709298539
1.292,1.8658439585365132,-0.5738439585365132
0.989,1.6226278365501998,-0.6336278365501998
1.519,2.6025891733629534,-1.0835891733629535
0.964,1.2441621940957397,-0.2801621940957397
1.028,1.3440404621239863,-0.3160404621239863
1.015,1.076077671789076,-0.06107767178907619
0.875,1.1561908630774003,-0.28119086307740027
1.196,1.3845944591352146,-0.18859445913521466
1.759,1.2121339951425067,0.5468660048574931
1.946,1.6910811408865447,0.25491885911345524
2.347,2.7340583704235217,-0.38705837042352176
1.103,0.814849421591413,0.28815057840858693
0.946,0.9205073888018931,0.025492611198106863
1.765,2.1410080648756855,-0.3760080648756856
1.5,1.295615870780741,0.20438412921925897
1.349,1.8582437888262522,-0.5092437888262522
1.917,2.139594134175952,-0.22259413417595186
1.364,1.9552932338341371,-0.591293233834137
1.338,2.2282693632524944,-0.8902693632524943
1.621,1.481188722307973,0.13981127769202706
1.198,1.9498933905061295,-0.7518933905061296
1.308,1.8983253273496477,-0.5903253273496476
1.306,2.0817766265203757,-0.7757766265203756
1.621,2.113901829809882,-0.49290182980988195
1.591,2.116169113246699,-0.5251691132466989
1.46,1.457360978834402,0.002639021165597999
1.482,2.0430585923841136,-0.5610585923841136
2.447,2.2055708090763546,0.24142919092364545
1.464,1.4766411898574572,-0.012641189857457213
1.427,1.8008877323308177,-0.3738877323308176
1.267,0.9892925140577442,0.2777074859422557
1.431,1.9602833116025598,-0.5292833116025597
1.456,1.7826299718157053,-0.3266299718157053
1.539,1.9961006530994783,-0.45710065309947834
1.557,2.1549238539889424,-0.5979238539889424
1.335,2.003796653220288,-0.668796653220288
1.323,1.2197195265012226,0.10328047349877734
1.313,1.7069164870413194,-0.39391648704131943
1.388,1.5777194664164371,-0.18971946641643722
1.407,1.432973151809866,-0.025973151809866035
2.061,1.863513907218382,0.197486092781618
0.787,1.6251548802985805,-0.8381548802985804
0.928,2.016848682676532,-1.0888486826765322
1.053,1.6588210912080683,-0.6058210912080684
0.984,1.2137383028923554,-0.22973830289235542
0.991,1.6032089176297073,-0.6122089176297073
1.1,1.119065775152468,-0.01906577515246788
1.123,0.9716358470961954,0.15136415290380456
1.053,0.963980058782326,0.08901994121767398
1.0,1.0285585573250065,-0.02855855732500645
1.0,1.5415892042232853,-0.5415892042232853
1.162,1.2638847333724694,-0.1018847333724695
1.084,1.9984563607350636,-0.9144563607350635
1.319,1.6962648166743053,-0.37726481667430534
0.921,1.36664437074388,-0.44564437074387997
0.955,1.8386789745944419,-0.8836789745944419
1.048,1.4386581866494672,-0.39065818664946717
1.016,1.3930544748012488,-0.37705447480124876
0.905,0.8238592059635019,0.0811407940364981
1.176,1.5499758118321185,-0.3739758118321186
1.028,1.3249586189135134,-0.2969586189135134
1.077,1.6160659977175869,-0.5390659977175869
0.973,1.3716602425380933,-0.3986602425380933
0.911,0.9879298238651353,-0.07692982386513525
0.941,1.2807139684840325,-0.33971396848403257
1.113,1.0771801310214224,0.035819868978577585
1.074,1.5823362785779216,-0.5083362785779215
0.99,1.0911717945296262,-0.10117179452962621
1.063,1.1461124636240503,-0.08311246362405034
0.95,1.1417049826152705,-0.19170498261527058
0.875,1.266829750473401,-0.39182975047340096
1.245,0.9849753054044608,0.26002469459553934
1.379,1.732238341575848,-0.353238341575848
0.959,1.3169490132316346,-0.35794901323163464
1.208,1.6141775730074348,-0.40617757300743484
0.828,1.5652925558689599,-0.7372925558689599
1.55,1.3404480515399875,0.20955194846001257
1.125,0.8639435121356567,0.2610564878643433
1.068,1.5553879333257523,-0.48738793332575225
2.018,2.0688654062017675,-0.050865406201767716
1.125,1.1655106666656163,-0.04051066666561631
2.479,2.582786655736968,-0.10378665573696777
2.125,2.415124359254211,-0.2901243592542109
2.207,2.7185805141370847,-0.5115805141370848
1.621,1.2524142667292941,0.3685857332707059
1.25,1.0788452980231613,0.17115470197683869
1.35,1.1692287734878213,0.1807712265121788
0.875,1.226450219229612,-0.35145021922961206
1.268,1.1480027552145373,0.1199972447854627
1.531,2.443464667296698,-0.9124646672966981
1.813,2.1535038088708305,-0.34050380887083054
1.577,2.790938907737689,-1.2139389077376892
1.771,1.4174115219635441,0.35358847803645577
1.563,0.6730120362792213,0.8899879637207786
1.25,1.6365145355598034,-0.3865145355598034
1.309,1.2636647074566754,0.04533529254332458
1.304,1.602970369608614,-0.2989703696086139
0.59,1.4478594262255484,-0.8578594262255484
0.997,1.0914436555203195,-0.09444365552031952
1.5,0.8631072489991514,0.6368927510008486
1.214,2.1172305159867637,-0.9032305159867637
0.769,1.3943925769878187,-0.6253925769878187
1.469,1.2169368697211338,0.2520631302788663
1.375,1.2360626519534064,0.13893734804659363
1.583,1.6662935575338271,-0.08329355753382717
0.557,0.5476759214225411,0.009324078577458983
0.836,1.1398961449297182,-0.3038961449297183
1.04,1.497786236741484,-0.457786236741484
1.25,1.5217802499841697,-0.2717802499841697
1.625,2.356150574346337,-0.7311505743463371
1.031,1.3777195765816852,-0.3467195765816853
1.625,2.017387007506837,-0.3923870075068372
1.625,1.309534093408953,0.315465906591047
1.563,1.5004822954691721,0.06251770453082783
1.235,1.0559822794534086,0.17901772054659149
0.963,1.0570277937846306,-0.09402779378463066
1.857,1.9871410076141254,-0.1301410076141254
2.408,1.4410295554133636,0.9669704445866363
1.869,2.1540039687152834,-0.28500396871528344
1.472,2.447278493356436,-0.975278493356436
1.301,1.5072814524344906,-0.2062814524344907
1.781,1.513194695129247,0.26780530487075294
2.028,1.5870806327534441,0.4409193672465559
2.3,2.599763287943954,-0.299763287943954
1.55,1.0186691586624135,0.5313308413375866
1.75,0.8696410929421525,0.8803589070578475
2.045,1.3309869065078046,0.7140130934921953
1.528,1.4066017586829216,0.12139824131707844
1.274,1.5940638126185622,-0.3200638126185622
1.207,1.343850862000896,-0.1368508620008959
1.018,1.5089926956674868,-0.4909926956674868
1.108,1.2987070879666995,-0.19070708796669944
1.135,1.1684164074646917,-0.033416407464691655
1.167,1.2912475638206284,-0.1242475638206284
1.318,1.3481000213431569,-0.030100021343156813
1.753,1.9511048069991879,-0.19810480699918798
0.995,1.5922628143078605,-0.5972628143078605
0.869,1.189521391779585,-0.32052139177958505
1.375,1.264779874252856,0.11022012574714402
1.288,1.872966217436542,-0.584966217436542
1.432,1.9397196030440242,-0.5077196030440243
1.141,1.3494078487617545,-0.20840784876175444
0.982,1.1460822942284217,-0.1640822942284217
1.254,1.1916960927836304,0.06230390721636958
1.107,1.3291469440188959,-0.2221469440188959
1.08,1.3137622958746888,-0.23376229587468877
1.548,2.0342402069489887,-0.4862402069489886
1.537,2.1118725062428507,-0.5748725062428508
1.325,1.6341102229258457,-0.3091102229258458
2.293,3.038312840997225,-0.745312840997225
1.717,1.6840301890534384,0.032969810946561706
1.03,1.076008532994312,-0.04600853299431207
1.368,1.5786944740987592,-0.21069447409875908
1.201,1.5860114460838193,-0.3850114460838192
1.331,1.120846158172401,0.210153841827599
1.633,1.5645174336091123,0.06848256639088768
0.707,1.0731457750333528,-0.3661457750333529
0.878,1.321744686444608,-0.44374468644460807
0.688,1.27763825166398,-0.58963825166398
0.738,0.9733999102671218,-0.23539991026712181
0.911,1.4841409386612145,-0.5731409386612145
1.509,1.6156369757985534,-0.10663697579855347
1.151,1.3011188223827492,-0.1501188223827492
1.333,0.9360958346755668,0.3969041653244332
1.168,1.400540734240281,-0.232540734240281
0.829,1.0232101826547677,-0.19421018265476775
0.831,1.0596090243575,-0.22860902435750008
1.13,1.4434830010403708,-0.31348300104037086
1.512,1.414924363108442,0.09707563689155796
2.442,1.6641331361565,0.7778668638435002
1.467,1.540539203545412,-0.07353920354541188
1.225,1.0744460165518874,0.15055398344811266
1.139,1.3845386409836857,-0.24553864098368572
2.0,1.2115682300774417,0.7884317699225583
1.742,1.5180477529531347,0.22395224704686534
1.663,1.0630050416131311,0.5999949583868689
1.05,0.9216982917912522,0.12830170820874787
1.652,1.5909198894622916,0.06108011053770834
1.611,1.9345872201432877,-0.32358722014328767
1.769,1.9252002283763652,-0.15620022837636527
1.565,1.3431415530113822,0.22185844698861779
1.875,1.2505582279337366,0.6244417720662634
1.522,1.8041230557102261,-0.2821230557102261
1.589,1.704436765229131,-0.11543676522913104
1.134,1.3829976011820762,-0.24899760118207626
1.413,1.4498502127646855,-0.036850212764685475
1.109,1.2047982280191598,-0.09579822801915983
1.419,1.2430665620978436,0.17593343790215643
1.576,1.7364157733786474,-0.16041577337864732
2.0,1.197002874282346,0.802997125717654
1.694,1.1733688708033112,0.5206311291966887
0.971,1.2697268495600342,-0.29872684956003426
0.909,1.793620948681102,-0.8846209486811019
1.022,1.2841260592924866,-0.26212605929248656
1.346,1.6630848469797241,-0.31708484697972406
1.259,1.6962174554212543,-0.43721745542125445
1.827,1.7403543378943251,0.08664566210567481
1.49,1.5771997619959475,-0.08719976199594748
1.921,1.7540228689112776,0.16697713108872247
1.39,1.434689899785352,-0.044689899785352205
1.824,1.5301008814145187,0.29389911858548134
1.656,1.3506873296704756,0.30531267032952436
1.261,1.6056014356490182,-0.34460143564901835
0.944,1.1404040215796485,-0.19640402157964854
0.919,1.2205605939353905,-0.3015605939353905
1.243,1.3807723176681816,-0.13777231766818154
0.942,1.5431547485536135,-0.6011547485536135
1.208,1.3526069664264164,-0.14460696642641646
1.018,1.0701466051405133,-0.05214660514051328
0.969,0.9985516062647173,-0.02955160626471731
0.992,1.4332786049477308,-0.44127860494773086
1.721,2.0895399123589655,-0.36853991235896544
1.353,1.7206573559740101,-0.36765735597401017
1.308,1.6894818350138583,-0.38148183501385824
1.015,1.2764467227087275,-0.2614467227087276
1.018,2.0317261155882873,-1.0137261155882873
1.639,2.1167337381768245,-0.4777337381768245
1.118,1.5544143240524109,-0.43641432405241076
1.976,1.7488275938124034,0.2271724061875966
1.614,1.8856878307997407,-0.27168783079974057
2.125,3.319082152445376,-1.1940821524453762
1.75,1.1935687965030486,0.5564312034969514
1.125,0.9254445538393461,0.1995554461606539
1.063,1.7352650643842449,-0.6722650643842449
1.583,2.146790676206032,-0.5637906762060318
1.95,1.6484922530173693,0.3015077469826306
1.739,1.2947391362301934,0.44426086376980667
0.741,0.895921575059468,-0.15492157505946802
1.05,1.0247320045643962,0.025267995435603874
1.019,1.374785564992489,-0.35578556499248903
1.179,1.869534034839507,-0.690534034839507
1.694,1.732913648759181,-0.03891364875918102
1.168,1.3798940522388694,-0.21189405223886948
1.308,1.1826105168614633,0.1253894831385367
1.61,1.5254785621688292,0.08452143783117094
1.371,1.8404141693310083,-0.4694141693310083
1.215,1.822369577548335,-0.607369577548335
1.415,1.435674989939074,-0.020674989939073907
1.493,2.3552572767271585,-0.8622572767271584
1.385,1.9584658225867946,-0.5734658225867946
1.553,2.104053589765098,-0.5510535897650981
1.557,1.8453058497050314,-0.2883058497050315
1.579,2.045579669791818,-0.4665796697918181
1.2,1.225715481236605,-0.025715481236604942
1.792,1.6191431335557729,0.17285686644422715
4.75,1.7154687210176276,3.0345312789823726
1.275,1.3297749687812774,-0.05477496878127752
0.863,1.362365038493836,-0.49936503849383596
1.194,1.5665667375341807,-0.3725667375341808
2.228,1.9055187737512285,0.32248122624877174
3.224,1.9303109399093108,1.2936890600906894
1.635,1.4123358057204878,0.22266419427951223
2.742,2.2493110473845688,0.4926889526154312
3.273,2.03309583868996,1.23990416131004
2.229,2.4339293588892112,-0.20492935888921116
2.402,2.299638942122004,0.10236105787799632
2.151,2.48090821968852,-0.32990821968852035
1.707,1.9007573411780185,-0.19375734117801846
1.621,1.9694278070675715,-0.3484278070675715
1.214,1.8065601395621775,-0.5925601395621776
1.335,2.4642657557388388,-1.1292657557388388
1.525,1.586781140131134,-0.061781140131134116
1.532,1.6112895271111092,-0.07928952711110915
1.287,2.2417460612438456,-0.9547460612438456
1.32,1.7136321994910682,-0.3936321994910681
1.273,1.5739000272364727,-0.3009000272364728
1.176,1.9467343500464702,-0.7707343500464703
1.198,1.8359029727572178,-0.6379029727572179
1.104,2.044672453248036,-0.9406724532480357
1.25,1.3414244190833982,-0.09142441908339816
1.476,1.7622716795004534,-0.2862716795004534
1.948,2.1829090847879877,-0.23490908478798778
1.648,2.0972958687086654,-0.44929586870866545
1.417,1.8419581288181024,-0.42495812881810235
1.513,2.0752900247620216,-0.5622900247620217
1.706,1.7037598998769492,0.002240100123050759
1.031,0.8501162410417731,0.18088375895822684
1.083,1.3829589323736267,-0.2999589323736267
1.115,1.379545208751983,-0.26454520875198306
1.125,1.7581449621935983,-0.6331449621935983
2.081,2.247653999922596,-0.166653999922596
1.347,1.7672674557678172,-0.4202674557678172
1.967,2.41418118860134,-0.44718118860133993
0.63,1.1154077070862316,-0.4854077070862316
2.5,2.0210201749102756,0.47897982508972436
2.94,2.2186613263047956,0.7213386736952043
2.487,2.3939431825150486,0.09305681748495154
1.543,2.2071617528003533,-0.6641617528003534
0.906,1.695772896146432,-0.789772896146432
1.449,1.5534791665235308,-0.10447916652353073
1.14,1.8639004055014299,-0.72390040550143
1.4,2.110463995691344,-0.7104639956913439
1.617,2.2182878366925713,-0.6012878366925714
1.952,2.314359915597632,-0.36235991559763203
2.567,2.347081811952597,0.21991818804740326
1.681,2.287848406222942,-0.6068484062229418
1.135,1.8268497475919916,-0.6918497475919916
1.582,1.9263569873985489,-0.3443569873985488
1.627,2.1106597039237145,-0.4836597039237145
1.421,1.7598995578422323,-0.33889955784223225
2.069,2.5427356849786555,-0.4737356849786556
2.646,2.3427744899837175,0.3032255100162824
2.712,2.625199429264017,0.08680057073598313
3.208,2.4714822461040993,0.7365177538959009
2.788,2.5290694140919534,0.2589305859080464
1.842,2.2286416797260475,-0.38664167972604746
1.883,2.243872495982821,-0.3608724959828211
1.862,2.2535317801219756,-0.39153178012197554
2.781,2.2608832746091148,0.5201167253908854
2.794,2.658172440653265,0.13582755934673507
2.836,2.3803410495193873,0.45565895048061256
2.269,2.161188643771812,0.10781135622818816
2.668,2.254755615325724,0.41324438467427616
2.211,2.3440870655428014,-0.13308706554280159
2.0,2.2539605814320622,-0.25396058143206224
2.273,2.0571177676891814,0.2158822323108187
2.078,2.5273719171491327,-0.4493719171491328
1.927,2.8251311049077725,-0.8981311049077725
2.158,2.3486502316287017,-0.19065023162870176
1.832,2.329346883923532,-0.49734688392353177
1.896,2.496601223750133,-0.6006012237501333
2.663,2.473665608807808,0.18933439119219164
1.839,2.460345637191989,-0.6213456371919892
1.961,2.226368070555738,-0.26536807055573797
3.177,2.944081634099827,0.232918365900173
2.939,1.9631653849780153,0.9758346150219848
3.3,2.4508233324918915,0.8491766675081083
2.045,2.429060663076321,-0.38406066307632125
2.496,2.312149219421733,0.18385078057826698
2.536,1.9030339154125187,0.6329660845874814
1.95,1.7459364854342834,0.20406351456571659
5.00001,1.5526895311526243,3.4473204688473755
3.0,1.4402531922602155,1.5597468077397845
3.288,3.5372259960805286,-0.24922599608052876
2.229,1.755844469276426,0.4731555307235742
1.659,2.2744975645368735,-0.6154975645368734
2.589,2.722274164728838,-0.13327416472883824
2.259,2.034648106137613,0.22435189386238674
2.215,1.8990422288336015,0.31595777116639834
2.513,3.0247808848232127,-0.5117808848232128
2.333,2.199115578302516,0.13388442169748416
2.096,1.8269846650710233,0.2690153349289768
2.063,2.20362183817008,-0.1406218381700799
2.271,2.5366071043862655,-0.26560710438626556
1.926,2.485964173311093,-0.5599641733110932
1.742,1.9112095181979651,-0.16920951819796515
2.082,2.557545675932467,-0.4755456759324672
2.262,1.9646331124899707,0.29736688751002927
2.317,2.063590920014589,0.2534090799854112
3.37,2.7978441270004746,0.5721558729995255
2.25,2.5332220152646845,-0.2832220152646845
2.47,2.0295699154377833,0.4404300845622169
2.193,2.428755813052806,-0.23575581305280613
2.218,2.9043882422688863,-0.6863882422688863
2.399,2.8192061991274375,-0.4202061991274375
3.316,3.0784490384563528,0.23755096154364708
2.08,2.353347664829921,-0.2733476648299211
2.625,2.1414795369358317,0.4835204630641683
3.5,0.8599561975690904,2.6400438024309096
2.533,2.864535344356958,-0.3315353443569582
2.337,1.9368808004852336,0.4001191995147666
0.425,1.472996148916962,-1.047996148916962
3.362,2.727746906805217,0.6342530931947832
3.8,3.2249774557702238,0.5750225442297761
3.578,2.4784894082100224,1.0995105917899775
2.459,2.4699018032845688,-0.01090180328456869
2.361,2.311248508117916,0.049751491882084053
0.55,1.8635387739213287,-1.3135387739213287
2.75,2.898570547055964,-0.14857054705596395
2.955,2.718434921494655,0.23656507850534503
2.676,2.6534961094342755,0.02250389056572466
1.952,2.380751062976591,-0.42875106297659116
1.568,2.43434302402441,-0.8663430240244101
2.054,2.375887245080649,-0.32188724508064936
2.177,2.4602474261653584,-0.28324742616535836
1.638,2.0755546331075534,-0.4375546331075535
1.797,2.026108939655519,-0.22910893965551904
1.53,1.9418266597307365,-0.4118266597307365
1.978,2.4573084681123247,-0.47930846811232475
1.654,2.321578410515156,-0.6675784105151559
1.904,2.128722660703585,-0.22472266070358504
1.62,2.2659198415197515,-0.6459198415197513
1.585,2.386532264537257,-0.8015322645372569
1.781,2.3443543463813694,-0.5633543463813695
2.099,2.208823173636363,-0.10982317363636263
1.558,1.9323097507925084,-0.3743097507925084
1.6,2.2228479893720334,-0.6228479893720333
2.683,2.092292552001867,0.5907074479981329
1.421,2.0665426998815386,-0.6455426998815386
1.436,2.3363196588374104,-0.9003196588374105
1.782,2.1188104020806717,-0.3368104020806717
1.063,1.898742836247723,-0.835742836247723
2.731,2.86173372160917,-0.13073372160916996
2.802,2.2991682126029938,0.5028317873970063
3.297,2.689356456128934,0.6076435438710663
2.708,2.680506613151586,0.027493386848414403
3.15,2.412175492578512,0.7378245074214878
3.461,2.5612895413620294,0.8997104586379705
1.526,2.196118647321618,-0.6701186473216179
1.448,2.335759713971151,-0.887759713971151
2.773,2.287821371373086,0.48517862862691397
2.048,2.1278735607348938,-0.07987356073489371
1.814,2.1811971041404425,-0.3671971041404425
2.091,2.599152544979585,-0.508152544979585
1.738,2.45721125637016,-0.7192112563701598
1.75,2.1974405864513264,-0.44744058645132645
1.639,2.2373238926791257,-0.5983238926791257
1.713,2.0631657243107844,-0.3501657243107843
1.669,2.231483953248738,-0.562483953248738
1.464,1.8975641327467088,-0.4335641327467088
2.224,2.499181369530713,-0.2751813695307126
2.058,2.0039186750048605,0.05408132499513929
1.761,2.2418366488481203,-0.4808366488481204
1.848,2.457954996059946,-0.609954996059946
2.256,2.645786040895068,-0.3897860408950682
1.721,2.2264782274134935,-0.5054782274134935
2.506,2.2300362589285276,0.27596374107147215
2.929,2.8468069191554086,0.0821930808445912
2.675,2.857181402084814,-0.18218140208481426
0.698,2.1020594430479855,-1.4040594430479856
1.586,2.1658135809690435,-0.5798135809690435
2.616,2.5046493769388856,0.11135062306111454
1.172,1.8372071697118653,-0.6652071697118653
2.534,2.354326089750902,0.17967391024909762
2.722,2.6912940438961774,0.03070595610382254
3.152,3.4823754923344064,-0.3303754923344062
2.142,1.7792463001427061,0.3627536998572938
2.153,2.55858495726558,-0.40558495726557986
2.904,2.7036565799474523,0.20034342005254757
2.817,2.7421908644585056,0.0748091355414946
2.581,2.6519042329129143,-0.07090423291291437
2.301,2.7227089541081493,-0.4217089541081491
2.337,2.9092505988139474,-0.5722505988139472
2.515,2.9987570342425487,-0.48375703424254857
2.67,2.899550666462491,-0.22955066646249112
2.386,2.5044090481318535,-0.11840904813185338
2.667,2.5678257804339624,0.09917421956603745
2.432,2.3774611361273785,0.05453886387262141
2.386,2.529037076159102,-0.14303707615910177
2.143,2.1386765318444603,0.004323468155539523
2.399,2.5367484359108836,-0.1377484359108836
2.359,2.665404016509939,-0.30640401650993887
2.365,2.9098473876632305,-0.5448473876632303
2.244,2.454224306341679,-0.21022430634167888
2.321,2.3207739874428963,0.0002260125571038607
3.07,2.3625443716495433,0.7074556283504565
2.979,2.367399249341807,0.6116007506581931
3.142,3.007330217150726,0.134669782849274
4.176,3.2226427940577267,0.9533572059422735
2.925,2.659948117613826,0.2650518823861736
2.664,2.778404617839466,-0.11440461783946576
2.38,3.0133865237200608,-0.6333865237200609
2.603,3.0091655421787555,-0.40616554217875533
2.877,3.0641794017487847,-0.1871794017487849
2.756,2.776576360204837,-0.02057636020483722
2.643,2.363661832600315,0.27933816739968487
2.77,2.894193910880089,-0.12419391088008913
2.728,2.8074058145827214,-0.07940581458272122
2.813,2.485696780826986,0.3273032191730141
2.391,2.441268925579914,-0.050268925579914026
2.588,3.03070047090348,-0.4427004709034801
2.524,2.750789557920252,-0.2267895579202519
2.575,2.656595317518958,-0.08159531751895788
2.777,2.351128168363604,0.4258718316363961
2.294,2.1613318252897082,0.1326681747102918
2.561,2.4779601596878065,0.08303984031219347
3.045,2.7826935931274575,0.2623064068725425
3.067,2.733296045160548,0.33370395483945225
2.687,3.1718667969432555,-0.48486679694325563
3.037,2.2274007311672346,0.8095992688327653
2.945,2.9057370937124167,0.03926290628758311
2.708,3.0890061328226466,-0.3810061328226464
3.197,2.1521641281387014,1.0448358718612987
0.875,2.011474236382381,-1.136474236382381
2.386,2.7542502342110042,-0.3682502342110041
3.043,3.0296893104284632,0.013310689571536916
2.979,3.1517096459158296,-0.1727096459158295
1.465,2.677784660511869,-1.212784660511869
2.847,3.030230341342869,-0.18323034134286909
3.229,2.934642528858366,0.2943574711416339
2.464,2.904343108998351,-0.44034310899835116
2.633,3.113743559532394,-0.4807435595323941
2.609,3.0991429727034046,-0.49014297270340457
2.807,2.813176446424523,-0.0061764464245230855
2.762,2.5538386846181,0.2081613153819002
2.784,2.6868572974336145,0.09714270256638535
2.526,2.2667855977055815,0.2592144022944183
2.656,2.881819201416564,-0.22581920141656386
2.684,2.743631788785992,-0.059631788785991624
2.263,3.0780958872267856,-0.8150958872267857
2.507,2.5236242114837215,-0.016624211483721396
3.026,2.9041315976033504,0.12186840239664942
2.735,2.8734765168720187,-0.13847651687201878
3.276,2.5169554861925487,0.7590445138074511
2.467,2.8497102289106895,-0.3827102289106894
2.425,2.303409928822124,0.1215900711778759
2.188,2.538066148614414,-0.35006614861441365
2.375,2.936889273163853,-0.5618892731638532
2.333,2.589436226269269,-0.256436226269269
2.324,2.428230411670211,-0.10423041167021108
2.44,2.0687979588544843,0.3712020411455157
2.815,2.9244243862628343,-0.10942438626283435
2.398,2.534159876450466,-0.13615987645046568
3.01,2.640384334986075,0.36961566501392484
2.727,2.6781485333073136,0.04885146669268625
3.533,3.2695786839991023,0.2634213160008976
3.537,2.8389261426113794,0.6980738573886205
2.62,2.7023790464402326,-0.08237904644023253
2.512,2.6363381916638264,-0.12433819166382643
2.362,2.7852982974482425,-0.42329829744824243
2.724,3.1143564860928907,-0.39035648609289053
2.75,2.602953512375039,0.14704648762496086
2.274,2.7305553741344015,-0.4565553741344015
2.639,3.064687626012443,-0.42568762601244314
2.541,2.393170870056304,0.147829129943696
2.346,2.3824196541522085,-0.03641965415220838
2.282,2.1969354177203764,0.08506458227962366
2.81,5.961287881173837,-3.1512878811738365
2.793,3.165144241712996,-0.37214424171299587
2.621,2.781347778748528,-0.16034777874852812
2.625,3.034631699149174,-0.4096316991491742
2.375,2.6753086547323996,-0.30030865473239965
2.417,2.622532973326806,-0.2055329733268061
3.455,2.6446928314842557,0.8103071685157444
4.5,1.9302983818320707,2.5697016181679295
2.706,2.6002277772586355,0.10577222274136444
2.73,3.03449440007305,-0.30449440007304984
2.49,2.7649794704513133,-0.2749794704513131
3.258,3.1027009574408826,0.15529904255911742
2.804,2.929894737343057,-0.125894737343057
3.446,3.4844907856323415,-0.03849078563234132
3.021,3.1812072431760052,-0.16020724317600532
2.813,2.8646333405504683,-0.05163334055046809
3.423,2.873730070778401,0.549269929221599
3.445,2.638537726164259,0.806462273835741
2.841,2.849056694827752,-0.00805669482775162
2.736,2.6540144944431567,0.08198550555684347
3.413,2.771619609435404,0.6413803905645956
3.247,3.4967167565236865,-0.24971675652368663
3.081,2.731113947682171,0.3498860523178289
1.375,2.782435654143746,-1.4074356541437458
2.929,2.386030792767493,0.542969207232507
3.19,2.92531879059256,0.2646812094074398
3.068,2.8088633057659136,0.2591366942340865
3.179,2.653870229886091,0.5251297701139088
2.427,2.3764757091660353,0.0505242908339647
2.53,2.2623437903794823,0.2676562096205175
2.425,2.1102493043141335,0.31475069568586633
2.125,1.8631284422729464,0.2618715577270536
1.442,2.45548224938996,-1.0134822493899602
2.75,1.8598393175681678,0.8901606824318322
2.285,2.7223661940074084,-0.4373661940074083
2.291,2.264297317643174,0.026702682356825935
2.242,2.7271860557153818,-0.48518605571538176
2.154,2.8478953463422085,-0.6938953463422086
3.184,2.336006457428932,0.8479935425710683
2.651,2.336386564403086,0.3146134355969137
2.731,2.1268680291209696,0.6041319708790303
3.364,3.2793760106327277,0.08462398936727222
3.474,2.821697961074192,0.6523020389258081
4.12,2.5651914288474678,1.5548085711525323
4.051,3.249511054574714,0.801488945425286
4.669,3.326317210969594,1.3426827890304054
4.5,3.4287740798153914,1.0712259201846086
4.224,3.211248167987469,1.012751832012531
3.693,2.3755215721246947,1.3174784278753053
4.203,3.5151125800921594,0.6878874199078409
3.871,2.8308457384424095,1.0401542615575905
3.409,2.7884661441433405,0.6205338558566593
5.00001,3.3473688103763304,1.6526411896236692
5.00001,3.345312675267035,1.6546973247329646
4.577,2.293100143224129,2.283899856775871
4.592,2.8356329468929085,1.7563670531070912
5.00001,4.066747255420996,0.9332627445790038
5.00001,3.39782284933721,1.6021871506627896
5.00001,3.2409757833729462,1.7590342166270534
4.5,3.532518401535949,0.967481598464051
3.5,2.9323930865005057,0.5676069134994943
3.538,2.4924287273321952,1.0455712726678046
3.781,3.350557202654486,0.43044279734551427
5.0,3.4121922286402344,1.5878077713597656
5.0,2.7898044875275527,2.2101955124724473
5.00001,4.424740496591605,0.5752695034083946
5.00001,3.61900414047071,1.3810058595292896
3.742,3.1778116910179492,0.5641883089820507
4.34,2.685861008083419,1.654138991916581
5.00001,2.8826814566794914,2.1173285433205082
5.00001,2.8007448067123484,2.1992651932876512
3.864,3.319002440855295,0.5449975591447047
3.599,2.950177790418749,0.648822209581251
3.722,2.7761031864598023,0.9458968135401977
4.108,2.708375973239441,1.3996240267605589
3.506,2.471009440951686,1.034990559048314
3.45,2.4235154823796234,1.0264845176203767
3.75,2.155197741051057,1.5948022589489428
4.338,2.7981563844820245,1.5398436155179756
5.00001,3.045168886767262,1.9548411132327375
5.00001,5.817070093546913,-0.817060093546913
5.00001,5.120060023629534,-0.12005002362953476
5.00001,6.933710183789255,-1.9337001837892558
5.00001,5.4389383849979165,-0.43892838499791687
5.00001,5.932270637241732,-0.9322606372417326
5.00001,6.1737484181859825,-1.173738418185983
5.00001,4.78608658670592,0.21392341329407927
5.00001,6.9002017570926455,-1.9001917570926459
5.00001,3.887593300154317,1.1124166998456828
5.00001,4.381451157795562,0.6185588422044379
5.00001,5.206199860596684,-0.20618986059668476
3.0,2.6202725256049852,0.37972747439501475
3.184,2.345068431100913,0.838931568899087
2.9,2.386661674331205,0.5133383256687951
2.879,2.417281327517782,0.4617186724822182
2.854,2.3617094228819395,0.49229057711806057
2.73,2.457563742852612,0.27243625714738817
2.583,2.6731536537956133,-0.09015365379561313
2.673,2.720219317547987,-0.04721931754798714
2.331,2.1681505706302384,0.16284942936976154
2.379,2.3906739427452735,-0.011673942745273447
2.348,2.2855208635992783,0.06247913640072156
2.563,2.456386518242276,0.10661348175772423
2.926,2.543756629752014,0.38224337024798594
2.5,2.315911443568998,0.1840885564310022
2.833,2.4562007886342228,0.37679921136577743
2.375,2.3880252916025824,-0.013025291602582367
5.00001,2.456325985140748,2.5436840148592514
5.00001,3.17541502360502,1.8245949763949798
4.15,2.307409067708227,1.8425909322917735
5.00001,5.031650993894466,-0.03164099389446662
5.00001,2.8984705871049905,2.101539412895009
5.00001,4.752653900479676,0.24735609952032345
5.00001,3.6710879795808724,1.3289220204191272
3.569,2.727026895227221,0.8419731047727788
2.964,2.4123381247222806,0.5516618752777194
3.697,2.9754668295802427,0.7215331704197574
3.971,2.830094603927526,1.140905396072474
5.00001,3.2602329584171494,1.7397770415828502
4.072,2.9955914073310312,1.0764085926689688
4.646,3.729189867078693,0.9168101329213068
4.13,3.4924368090952393,0.6375631909047605
4.531,3.931351751539717,0.5996482484602828
4.112,3.5969969682053726,0.5150030317946275
4.585,2.564483305381308,2.020516694618692
4.808,3.2863404285280042,1.5216595714719956
3.766,3.076277928325271,0.689722071674729
3.842,3.3788966341981705,0.46310336580182954
3.768,3.0895074479421436,0.6784925520578562
4.572,3.59881164200821,0.9731883579917899
3.791,3.34018297006536,0.4508170299346399
3.405,2.2715916169290074,1.1334083830709925
3.378,2.879866134060698,0.4981338659393022
3.682,3.100618992735432,0.581381007264568
3.969,3.2722470221117237,0.6967529778882762
3.882,2.8674688600271776,1.0145311399728225
3.617,2.7839219778547633,0.8330780221452367
3.871,3.271226092453185,0.5997739075468149
3.541,2.5681587159334613,0.9728412840665386
3.938,2.78807154213683,1.14992845786317
3.854,2.640381957922674,1.213618042077326
3.528,2.3431994046760085,1.1848005953239915
3.428,2.5420834967516712,0.8859165032483287
2.729,2.1987880865700586,0.5302119134299415
3.097,2.749776362492992,0.34722363750700813
3.16,2.897420608089571,0.2625793919104291
3.301,2.9364940443030365,0.36450595569696365
2.929,2.422968097033404,0.5060319029665958
2.737,2.5839496384772644,0.15305036152273566
2.711,2.8584785861519695,-0.14747858615196963
2.709,2.932680937157149,-0.2236809371571491
2.718,2.842067766974762,-0.12406776697476207
2.761,2.843773345773151,-0.08277334577315099
3.394,3.0194564313291186,0.37454356867088157
2.82,3.1131280207421534,-0.2931280207421536
2.894,3.2666321202355904,-0.3726321202355902
2.748,3.176429100206694,-0.42842910020669356
3.058,2.846392746939112,0.21160725306088768
4.438,3.1485323521285453,1.2894676478714544
5.00001,2.891615784024891,2.1083942159751086
3.382,3.463053126194965,-0.08105312619496496
3.76,3.6300416698712334,0.12995833012876634
4.833,3.9406926593894087,0.8923073406105915
3.757,3.1128193316314414,0.6441806683685587
2.921,2.9157214538408227,0.005278546159177111
3.222,3.098049394527828,0.12395060547217218
3.278,2.9975180146851974,0.2804819853148026
5.00001,4.241092219795363,0.7589177802046363
4.173,3.6377169868090533,0.5352830131909467
4.388,3.143823532915059,1.244176467084941
4.197,3.6183932317551335,0.5786067682448666
5.00001,4.294724229137508,0.705285770862492
3.91,3.090818354766995,0.8191816452330052
4.04,3.3840046131184525,0.6559953868815476
4.303,3.0095680073854334,1.2934319926145665
2.701,2.7089949070625368,-0.007994907062536694
2.932,2.5698022007408037,0.36219779925919626
2.932,3.001005620858347,-0.06900562085834716
2.942,3.0245226312406643,-0.08252263124066417
2.981,3.0143757933728113,-0.03337579337281138
2.824,3.0225982843638355,-0.19859828436383564
3.106,2.241785901253092,0.864214098746908
4.38,2.773884496502035,1.606115503497965
3.109,3.01392885981707,0.09507114018293006
2.674,2.397567286297406,0.27643271370259415
2.867,2.413675487715267,0.45332451228473314
3.881,3.075738536112568,0.8052614638874318
3.978,2.587760889391599,1.3902391106084013
4.352,2.6122666918192365,1.7397333081807638
3.979,3.098718567884301,0.8802814321156993
3.868,3.709858804419505,0.158141195580495
4.17,3.057337736007397,1.1126622639926027
3.91,3.0522720473552143,0.8577279526447859
3.822,4.152834761217338,-0.33083476121733835
4.358,3.8910810434973797,0.46691895650261994
4.192,4.236006266482734,-0.04400626648273409
4.912,2.6472972322224635,2.2647027677775364
3.397,2.545907825311614,0.8510921746883859
4.148,3.2582439726070396,0.8897560273929601
4.264,3.3877258016020395,0.8762741983979607
2.563,2.2411838251585925,0.3218161748414077
2.581,3.3035389897025134,-0.7225389897025134
2.894,2.932585593049071,-0.038585593049071054
2.538,3.054514716849832,-0.5165147168498323
3.649,2.8119962894091106,0.8370037105908894
3.238,2.1106682983915057,1.1273317016084943
3.415,2.336743096855608,1.0782569031443918
3.605,2.61972922313452,0.9852707768654798
3.45,3.020397508392932,0.429602491607068
3.496,2.6782457532807076,0.8177542467192924
3.955,2.8602434399230674,1.0947565600769327
3.947,3.4700097475862304,0.4769902524137697
3.748,3.2163458235758213,0.5316541764241789
4.05,3.3240385141715496,0.7259614858284502
4.313,3.890915970769963,0.4220840292300365
5.00001,3.431611239045688,1.5683987609543117
4.572,3.6142951457840757,0.9577048542159243
5.00001,4.243568188056341,0.7564418119436587
4.513,3.0849754730324985,1.4280245269675014
5.00001,3.774121726123676,1.2258882738763237
4.959,3.687989478214199,1.2710105217858008
5.00001,3.60078348798228,1.3992265120177194
5.00001,3.622239184813857,1.3777708151861425
3.141,3.0149221458786597,0.12607785412134032
4.403,2.9244753437714355,1.478524656228564
3.088,3.470920747868221,-0.38292074786822106
3.05,3.231207334723059,-0.18120733472305917
3.832,3.265460692321238,0.5665393076787617
5.00001,3.8186593960254003,1.1813506039745993
3.621,2.937706266956843,0.6832937330431572
3.619,2.4731111746232237,1.1458888253767765
3.627,3.5326141879267423,0.09438581207325747
4.276,2.3913355723348655,1.8846644276651343
2.656,2.5944773035767117,0.06152269642328845
2.472,2.111340503098164,0.3606594969018362
2.417,1.8301881866789131,0.5868118133210867
2.25,1.9586698369741549,0.29133016302584513
2.295,2.330308881462363,-0.03530888146236322
2.5,2.1741437900200604,0.3258562099799396
5.00001,2.0470112144212473,2.9529987855787523
4.359,3.406489200911985,0.9525107990880151
4.225,3.7808901206448224,0.4441098793551772
3.118,3.271102243615075,-0.1531022436150753
3.66,2.492485409072103,1.167514590927897
0.875,2.0475924581381926,-1.1725924581381926
2.653,2.670825023858863,-0.017825023858863087
2.375,2.2238979789651063,0.15110202103489367
2.181,2.227968570407557,-0.046968570407556864
2.7,1.7458908032929417,0.9541091967070585
2.336,3.13940543377932,-0.8034054337793202
2.635,2.307492983887265,0.3275070161127349
2.67,2.7029656144508465,-0.03296561445084656
2.869,2.8150863330423874,0.053913666957612794
3.123,2.9439822055545486,0.17901779444545163
2.782,2.630018314243368,0.15198168575663207
3.208,2.317413183418947,0.8905868165810533
2.328,2.1918960218014076,0.1361039781985922
2.028,2.3241005085744946,-0.29610050857449455
2.11,2.26320202405306,-0.15320202405306027
2.553,2.3423213490981505,0.21067865090184945
3.228,2.264664776725212,0.9633352232747883
1.667,2.0916654022214365,-0.42466540222143645
2.728,2.2690950210071623,0.4589049789928379
2.677,2.372438887712093,0.30456111228790705
2.766,2.506285718572348,0.25971428142765207
2.984,2.1725804614580397,0.8114195385419603
3.186,2.8559835205711965,0.3300164794288034
3.031,2.5720956569817224,0.45890434301827776
3.637,2.5655169554547714,1.0714830445452286
3.338,2.7246032020346593,0.6133967979653407
4.433,3.665821306351228,0.7671786936487717
3.435,3.3779838427635562,0.05701615723644382
4.96,3.116778257165178,1.8432217428348219
3.436,3.2020669900082686,0.2339330099917314
3.427,2.6874617612223144,0.7395382387776857
3.951,2.9267283716559263,1.0242716283440738
4.699,3.963441934450165,0.735558065549835
4.093,3.206143258398725,0.8868567416012749
5.00001,4.8048531925069655,0.1951568074930341
5.00001,6.904274633027594,-1.9042646330275943
5.00001,6.945631457775033,-1.945621457775033
5.00001,5.3419252096475915,-0.3419152096475919
5.00001,7.016349443692066,-2.0163394436920665
5.00001,6.957476388821265,-1.9574663888212651
5.00001,4.874099477276109,0.12591052272389103
5.00001,6.24578909685058,-1.2457790968505806
3.417,3.122261836664394,0.29473816333560565
3.527,3.303689282272594,0.22331071772740607
1.626,1.9751152465963329,-0.349115246596333
1.573,1.8517292482845473,-0.27872924828454737
5.00001,7.177013089903149,-2.177003089903149
1.489,2.501070848819357,-1.0120708488193568
1.606,2.4249099821750724,-0.8189099821750723
1.594,2.423421542270616,-0.8294215422706157
1.734,2.9172720828726617,-1.1832720828726617
1.594,1.9181422160401636,-0.32414221604016347
1.596,2.4633009498223624,-0.8673009498223623
1.557,1.7910154790404633,-0.23401547904046338
1.856,2.2926982459769576,-0.4366982459769575
1.667,2.8814363408261383,-1.2144363408261383
1.566,2.157761514886988,-0.5917615148869879
1.455,2.013848397511886,-0.5588483975118859
1.515,2.1020625916513307,-0.5870625916513308
3.086,2.5250916561607317,0.5609083438392681
1.89,2.0362461417227893,-0.14624614172278938
3.264,3.230192683249763,0.03380731675023663
3.796,3.3304332775982957,0.46556672240170416
4.178,3.494597042540703,0.6834029574592968
4.125,4.27806464714678,-0.15306464714678025
4.102,2.700001722099155,1.4019982779008453
5.00001,4.795732965608419,0.20427703439158051
5.00001,2.6680507346338604,2.331959265366139
5.00001,2.7664781557987004,2.2335318442012992
5.00001,3.1560756347268875,1.8439343652731122
4.602,2.8723663755500133,1.729633624449987
3.943,2.6975109081174167,1.2454890918825834
4.646,2.969098846004978,1.676901153995022
5.00001,4.326973730731728,0.6730362692682714
5.00001,4.642963001699582,0.35704699830041786
5.00001,4.5405246649511355,0.45948533504886413
5.00001,3.8557771835717483,1.1442328164282514
5.00001,2.7643153182895883,2.2356946817104113
4.445,3.1039790668188196,1.3410209331811807
4.728,3.660171712719062,1.0678282872809377
5.00001,3.061277283348272,1.9387327166517276
5.00001,4.454744846773579,0.5452651532264206
5.00001,3.1317059957944235,1.868304004205576
5.00001,3.7930508410835477,1.206959158916452
5.00001,4.5694051643290905,0.4306048356709091
5.00001,4.715259710364791,0.284750289635209
5.00001,5.696153303788298,-0.6961433037882987
5.00001,4.277225547946718,0.7227844520532818
5.00001,4.861901883822295,0.1381081161777047
5.00001,5.401372280190298,-0.4013622801902983
5.00001,6.261296736625747,-1.2612867366257472
5.00001,4.260265544753863,0.7397444552461367
3.5,3.302822601304068,0.1971773986959322
5.00001,4.505348274345722,0.4946617256542778
5.00001,7.028545338799006,-2.0285353387990064
5.00001,4.962295120848225,0.03771487915177474
5.00001,3.5629185641997223,1.4370914358002773
5.00001,4.00303909233924,0.99697090766076
5.00001,7.134417488592398,-2.134407488592398
5.00001,5.137632782243126,-0.13762278224312663
5.00001,4.037474344959125,0.9625356550408748
5.00001,5.197817367832533,-0.1978073678325334
4.113,3.0985767986769224,1.014423201323078
3.346,2.814595394840879,0.5314046051591212
3.192,2.4287291819845933,0.7632708180154069
3.185,2.787916047323856,0.39708395267614405
3.643,3.490658230573141,0.15234176942685895
3.451,3.1952308060073076,0.2557691939926925
3.311,3.3739117836128334,-0.06291178361283345
3.68,3.316374787196012,0.3636252128039881
3.558,3.8107111441538883,-0.2527111441538885
3.718,4.235268312414898,-0.517268312414898
5.0,2.9266707752746823,2.0733292247253177
3.543,2.809825562610829,0.7331744373891711
5.00001,3.8559181850580986,1.144091814941901
4.563,4.3334622144747215,0.22953778552527826
5.00001,3.705127399019129,1.2948826009808707
2.777,3.279914022023167,-0.5029140220231669
3.194,3.1599285105525956,0.034071489447404346
2.861,2.5551375007046233,0.3058624992953769
2.953,2.065370194807914,0.8876298051920859
4.5,2.6238640457213616,1.8761359542786384
3.487,3.325703887196732,0.16129611280326817
3.95,2.6990679236875375,1.2509320763124627
3.273,1.944231819002019,1.3287681809979812
2.909,2.212709497613547,0.6962905023864527
2.638,3.2010891310666327,-0.5630891310666328
5.00001,4.075954679464902,0.9240553205350972
4.384,3.3692809569736664,1.014719043026334
5.00001,3.5212970164151383,1.4787129835848614
3.575,2.4633462126119614,1.1116537873880388
3.404,3.079116670314853,0.324883329685147
2.945,2.513162116652703,0.4318378833472969
2.795,2.2121063605799023,0.5828936394200976
2.75,2.2153458682326983,0.5346541317673017
3.574,2.821137258735618,0.7528627412643818
3.206,2.2869224336252785,0.9190775663747215
2.438,2.2700200655753697,0.16797993442463044
2.55,2.01776961349028,0.53223038650972
2.67,2.520132874162277,0.14986712583772288
2.792,2.415705667980862,0.37629433201913765
5.00001,3.768949344942981,1.2310606550570187
4.43,2.9160525872803853,1.5139474127196144
4.184,3.2786433533039196,0.9053566466960805
4.586,2.7225613041334884,1.863438695866512
3.206,2.4417130707125048,0.7642869292874952
3.0,2.274673140171448,0.7253268598285518
5.00001,4.145885530400696,0.854124469599304
3.818,3.3998945858524525,0.41810541414754754
3.844,3.3168258264702177,0.5271741735297821
3.76,3.255187001143109,0.5048129988568908
2.938,3.098871194699645,-0.16087119469964462
2.899,2.753958933154543,0.14504106684545715
3.511,3.175692479719979,0.3353075202800211
4.156,3.8102047190991737,0.345795280900826
3.53,2.213836368934371,1.3161636310656286
3.831,3.4270122097802727,0.4039877902197273
5.00001,3.773368793977001,1.2266412060229985
4.436,2.8888750099528044,1.5471249900471955
3.188,2.256534734143625,0.9314652658563753
2.806,2.457933950719136,0.34806604928086404
3.877,3.4829749946093473,0.39402500539065244
5.00001,4.511519811005419,0.4884901889945805
5.00001,2.9632576127178183,2.0367523872821813
5.00001,3.5564523710558484,1.4435576289441512
5.00001,2.553789659216399,2.4462203407836007
4.638,3.1484278660710565,1.4895721339289434
2.281,2.182036756258679,0.09896324374132126
2.36,2.3473811218343297,0.0126188781656702
2.512,2.688151361553844,-0.17615136155384414
3.643,2.550105639960559,1.0928943600394407
2.368,2.295818336866166,0.07218166313383367
2.414,2.1689906674775488,0.24500933252245138
2.467,2.026471877384038,0.4405281226159623
2.326,2.1756579529129128,0.15034204708708732
2.938,2.456378656622928,0.4816213433770722
3.5,2.0325044794559655,1.4674955205440345
3.625,2.6816994717081517,0.9433005282918483
2.536,1.5576582342239882,0.9783417657760118
2.583,2.5233528570316492,0.05964714296835094
2.375,2.1348090004827815,0.24019099951721845
2.469,2.5749808753537193,-0.10598087535371947
2.591,2.1329333889587403,0.4580666110412599
2.583,2.332723346534535,0.25027665346546524
2.479,2.433594484306567,0.045405515693432985
2.265,2.2993266079498484,-0.03432660794984832
2.647,2.7249098297204575,-0.07790982972045768
2.5,2.1980121356359126,0.3019878643640874
2.601,2.39062869918805,0.21037130081194988
2.61,2.9575855921053806,-0.34758559210538076
2.529,3.0261891986368226,-0.49718919863682265
2.308,2.238060474333138,0.06993952566686179
2.318,2.3192861959046422,-0.0012861959046421845
3.352,2.7889174534941734,0.5630825465058265
3.64,2.712309558589709,0.9276904414102911
3.364,3.10842955766901,0.2555704423309897
3.268,2.8548295927841956,0.4131704072158042
3.125,2.4103922999602583,0.7146077000397417
3.418,2.7882759360105536,0.6297240639894466
3.951,2.7078066734355146,1.2431933265644854
2.55,2.58144139649805,-0.03144139649805
2.265,2.1364248576123597,0.12857514238764045
2.361,2.234319181768015,0.12668081823198518
2.813,2.328921720220861,0.4840782797791392
5.0,2.4514592599969522,2.5485407400030478
2.832,2.5450698669538285,0.2869301330461713
3.404,3.062467662717011,0.34153233728298904
5.00001,3.815462766197596,1.1845472338024035
2.61,2.1334381476605264,0.47656185233947346
4.139,3.1119436336151205,1.0270563663848797
3.928,3.118856748513271,0.8091432514867289
3.353,3.166595562241759,0.18640443775824123
3.462,3.3392630847745766,0.12273691522542363
3.5,2.7901948646326122,0.7098051353673878
3.35,2.4151120542393816,0.9348879457606185
3.294,3.1437364740153497,0.15026352598465031
3.226,3.315508500293487,-0.089508500293487
5.00001,4.582062589030177,0.41794741096982246
5.00001,3.3858297868467737,1.614180213153226
5.00001,3.6096102006165274,1.3903997993834722
5.00001,2.8608133264086657,2.139196673591334
5.00001,3.062567256652098,1.9374427433479018
5.00001,4.8402484110371695,0.1597615889628301
5.00001,4.495805534938193,0.5042044650618065
2.974,2.4852697623874582,0.488730237612542
2.797,2.8004239368536368,-0.003423936853636622
3.013,3.003077114182129,0.009922885817871041
3.143,1.7147513736339204,1.4282486263660794
2.5,2.1012282475022586,0.39877175249774144
3.46,2.340711853446714,1.119288146553286
2.51,2.3383725823623602,0.17162741763763956
3.0,2.3791570447539874,0.6208429552460126
2.487,2.1751956316247494,0.3118043683752507
5.00001,3.349212102925902,1.6507978970740975
5.00001,1.9408213755196577,3.059188624480342
4.25,3.2520098227701313,0.9979901772298687
5.00001,2.734295168158892,2.2657148318411076
3.35,2.7772458489533296,0.5727541510466705
5.00001,5.6046370641805545,-0.6046270641805549
2.306,2.4932721959250506,-0.1872721959250505
0.621,2.032594246836181,-1.4115942468361808
4.0,2.5066211910076377,1.4933788089923623
2.308,2.39978590770123,-0.09178590770122996
2.264,2.2976812209744724,-0.03368122097447257
2.279,2.853902689946894,-0.5749026899468941
2.152,2.7245630152232416,-0.5725630152232415
3.949,3.1358858659668627,0.8131141340331371
2.909,3.197073746865452,-0.2880737468654524
2.431,2.33577206924029,0.09522793075971014
5.00001,2.262259092693003,2.7377509073069968
3.098,2.014048763570146,1.0839512364298538
2.598,2.7717742305837967,-0.17377423058379682
5.00001,3.490067572515791,1.5099424274842086
2.894,3.1594839823916923,-0.26548398239169213
3.75,2.6980864234610076,1.0519135765389924
2.723,2.777981623579055,-0.05498162357905523
3.67,3.095556262979409,0.5744437370205908
4.4,3.338424040961683,1.0615759590383171
0.844,2.2455273833494163,-1.4015273833494164
3.902,3.1561753864901285,0.7458246135098716
2.929,2.7930942751653243,0.13590572483467556
2.268,2.996439076233588,-0.7284390762335882
1.5,2.060025005832151,-0.5600250058321512
1.201,2.1945154792486194,-0.9935154792486194
2.697,3.1845540567805495,-0.4875540567805494
2.751,3.5549961905659115,-0.8039961905659117
3.287,3.919393301669108,-0.6323933016691079
1.94,2.9532283233298897,-1.0132283233298898
1.148,2.1195082319713943,-0.9715082319713944
2.75,1.8285787072685016,0.9214212927314984
1.579,3.003718270957199,-1.424718270957199
1.58,2.8189242484680057,-1.2389242484680056
1.681,2.695126765958078,-1.014126765958078
1.415,2.567034873455858,-1.1520348734558579
3.268,2.792223378001459,0.47577662199854087
3.412,2.529881531637595,0.882118468362405
2.127,2.1244292170684163,0.0025707829315835262
1.447,2.5013423740245226,-1.0543423740245226
1.64,2.735629768409474,-1.0956297684094742
1.655,2.4061080778768074,-0.7511080778768073
1.625,3.015702838232517,-1.3907028382325168
1.58,3.175842555569029,-1.5958425555690288
1.582,2.975948972988765,-1.3939489729887649
1.586,2.9871914289030723,-1.4011914289030722
1.957,2.8876637481696186,-0.9306637481696185
1.93,2.867815819951265,-0.937815819951265
1.577,2.6413847517110067,-1.0643847517110068
2.017,2.8533357363853638,-0.8363357363853638
1.996,2.859193010895015,-0.863193010895015
1.589,3.149017286807096,-1.560017286807096
1.936,2.9428371588094846,-1.0068371588094847
1.315,2.0278527599374456,-0.7128527599374457
1.467,2.456226021842853,-0.9892260218428528
1.361,2.2842533988921208,-0.9232533988921208
1.818,2.6803449503618584,-0.8623449503618583
1.337,2.2329017059442093,-0.8959017059442094
1.865,2.1361181426443188,-0.27111814264431877
2.183,2.2842789014820286,-0.10127890148202878
1.286,2.510087613516753,-1.2240876135167529
1.301,2.725318739462349,-1.4243187394623489
1.607,2.8215707377200765,-1.2145707377200765
1.629,2.9062553011569268,-1.2772553011569268
1.369,2.03775708192158,-0.6687570819215798
1.514,2.537848158596465,-1.0238481585964652
1.32,1.9459675957032816,-0.6259675957032815
1.308,1.5746487999419911,-0.2666487999419911
1.398,2.657343374859106,-1.259343374859106
1.483,2.6558767610148024,-1.1728767610148023
1.498,2.7320136815218055,-1.2340136815218055
2.268,2.504404677839703,-0.23640467783970331
1.525,2.7755612803761904,-1.2505612803761905
1.901,2.6714881752658153,-0.7704881752658153
2.61,2.840898982894177,-0.23089898289417699
1.373,2.153736001165399,-0.7807360011653992
1.103,1.7799945867287486,-0.6769945867287486
1.137,2.644961489726964,-1.5079614897269642
1.293,2.304932896021828,-1.011932896021828
1.313,2.4513065738565962,-1.1383065738565963
1.083,2.3070494826712347,-1.2240494826712347
1.125,2.5034781209804975,-1.3784781209804975
1.176,2.738840021855512,-1.5628400218555119
1.292,2.046435363874699,-0.754435363874699
1.133,2.176672673851278,-1.0436726738512778
1.042,2.419744307587986,-1.3777443075879858
1.214,2.2675987300583684,-1.0535987300583685
0.902,2.0219975590714503,-1.1199975590714502
1.472,2.3484250476904682,-0.8764250476904683
1.094,1.8179177577402807,-0.7239177577402807
0.875,1.9652320722972183,-1.0902320722972183
0.675,2.0240004192007177,-1.3490004192007177
1.064,2.2482482352177593,-1.1842482352177592
0.985,2.1062330219400396,-1.1212330219400397
1.227,1.9287708604857192,-0.7017708604857191
1.625,2.1095133971314266,-0.4845133971314266
1.206,2.6415595180606406,-1.4355595180606406
1.155,2.190277865464349,-1.035277865464349
0.978,1.9221799942527487,-0.9441799942527487
0.832,2.214977709772353,-1.3829777097723532
0.891,2.2412896231229666,-1.3502896231229666
0.861,1.9932821115221304,-1.1322821115221304
0.738,2.195344520310415,-1.4573445203104152
0.283,2.27676677258288,-1.9937667725828803
1.364,2.9109622694587016,-1.5469622694587015
1.188,2.0838601094950215,-0.8958601094950216
1.175,1.9627668931486237,-0.7877668931486237
1.294,2.139708572296528,-0.8457085722965281
1.204,2.4172443438744686,-1.2132443438744687
1.281,2.349685432351791,-1.068685432351791
0.833,1.6279481617883023,-0.7949481617883023
1.634,2.843453814639076,-1.209453814639076
1.346,2.7995721768241193,-1.4535721768241192
1.354,2.5727335138409932,-1.2187335138409932
1.115,2.269437238223359,-1.1544372382233592
1.033,2.070213487846865,-1.037213487846865
1.093,2.2741208876804477,-1.1811208876804478
1.302,2.222693794860272,-0.9206937948602718
1.507,2.815612792501935,-1.308612792501935
1.347,2.4969014452416944,-1.1499014452416945
1.34,2.1061848249587394,-0.7661848249587393
1.353,2.131604315212055,-0.778604315212055
1.316,2.4730569553598354,-1.1570569553598353
0.875,2.185986711926723,-1.3109867119267231
1.466,2.6830043935192744,-1.2170043935192745
1.48,2.3031846609288156,-0.8231846609288156
1.38,2.570892112136705,-1.190892112136705
1.125,2.5662411532605347,-1.4412411532605347
1.5,2.859729632265512,-1.3597296322655121
1.724,3.086288815467362,-1.3622888154673618
1.424,2.9735369745772617,-1.5495369745772618
1.983,2.8600089089972913,-0.8770089089972912
1.352,2.372926735973278,-1.0209267359732779
1.666,2.9262465902160457,-1.2602465902160458
2.393,2.3767611800145545,0.016238819985445296
1.726,2.673906256923021,-0.9479062569230212
1.344,2.9767713314051836,-1.6327713314051835
1.801,3.110242253220452,-1.3092422532204522
1.422,2.753532289432725,-1.3315322894327253
2.231,3.2830999714512217,-1.0520999714512218
2.493,3.6759736021373346,-1.1829736021373347
2.072,3.0118802065552623,-0.9398802065552623
1.527,2.923147567680525,-1.396147567680525
1.838,3.349117845303806,-1.511117845303806
2.906,3.0053312850635154,-0.0993312850635153
1.258,2.6787183221925748,-1.4207183221925748
1.283,2.696468907685272,-1.4134689076852722
3.074,3.3560828639112614,-0.2820828639112616
2.25,1.7821819559171188,0.4678180440828812
2.167,2.0290327207737797,0.1379672792262201
0.375,1.9401628551295134,-1.5651628551295134
2.295,2.487374976413855,-0.19237497641385515
2.825,2.8611685317051654,-0.03616853170516521
2.231,2.6196193411077364,-0.38861934110773655
3.122,2.5530598232966253,0.5689401767033746
2.688,3.6019904638523856,-0.9139904638523855
2.809,3.2130923463484216,-0.4040923463484214
2.743,2.718953107009095,0.02404689299090501
3.312,3.493247533404964,-0.18124753340496413
2.768,3.5163719958033806,-0.7483719958033808
4.322,3.96332700482884,0.35867299517116
3.844,3.7379611942260187,0.10603880577398117
3.482,3.4615911868385716,0.02040881316142862
2.614,3.320120841177328,-0.7061208411773281
2.683,3.276344945039529,-0.5933449450395294
2.712,3.0546249108169485,-0.34262491081694835
4.026,3.3693036587357197,0.6566963412642801
4.25,2.669392016638281,1.5806079833617188
3.167,1.83894414005703,1.3280558599429697
3.25,1.7773853929678145,1.4726146070321855
1.875,2.001843833058868,-0.12684383305886815
3.34,3.6080707040705673,-0.26807070407056743
2.889,2.9218850550872113,-0.03288505508721151
3.338,3.6726249355643814,-0.33462493556438133
1.984,2.398380527845732,-0.414380527845732
2.954,3.0873454278102272,-0.13334542781022707
2.063,2.4575525962334286,-0.3945525962334284
1.125,2.2592293720528964,-1.1342293720528964
1.5,2.660662165825526,-1.160662165825526
2.282,2.319232413775761,-0.03723241377576114
2.6,2.242382068749176,0.3576179312508243
2.05,2.293187196171603,-0.24318719617160323
3.425,3.0547514477004993,0.3702485522995005
5.00001,4.931226971934904,0.06878302806509584
5.00001,4.847923051384782,0.1520869486152172
2.802,2.9983151082644253,-0.19631510826442522
2.715,2.9095723448844097,-0.1945723448844099
2.764,3.306375241695844,-0.5423752416958441
2.718,2.78551603906287,-0.06751603906287018
3.534,2.978310741415438,0.5556892585845619
2.762,3.0338703686697435,-0.27187036866974346
1.825,2.1370727344899585,-0.31207273448995854
1.861,2.0682489798207286,-0.20724897982072865
2.107,2.3726071599788425,-0.2656071599788423
1.819,2.265812293004636,-0.4468122930046361
2.375,2.21541553791891,0.15958446208109
2.271,2.1594877539015678,0.11151224609843213
1.853,2.386236738009223,-0.5332367380092229
2.458,2.4814640117576436,-0.023464011757643455
2.125,2.194805381382017,-0.0698053813820172
2.042,2.3274895187218894,-0.28548951872188955
2.392,2.4878964479335153,-0.09589644793351537
3.913,2.7914102795471,1.1215897204528997
2.958,3.2045156279427363,-0.24651562794273607
3.011,2.95090979074546,0.06009020925454012
2.922,2.3894642235552785,0.5325357764447216
4.21,3.086808679822081,1.1231913201779191
3.305,2.5336060747650992,0.7713939252349009
2.409,2.1185141187168672,0.2904858812831326
1.875,2.1877826518416876,-0.31278265184168763
3.306,2.8866046825970675,0.41939531740293257
2.995,3.138719255171755,-0.14371925517175477
2.0,2.5282669064234327,-0.5282669064234327
2.095,2.2795998459246967,-0.18459984592469647
2.0,1.4825246819751734,0.5174753180248266
1.667,2.5662558776133584,-0.8992558776133583
1.625,2.053504862770678,-0.4285048627706778
2.125,1.6453069421503637,0.47969305784963634
2.25,1.9470082653726997,0.30299173462730034
1.875,1.8888959654328508,-0.013895965432850765
1.775,2.1124651922830298,-0.33746519228302985
1.906,2.036665003571937,-0.13066500357193722
3.5,1.3019652485422184,2.1980347514577816
2.042,1.7584822780035507,0.2835177219964491
1.889,1.943274950924372,-0.05427495092437207
1.99,2.579417902753378,-0.5894179027533781
1.93,2.3928760089988925,-0.4628760089988926
1.831,2.290945351033523,-0.45994535103352296
1.708,2.2110699042670885,-0.5030699042670885
1.938,1.9309282481217855,0.007071751878214405
1.935,2.6315599783342414,-0.6965599783342413
1.745,2.252494922276971,-0.5074949222769707
1.944,2.021222077508976,-0.07722207750897603
1.835,2.1946942422791116,-0.3596942422791116
3.259,1.9855252116110549,1.273474788388945
3.09,3.603650879198452,-0.513650879198452
2.891,1.8509012246944188,1.0400987753055813
3.029,2.1476846936983205,0.8813153063016794
1.537,2.0895264885232714,-0.5525264885232715
1.741,1.9529737853368103,-0.21197378533681022
1.837,2.008441129115835,-0.17144112911583487
1.773,1.937794779154017,-0.1647947791540172
1.852,2.137608154220794,-0.285608154220794
1.75,2.0440404728529593,-0.2940404728529593
2.136,1.6020726496064537,0.5339273503935464
2.703,2.0921643066475974,0.6108356933524024
2.059,2.268907390486673,-0.20990739048667262
1.925,1.9323266884882346,-0.0073266884882345895
1.725,2.090159241947596,-0.36515924194759597
1.693,1.9764077987451294,-0.28340779874512934
1.725,2.1089948587016245,-0.3839948587016244
1.849,1.7838351233724814,0.06516487662751858
1.848,2.3404721861273776,-0.49247218612737753
2.236,2.8145882832642615,-0.5785882832642613
2.811,3.437757389826692,-0.6267573898266923
2.206,2.610245430251945,-0.40424543025194515
1.808,2.1869347287023424,-0.37893472870234235
2.163,1.903419619727793,0.25958038027220676
1.675,2.272479427749775,-0.5974794277497748
2.5,1.9384237076405726,0.5615762923594274
2.258,2.95008392127944,-0.6920839212794401
1.847,2.338164048629481,-0.4911640486294808
1.926,2.4780656414068254,-0.5520656414068255
1.656,1.9530713747152646,-0.2970713747152647
1.984,1.911884271767163,0.07211572823283707
2.113,2.718007763885026,-0.605007763885026
2.464,2.8941010821547017,-0.4301010821547018
2.805,2.4277126562886973,0.3772873437113029
2.93,2.6893114027080736,0.2406885972919266
2.333,1.786166401881427,0.5468335981185732
2.298,2.127118388232022,0.17088161176797811
2.411,2.945270048885983,-0.5342700488859831
2.479,2.108892366866177,0.3701076331338231
2.925,2.8366701818457862,0.08832981815421359
2.528,2.0649176117166927,0.4630823882833073
2.139,2.426054804993136,-0.28705480499313607
2.342,2.4877506087408063,-0.14575060874080625
3.101,2.5342788397016633,0.5667211602983366
3.458,2.3740136611034672,1.083986338896533
3.326,2.404071259931846,0.9219287400681542
3.4,2.881799759245342,0.5182002407546578
3.459,2.7078895946515176,0.7511104053484825
3.276,2.7036821376634492,0.5723178623365506
3.447,2.3177156012635494,1.1292843987364507
2.65,2.354764522382914,0.2952354776170858
2.352,2.2084691826866196,0.14353081731338024
2.628,2.5956977174974987,0.032302282502501445
2.833,3.3288789539642174,-0.4958789539642172
2.848,2.667829937337476,0.180170062662524
2.474,2.503652416028299,-0.029652416028298934
2.966,3.0521748814437326,-0.08617488144373242
3.12,3.304500898360767,-0.184500898360767
2.47,2.7187810026839054,-0.24878100268390524
2.741,2.615808912577249,0.1251910874227513
2.823,3.1448013497132847,-0.3218013497132848
3.316,2.953850119252769,0.36214988074723076
2.866,2.010355890044024,0.8556441099559762
4.246,3.8336025043984936,0.41239749560150685
2.833,3.5201300885204856,-0.6871300885204854
3.446,2.7911540106589237,0.6548459893410765
3.205,3.0716855105890657,0.13331448941093438
4.269,3.8731455639355143,0.3958544360644858
3.514,2.864140559994431,0.6498594400055686
2.882,2.478839944901449,0.40316005509855124
3.467,3.4555036654335582,0.011496334566441835
3.762,3.052093281645824,0.7099067183541758
2.14,2.480033146512733,-0.3400331465127331
2.4,2.3927356595246407,0.007264340475359177
3.275,2.7780968564810005,0.49690314351899945
2.781,2.91623873613967,-0.13523873613966986
2.119,2.4532657597905043,-0.3342657597905041
2.369,2.481593404655634,-0.11259340465563383
2.38,2.9458948093357975,-0.5658948093357976
2.642,2.6373737822449765,0.004626217755023365
2.487,2.8813966165340057,-0.3943966165340056
2.647,3.0875764196498405,-0.44057641964984073
3.328,2.8738164105453414,0.4541835894546584
2.913,1.8905499952332518,1.022450004766748
2.307,2.719744201142872,-0.41274420114287214
2.585,2.8419258606350395,-0.2569258606350395
2.405,2.799813883851451,-0.3948138838514512
3.088,2.545760017980132,0.542239982019868
2.535,2.6452665133037128,-0.11026651330371262
2.551,3.3509959072077184,-0.7999959072077183
2.81,2.537603010106898,0.27239698989310224
3.97,3.842023146082126,0.12797685391787406
2.821,3.0011952068112064,-0.18019520681120627
2.32,2.884176962837062,-0.5641769628370623
3.373,3.2882556047844282,0.08474439521557198
3.2,2.9259098074377046,0.2740901925622956
2.556,2.848018711572056,-0.29201871157205606
2.404,3.1516858043266325,-0.7476858043266326
2.5,2.6456691422645684,-0.1456691422645684
2.636,2.8848894257559925,-0.24888942575599238
2.833,3.3920964034000116,-0.5590964034000114
2.672,2.8030490003000517,-0.1310490003000515
2.611,2.994178584156492,-0.38317858415649164
2.552,2.345065401261045,0.20693459873895526
3.165,3.1824053563782555,-0.017405356378255465
2.317,2.996432708969144,-0.6794327089691437
2.186,2.416978279825372,-0.2309782798253721
2.047,2.3294338437546847,-0.2824338437546845
2.259,2.4372775156020965,-0.1782775156020966
2.403,1.9912750228360105,0.4117249771639895
2.645,2.830234265459754,-0.18523426545975408
2.348,2.675997558104583,-0.3279975581045833
2.688,2.543622142038575,0.144377857961425
3.654,3.244643857465986,0.40935614253401376
3.029,2.958957496021306,0.07004250397869383
3.131,2.468636796112625,0.6623632038873746
2.819,2.4162901212548764,0.40270987874512354
2.674,3.0928599953400764,-0.41885999534007645
2.89,2.9387754670997253,-0.048775467099725134
2.633,3.0672156861966835,-0.4342156861966835
2.409,2.870922639470063,-0.46192263947006307
1.849,2.0426402239646895,-0.1936402239646895
1.758,2.018579404893885,-0.260579404893885
1.776,2.03691571851557,-0.26091571851557016
1.642,2.3743565836126344,-0.7323565836126344
1.125,1.8090143935344973,-0.6840143935344973
2.159,1.7401235136751732,0.41887648632482666
1.524,2.1882416012473307,-0.6642416012473307
1.125,2.1120806255993054,-0.9870806255993054
1.911,1.8905526816649134,0.020447318335086617
1.734,2.485805935913265,-0.7518059359132652
1.728,1.7802020276923103,-0.052202027692310304
1.926,2.2639854435509834,-0.3379854435509835
1.279,1.9039172939066367,-0.6249172939066368
1.881,2.5820845507826977,-0.7010845507826977
1.763,2.4483642660277343,-0.6853642660277344
2.128,2.8167578052175077,-0.6887578052175076
2.28,1.7917557974109095,0.4882442025890903
2.496,2.3971553721620777,0.09884462783792225
1.784,2.3270613967526304,-0.5430613967526303
0.875,1.673309171474959,-0.7983091714749591
1.858,2.0134056719134694,-0.15540567191346932
1.786,1.8730512387159903,-0.0870512387159903
1.919,2.6660223010892743,-0.7470223010892743
1.604,2.378479074082123,-0.774479074082123
1.661,2.359376999197999,-0.6983769991979991
2.327,2.8679945705967618,-0.5409945705967618
2.358,2.372497167826384,-0.014497167826383883
2.531,3.163897256761661,-0.6328972567616606
2.17,2.98328723796325,-0.8132872379632499
1.764,2.8014524286463156,-1.0374524286463156
1.235,2.6015816043816424,-1.3665816043816423
1.152,2.163453527138658,-1.0114535271386582
1.786,2.4409744753907003,-0.6549744753907003
1.831,2.1277952445640915,-0.29679524456409156
1.795,2.4310928909183334,-0.6360928909183334
1.91,2.414265729924771,-0.5042657299247713
2.228,2.6784276880062814,-0.4504276880062812
1.653,1.910619851387228,-0.25761985138722787
1.775,2.1675909957202375,-0.3925909957202376
2.194,2.8964975266237385,-0.7024975266237385
1.397,1.902201123653277,-0.505201123653277
2.125,2.4774166446937738,-0.35241664469377376
1.649,2.3891862787915805,-0.7401862787915805
2.314,1.9176841178367785,0.39631588216322156
1.758,2.469933848522267,-0.7119338485222668
1.81,2.6721934453230345,-0.8621934453230344
3.43,3.33160225771205,0.09839774228795006
2.314,2.795468388200621,-0.481468388200621
2.639,2.902030441744468,-0.2630304417444682
2.624,2.5537918128931434,0.07020818710685672
2.233,2.8702582206385245,-0.6372582206385244
3.384,3.572312372560509,-0.18831237256050892
5.00001,3.695094495253757,1.3049155047462424
3.553,3.413365517557208,0.13963448244279197
3.484,3.5212174177271316,-0.03721741772713161
3.782,3.2205099866674947,0.5614900133325054
2.778,3.281735206905233,-0.5037352069052328
2.31,2.870012902773013,-0.5600129027730127
2.837,3.230735183649748,-0.3937351836497478
3.595,3.1080211346283653,0.48697886537163493
2.242,2.985701316317364,-0.743701316317364
2.174,2.638595755444814,-0.4645957554448139
2.276,2.5594730253914433,-0.2834730253914435
2.419,2.8009014441106808,-0.3819014441106807
2.413,3.080664907443862,-0.6676649074438621
2.862,2.745881569499344,0.11611843050065618
1.865,2.627139864672807,-0.7621398646728068
2.099,3.0301282461294576,-0.9311282461294574
1.645,2.4983251018900163,-0.8533251018900163
2.356,2.496038708497305,-0.14003870849730493
2.356,2.8450323603446575,-0.4890323603446576
2.32,2.6574085402962844,-0.33740854029628453
2.357,2.673876697504464,-0.3168766975044637
2.715,3.200979218167305,-0.48597921816730505
2.419,2.954163702966359,-0.5351637029663592
2.41,2.6479916843653384,-0.23799168436533824
3.627,3.1580640165776,0.4689359834223996
2.922,3.0245303485049875,-0.10253034850498732
3.026,3.156883987169765,-0.13088398716976535
2.779,3.431948835688829,-0.6529488356888291
3.355,2.9376993919005066,0.41730060809949343
1.337,1.738022873802,-0.4010228738020001
2.947,2.789610357710112,0.15738964228988817
2.21,2.4137335390398507,-0.2037335390398507
1.65,2.4102315150700493,-0.7602315150700494
1.601,2.4535874148948955,-0.8525874148948955
1.636,2.2291904046994415,-0.5931904046994416
1.79,2.0637861538411606,-0.27378615384116056
1.824,2.1807166651512544,-0.35671666515125433
1.953,2.6323250538678473,-0.6793250538678473
1.726,2.5278006775460256,-0.8018006775460256
1.855,2.482153627261875,-0.6271536272618752
1.928,2.800866567556784,-0.8728665675567839
2.407,2.614936847831509,-0.20793684783150912
1.629,2.4767066433606066,-0.8477066433606066
1.736,2.607803336484069,-0.8718033364840692
1.934,2.3439572683735883,-0.40995726837358837
1.825,2.324962618536332,-0.49996261853633217
1.945,2.3778602010792547,-0.4328602010792546
1.821,1.9230142084384245,-0.10201420843842457
1.533,2.0906044756258866,-0.5576044756258867
1.375,1.8994791947908203,-0.5244791947908203
1.64,1.6460425793866929,-0.006042579386692948
1.601,1.8978118940157973,-0.29681189401579733
1.822,1.8168129922376894,0.005187007762310625
2.103,2.0453615596960746,0.05763844030392562
1.401,1.687337541204737,-0.28633754120473687
1.596,2.0765298271544426,-0.4805298271544425
1.286,2.369355853426374,-1.083355853426374
2.059,2.361790686362988,-0.30279068636298767
1.568,2.67008570410435,-1.1020857041043501
2.018,2.29719637116991,-0.27919637116991014
2.865,2.7168760820530813,0.14812391794691893
2.299,2.939166985544995,-0.6401669855449952
2.099,2.5124243510992956,-0.41342435109929543
1.958,2.9326066534926896,-0.9746066534926896
1.848,2.1155039600878545,-0.2675039600878544
2.091,2.559492379894022,-0.4684923798940219
1.824,2.1531207000732655,-0.32912070007326544
1.875,2.3877860531310278,-0.5127860531310278
2.148,2.4572314038357863,-0.3092314038357862
1.963,2.446382474104611,-0.4833824741046109
1.717,2.061031088986093,-0.3440310889860929
1.838,2.4317111250938526,-0.5937111250938525
1.786,2.368600382377884,-0.5826003823778838
2.152,2.5919340271257707,-0.43993402712577057
2.131,2.7490315617073295,-0.6180315617073298
1.676,2.4364637776180484,-0.7604637776180485
1.615,2.3070488193020386,-0.6920488193020387
1.679,2.350477944664406,-0.6714779446644059
4.565,3.6171500260849183,0.9478499739150821
2.862,3.176029848509071,-0.3140298485090711
3.308,2.9681391246627653,0.3398608753372345
4.167,5.712652767926825,-1.5456527679268248
3.209,3.4493935728521885,-0.24039357285218843
3.28,3.577477243866728,-0.29747724386672836
3.256,2.666641591906607,0.5893584080933927
3.741,3.5450467871789186,0.19595321282108147
2.597,2.6400306510625455,-0.043030651062545555
2.468,3.0974025051539757,-0.6294025051539758
1.635,2.5718528574508457,-0.9368528574508457
2.691,2.794834894955428,-0.10383489495542797
2.739,3.47687091501755,-0.7378709150175502
2.737,3.31725691807961,-0.58025691807961
3.516,3.3663464549910866,0.14965354500891337
2.684,3.178640054715899,-0.4946400547158989
2.298,2.277965353394185,0.020034646605815
2.581,2.8276697091636813,-0.24666970916368136
2.766,2.9469016252864013,-0.1809016252864013
3.294,2.933703187864555,0.36029681213544507
3.207,3.413589150709196,-0.20658915070919637
2.885,3.3695986754083442,-0.48459867540834445
3.483,2.811763402493649,0.671236597506351
1.5,2.155080440428419,-0.655080440428419
5.00001,1.7427718481147398,3.25723815188526
1.875,1.4918878853640851,0.3831121146359149
3.337,2.140415372905136,1.1965846270948641
3.356,3.316175582159457,0.039824417840542914
1.811,3.045555877084974,-1.2345558770849743
4.25,2.6291670331694066,1.6208329668305934
2.574,2.8509735162611314,-0.27697351626113154
2.714,2.964606113254901,-0.2506061132549009
2.727,3.023896091659321,-0.2968960916593213
2.678,2.896193424664702,-0.21819342466470193
2.585,3.353403844654956,-0.7684038446549559
2.653,3.313228087520578,-0.6602280875205779
2.432,2.932048821600453,-0.500048821600453
1.789,2.8980320160125816,-1.1090320160125817
1.991,2.958471705838204,-0.9674717058382041
2.669,3.0986710383821214,-0.4296710383821214
2.67,3.640623358252676,-0.9706233582526762
2.636,3.2427921960421373,-0.6067921960421372
2.994,3.253664389783017,-0.25966438978301687
2.655,2.7081488738101793,-0.05314887381017952
4.41,4.013103121576411,0.3968968784235889
4.228,3.6562140588658267,0.571785941134173
2.458,2.1175452989829857,0.34045470101701447
2.041,3.0529230491500217,-1.0119230491500217
2.542,3.136687751272089,-0.5946877512720894
3.679,3.3634762609339313,0.31552373906606856
2.645,3.22917445350584,-0.58417445350584
2.487,2.9291818295995613,-0.4421818295995612
2.269,2.4778475732164265,-0.20884757321642633
2.648,3.276179900937174,-0.628179900937174
2.611,2.9382375227069795,-0.32723752270697926
1.869,2.752499865951578,-0.8834998659515778
1.44,2.605522618365829,-1.165522618365829
2.264,2.9958463188397415,-0.7318463188397417
2.379,2.921918548564974,-0.5429185485649741
5.00001,4.569939485023664,0.43007051497633597
5.00001,4.893276196720205,0.10673380327979487
2.544,2.5750828443354585,-0.031082844335458493
3.112,3.283808950947895,-0.17180895094789506
5.00001,7.045464326655699,-2.0454543266556993
2.207,2.320913640226987,-0.11391364022698713
2.268,2.9710171709238016,-0.7030171709238018
2.762,3.2789684645792394,-0.5169684645792394
3.205,2.7643776253625187,0.44062237463748133
1.741,2.4168553239584547,-0.6758553239584546
2.287,3.0172559733602515,-0.7302559733602516
2.25,3.967462539605209,-1.7174625396052088
2.522,2.015593345456918,0.5064066545430816
2.258,2.567475327775296,-0.3094753277752962
2.551,2.777788630832884,-0.2267886308328837
2.125,2.81673087649762,-0.69173087649762
2.249,2.7025376070445075,-0.4535376070445074
2.25,1.9544496286958264,0.2955503713041736
1.58,2.0950010625492945,-0.5150010625492945
1.125,2.577944696782155,-1.452944696782155
2.267,2.191244222709476,0.07575577729052396
2.353,3.0071361475686,-0.6541361475685998
2.307,2.832527896833628,-0.5255278968336281
2.268,2.6193417754737607,-0.3513417754737609
1.375,2.4864239630799343,-1.1114239630799343
0.813,1.8676081192041196,-1.0546081192041197
2.324,2.1555733294410153,0.16842667055898453
2.369,3.2902710353210556,-0.9212710353210554
0.475,2.0934213253425615,-1.6184213253425614
2.298,3.206643829533732,-0.908643829533732
2.38,2.8278990780843403,-0.4478990780843404
2.555,3.0919075940540313,-0.5369075940540311
2.193,2.59720012609033,-0.40420012609033007
2.641,2.9012131222440516,-0.2602131222440516
0.875,2.144369033878665,-1.269369033878665
1.375,2.555303822654851,-1.1803038226548508
1.125,2.5773674266104756,-1.4523674266104756
0.675,2.2044197427158325,-1.5294197427158325
1.997,2.2353796511893274,-0.23837965118932725
1.375,2.030015575392336,-0.6550155753923361
2.083,2.2637965763879624,-0.1807965763879622
2.086,2.3351081289100124,-0.24910812891001255
2.356,1.9938720338188294,0.3621279661811705
2.341,2.1545121453574025,0.18648785464259765
2.185,2.289560149768044,-0.10456014976804395
2.154,2.771824567959584,-0.617824567959584
2.521,2.725711193156964,-0.2047111931569643
2.175,2.9744369911094504,-0.7994369911094505
2.375,2.699690084561497,-0.32469008456149684
2.545,3.2276770495400164,-0.6826770495400165
2.712,3.271026370485253,-0.5590263704852529
2.699,2.5962918292421575,0.10270817075784233
2.645,2.5725912023159405,0.0724087976840595
2.614,2.3424300141073724,0.2715699858926275
2.583,3.355736202667351,-0.772736202667351
2.476,2.6751335857307685,-0.19913358573076856
2.427,2.679002105070939,-0.2520021050709391
2.872,3.129433829854131,-0.257433829854131
2.819,4.088387560553267,-1.269387560553267
2.546,2.9257782967291925,-0.3797782967291927
2.983,2.716809953792101,0.2661900462078992
2.703,2.898269955373933,-0.195269955373933
2.618,2.2227773574941416,0.39522264250585826
2.822,3.0829213167625147,-0.2609213167625146
2.611,2.3902757905108314,0.22072420948916882
2.389,2.7162451794303806,-0.3272451794303808
1.984,2.7609372825831517,-0.7769372825831518
2.122,2.5990417679108164,-0.47704176791081654
2.4,2.7037066803302334,-0.3037066803302335
2.871,2.7168910663976975,0.1541089336023025
2.387,2.941014515496604,-0.5540145154966041
3.074,2.6933120177562775,0.38068798224372236
2.629,2.523627866949467,0.10537213305053283
2.513,2.433748518568578,0.07925148143142202
2.661,2.4065900072177313,0.2544099927822687
2.871,2.416367856458308,0.454632143541692
2.799,2.941092423915642,-0.14209242391564203
2.444,2.293483499269098,0.15051650073090217
2.316,2.3694270813274745,-0.053427081327474646
2.44,1.7855178530238296,0.6544821469761704
2.355,2.525964496497128,-0.17096449649712797
2.379,2.3512479623545497,0.02775203764545031
2.361,2.817680698052854,-0.4566806980528537
2.865,2.144822406353741,0.7201775936462593
2.293,2.3018575679373625,-0.008857567937362365
2.5,2.4726499267735904,0.027350073226409588
2.576,2.329913310272306,0.2460866897276941
2.511,2.773831726045949,-0.26283172604594895
2.461,2.9527215531559508,-0.4917215531559509
2.561,2.1562064020715153,0.4047935979284847
2.759,1.8529639532025548,0.9060360467974451
2.947,2.7382298784504346,0.20877012154956542
2.883,2.6219135200805272,0.26108647991947276
2.769,2.458934403319487,0.31006559668051326
2.554,2.762616286061191,-0.20861628606119131
2.541,3.2284870560981056,-0.6874870560981057
2.883,2.970943411812022,-0.08794341181202192
2.526,2.2590852223975766,0.2669147776024232
2.478,2.391902575977454,0.08609742402254605
3.305,3.4095280468718263,-0.10452804687182615
3.024,3.2897388138875385,-0.2657388138875385
3.156,2.9729934409861993,0.1830065590138008
3.021,2.832055309533342,0.18894469046665785
2.876,2.870103580024689,0.005896419975310874
2.943,3.2672273202055733,-0.3242273202055732
3.139,2.747580357979155,0.3914196420208449
2.858,2.4967431175814703,0.3612568824185298
3.359,3.376134748960745,-0.01713474896074496
3.42,2.912536148372709,0.5074638516272909
3.552,3.0470595118569026,0.5049404881430974
2.798,2.597299296963531,0.20070070303646892
2.177,2.6653134821745543,-0.4883134821745543
2.889,3.2077638805329345,-0.3187638805329347
2.883,3.221140840846055,-0.3381408408460551
3.396,3.0457771119721513,0.3502228880278486
2.375,2.421854741441634,-0.04685474144163404
2.277,2.2960994863091315,-0.019099486309131386
2.632,2.715945924484467,-0.0839459244844667
2.819,1.8873676257310352,0.9316323742689647
2.646,2.352277200620715,0.2937227993792848
3.655,3.600788886589203,0.05421111341079676
2.909,2.9586052708061765,-0.049605270806176716
2.675,2.432700077605403,0.24229992239459675
3.149,2.4072545954307065,0.7417454045692935
2.773,2.088878803262725,0.6841211967372751
2.705,2.2054514592248498,0.4995485407751503
3.07,2.4371695055922857,0.6328304944077141
3.295,2.3089269710742295,0.9860730289257704
3.325,3.3755837836673654,-0.05058378366736527
2.93,2.3712575198572794,0.5587424801427208
2.625,2.23071329405708,0.3942867059429198
2.675,2.2902547558945017,0.38474524410549815
2.273,2.582149463501252,-0.3091494635012517
2.125,2.3773775042157066,-0.2523775042157066
2.141,2.556219928117127,-0.41521992811712716
1.813,1.3716089378666787,0.44139106213332124
2.625,2.6598829681455713,-0.03488296814557135
2.343,2.677550921023256,-0.334550921023256
2.6,2.2605008918760605,0.3394991081239396
2.429,2.122071183912843,0.3069288160871566
2.832,2.761741333255401,0.07025866674459902
2.83,3.9342249570024737,-1.1042249570024736
2.649,2.239343108432884,0.40965689156711615
2.804,3.0257948047817305,-0.22179480478173064
2.961,3.378034294112194,-0.4170342941121943
2.773,2.786584721653848,-0.013584721653848053
2.691,2.3068435480285574,0.38415645197144244
2.726,3.1190532341256443,-0.3930532341256443
2.75,3.116933858283194,-0.3669338582831938
2.735,2.971160349916246,-0.23616034991624613
3.441,3.453423196207162,-0.012423196207162146
3.034,2.430011509492587,0.6039884905074127
2.75,2.903656446499271,-0.15365644649927113
2.83,2.8707899222657574,-0.040789922265757284
3.003,2.943265234645235,0.059734765354765074
2.653,2.2889972761218704,0.3640027238781296
2.78,3.1454126804389047,-0.36541268043890485
2.694,2.9318067971812987,-0.2378067971812987
2.989,3.0091450382125675,-0.020145038212567634
2.739,2.4906326578570352,0.24836734214296463
2.691,2.9365718967851233,-0.24557189678512348
2.868,3.068482241115726,-0.2004822411157261
2.551,2.7086622179628326,-0.15766221796283242
3.333,1.6159389299365414,1.7170610700634588
3.32,2.932971294610378,0.38702870538962175
4.135,3.3478583257085606,0.7871416742914392
4.054,3.3310554024965264,0.7229445975034738
4.309,3.09740446445967,1.2115955355403303
3.719,3.365972241940865,0.353027758059135
2.682,3.1416351551296176,-0.4596351551296176
2.526,2.721224422054825,-0.19522442205482538
2.342,2.66137632848984,-0.3193763284898399
2.432,2.718744736302447,-0.2867447363024471
2.601,3.3328894810026455,-0.7318894810026455
2.453,2.703671897409272,-0.2506718974092723
2.746,2.7122635310758874,0.03373646892411264
2.72,2.7270769697655517,-0.0070769697655515
2.794,3.2981377302128703,-0.5041377302128702
2.905,2.974207600924608,-0.06920760092460831
3.638,3.730559480640248,-0.0925594806402481
3.359,3.2107865817223744,0.14821341827762557
2.812,2.9552718068758,-0.14327180687580032
2.718,3.213133489416152,-0.4951334894161521
4.05,3.6659594175391317,0.38404058246086814
5.00001,4.3839219407646475,0.6160880592353521
4.764,4.001767300047801,0.7622326999521993
4.459,2.6501964319184976,1.808803568081502
5.00001,3.158756708512448,1.8412532914875515
5.00001,4.334915170105981,0.6650948298940182
5.00001,4.758717768091012,0.24129223190898763
4.361,2.747708728505512,1.6132912714944876
3.963,2.2960298226926525,1.6669701773073475
5.00001,4.5204444432694775,0.47956555673052215
3.393,2.589587887461946,0.8034121125380538
3.678,3.346613871522138,0.33138612847786186
3.407,2.7449555957676393,0.6620444042323608
3.478,3.8311597067540935,-0.35315970675409325
4.425,4.028821501425449,0.39617849857455045
5.00001,6.872017047802799,-1.872007047802799
5.00001,5.0390013461150485,-0.03899134611504884
4.964,3.86905498191768,1.0949450180823206
5.00001,5.254788220311493,-0.25477822031149344
5.00001,4.2666610071180235,0.7333489928819761
4.158,3.1777093446393527,0.9802906553606476
5.00001,4.309894405501915,0.690115594498085
5.00001,4.8546636060895425,0.14534639391045712
5.00001,4.047558031072122,0.9524519689278774
5.00001,4.893786619724268,0.10622338027573175
5.00001,3.919162641545173,1.0808473584548266
5.00001,3.776485483478921,1.2235245165210786
5.00001,4.012500106249121,0.9875098937508788
5.00001,5.333684922182036,-0.33367492218203676
5.00001,5.1236133144839435,-0.1236033144839439
5.00001,4.967676231369053,0.032333768630946835
5.00001,4.134639163302213,0.865370836697787
5.00001,4.925175103538585,0.0748348964614145
5.00001,3.7722459184404418,1.2277640815595579
5.00001,4.37784351922307,0.6221664807769294
3.461,3.2017525964702775,0.2592474035297223
5.00001,4.20393181453902,0.7960781854609795
3.359,3.0588917111880702,0.30010828881192975
5.00001,4.00054345813029,0.99946654186971
5.00001,4.739508901176943,0.26050109882305694
5.00001,4.446715309983707,0.5532946900162923
5.00001,5.060265804310997,-0.060255804310997085
5.00001,5.004383538712293,-0.004373538712293623
5.00001,5.602162637512411,-0.6021526375124111
5.00001,5.095153991767597,-0.09514399176759714
5.00001,3.9223644814658534,1.0776455185341463
4.988,4.0999209290173,0.8880790709827
3.808,3.3984401119408973,0.4095598880591025
4.555,4.04577797376677,0.5092220262332301
5.00001,4.455094588381971,0.544915411618029
5.00001,4.942834141702236,0.057175858297763504
4.2,3.9578685999352006,0.2421314000647996
5.00001,3.626541811144665,1.3734681888553348
5.00001,3.744147411591873,1.2558625884081267
4.853,3.793215347382608,1.0597846526173917
3.689,3.9128152350775265,-0.22381523507752643
3.962,2.84989398480118,1.1121060151988202
2.883,2.8457337139606933,0.037266286039306706
4.163,2.8774169117637998,1.2855830882362005
4.747,3.908249664569336,0.8387503354306638
4.364,3.4649905643597445,0.8990094356402554
3.512,2.761375038666236,0.7506249613337639
4.314,3.0856235041783475,1.2283764958216525
3.938,3.368288019415911,0.5697119805840893
3.551,2.9035177913430448,0.6474822086569554
4.17,3.217679676549115,0.952320323450885
3.459,3.6539284384457758,-0.19492843844577568
4.091,3.0103201792607894,1.0806798207392108
4.113,3.4717490902794936,0.6412509097205068
3.806,3.957814782365671,-0.1518147823656708
3.32,3.293449923285802,0.026550076714197957
3.727,3.9633577892270297,-0.23635778922702988
4.007,3.704652812974178,0.30234718702582164
2.757,2.3141342277361714,0.4428657722638287
3.263,3.245960204489415,0.017039795510584987
3.353,3.102630177596349,0.250369822403651
3.414,3.312246759530503,0.10175324046949719
3.325,3.265338617737763,0.05966138226223716
3.546,3.460703048091768,0.08529695190823183
3.419,3.372916995513436,0.04608300448656388
3.483,3.410536371761772,0.07246362823822805
3.401,3.425030448345217,-0.02403044834521717
4.048,3.08556210362022,0.9624378963797802
2.445,2.8649947473264445,-0.4199947473264447
3.327,3.526974453310995,-0.19997445331099506
2.84,2.7735811650248356,0.06641883497516421
2.422,2.866490950454664,-0.4444909504546639
3.736,3.7270859182054092,0.008914081794590967
4.123,3.7912926467645707,0.33170735323542955
2.312,2.931081809654218,-0.6190818096542183
3.606,3.342910729691329,0.2630892703086709
3.387,3.193178520183844,0.19382147981615594
3.657,4.042173944432091,-0.38517394443209074
3.544,2.5589574451137103,0.9850425548862898
3.5,3.297949346058636,0.202050653941364
3.447,3.0934509053026193,0.3535490946973807
4.518,3.216895386355218,1.3011046136447817
3.521,2.984855557071625,0.536144442928375
2.895,2.964103181697698,-0.06910318169769791
3.33,2.8646615803031503,0.46533841969684975
3.431,3.1711579906748923,0.2598420093251077
3.515,2.959689116846575,0.555310883153425
3.442,3.386560424635511,0.05543957536448918
3.881,3.8090830340416333,0.0719169659583665
4.239,4.037023725579236,0.2019762744207636
4.165,3.4510336739069754,0.7139663260930247
4.514,3.513842667939666,1.000157332060334
4.316,3.7857191168326976,0.5302808831673023
4.326,3.8209477661730378,0.5050522338269618
2.929,3.6820368557031586,-0.7530368557031588
3.701,3.083167519074418,0.617832480925582
4.473,3.8733642061119946,0.5996357938880053
3.424,2.4416534829610046,0.9823465170389953
2.25,2.2130834275399476,0.03691657246005242
2.715,2.4051012665402647,0.3098987334597352
2.914,3.2039293479152438,-0.2899293479152436
3.169,2.496576919368668,0.672423080631332
4.097,2.428047086318098,1.6689529136819026
3.818,4.11542071958716,-0.2974207195871599
3.275,3.3860841198885727,-0.11108411988857281
3.227,2.961767896057551,0.265232103942449
4.301,2.8660742040306,1.4349257959694
4.119,3.3029048655450266,0.8160951344549732
3.83,3.465384283990064,0.3646157160099359
4.068,3.8244552550535786,0.24354474494642098
4.03,3.457446169411166,0.5725538305888342
3.447,3.486484705781109,-0.039484705781108964
3.674,2.7479223082141946,0.9260776917858053
3.622,3.1795368383765017,0.4424631616234982
2.284,2.9696634069601853,-0.6856634069601855
3.114,2.3778556953810526,0.7361443046189473
5.00001,2.430802041378514,2.5692079586214858
2.438,2.4749177925993675,-0.03691779259936734
3.78,2.7050814481038774,1.0749185518961224
2.536,2.6515028423643354,-0.11550284236433539
3.352,2.9622489426059557,0.38975105739404414
3.49,3.3941483517622655,0.09585164823773473
3.463,3.6019574138031065,-0.13895741380310644
3.236,2.69225675962403,0.5437432403759703
3.683,3.542133171022517,0.14086682897748304
4.112,4.081309239458801,0.03069076054119879
3.37,2.317949673656325,1.0520503263436751
2.394,2.4387061534370207,-0.04470615343702056
2.56,1.9623845142052274,0.5976154857947726
2.848,2.8680913952795297,-0.020091395279529856
3.25,2.4663842559906968,0.7836157440093032
2.528,2.5465309965727387,-0.01853099657273871
3.116,2.882664302999543,0.2333356970004572
2.736,2.6092539515435766,0.12674604845642357
2.524,2.5238046450716136,0.00019535492838640423
2.246,2.7158465343617793,-0.46984653436177926
2.304,2.8458668552243456,-0.5418668552243457
3.277,2.5180530972681776,0.7589469027318225
1.673,2.5062232162296874,-0.8332232162296873
3.609,3.687749065694425,-0.07874906569442519
1.781,2.319718303434496,-0.5387183034344962
2.327,2.7607126352589852,-0.4337126352589853
2.544,2.257369182869715,0.28663081713028493
2.222,2.5005760856045196,-0.27857608560451963
2.526,3.161796445715648,-0.6357964457156484
2.394,3.228414566512111,-0.8344145665121108
2.502,2.60240924581794,-0.1004092458179402
2.61,2.7148808099696886,-0.10488080996968874
2.495,2.467228560703349,0.027771439296651046
2.397,2.8585299786762386,-0.4615299786762388
2.801,2.6811369271731778,0.1198630728268224
4.5,2.3776378385272623,2.1223621614727377
3.642,2.4550987966790894,1.1869012033209105
3.365,3.0284843495676097,0.3365156504323905
2.708,2.6806943662474207,0.02730563375257944
3.242,2.3597489599760606,0.8822510400239394
3.5,2.713512787531364,0.7864872124686362
2.674,2.620790139604862,0.05320986039513809
3.75,2.3793258016323384,1.3706741983676616
0.4,2.351037564140146,-1.951037564140146
5.00001,2.5381694249524656,2.461840575047534
4.7,3.179411007746341,1.5205889922536593
5.00001,3.329318543967532,1.6706914560324675
2.625,2.921625963365482,-0.2966259633654822
2.893,2.757275517296593,0.13572448270340676
2.846,3.240883981912088,-0.39488398191208773
2.625,2.3371444034356266,0.28785559656437343
3.223,3.1664709716853388,0.05652902831466111
1.922,2.7601596123906575,-0.8381596123906576
2.77,2.5546357070500054,0.2153642929499946
3.087,3.2026620744736376,-0.11566207447363741
2.889,2.772281408652759,0.11671859134724061
2.647,3.1184654930188858,-0.47146549301888596
3.433,3.152700889009021,0.28029911099097893
2.841,1.8860902961842212,0.954909703815779
2.667,2.6063491487947728,0.06065085120522706
2.74,2.420052508088502,0.3199474919114982
1.972,2.3449670846211217,-0.3729670846211217
2.906,2.215360336780061,0.690639663219939
2.298,2.4434497990033126,-0.14544979900331256
3.519,2.411241321433113,1.1077586785668871
1.827,2.340117324797628,-0.5131173247976282
1.656,2.4648673969357344,-0.8088673969357345
2.935,2.7128543165878205,0.22214568341217955
2.76,2.4521964943178194,0.3078035056821804
2.664,2.539856607461747,0.12414339253825313
1.75,2.7072725135283338,-0.9572725135283338
1.813,2.339566104367834,-0.526566104367834
3.167,2.1760734722390405,0.9909265277609594
3.277,2.6254058636905606,0.6515941363094395
2.613,2.506644987521525,0.1063550124784749
2.75,2.440609504494906,0.3093904955050939
3.071,2.2877421351174974,0.7832578648825028
3.343,2.3377626514198955,1.0052373485801045
3.4,2.722093488303308,0.6779065116966918
3.525,2.4338218326252354,1.0911781673747645
3.303,2.988547331823804,0.3144526681761959
2.802,2.7936414232622964,0.008358576737703682
3.424,2.8726902225803967,0.5513097774196032
3.531,2.46252384063168,1.0684761593683203
3.545,3.010504421367493,0.534495578632507
3.656,2.1952780127455735,1.4607219872544266
3.59,3.177471164927078,0.41252883507292193
4.147,3.4427139651068552,0.704286034893145
4.072,3.3694920117135077,0.7025079882864924
3.536,2.3568697823819775,1.1791302176180225
3.667,2.921338096321798,0.7456619036782017
3.734,2.896741110522211,0.837258889477789
3.839,3.6640131482622222,0.17498685173777773
4.65,3.679791056637855,0.9702089433621452
5.00001,3.5033969738036177,1.496613026196382
4.421,2.9757234051716432,1.445276594828357
3.429,2.3956630149530858,1.033336985046914
4.575,2.72892483700257,1.8460751629974301
4.735,3.9791476097150165,0.7558523902849839
5.00001,3.6402908833563608,1.3597191166436389
5.00001,3.5421282251582618,1.4578817748417379
5.00001,4.805898344965506,0.19411165503449368
5.00001,4.566006372634562,0.4340036273654375
5.00001,2.8431560234282447,2.156853976571755
5.00001,3.883673640093744,1.1163363599062555
5.00001,3.9916969707419625,1.0083130292580371
5.00001,4.347169753544074,0.6528402464559253
5.00001,3.0460534741491934,1.9539565258508063
5.00001,3.856281938268092,1.1437280617319074
5.00001,4.853452431340488,0.14655756865951197
5.00001,4.257269293906388,0.7427407060936115
5.00001,3.9916470699295776,1.008362930070422
5.00001,4.85742490021711,0.1425850997828899
5.00001,4.980887077977975,0.01912292202202437
5.00001,5.842626211274876,-0.8426162112748763
5.00001,5.020832106413067,-0.020822106413067587
5.00001,3.91230794063213,1.0877020593678695
5.00001,4.249482896864792,0.7505271031352079
5.00001,4.241297466209357,0.7587125337906429
5.00001,4.904324321632845,0.09568567836715491
5.00001,3.98774083154645,1.0122691684535496
5.00001,2.8938287102368143,2.1061812897631853
5.00001,4.016284488834442,0.9837255111655576
5.00001,4.31154580284681,0.6884641971531895
5.00001,2.825242983773685,2.1747670162263146
5.00001,3.4448015995209644,1.5552084004790352
5.00001,3.887980129833343,1.1120298701666567
5.00001,3.7338654743175033,1.2661445256824964
5.00001,4.44453645478598,0.5554735452140198
5.00001,4.309416641218805,0.6905933587811948
5.00001,5.033857371826337,-0.03384737182633746
4.612,2.970028799647573,1.641971200352427
4.409,3.1227396218799988,1.286260378120001
4.371,3.541984810656156,0.8290151893438447
2.65,2.722877338298365,-0.07287733829836496
3.141,2.474130790161003,0.666869209838997
3.609,3.1548407757856625,0.4541592242143375
4.513,3.7769197687332277,0.7360802312667722
4.637,3.7548516973535633,0.8821483026464363
4.178,3.5782781827894987,0.5997218172105012
4.438,3.753449704912273,0.6845502950877269
4.329,3.33897618412725,0.9900238158727497
3.621,3.1349332269479415,0.4860667730520585
3.731,3.076587084954678,0.654412915045322
4.384,3.067063992471539,1.3169360075284615
4.319,2.829620509018949,1.489379490981051
4.255,3.517356137781063,0.737643862218937
4.063,3.1792320787744455,0.8837679212255543
3.974,3.578442342594703,0.395557657405297
3.734,2.8986291304589864,0.8353708695410136
3.766,3.145259794227065,0.6207402057729352
3.981,3.098903503525117,0.8820964964748828
5.00001,3.522047932554706,1.4779620674452936
5.00001,4.082266960991205,0.9177430390087951
5.00001,3.619881033474086,1.3801289665259135
5.00001,4.648771652057896,0.35123834794210396
4.466,3.248388566137679,1.2176114338623214
5.00001,5.004861570360005,-0.004851570360004942
4.92,4.231361996605521,0.6886380033944786
5.00001,5.504572390541906,-0.5045623905419063
5.00001,4.139307829263183,0.8607021707368165
5.00001,3.7916302840154343,1.2083797159845653
5.00001,4.482342583917757,0.5176674160822428
5.00001,3.493277478985582,1.5067325210144178
4.25,2.9036760192754447,1.3463239807245553
4.025,1.8311379109324963,2.193862089067504
3.56,3.012107274685029,0.5478927253149712
4.059,2.7462264434121177,1.3127735565878824
5.00001,3.957433742177973,1.0425762578220268
5.00001,2.971949113029698,2.0280608869703016
5.00001,3.458682324547676,1.5413276754523237
5.00001,3.6694696764027963,1.3305403235972033
5.00001,4.414600248415943,0.5854097515840566
5.00001,6.232248938623212,-1.2322389386232127
5.00001,3.706573373167822,1.2934366268321775
4.763,3.0656917997355215,1.6973082002644784
4.048,2.6736065911683404,1.3743934088316596
3.786,2.5314126111471356,1.2545873888528645
3.75,1.6464199014874388,2.1035800985125612
5.00001,5.347275844967036,-0.34726584496703605
5.00001,4.952995039222312,0.04701496077768752
3.875,2.6635258395488295,1.2114741604511705
4.75,3.879708011868867,0.8702919881311328
5.00001,4.951576548069854,0.04843345193014592
5.00001,5.652341249166351,-0.6523312491663518
5.00001,5.1982344379082885,-0.19822443790828892
5.00001,6.159576550819699,-1.159566550819699
5.00001,5.549283378748115,-0.549273378748115
5.00001,4.910705401919136,0.08930459808086333
5.00001,4.622835405709756,0.3771745942902438
5.00001,4.216352442518978,0.7836575574810221
5.00001,3.982434066368041,1.0175759336319588
5.00001,4.791582418816237,0.2084275811837628
5.00001,5.644392334034357,-0.6443823340343577
5.00001,6.05857502730617,-1.0585650273061704
5.00001,6.3613832670027985,-1.361373267002799
5.00001,4.244617668449131,0.755392331550869
3.6,3.2331517165437287,0.3668482834562714
5.00001,5.474241473618861,-0.4742314736188611
3.187,3.312922294703589,-0.12592229470358918
2.799,3.141090053220214,-0.34209005322021424
2.933,3.196971031387174,-0.26397103138717437
3.985,3.280551630054921,0.7044483699450788
2.264,2.2333762521988545,0.030623747801145296
2.558,2.511610783829445,0.0463892161705548
3.612,3.4014090836346726,0.21059091636532745
2.714,3.0511918976871133,-0.33719189768711333
3.627,3.6813099883091205,-0.054309988309120705
4.592,3.9055295184787298,0.6864704815212699
4.734,3.841333810688152,0.8926661893118482
4.85,3.798822773459841,1.0511772265401587
4.059,3.7446917722056323,0.31430822779436784
5.00001,4.305548688248734,0.6944613117512652
5.00001,4.149190077315318,0.850819922684682
5.00001,3.272254037846955,1.7277559621530445
4.345,2.7151731277164184,1.6298268722835814
4.183,3.878147411596905,0.30485258840309504
3.48,3.29564443540082,0.1843555645991799
3.875,3.671188644938669,0.20381135506133097
3.559,3.8787315457099334,-0.31973154570993323
3.616,3.8606143407291844,-0.2446143407291843
3.942,3.888815140170766,0.05318485982923438
3.614,3.3445750510958865,0.2694249489041134
3.056,3.2205699143296735,-0.1645699143296735
2.793,3.6796523832072827,-0.8866523832072826
2.795,2.825714703840919,-0.03071470384091901
2.694,2.6191114952829606,0.07488850471703934
2.465,2.90763247637022,-0.4426324763702203
2.538,2.8773268744301865,-0.3393268744301867
1.911,2.491365025889823,-0.5803650258898227
2.993,3.2098899782975723,-0.2168899782975724
2.339,2.780211521918646,-0.4412115219186461
2.346,2.9825536178705874,-0.6365536178705873
2.452,3.095195542823921,-0.6431955428239209
2.741,3.31271879403504,-0.5717187940350401
2.388,2.8748075192364455,-0.4868075192364456
2.376,2.7873733851100853,-0.41137338511008537
2.624,2.392144927857327,0.2318550721426731
2.309,2.8102750195555926,-0.5012750195555924
2.24,3.009929677496094,-0.7699296774960938
2.215,2.7071682123814407,-0.4921682123814408
2.791,3.1661602591006304,-0.37516025910063044
2.097,2.5750231150139697,-0.47802311501396977
1.95,2.65938556233308,-0.70938556233308
1.844,1.9800505031812299,-0.1360505031812298
2.942,3.4937913483992746,-0.5517913483992745
1.984,2.389423057003531,-0.4054230570035311
2.508,2.648680055514248,-0.140680055514248
2.826,2.5391715324486883,0.28682846755131175
2.532,2.800578810846804,-0.26857881084680413
3.115,3.158188910102725,-0.043188910102724964
2.187,2.689063738205363,-0.5020637382053632
2.593,2.829513020641639,-0.23651302064163904
2.362,2.3017226526990546,0.06027734730094547
2.495,3.0309573655089186,-0.5359573655089185
3.5,1.5340722123714319,1.9659277876285681
2.445,2.5170262535978907,-0.07202625359789083
2.131,2.455161457128489,-0.3241614571284894
1.943,2.325386893066909,-0.38238689306690876
1.234,2.097174395189664,-0.863174395189664
2.345,2.92626521090119,-0.58126521090119
2.241,2.8753448475537273,-0.6343448475537272
2.657,2.8773480424048774,-0.22034804240487738
2.892,3.1407328165527515,-0.2487328165527516
3.118,3.5039918998142645,-0.3859918998142646
2.912,3.249850442585715,-0.33785044258571517
1.848,2.6160237629020395,-0.7680237629020394
2.574,2.8715396449671506,-0.2975396449671508
1.416,2.67668977906457,-1.26068977906457
1.839,2.363982912118938,-0.5249829121189382
2.412,2.8734513344206647,-0.46145133442066477
2.374,3.0291137891650175,-0.6551137891650174
2.344,2.517358086566528,-0.17335808656652807
2.41,3.0650162252806674,-0.6550162252806673
2.456,3.019547884545676,-0.5635478845456761
2.412,2.7324959230271983,-0.3204959230271984
1.59,2.5553297385402423,-0.9653297385402422
2.518,3.1948961374596716,-0.6768961374596718
2.915,3.6047405843539284,-0.6897405843539284
2.331,2.6985659477667423,-0.36756594776674234
2.533,2.763241791409913,-0.23024179140991308
2.48,3.2011803741135707,-0.7211803741135707
2.572,3.2641150306446174,-0.6921150306446173
2.783,3.150591101355392,-0.3675911013553921
2.627,3.027295128506726,-0.40029512850672644
2.171,2.7194166747539894,-0.5484166747539896
2.291,3.074508504526844,-0.7835085045268442
2.896,2.8980303009324544,-0.0020303009324544874
2.595,2.76873745082688,-0.17373745082687986
2.658,3.0297552444556617,-0.37175524445566177
2.724,3.2686331166333664,-0.5446331166333662
2.607,3.11737553715727,-0.5103755371572696
2.605,2.9376661216488773,-0.3326661216488773
5.00001,2.5760950377640865,2.423914962235913
2.611,2.493053104885577,0.11794689511442336
3.857,2.6975865420369947,1.1594134579630055
5.00001,2.1462265414531814,2.8537834585468183
3.941,2.5511517526193677,1.3898482473806322
4.677,3.4160855577799687,1.260914442220031
4.126,3.413064708284983,0.7129352917150173
4.163,3.6389199127251595,0.5240800872748408
3.445,3.5212382709628423,-0.07623827096284241
2.881,3.0542088787331014,-0.17320887873310165
2.298,2.271076881250804,0.02692311874919584
2.482,1.6533835453605596,0.8286164546394406
3.862,2.5887397948631796,1.2732602051368205
2.269,2.2707489966705636,-0.0017489966705634963
2.393,2.1540758282996895,0.23892417170031033
4.367,2.672722885322065,1.6942771146779352
3.217,2.920724643530715,0.29627535646928527
3.35,2.4986278748872834,0.8513721251127166
3.008,2.811716391174799,0.19628360882520113
3.931,3.1551683319186434,0.7758316680813566
3.868,2.91777277546997,0.9502272245300301
3.5,2.207197109595864,1.2928028904041362
2.607,2.4103319263838543,0.1966680736161459
2.34,2.6398591848669857,-0.2998591848669858
2.603,2.440486276471286,0.1625137235287144
2.798,2.5382761115559265,0.25972388844407357
2.647,2.7464074394701696,-0.09940743947016983
3.087,2.854918227795558,0.23208177220444215
2.515,2.3476335896124545,0.16736641038754563
2.985,2.749153145048668,0.23584685495133195
1.986,2.1228845355495585,-0.13688453554955848
2.036,2.0460662977173065,-0.010066297717306494
2.286,2.447924285814432,-0.16192428581443208
1.78,1.8546148635924702,-0.07461486359247016
1.703,1.8641942906489901,-0.16119429064899005
1.601,1.7534384665460094,-0.15243846654600945
3.05,2.0306804386257937,1.019319561374206
3.746,2.177717111751103,1.568282888248897
5.00001,2.932392518632067,2.0676174813679324
2.625,2.1904855655657203,0.43451443443427973
1.313,7.140617778472893,-5.827617778472893
3.409,2.148518387754843,1.2604816122451568
3.9,3.2284502920489055,0.6715497079510944
4.0,6.652393965186617,-2.652393965186617
3.5,5.1893196775690695,-1.6893196775690695
1.375,1.5792034704226188,-0.20420347042261877
2.714,3.6806519366490984,-0.9666519366490984
2.631,2.9696201795377632,-0.33862017953776347
2.815,3.2586896946424453,-0.44368969464244534
2.563,2.8638198060612012,-0.30081980606120107
2.392,2.5377207437816818,-0.14572074378168187
2.33,2.5830386208699823,-0.2530386208699822
2.653,2.802240700734178,-0.14924070073417806
2.45,2.1615598045884545,0.28844019541154564
1.875,1.8804955369527863,-0.005495536952786262
2.125,2.4479303272116506,-0.3229303272116506
4.047,3.2698371963949535,0.7771628036050462
3.676,3.7363398776103427,-0.06033987761034254
3.623,3.098434489618314,0.5245655103816862
1.313,1.8642083793781314,-0.5512083793781315
2.638,2.3941058249395564,0.24389417506044353
2.941,2.5656851796264446,0.37531482037355524
3.209,2.5964421074896373,0.6125578925103627
2.583,2.341356130881227,0.24164386911877322
2.664,3.2564661576836507,-0.5924661576836505
2.531,2.6958655741392166,-0.16486557413921643
2.386,3.2583552185708453,-0.8723552185708452
2.239,2.467816578864163,-0.22881657886416296
2.554,2.0199120324633095,0.5340879675366903
2.294,2.2218660736319564,0.07213392636804361
2.175,2.2400074785404933,-0.06500747854049349
1.667,1.776852856163528,-0.10985285616352791
1.953,1.9133449157786755,0.03965508422132458
2.609,2.2056914582160654,0.4033085417839346
2.328,2.3835249321144856,-0.055524932114485726
2.4,2.13587794627131,0.2641220537286899
2.75,2.6028409950126252,0.14715900498737478
2.424,2.0904127751790114,0.33358722482098857
2.405,2.3075147449459767,0.09748525505402306
4.0,2.5998273786791595,1.4001726213208405
3.267,2.2168174201790913,1.0501825798209086
2.344,2.1575795008583962,0.18642049914160363
2.25,2.369921870205819,-0.11992187020581913
2.625,1.7680605910442513,0.8569394089557487
2.375,2.915129169277249,-0.540129169277249
2.326,2.0949132214821216,0.2310867785178785
2.5,1.7366126739653918,0.7633873260346082
2.813,1.9096918752804493,0.9033081247195509
1.125,2.2323126465168492,-1.1073126465168492
2.435,2.5807973807387135,-0.1457973807387134
2.161,2.077825930080464,0.08317406991953602
2.02,2.782255951417961,-0.762255951417961
1.964,1.9572561469692227,0.0067438530307772915
2.064,2.228418231198017,-0.16441823119801713
2.842,2.408094085031035,0.43390591496896525
2.638,2.8850140490395884,-0.24701404903958846
3.885,2.354109151618216,1.5308908483817838
2.265,2.7086399994065564,-0.4436399994065563
2.583,3.368664846073276,-0.785664846073276
2.76,2.4809844309256244,0.2790155690743754
2.658,2.5727883959199787,0.08521160408002126
1.166,2.4364674199207115,-1.2704674199207115
1.732,2.194460291416153,-0.46246029141615286
1.56,2.2112453187886474,-0.6512453187886473
1.517,1.793675813039784,-0.27667581303978417
1.646,1.8043769609981077,-0.15837696099810783
2.181,2.1343907810863487,0.04660921891365133
1.945,2.5100729003033266,-0.5650729003033266
1.778,2.096313758385597,-0.31831375838559683
2.383,2.2350240711685627,0.1479759288314373
1.607,2.5562762272754247,-0.9492762272754247
1.614,2.025993247655454,-0.411993247655454
1.55,1.8535132150517308,-0.3035132150517308
1.514,2.2167296168482213,-0.7027296168482213
1.62,1.975659400710488,-0.35565940071048785
1.214,2.053047101061455,-0.8390471010614551
1.904,1.7852544129495274,0.11874558705047256
1.843,2.1052643820433445,-0.26226438204334457
1.9,2.3142274345772265,-0.41422743457722655
1.697,1.9315553580074853,-0.23455535800748528
1.948,2.1943373374107615,-0.24633733741076158
1.891,2.0759177957027575,-0.18491779570275746
2.412,2.4993956000956015,-0.08739560009560154
1.784,1.8637678028145404,-0.07976780281454032
1.713,1.778765053358258,-0.06576505335825789
1.922,2.483574503848187,-0.5615745038481872
1.901,2.0090263825960184,-0.10802638259601838
1.775,2.0742218253089124,-0.2992218253089125
3.34,2.99200292598697,0.3479970740130298
3.158,2.8978019422078822,0.2601980577921177
3.5,2.9704660200084207,0.5295339799915793
2.4,2.900260155836275,-0.5002601558362749
2.226,2.713004178298039,-0.4870041782980392
2.316,2.4331010189658135,-0.11710101896581371
2.396,2.7726542522525213,-0.37665425225252136
2.143,2.814868753578624,-0.6718687535786243
2.048,2.8244330720778166,-0.7764330720778165
2.023,3.1670695696977287,-1.1440695696977286
2.069,2.2914816039408255,-0.2224816039408255
2.841,3.2076670764457305,-0.36666707644573027
1.851,3.1279747974260963,-1.2769747974260963
2.733,3.744529446151863,-1.011529446151863
2.739,3.8585695173231103,-1.1195695173231104
2.068,3.3195550477411113,-1.2515550477411113
2.041,2.7933966470373623,-0.7523966470373624
1.803,2.71994783900978,-0.9169478390097803
3.949,4.008205311497079,-0.059205311497079194
3.833,3.553790879635984,0.27920912036401635
1.545,2.6869353647825234,-1.1419353647825234
1.964,3.16445547552909,-1.2004554755290902
1.463,3.039652131041294,-1.576652131041294
2.7,3.2755305950115905,-0.5755305950115903
2.013,2.849202078968923,-0.8362020789689231
2.323,2.640749645219877,-0.31774964521987714
2.209,2.7409792325169144,-0.5319792325169144
2.037,2.886040788063516,-0.8490407880635162
3.123,2.434989067341646,0.6880109326583543
3.22,3.0782533604628712,0.14174663953712896
5.00001,4.924981472772314,0.07502852722768605
4.405,3.030782857489965,1.3742171425100351
2.615,2.8674402236491403,-0.2524402236491401
2.4,3.057508928850947,-0.6575089288509472
1.909,2.448630240941503,-0.5396302409415028
3.081,2.9254205989818525,0.1555794010181475
3.734,3.0730579510270792,0.6609420489729207
3.977,3.898776089419743,0.0782239105802569
3.315,3.383541405819708,-0.06854140581970825
4.023,3.8329506903147434,0.19004930968525624
3.566,3.4233361825039648,0.14266381749603507
3.635,3.2455522624604844,0.38944773753951534
3.864,2.5464584740861724,1.3175415259138274
3.406,3.325097782086895,0.08090221791310492
3.9,3.3495559242394135,0.5504440757605864
3.53,3.0202047930537015,0.5097952069462983
3.044,3.232882154624434,-0.18888215462443414
3.553,3.2084596912716563,0.3445403087283436
3.716,2.6627674065511875,1.0532325934488127
2.624,2.308648468998892,0.31535153100110813
2.729,2.8025976756980793,-0.07359767569807918
2.158,2.2731426041345744,-0.11514260413457444
2.07,2.3949925633809754,-0.3249925633809756
2.346,2.8363473891776843,-0.49034738917768417
2.156,2.2330870542475303,-0.07708705424753015
2.519,2.453405662233364,0.06559433776663592
2.583,2.2162650391919163,0.3667349608080839
2.132,1.828573967868477,0.3034260321315232
2.567,2.3694192403902243,0.19758075960977584
4.224,3.1381916660293743,1.085808333970626
3.773,2.0092133659125633,1.7637866340874369
2.944,3.0418133127454765,-0.09781331274547655
2.285,2.1153766564472902,0.16962334355270992
2.346,2.0701865889703166,0.2758134110296835
2.451,2.54213644859143,-0.09113644859142989
2.292,1.9584418901846528,0.33355810981534706
2.524,2.2785897902596894,0.24541020974031058
2.286,2.0247894653020957,0.26121053469790434
2.638,2.2530347686892767,0.38496523131072324
2.907,2.5860366958813508,0.32096330411864926
2.643,2.207045788790377,0.43595421120962285
2.612,2.420519219674154,0.19148078032584603
3.308,2.0889104749253917,1.219089525074608
2.835,2.7032925863210515,0.13170741367894845
3.152,2.6524184435769085,0.49958155642309166
3.052,2.172459460076624,0.8795405399233762
2.38,2.0730568433653263,0.30694315663467364
2.217,2.5429848143927862,-0.32598481439278615
3.518,2.924161283708496,0.5938387162915038
3.223,2.7849917079613435,0.4380082920386563
2.333,1.9057741782571571,0.42722582174284307
2.895,2.811096431591446,0.08390356840855384
2.319,2.342959324216013,-0.02395932421601321
2.523,2.465930997122377,0.05706900287762329
3.088,3.144289298772569,-0.05628929877256894
2.952,2.718042085041475,0.23395791495852514
3.211,3.2573085974112077,-0.04630859741120785
3.355,3.001285336996158,0.35371466300384213
3.684,2.712838571578227,0.9711614284217731
3.079,2.9682207647228624,0.11077923527713773
3.52,3.0295202604033062,0.4904797395966938
3.0,2.5522562943691605,0.44774370563083954
4.2,1.6801516919537618,2.5198483080462384
2.904,2.7330374943748845,0.1709625056251154
2.986,2.4383190805855515,0.5476809194144487
3.493,2.588243727865333,0.9047562721346667
2.884,1.9511736171806326,0.9328263828193673
2.798,2.060771882695228,0.7372281173047721
2.286,2.4525659699645375,-0.16656596996453743
3.056,2.9491086531848674,0.10689134681513268
1.908,2.6782664127143936,-0.7702664127143937
2.027,2.770053354874753,-0.7430533548747529
2.291,2.1909199939579285,0.10008000604207146
2.247,2.141381855198757,0.10561814480124276
1.875,1.7031678454081711,0.17183215459182888
0.813,0.2533846803893749,0.559615319610625
0.689,0.4660176305206749,0.22298236947932504
0.769,0.5072016025408874,0.2617983974591126
0.726,0.33177280776837903,0.39422719223162095
0.748,0.4079828570887314,0.3400171429112686
1.188,0.28949596852771475,0.8985040314722852
1.017,0.6306991686937105,0.38630083130628945
0.875,0.7417249369569996,0.1332750630430004
0.828,0.5814746162058104,0.24652538379418953
0.582,0.425651329591614,0.15634867040838596
1.012,0.9346163145459718,0.07738368545402818
0.753,0.7634170728040031,-0.010417072804003058
0.869,1.047937787647134,-0.17893778764713408
0.782,0.28979681850504724,0.4922031814949528
0.756,0.7801186259402975,-0.024118625940297456
1.042,0.888681171014706,0.15331882898529403
0.844,0.23366274511257745,0.6103372548874225
1.389,0.6165359213353292,0.7724640786646708
0.582,0.43458308536719303,0.14741691463280693
1.487,1.0842178376455542,0.40278216235444586
1.201,1.0171924291124554,0.18380757088754462
0.901,0.18779788352350257,0.7132021164764974
1.031,0.6367178990327069,0.394282100967293
1.229,0.6782882268752486,0.5507117731247515
0.665,0.11842661525575804,0.546573384744242
1.05,0.1968415300392523,0.8531584699607477
1.114,0.46259125765400877,0.6514087423459913
0.787,0.3780067581532467,0.40899324184675334
0.942,0.38129692477387045,0.5607030752261295
1.516,0.7971361675922153,0.7188638324077847
1.111,0.8776962056726756,0.2333037943273244
1.142,0.4916552640680931,0.6503447359319068
0.988,0.07656004549607709,0.9114399545039229
0.648,0.4169066647060864,0.23109333529391363
1.367,0.5325104373705709,0.8344895626294291
1.133,0.5447251927546792,0.5882748072453208
1.465,1.5322093213134385,-0.06720932131343837
0.865,0.7952509521253288,0.06974904787467118
0.72,0.491162710360989,0.22883728963901095
0.808,0.493282615360221,0.31471738463977905
0.859,1.0986243570937153,-0.23962435709371532
1.006,0.5518517082119043,0.4541482917880957
0.981,0.9771032541900511,0.0038967458099489205
0.816,0.2644345238774375,0.5515654761225625
0.852,0.2556951434352679,0.5963048565647321
0.978,0.5816977992863963,0.39630220071360367
0.773,0.517856746696421,0.255143253303579
0.694,0.19302958750041022,0.5009704124995897
0.679,0.3941239290801808,0.28487607091981926
0.759,0.4243116522068804,0.3346883477931196
0.938,0.7568901526426088,0.1811098473573911
1.001,0.7431994386874945,0.2578005613125054
1.192,0.33494314253644486,0.8570568574635551
1.167,0.9314782042929157,0.2355217957070843
1.184,0.8051073789729082,0.37889262102709176
0.831,0.5850837079069877,0.24591629209301225
0.847,0.34478350607859376,0.5022164939214062
0.922,0.4144459076331988,0.5075540923668013
0.804,0.22062724593331673,0.5833727540666833
0.615,0.1731090491357763,0.4418909508642237
0.606,0.27192419126233536,0.3340758087376646
0.566,0.24743730644272466,0.3185626935572753
0.598,0.3810129430101934,0.21698705698980658
0.656,0.23825545669076553,0.4177445433092345
0.758,0.2353990492459721,0.5226009507540279
1.416,0.48423633410629074,0.9317636658937092
1.283,0.9298025322269006,0.35319746777309935
1.307,0.3029951799582762,1.0040048200417238
1.085,0.8706309746701024,0.21436902532989754
1.054,0.3699605478740777,0.6840394521259223
0.758,0.11635098262049981,0.6416490173795002
1.298,0.5747396894476879,0.7232603105523121
1.385,1.001410851454085,0.3835891485459151
1.508,1.4108100929950083,0.09718990700499175
1.168,1.3160117593772287,-0.14801175937722877
0.668,0.23568408104749494,0.4323159189525051
0.604,0.4105035646697779,0.1934964353302221
0.481,0.3399264649910716,0.14107353500892839
0.598,0.3905132685310915,0.2074867314689085
0.63,0.32599856165951957,0.30400143834048043
0.66,0.5296039002946,0.1303960997054
0.685,0.3249075506733592,0.36009244932664086
0.786,0.36662963837623996,0.41937036162376007
0.806,0.9886530223443792,-0.1826530223443792
0.987,0.6159957413664643,0.3710042586335357
0.955,0.6829759353134179,0.272024064686582
0.59,0.1797473663866307,0.4102526336133693
0.764,0.23578184117732537,0.5282181588226746
1.016,0.8774391906135275,0.13856080938647253
0.661,0.5003838043700322,0.16061619562996787
0.748,0.42573393089515243,0.32226606910484756
0.854,0.8888174324582667,-0.03481743245826674
0.764,0.3771549359363502,0.3868450640636498
0.977,0.3879868872974639,0.5890131127025361
1.057,0.6401482176594417,0.4168517823405582
0.985,0.8209656957558222,0.16403430424417775
0.765,0.6311860237079896,0.13381397629201042
0.745,0.2680473740263134,0.4769526259736866
0.934,0.7901361236965825,0.14386387630341757
1.712,1.352690181508363,0.359309818491637
1.232,0.7101491291449469,0.5218508708550531
0.658,0.3710219747922725,0.2869780252077275
0.788,0.3365611603194645,0.45143883968053555
1.078,0.663296899342978,0.4147031006570221
0.732,0.5254659907123789,0.2065340092876211
0.52,0.21315713408426973,0.3068428659157303
0.656,0.34161032224825094,0.3143896777517491
0.875,0.5104476249147676,0.3645523750852324
1.412,0.8535454633366162,0.5584545366633837
1.01,0.7708227018620113,0.23917729813798871
0.995,0.17710026378142518,0.8178997362185748
0.804,-0.04802668297683521,0.8520266829768353
0.774,0.3948145562051151,0.37918544379488495
0.903,-0.21493482316232315,1.1179348231623232
0.778,0.33542768795198175,0.4425723120480183
0.613,0.21586589763600195,0.39713410236399804
0.578,-0.007183917454888,0.585183917454888
0.645,0.01550694124188734,0.6294930587581127
0.903,-0.09783375475488576,1.0008337547548858
0.887,0.025451331512516884,0.8615486684874831
0.775,0.07836050591587052,0.6966394940841295
0.729,0.09184937588754694,0.637150624112453
0.93,-0.062084534106404465,0.9920845341064045
0.71,-0.005298292334133592,0.7152982923341336
0.625,0.07116371140005207,0.5538362885999479
0.924,0.8628209686907153,0.061179031309284704
0.686,0.8123333707831524,-0.12633337078315232
0.666,0.5478259933219769,0.11817400667802314
0.961,0.0975231535597807,0.8634768464402193
0.435,-0.41791927103155224,0.8529192710315523
0.44,-0.4677586072471662,0.9077586072471662
0.586,-0.18209936974709073,0.7680993697470907
0.554,-0.23676382993552636,0.7907638299355264
0.614,-0.2094875977492081,0.8234875977492081
0.535,-0.14076968422136282,0.6757696842213629
0.646,0.6063354962795948,0.0396645037204052
0.544,0.5378327710912782,0.006167228908721789
0.654,0.4396098498424379,0.21439015015756213
0.62,0.25844502819016246,0.36155497180983753
0.701,0.03683521174024662,0.6641647882597533
0.557,-0.061680402749811236,0.6186804027498113
0.813,0.5301694418088321,0.28283055819116787
0.712,0.020851654724649116,0.6911483452753509
0.632,0.3183537682726665,0.3136462317273335
0.575,-0.12215880431260118,0.6971588043126011
0.942,0.14921711676574967,0.7927828832342503
1.0,0.36830252709738254,0.6316974729026175
0.609,0.16958324919521872,0.43941675080478126
0.796,0.43096090225924666,0.3650390977407534
0.617,0.16323053580534075,0.45376946419465924
0.633,0.5245477979671753,0.10845220203282468
0.811,0.09967944858813182,0.7113205514118682
0.761,0.38856460745027177,0.37243539254972824
0.462,0.023520865483117603,0.4384791345168824
0.531,-0.18251919825830676,0.7135191982583068
0.801,-0.05751963986916486,0.8585196398691649
0.719,-0.1005153296991903,0.8195153296991903
0.815,0.01384133364578144,0.8011586663542185
0.971,0.22598742683855888,0.7450125731614411
1.101,0.21744618924072423,0.8835538107592757
1.288,0.5748843586677432,0.7131156413322568
0.575,0.24864293512898383,0.3263570648710161
0.655,0.2552084062699289,0.3997915937300711
0.56,0.18265626448845707,0.377343735511543
0.342,-0.04595166118286631,0.38795166118286634
0.629,0.2965118857825608,0.3324881142174392
1.795,2.434261241057763,-0.6392612410577629
2.148,2.3308193463495486,-0.18281934634954844
1.31,1.9359524232470187,-0.6259524232470186
1.246,1.8445316140705248,-0.5985316140705248
1.299,2.1564057602116735,-0.8574057602116736
1.127,1.9414070574223419,-0.8144070574223419
0.933,1.8593122887935138,-0.9263122887935138
1.116,1.832152670458291,-0.716152670458291
1.108,1.991075114760031,-0.8830751147600309
1.119,2.0989846250150146,-0.9799846250150146
0.887,1.6829278613126988,-0.7959278613126988
1.27,2.1764106085821235,-0.9064106085821235
1.719,2.5280223893302614,-0.8090223893302613
0.967,1.897240685915901,-0.930240685915901
0.948,2.0177725196204723,-1.0697725196204724
2.252,2.6001334875615045,-0.34813348756150475
0.879,1.7369894178742207,-0.8579894178742207
0.9,1.609823495968963,-0.709823495968963
1.625,1.545153216260646,0.07984678373935394
0.946,1.2373307814882497,-0.29133078148824976
1.333,1.2453483864982466,0.08765161350175332
1.094,2.028439569350531,-0.9344395693505307
1.099,1.9601483840203868,-0.8611483840203868
1.479,1.9232002652519251,-0.444200265251925
0.972,1.7329384626034432,-0.7609384626034432
0.928,1.745253285280804,-0.817253285280804
1.035,1.955690235391039,-0.9206902353910391
1.073,2.1343948053672124,-1.0613948053672124
0.992,1.6999703187947988,-0.7079703187947988
0.928,1.8284142220497095,-0.9004142220497094
1.458,2.380109082495003,-0.9221090824950029
1.415,2.3205789312400222,-0.9055789312400222
1.482,2.598190172628014,-1.116190172628014
1.429,1.9285049287936504,-0.4995049287936504
1.269,2.263848982502825,-0.9948489825028253
1.524,2.347947330171583,-0.823947330171583
1.669,2.208518460939736,-0.5395184609397359
1.098,1.8458705600380865,-0.7478705600380864
1.031,1.866480347493072,-0.8354803474930721
0.979,1.7969751771792366,-0.8179751771792366
0.938,1.742605669464792,-0.8046056694647921
0.984,1.5749788877810151,-0.5909788877810151
1.097,2.025834423383186,-0.928834423383186
1.037,1.944175863882414,-0.9071758638824141
1.118,1.9046611449642004,-0.7866611449642003
1.2,1.876417549554492,-0.676417549554492
1.219,2.1520439160076985,-0.9330439160076984
1.347,2.1727466194095264,-0.8257466194095264
1.237,2.270796083752945,-1.0337960837529447
1.506,2.600330030034657,-1.094330030034657
0.912,1.3383324397200917,-0.4263324397200917
1.316,1.976963721315922,-0.6609637213159218
1.441,2.13895841730002,-0.69795841730002
1.236,1.996298032108579,-0.760298032108579
1.711,2.510244576684881,-0.7992445766848808
0.864,1.2394158353025209,-0.3754158353025209
0.904,1.4923213589570243,-0.5883213589570243
1.685,1.5191676362134228,0.16583236378657729
1.851,2.1828722391673123,-0.33187223916731234
2.083,2.493934488960311,-0.4109344889603106
2.175,2.347002522691721,-0.172002522691721
2.018,2.5277528754746057,-0.5097528754746059
2.197,2.871221999923687,-0.6742219999236871
1.903,2.2907851908434993,-0.3877851908434993
1.871,2.2219259546875922,-0.35092595468759225
1.958,2.559883480735727,-0.601883480735727
2.292,2.8602671176735557,-0.5682671176735559
2.1,2.1346778529190273,-0.03467785291902725
1.663,3.040829889735626,-1.377829889735626
1.506,1.8989345730341307,-0.3929345730341307
1.431,2.4604671606266857,-1.0294671606266856
1.225,1.362917009654049,-0.13791700965404896
1.702,1.8220889238175693,-0.1200889238175693
3.288,2.934650495581879,0.35334950441812074
3.93,3.5281473315536998,0.4018526684463004
3.204,3.2467450525662476,-0.04274505256624739
1.761,2.330687369252384,-0.5696873692523841
1.613,2.3732516250570024,-0.7602516250570024
1.977,2.5438915287477757,-0.5668915287477756
1.95,2.297213076104212,-0.34721307610421204
1.713,2.1885213454143946,-0.4755213454143945
1.734,1.9908636544863634,-0.2568636544863634
3.052,2.7178427514046315,0.33415724859536855
1.35,1.7804251373991673,-0.4304251373991672
1.306,2.395808262804677,-1.0898082628046768
1.44,2.019210874486032,-0.5792108744860323
2.239,2.701588498315894,-0.4625884983158941
1.617,2.1246056576423307,-0.5076056576423307
1.871,2.2205270004583237,-0.34952700045832374
1.625,1.87722054247196,-0.2522205424719599
0.989,1.4990980021133504,-0.5100980021133504
0.99,2.056680001557032,-1.066680001557032
0.99,1.7955576825034754,-0.8055576825034754
1.072,1.8141208830322109,-0.7421208830322108
1.059,1.8174570312555285,-0.7584570312555285
1.298,1.779735589346261,-0.48173558934626093
0.942,1.6660774652351942,-0.7240774652351942
1.054,3.1023799358941035,-2.0483799358941033
1.059,1.6620210160236617,-0.6030210160236618
0.922,1.7216708620895138,-0.7996708620895138
1.104,1.8328082771738303,-0.7288082771738302
1.25,1.7079655713099677,-0.45796557130996773
1.263,1.5952033955581124,-0.3322033955581125
1.296,1.6503067955596558,-0.3543067955596557
1.185,1.4810838459642517,-0.29608384596425164
1.085,1.646313612479853,-0.561313612479853
1.047,1.5098736967535442,-0.4628736967535443
1.011,1.7497840191316996,-0.7387840191316997
0.991,1.6692065986899645,-0.6782065986899645
1.204,1.6219892052426716,-0.4179892052426717
1.266,1.8655006779429173,-0.5995006779429173
1.316,1.7394860007645017,-0.4234860007645016
1.913,2.253984821095322,-0.3409848210953219
1.577,2.387732091200207,-0.8107320912002072
0.875,1.1932973743232613,-0.31829737432326133
0.929,1.278516215724884,-0.3495162157248839
1.348,1.8378815727284687,-0.48988157272846866
1.379,1.7543171065449328,-0.3753171065449328
1.313,2.136191492600302,-0.8231914926003021
1.265,1.5249297162208328,-0.25992971622083294
1.429,2.1067680181995883,-0.6777680181995882
1.404,2.145175766288117,-0.7411757662881171
1.397,2.0772558423733285,-0.6802558423733285
1.375,1.5339996390410087,-0.15899963904100867
2.611,2.612244915160986,-0.0012449151609859044
0.813,1.439245975008235,-0.626245975008235
1.201,1.370353630712974,-0.16935363071297393
1.438,1.4790779534307767,-0.041077953430776804
0.786,0.7686778927817068,0.017322107218293192
2.051,1.9771149705653108,0.07388502943468933
2.5,2.1317100288235955,0.3682899711764045
2.812,2.0759326043798456,0.7360673956201542
2.984,2.0668232103499604,0.9171767896500396
2.458,1.6793880258742035,0.7786119741257966
2.328,2.3275955879909773,0.0004044120090225256
2.609,1.9546056809014027,0.6543943190985972
1.938,1.406138341041142,0.5318616589588578
1.517,2.4677703971622753,-0.9507703971622754
1.435,1.7588019756982889,-0.32380197569828884
1.502,2.4456546924354186,-0.9436546924354186
1.401,1.9070388984127922,-0.5060388984127921
1.81,2.449525275194018,-0.6395252751940181
1.421,1.8372796627771335,-0.41627966277713346
1.583,2.0397440889078746,-0.45674408890787466
1.306,1.860852671635926,-0.5548526716359259
2.5,2.276776496807669,0.22322350319233086
1.375,0.2658139930419414,1.1091860069580586
1.017,1.3765783871000423,-0.3595783871000424
1.029,1.482494483318983,-0.4534944833189831
1.26,1.4646689128446464,-0.2046689128446464
1.189,2.080010085606931,-0.891010085606931
1.585,1.6619357400611736,-0.07693574006117365
1.897,1.736736558779315,0.16026344122068492
3.152,3.0362097076777337,0.11579029232226645
1.125,2.203700292165921,-1.0787002921659208
1.22,1.7655380074797393,-0.5455380074797394
1.272,2.1288193416288568,-0.8568193416288568
1.173,1.9365738949686704,-0.7635738949686703
1.403,1.7831725702927566,-0.38017257029275653
2.188,1.4130642010116343,0.7749357989883658
1.326,1.9410638211669673,-0.6150638211669672
1.348,1.8495798397741738,-0.5015798397741738
1.268,1.900484246258023,-0.6324842462580229
1.295,1.3912351594299786,-0.09623515942997862
1.322,1.8552371365527764,-0.5332371365527764
1.517,1.9253620754149678,-0.40836207541496794
1.36,2.578608532630855,-1.218608532630855
1.734,2.5869229205819773,-0.8529229205819773
1.757,2.4256248519071613,-0.6686248519071614
1.462,2.301301010129219,-0.8393010101292189
2.164,2.712298383209259,-0.5482983832092589
1.98,2.7189869238339552,-0.7389869238339553
2.282,2.5242303284258463,-0.24223032842584624
1.919,2.0693967922519034,-0.1503967922519034
1.115,1.4865329121927255,-0.37153291219272555
1.011,1.28153559235403,-0.27053559235403
1.25,1.6853234223658988,-0.4353234223658988
1.176,1.6439730480537007,-0.46797304805370077
1.188,1.5125362482300801,-0.3245362482300802
0.844,1.8805714937456597,-1.0365714937456598
1.356,1.7435191320654144,-0.38751913206541433
2.1,1.5658490826087028,0.5341509173912973
1.785,1.7035301325321868,0.08146986746781315
0.938,1.6218528220535795,-0.6838528220535796
1.285,1.6455538414331636,-0.3605538414331637
1.548,1.5494877080682765,-0.001487708068276472
1.665,2.0677183140342548,-0.40271831403425473
1.464,1.9765524149208638,-0.5125524149208638
1.075,1.6408780178562639,-0.5658780178562639
1.227,1.217797305205599,0.009202694794401056
0.981,1.2000628094381787,-0.21906280943817869
1.331,1.8217929759865241,-0.49079297598652416
2.125,1.4751241542411913,0.6498758457588087
0.964,1.7119677377556188,-0.7479677377556189
0.949,1.4135774141900141,-0.4645774141900142
1.644,1.6973509731087244,-0.0533509731087245
1.158,2.194324303831506,-1.0363243038315062
0.813,2.14621595464949,-1.33321595464949
3.084,2.354194938024259,0.7298050619757412
2.518,2.133884709815744,0.3841152901842557
2.547,1.8039278681418989,0.7430721318581013
2.579,2.02437901888031,0.5546209811196903
2.095,1.8690802815643166,0.2259197184356836
3.333,2.3365655630494695,0.9964344369505307
2.335,1.3737255747964818,0.9612744252035181
1.733,1.5555530901055943,0.1774469098944058
2.717,2.135854147731467,0.5811458522685329
2.976,2.7744853026309273,0.20151469736907268
2.08,1.5694577370539287,0.5105422629460714
2.623,2.238750585798118,0.3842494142018822
2.483,2.5881538306230643,-0.10515383062306416
3.323,2.822463585269629,0.5005364147303708
1.955,1.8804234858062376,0.07457651419376243
1.955,1.8938659006710095,0.06113409932899061
1.936,1.878579357586242,0.057420642413757994
1.713,1.5710641683733353,0.1419358316266648
2.421,2.0462226858305006,0.3747773141694992
2.132,1.872934691204032,0.259065308795968
2.61,2.2156436463666758,0.3943563536333241
1.76,1.8838005804561617,-0.12380058045616171
1.921,1.9438126078034075,-0.022812607803407436
1.662,1.6257543318815293,0.03624566811847063
1.868,1.678793808726584,0.1892061912734162
1.493,2.1387154637782952,-0.6457154637782951
2.117,2.28110099775917,-0.16410099775916986
3.066,2.5541834094251414,0.5118165905748584
2.957,2.3431014052717574,0.6138985947282425
1.651,1.8589911169610671,-0.2079911169610671
2.028,2.272338092993568,-0.2443380929935679
1.901,2.4236087071055046,-0.5226087071055046
1.859,1.8540524914154097,0.0049475085845902544
1.938,1.8184064281447936,0.11959357185520636
2.018,3.0294536870699575,-1.0114536870699578
2.049,2.558915669443303,-0.5099156694433029
2.045,2.34547779157643,-0.30047779157643006
1.885,2.5869614920226303,-0.7019614920226303
1.984,2.4411129216266474,-0.4571129216266474
1.819,2.048483257403263,-0.22948325740326325
1.565,2.4224276947367125,-0.8574276947367125
1.702,2.332015657847546,-0.630015657847546
2.152,2.41613390363923,-0.26413390363922984
1.891,1.8137307355734396,0.07726926442656046
1.965,2.3942808114582714,-0.42928081145827135
2.505,2.546734792850285,-0.04173479285028492
2.463,1.9382224555205814,0.5247775444794187
2.345,2.5579359763967195,-0.21293597639671935
2.023,2.319235145718351,-0.29623514571835097
0.75,1.4344646332009359,-0.6844646332009359
1.455,1.879516156441055,-0.4245161564410549
1.941,2.137519140428185,-0.19651914042818475
2.309,2.2783751164041135,0.030624883595886665
2.288,2.5890960498852884,-0.3010960498852886
2.321,2.3695348305644517,-0.048534830564451514
2.671,2.6298600136427286,0.04113998635727123
2.911,3.105974479937356,-0.19497447993735584
2.238,2.385474765921729,-0.14747476592172903
2.008,2.218830682846806,-0.21083068284680584
2.523,2.3116505261250486,0.2113494738749515
2.006,2.3645995008235534,-0.35859950082355363
2.513,2.5416621985683925,-0.028662198568392583
2.44,2.0454986365868053,0.39450136341319464
1.516,2.3872286697779446,-0.8712286697779446
1.933,2.0403550462498456,-0.1073550462498456
2.436,2.5843492531081123,-0.1483492531081123
2.276,2.5948431138970856,-0.31884311389708575
1.626,2.275838171825013,-0.6498381718250132
2.85,2.3664542589769786,0.4835457410230215
2.885,2.351812618664047,0.5331873813359529
3.06,2.240423719809992,0.8195762801900082
2.618,2.747237859257609,-0.12923785925760933
2.68,1.9805331859564177,0.6994668140435825
3.177,2.4836865465269184,0.6933134534730816
3.103,2.319810890497902,0.7831891095020982
1.625,1.5176051177736978,0.10739488222630222
2.48,2.435523567870978,0.04447643212902186
2.927,2.312870239472579,0.6141297605274212
2.921,2.061212803981927,0.8597871960180727
2.096,1.8885309231011482,0.20746907689885186
1.836,2.4529667327389526,-0.6169667327389525
1.576,2.1375224295917103,-0.5615224295917103
2.581,2.2540030694876627,0.32699693051233725
1.587,2.0449362076056796,-0.45793620760567966
1.724,2.8075840099205442,-1.0835840099205443
1.635,2.1004879608413463,-0.46548796084134625
1.604,1.8863398481167093,-0.2823398481167092
1.216,1.8235290557458124,-0.6075290557458124
1.563,1.9976853361275229,-0.4346853361275229
2.553,3.2202190237322608,-0.6672190237322608
1.355,2.2643669880856976,-0.9093669880856976
1.042,1.6639745895848068,-0.6219745895848068
1.465,2.0285220347115684,-0.5635220347115684
0.675,1.252598125046705,-0.577598125046705
1.545,1.7841178610775885,-0.2391178610775886
1.62,1.9651175649058805,-0.3451175649058804
2.14,2.3305162230420926,-0.19051622304209248
2.53,2.7068362634617884,-0.1768362634617886
1.918,2.2218801099478798,-0.30388010994787984
1.775,1.5791800182807216,0.19581998171927828
2.578,2.440703000245564,0.13729699975443577
2.271,2.0711872286547672,0.19981277134523268
3.254,2.5597837417453952,0.6942162582546048
1.841,2.184034100569118,-0.343034100569118
1.654,2.2088560213376676,-0.5548560213376676
2.203,2.0611138004168508,0.14188619958314908
1.602,1.9078246982386644,-0.3058246982386643
1.414,1.9869105626529608,-0.5729105626529609
1.141,1.3826683421326138,-0.2416683421326138
1.292,1.3711700178209298,-0.0791700178209298
1.406,1.242225247521589,0.163774752478411
1.681,1.4763857616241056,0.20461423837589443
3.247,2.9126047068016483,0.3343952931983516
2.159,2.1550220238647477,0.0039779761352520815
1.964,2.3606608241815485,-0.3966608241815486
1.919,1.991320936955034,-0.07232093695503394
3.431,3.244847415913842,0.18615258408615798
3.441,2.7484655710875137,0.6925344289124862
1.964,2.3158230681979974,-0.35182306819799747
2.027,1.8559162629593422,0.17108373704065793
2.084,2.1435182845368645,-0.059518284536864474
3.344,2.9009817287742594,0.44301827122574045
2.469,1.7655848601312842,0.7034151398687156
2.598,2.34043380184398,0.2575661981560198
2.692,1.9954399015304856,0.6965600984695146
2.012,1.8538270278892364,0.15817297211076364
2.167,1.9259248899999342,0.24107511000006565
3.846,2.9646655489416065,0.8813344510583936
2.211,1.6525719505693375,0.5584280494306624
2.935,2.3105052284463325,0.6244947715536675
2.426,1.7634759273901035,0.6625240726098967
1.722,1.967201831298644,-0.24520183129864392
1.697,1.8401741044970068,-0.14317410449700674
1.906,2.3601495226563243,-0.45414952265632436
1.631,2.2927251970728424,-0.6617251970728424
1.612,1.816053863897941,-0.204053863897941
1.683,2.087326166346921,-0.4043261663469211
1.612,2.1038213517615016,-0.49182135176150155
1.783,2.2102856876274846,-0.42728568762748464
1.83,2.236736813304285,-0.4067368133042848
1.932,2.1712633544518134,-0.23926335445181346
1.65,1.756738744183245,-0.10673874418324503
1.578,2.2000529667682023,-0.6220529667682022
1.299,1.8119153147367948,-0.5129153147367949
1.24,1.4877090336068264,-0.2477090336068264
1.375,1.5840372271461443,-0.20903722714614426
2.583,1.5770443955733353,1.0059556044266649
3.5,1.4228498804892946,2.0771501195107054
1.648,1.518995639274735,0.1290043607252649
1.57,1.9084249470361323,-0.33842494703613224
1.755,2.0816970496542186,-0.32669704965421875
1.694,1.767817409621669,-0.07381740962166905
1.593,2.0334627512871313,-0.4404627512871313
1.672,2.0381629371989036,-0.3661629371989037
1.854,1.9610650387980846,-0.10706503879808449
2.221,2.176656810887504,0.04434318911249591
2.333,1.1711928236931535,1.1618071763068467
1.888,1.8107042873947823,0.07729571260521761
2.446,2.6125103987208425,-0.16651039872084228
1.943,1.5593411778220965,0.3836588221779036
2.029,2.3578760100662177,-0.3288760100662178
1.903,1.8312840878778969,0.07171591212210315
1.413,1.5049592680626735,-0.09195926806267352
2.133,2.164978929713295,-0.03197892971329486
2.402,2.599519227051627,-0.19751922705162706
2.759,2.649965111283915,0.10903488871608502
2.405,2.353134511593151,0.051865488406849014
2.891,2.955610344033267,-0.06461034403326682
3.813,3.387792519462854,0.42520748053714597
3.309,3.0726442521542854,0.23635574784571478
1.903,2.1658260142177284,-0.26282601421772833
1.862,1.6701469021044715,0.19185309789552862
1.726,2.098861173402475,-0.37286117340247493
1.878,2.1578748738491758,-0.27987487384917586
1.762,1.8361885228608197,-0.07418852286081967
1.905,2.408109408844969,-0.503109408844969
3.13,3.14173501037345,-0.011735010373449928
2.557,2.7195296440928223,-0.16252964409282233
2.144,1.937088147963811,0.20691185203618923
3.415,3.1736323132664914,0.2413676867335086
2.652,2.387289472440747,0.2647105275592532
2.656,2.7778241459192774,-0.12182414591927726
2.318,2.622379100382009,-0.3043791003820089
2.542,2.5237458657658944,0.01825413423410538
1.92,1.6328932827801577,0.28710671721984227
2.483,2.062114830784102,0.4208851692158979
2.241,1.6231979102067722,0.6178020897932279
2.521,2.6241525022078367,-0.10315250220783678
1.354,1.5477302614472142,-0.19373026144721406
1.565,2.0847700438547907,-0.5197700438547908
1.617,1.7882658247581102,-0.17126582475811025
0.915,1.65859062571514,-0.7435906257151399
1.783,2.235872179725575,-0.45287217972557503
1.974,2.2005428396520568,-0.2265428396520568
1.91,1.7537441613619182,0.15625583863808168
2.486,2.5533644218887663,-0.06736442188876612
1.428,1.8730091702155163,-0.44500917021551634
1.469,1.6575667129225462,-0.18856671292254612
1.992,2.250401999116904,-0.258401999116904
2.131,2.1183572922522886,0.012642707747711146
1.5,1.4064897332610338,0.09351026673896623
1.709,2.136459710600814,-0.427459710600814
1.792,2.2531323029454775,-0.46113230294547747
1.479,1.7235505121598698,-0.24455051215986967
1.403,2.080609819178897,-0.6776098191788971
1.404,2.197270041762802,-0.7932700417628022
1.45,1.8100559816988033,-0.3600559816988034
1.462,1.6592738183016869,-0.1972738183016869
1.292,1.3472677290153114,-0.055267729015311406
1.643,2.058692441050879,-0.4156924410508791
1.423,1.762972476008183,-0.33997247600818303
1.676,2.0921622941229847,-0.4161622941229848
1.836,1.921759353596892,-0.08575935359689191
3.047,2.420754887426039,0.6262451125739612
1.702,2.4053568543354014,-0.7033568543354014
1.8,2.0490984098397265,-0.24909840983972642
3.453,2.0311881999703947,1.4218118000296052
1.856,2.5304915367347918,-0.6744915367347917
1.41,1.7669220615427281,-0.3569220615427282
1.432,1.6436819962994997,-0.2116819962994998
1.311,1.7955830022932042,-0.4845830022932043
1.46,1.4243439857986304,0.035656014201369546
1.438,1.8912039029071013,-0.45320390290710133
1.5,2.4513354998625783,-0.9513354998625783
1.523,1.7779244290807008,-0.2549244290807009
1.573,1.8909395114236789,-0.31793951142367893
1.833,2.1155005829188545,-0.2825005829188545
1.491,1.8525635821589217,-0.3615635821589216
1.44,1.8590382520555893,-0.4190382520555893
1.975,1.80107962385382,0.17392037614618006
1.65,2.1542001674266675,-0.5042001674266676
1.693,1.9985507952133412,-0.30555079521334116
2.373,1.9111915451729073,0.4618084548270929
2.444,2.2863388859319747,0.1576611140680253
2.046,2.259759595629691,-0.21375959562969138
1.785,2.0740266200266944,-0.28902662002669444
1.944,2.0970234638417766,-0.15302346384177667
1.75,2.2100904089912508,-0.46009040899125075
2.159,2.341217416473565,-0.18221741647356504
2.572,2.3915551927143763,0.18044480728562373
1.667,1.90621597204084,-0.23921597204084
2.169,2.3593388198554184,-0.19033881985541834
2.603,1.6644778543954162,0.938522145604584
2.337,2.113018650573032,0.223981349426968
2.409,2.656203529418304,-0.24720352941830415
2.599,2.538010054415481,0.06098994558451931
2.224,2.7047107273282567,-0.4807107273282565
2.714,2.607494005029476,0.10650599497052404
2.907,2.5084653924923397,0.39853460750766034
2.441,2.3066058305998687,0.13439416940013116
2.762,2.7460328789083928,0.01596712109160725
2.939,2.70116152724255,0.23783847275745007
3.05,2.349893279404184,0.7001067205958158
2.675,3.004524752875891,-0.3295247528758911
2.095,2.1150747396819813,-0.020074739681981146
2.683,2.83536381824437,-0.15236381824437029
1.722,2.450629345813417,-0.7286293458134172
2.698,2.5253304802794636,0.17266951972053635
2.968,2.5076800539839583,0.46031994601604165
1.325,2.0126370417361574,-0.6876370417361575
1.2,2.0370489192597163,-0.8370489192597164
1.621,2.1300154638506243,-0.5090154638506244
1.183,1.5489688304044142,-0.3659688304044142
1.369,2.260534687541951,-0.8915346875419512
1.531,2.0135466660797094,-0.48254666607970953
1.327,1.7981192349959367,-0.4711192349959368
0.987,1.8520375257188002,-0.8650375257188002
1.488,2.488291291003444,-1.0002912910034438
1.17,2.0268611081502153,-0.8568611081502153
1.465,2.317649684720434,-0.8526496847204339
1.878,2.120132161993239,-0.24213216199323928
2.492,1.7070460858354182,0.7849539141645818
2.662,2.4794369403459973,0.18256305965400266
1.171,2.140097073237043,-0.969097073237043
2.519,2.414113531339214,0.10488646866078621
2.408,2.3061262182020803,0.10187378179791962
1.951,1.9596863522035777,-0.008686352203577608
1.832,1.9470098935672109,-0.11500989356721081
2.508,2.15003970380901,0.3579602961909898
1.393,1.0658542337501384,0.3271457662498616
1.729,1.9781291161461307,-0.24912911614613065
2.138,1.9224728616330289,0.21552713836697102
1.737,2.109344272541046,-0.37234427254104574
1.6,1.7866528703380558,-0.18665287033805567
1.833,2.287759064701002,-0.45475906470100225
1.74,1.8014820211091978,-0.06148202110919776
1.761,1.8439085452771167,-0.08290854527711677
1.886,2.1321509157460214,-0.24615091574602155
1.688,1.8504363271423767,-0.16243632714237677
2.017,2.3762823331007943,-0.3592823331007944
2.446,2.2762165222655204,0.16978347773447977
2.462,2.5361460906936077,-0.07414609069360756
2.667,2.78145784892208,-0.11445784892208
2.878,2.2419776371390356,0.6360223628609645
1.513,1.9576949073480152,-0.4446949073480153
2.28,2.104294218457233,0.17570578154276673
2.417,2.3705645610517347,0.04643543894826507
2.1,2.3390988632958676,-0.2390988632958675
1.719,1.8708618851609828,-0.15186188516098276
1.406,1.9633216721418159,-0.5573216721418159
1.388,2.1698767516779762,-0.7818767516779763
1.333,2.2015198288386917,-0.8685198288386917
1.341,1.9691832285046384,-0.6281832285046385
1.644,1.811033418365564,-0.16703341836556418
2.954,2.1684596346324017,0.7855403653675985
1.313,2.082858420338138,-0.769858420338138
1.575,2.272806077913287,-0.6978060779132871
2.326,2.549983899589236,-0.22398389958923604
1.229,2.224152511680442,-0.995152511680442
1.125,1.9916799512661731,-0.8666799512661731
2.625,2.2905407680453878,0.33445923195461225
2.688,2.284538460511155,0.4034615394888452
3.648,3.0391214806314775,0.6088785193685227
2.083,1.3383574788350572,0.744642521164943
2.695,1.2030108062471394,1.4919891937528604
1.733,1.5558195788248348,0.1771804211751653
1.563,0.9231185986721933,0.6398814013278067
1.833,1.3458841326002005,0.4871158673997995
2.753,2.057444825318064,0.6955551746819362
1.875,1.3905089280414074,0.48449107195859265
2.821,1.5725677494084112,1.248432250591589
1.427,1.3804962721474907,0.046503727852509336
0.854,1.028534935679065,-0.17453493567906497
1.094,0.9602974399237925,0.13370256007620762
0.964,1.7304595285676672,-0.7664595285676672
0.947,1.0271952219838585,-0.08019522198385853
1.133,0.6998082806254118,0.4331917193745882
0.773,0.950274866085179,-0.17727486608517895
0.771,1.2717602590569248,-0.5007602590569248
0.889,1.423156350918556,-0.5341563509185561
1.164,1.0464034865835905,0.11759651341640942
0.85,0.5276036825632597,0.32239631743674024
1.312,1.2963401119183744,0.01565988808162566
0.713,1.060525232745174,-0.347525232745174
0.75,1.2345596643289993,-0.48455966432899933
0.872,1.0681427710831435,-0.19614277108314349
1.167,0.7424033994751542,0.4245966005248458
0.852,0.6023998760010647,0.24960012399893527
1.125,1.2943337417548642,-0.16933374175486415
1.219,1.4488267709170537,-0.2298267709170536
0.919,1.1652701142448358,-0.2462701142448358
0.902,1.2329915485628362,-0.3309915485628362
1.565,1.272014387136107,0.292985612863893
0.927,1.149893075503581,-0.22289307550358095
0.815,1.1312819054378584,-0.3162819054378585
1.795,1.8370888976617894,-0.04208889766178947
2.688,1.1192587996451646,1.5687412003548356
1.609,1.5085983960725107,0.10040160392748931
1.744,1.5317293246157604,0.2122706753842396
1.767,1.378801360235331,0.38819863976466884
1.702,1.090999227246309,0.611000772753691
1.563,0.7784853036304613,0.7845146963695386
1.741,1.8317106656061197,-0.09071066560611962
2.486,2.2901530549354665,0.1958469450645337
4.35,3.4827106046213645,0.8672893953786351
1.611,1.157084825091325,0.45391517490867495
1.559,2.0171335813343783,-0.4581335813343783
2.125,1.6071819368591886,0.5178180631408114
1.293,1.4285365733924444,-0.13553657339244451
1.875,1.4827683395694229,0.3922316604305771
2.2,1.556188637541566,0.6438113624584341
1.714,1.9024262055003036,-0.18842620550030365
1.875,1.5078917717784297,0.3671082282215703
1.519,1.4325025291306104,0.08649747086938953
1.975,1.704544698959078,0.2704553010409221
1.955,1.7877520089348868,0.16724799106511323
1.313,1.6545761398504792,-0.3415761398504793
1.377,1.489181122782393,-0.112181122782393
1.254,1.4195462473775926,-0.1655462473775926
1.75,1.3334126630252952,0.41658733697470485
1.422,1.3908590633395865,0.0311409366604134
1.969,1.5375204526825041,0.43147954731749594
1.501,1.829819299418527,-0.32881929941852706
1.464,1.853726288522668,-0.389726288522668
1.628,1.7491623783069254,-0.12116237830692556
1.291,1.4099915312602294,-0.11899153126022943
1.5,1.784580573626359,-0.2845805736263589
1.625,1.2304879535136917,0.39451204648630833
1.475,1.4845555132530035,-0.009555513253003411
1.356,1.2134262486657967,0.14257375133420336
1.462,2.3929789792372933,-0.9309789792372933
1.824,2.8519282620575677,-1.0279282620575676
1.581,2.142615839380957,-0.5616158393809569
1.097,1.6773078873751905,-0.5803078873751906
0.875,0.5983232033198442,0.27667679668015577
0.927,0.9867106816197424,-0.059710681619742356
0.814,1.1998650376349227,-0.38586503763492275
1.45,1.5858316815327218,-0.13583168153272185
1.46,1.5463370295161747,-0.08633702951617472
1.609,1.3076785850054762,0.3013214149945238
1.145,1.7799655265656562,-0.6349655265656562
1.104,1.1984252103856479,-0.09442521038564777
1.105,1.6670387208260005,-0.5620387208260005
1.064,1.6589046700963415,-0.5949046700963414
1.621,1.6481453105299244,-0.027145310529924416
1.376,1.8701682813633664,-0.49416828136336655
1.383,1.809608935637641,-0.426608935637641
1.884,2.031363508313387,-0.1473635083133873
2.25,0.9823642713472647,1.2676357286527353
1.385,1.323338641116611,0.06166135888338897
1.481,1.9281348287135283,-0.44713482871352817
2.905,2.6484545557227914,0.2565454442772084
1.851,2.2494432202599377,-0.3984432202599377
1.994,2.669985364950741,-0.6759853649507408
0.949,1.294372134984829,-0.345372134984829
1.496,1.3446962049044504,0.1513037950955496
1.609,1.406793756023712,0.20220624397628795
1.143,1.3622018648587506,-0.2192018648587506
1.303,1.3511598264438995,-0.0481598264438996
1.637,1.827334746927532,-0.19033474692753205
1.128,1.465074127110438,-0.33707412711043805
1.127,1.0860570892142072,0.04094291078579282
1.074,1.002438469540727,0.07156153045927316
1.555,1.5925047712049059,-0.03750477120490592
1.212,1.492354682918414,-0.28035468291841403
1.186,1.0749684142126306,0.11103158578736938
1.173,1.7944639965200941,-0.6214639965200941
1.143,1.2906203128498084,-0.14762031284980837
1.632,1.748830803287596,-0.11683080328759621
1.215,1.1188034294538456,0.09619657054615449
1.375,1.399321769925955,-0.024321769925955028
1.452,1.5889038378859683,-0.13690383788596838
1.279,1.625030102659593,-0.3460301026595931
1.798,1.016195753535198,0.7818042464648021
1.142,2.059184396595006,-0.917184396595006
1.006,1.3966320657135465,-0.3906320657135465
1.031,1.3090521492887657,-0.27805214928876576
1.271,0.5179807178382942,0.7530192821617057
1.091,1.3858795501757242,-0.2948795501757242
0.905,1.0204902445238886,-0.11549024452388856
1.07,1.0541685245497348,0.01583147545026531
1.356,1.3317149044731205,0.02428509552687963
1.06,1.5598121793539363,-0.4998121793539363
0.866,1.2731084109186526,-0.4071084109186526
1.19,1.471845243867294,-0.28184524386729404
1.102,1.2476140193139105,-0.14561401931391038
1.081,1.5115084909258312,-0.4305084909258312
1.514,2.063374410142168,-0.5493744101421678
1.381,1.6149064727021378,-0.23390647270213782
1.52,1.8845419417523193,-0.36454194175231924
1.494,1.275850919451803,0.21814908054819693
1.115,1.3452161626218326,-0.23021616262183264
0.983,1.5208066463838152,-0.5378066463838153
0.755,1.2241261645853996,-0.4691261645853996
1.099,1.5345549536502219,-0.4355549536502219
1.25,1.0374316867241755,0.21256831327582448
1.06,1.428095041197356,-0.36809504119735603
1.023,1.4405401364648283,-0.41754013646482835
1.2,1.2704980743706251,-0.07049807437062516
1.5,1.5531135300983605,-0.053113530098360506
1.25,1.7061716857494758,-0.45617168574947575
0.883,1.2359493067670018,-0.35294930676700176
0.818,0.96508167626507,-0.14708167626507007
0.839,1.3479245898136538,-0.5089245898136538
0.59,1.0682046717619766,-0.4782046717619767
0.813,1.5045511743509894,-0.6915511743509895
0.777,1.4827794264947398,-0.7057794264947398
0.958,0.7990003536532544,0.15899964634674557
0.75,0.8729267848731721,-0.1229267848731721
0.699,1.1707156497249283,-0.4717156497249283
0.813,0.8317908627436357,-0.018790862743635728
0.675,1.0290152433014486,-0.3540152433014485
0.996,1.5665458588260501,-0.5705458588260501
0.7,1.2751141485834572,-0.5751141485834572
1.875,0.6098614108067784,1.2651385891932216
0.825,0.7184878253297879,0.10651217467021201
1.625,0.6382461452528303,0.9867538547471697
0.906,1.138756149111535,-0.23275614911153497
1.375,1.6860669314231975,-0.3110669314231975
0.907,1.5283229069359687,-0.6213229069359687
0.955,1.2054578653950325,-0.25045786539503256
1.722,3.2811392771914663,-1.5591392771914663
1.107,1.582502377016604,-0.475502377016604
1.303,1.1933345745679196,0.10966542543208035
0.825,1.2847315750374393,-0.45973157503743933
0.763,1.310144467633021,-0.5471444676330209
0.813,0.9576228733510326,-0.14462287335103263
1.19,1.2807457511625917,-0.09074575116259176
1.892,1.320799490190005,0.5712005098099948
2.75,0.746608499210146,2.0033915007898537
1.07,1.1843542837127077,-0.11435428371270762
0.955,1.212714385565406,-0.25771438556540593
0.883,1.3763244938400523,-0.4933244938400523
0.694,0.8929465847171612,-0.1989465847171612
4.5,0.9128864448664793,3.587113555133521
0.675,1.7602568007729689,-1.0852568007729688
0.65,1.0799636053842498,-0.4299636053842498
0.588,1.0874829129612458,-0.4994829129612458
0.738,1.0814887232642434,-0.3434887232642434
0.809,1.137755295967105,-0.32875529596710484
0.749,1.1999612101134274,-0.4509612101134274
0.795,1.140522020409685,-0.34552202040968505
0.737,1.2069712372817902,-0.46997123728179024
0.813,1.0567699784108158,-0.24376997841081582
0.6,1.5511553561963274,-0.9511553561963274
0.75,0.917345108973108,-0.16734510897310795
0.541,0.9992988035152097,-0.4582988035152097
1.293,1.420468412198735,-0.12746841219873506
0.629,1.2905791643283266,-0.6615791643283266
0.821,1.2990120321384095,-0.4780120321384096
0.68,1.4119926128818414,-0.7319926128818414
0.584,1.2432289385879742,-0.6592289385879743
0.6,0.9365410188654026,-0.33654101886540266
1.459,1.808697069847141,-0.3496970698471409
1.22,1.0368317069508777,0.1831682930491223
0.636,1.1143787255103603,-0.4783787255103603
1.293,1.60247292390889,-0.30947292390889003
1.422,1.9330176786336004,-0.5110176786336005
0.934,1.0573615216427474,-0.12336152164274738
1.039,0.9967342407082231,0.04226575929177678
0.974,1.461669806374816,-0.48766980637481594
1.029,1.6091542685905647,-0.5801542685905647
0.815,1.157391748256935,-0.34239174825693497
1.113,1.048107482107107,0.06489251789289296
0.995,1.0324523985698382,-0.037452398569838175
1.748,1.4518248658737383,0.29617513412626173
1.278,1.1932202076584368,0.08477979234156319
0.875,0.44871284264389244,0.42628715735610756
1.375,0.605083380590627,0.769916619409373
1.161,1.5960079098514204,-0.43500790985142035
1.436,1.1288465792651718,0.3071534207348281
1.705,1.7320429075774335,-0.02704290757743344
2.013,1.1195435967672367,0.8934564032327632
0.968,1.0005529782086948,-0.03255297820869485
0.843,0.9190669276579482,-0.0760669276579482
0.792,0.7271302411372844,0.06486975886271562
1.542,2.429148102994919,-0.8871481029949189
0.818,1.041158716784651,-0.22315871678465105
0.879,1.4773831157830881,-0.5983831157830881
1.75,1.7091765640916825,0.040823435908317496
1.786,1.6742539643706882,0.11174603562931185
1.714,1.6002997384398188,0.1137002615601812
1.938,1.5966084287119946,0.34139157128800535
2.043,1.7560561908961638,0.2869438091038363
1.425,2.0827101183526793,-0.6577101183526792
0.862,1.2923586372500284,-0.43035863725002843
1.336,1.9751131497733725,-0.6391131497733724
1.958,1.1004039523963716,0.8575960476036284
1.231,1.538488293839881,-0.30748829383988086
1.805,1.1432059758127504,0.6617940241872495
0.654,1.0148767721757983,-0.3608767721757983
1.661,0.7212259717400831,0.939774028259917
1.548,1.5437217308281215,0.004278269171878568
1.297,1.2776386597208869,0.01936134027911307
1.214,1.0196036999156446,0.19439630008435538
0.828,1.0952262598649751,-0.26722625986497517
0.919,1.3774525403051845,-0.45845254030518445
0.979,1.1256630091789228,-0.14666300917892283
1.292,1.659966326081177,-0.36796632608117696
1.875,2.009788409863649,-0.13478840986364915
1.252,1.4523529648409728,-0.20035296484097276
1.152,1.5737724405757163,-0.4217724405757164
1.281,1.6354412045311482,-0.35444120453114825
0.927,1.3561464461186872,-0.42914644611868713
1.456,1.6231335561113895,-0.16713355611138958
1.619,2.245118886825174,-0.6261188868251739
0.865,1.2580419872664776,-0.39304198726647765
1.0,1.7790089274087215,-0.7790089274087215
1.125,1.2886695432676714,-0.16366954326767136
1.625,1.545853303460584,0.07914669653941608
1.708,1.6209670029308012,0.08703299706919876
1.625,1.8333350142129523,-0.2083350142129523
0.735,1.981912583061273,-1.246912583061273
0.742,1.4434260841801372,-0.7014260841801372
0.75,2.4298279139243153,-1.6798279139243153
1.125,1.2261963240359404,-0.10119632403594037
0.95,1.4637380434799134,-0.5137380434799135
0.715,0.9427455139703771,-0.22774551397037712
1.06,1.5188530787067278,-0.45885307870672776
0.821,1.380711565496791,-0.559711565496791
1.155,1.523385851157343,-0.368385851157343
1.418,1.3344623140383711,0.0835376859616288
1.569,0.869956213705567,0.699043786294433
1.75,2.238108286755659,-0.4881082867556592
2.75,1.3326272315069851,1.4173727684930149
2.5,1.203656646544267,1.296343353455733
1.575,1.3407252796924505,0.23427472030754948
1.25,1.574112141583686,-0.32411214158368606
1.391,1.1868701607424712,0.2041298392575288
1.359,1.4258529357479603,-0.06685293574796036
1.375,1.1459950894562283,0.2290049105437717
0.963,1.3303878099956572,-0.36738780999565723
1.083,1.4156551750743154,-0.3326551750743154
0.906,1.1256500663048064,-0.21965006630480632
1.813,0.8624631523087172,0.9505368476912828
1.648,2.5658457997923856,-0.9178457997923857
1.458,1.5528002377752852,-0.09480023777528523
1.313,1.7517441369935274,-0.43874413699352743
1.607,1.71760274254318,-0.11060274254317992
1.103,1.2434766521015193,-0.14047665210151927
1.594,1.3361215969938713,0.25787840300612874
1.456,1.6912275781555088,-0.23522757815550888
1.336,1.1661104350162377,0.1698895649837624
1.225,1.2935585189724144,-0.06855851897241427
0.828,1.129059831819347,-0.30105983181934703
0.764,1.1946897208884253,-0.4306897208884253
0.695,1.065370417143593,-0.370370417143593
0.894,1.1860526906306788,-0.29205269063067874
0.615,1.0251525606255514,-0.4101525606255514
1.046,1.1885407759507998,-0.14254077595079973
1.271,1.4180703451278225,-0.14707034512782258
1.275,1.03804609501455,0.23695390498544988
0.931,0.7949114364559127,0.13608856354408738
0.973,1.303091474609512,-0.33009147460951194
0.857,1.1198358703946054,-0.26283587039460543
0.861,0.8257343619807154,0.03526563801928462
1.224,1.5748066713761026,-0.35080667137610266
1.658,1.763553885921768,-0.10555388592176818
1.5,2.026018694340902,-0.5260186943409022
1.354,1.8993154944910398,-0.5453154944910397
1.185,1.5639557223014617,-0.3789557223014617
1.384,1.1224236334586508,0.2615763665413491
1.065,1.0040321350998287,0.060967864900171254
1.5,1.6339032628259944,-0.1339032628259944
1.248,1.6095397539162999,-0.3615397539162999
1.268,1.6247116343619656,-0.3567116343619656
1.984,1.8703401211453095,0.11365987885469053
1.107,1.1399183540612254,-0.03291835406122545
1.038,0.724061840089524,0.313938159910476
0.718,2.0513261421491644,-1.3333261421491645
0.971,0.7915381280086575,0.17946187199134245
0.725,0.4927010541772616,0.23229894582273836
0.735,0.6252708446423871,0.10972915535761285
0.74,1.178092657960951,-0.438092657960951
0.653,0.7418667890117643,-0.08886678901176426
0.683,1.0373689717084096,-0.35436897170840953
0.615,0.7742092466235317,-0.15920924662353175
0.652,0.6474551596630602,0.004544840336939804
0.641,0.693617546715791,-0.052617546715791
0.795,0.6309342898660351,0.16406571013396498
0.634,0.9132755873662521,-0.27927558736625213
0.838,0.5041526503051548,0.3338473496948452
0.988,1.2725902696246316,-0.28459026962463163
0.659,0.9819422674965397,-0.32294226749653965
0.53,0.4945241534793141,0.035475846520685916
2.25,0.4228529513657078,1.8271470486342922
0.942,1.4066655414544331,-0.4646655414544332
1.175,1.6232571012891248,-0.44825710128912477
0.972,1.029388340655414,-0.057388340655414094
1.001,1.392258223541595,-0.3912582235415951
1.238,1.3727128435264433,-0.1347128435264433
0.997,1.347284032097411,-0.3502840320974111
1.797,1.0327179367276478,0.7642820632723522
0.891,0.794123811822864,0.09687618817713606
1.417,1.3688764583521547,0.04812354164784538
1.107,1.4037389017170698,-0.29673890171706985
0.929,1.0691804185628526,-0.14018041856285257
0.962,1.6776195153104174,-0.7156195153104175
0.946,1.1693998630173212,-0.2233998630173213
1.152,1.4490894752771881,-0.2970894752771882
1.123,1.2268690056908,-0.10386900569080004
1.34,0.48016247624315334,0.8598375237568467
1.024,1.1540989052053385,-0.1300989052053385
1.148,0.7793398218796121,0.36866017812038776
1.249,1.7561513490271996,-0.5071513490271995
1.014,1.5097855421460533,-0.4957855421460533
0.616,0.46092360466756555,0.15507639533243445
0.641,0.5452519006172474,0.09574809938275264
1.0,1.5580991426933437,-0.5580991426933437
0.58,0.5169362976890626,0.06306370231093739
0.725,0.8169606943684808,-0.09196069436848087
0.712,0.9034526478184957,-0.1914526478184957
0.979,1.280693766563708,-0.30169376656370794
0.62,0.9494444333282055,-0.3294444333282055
0.675,1.7511696542397177,-1.0761696542397177
1.104,0.8628368591715971,0.24116314082840296
0.86,1.2303223180446663,-0.3703223180446663
1.188,0.7276016332672794,0.4603983667327205
1.0,1.2374909954822106,-0.23749099548221064
1.063,0.9056751591896819,0.15732484081031806
0.982,1.1150406356183145,-0.13304063561831447
2.583,0.5642348245201418,2.0187651754798583
1.375,1.138250927370934,0.23674907262906597
0.727,0.5367400621862777,0.1902599378137223
0.94,0.5030039962955897,0.4369960037044103
0.823,0.7576975265412138,0.06530247345878615
0.791,1.000742537448995,-0.20974253744899507
0.798,0.6050653521635252,0.19293464783647485
1.063,3.5223009214609187,-2.459300921460919
0.839,0.6605374944391893,0.17846250556081067
0.922,0.5200669507985127,0.4019330492014873
0.813,0.673277832683562,0.13972216731643794
0.848,0.9184098886331167,-0.0704098886331167
0.556,0.8732343448109787,-0.3172343448109787
0.875,0.312820280124509,0.562179719875491
1.379,0.7293090622609868,0.6496909377390132
0.877,0.7501413773214438,0.1268586226785562
1.043,0.9808002313564503,0.06219976864354959
0.637,0.5414471750479484,0.09555282495205164
0.705,1.151910098162163,-0.4469100981621631
1.288,1.3084547403374593,-0.02045474033745931
0.608,0.4833931263387383,0.12460687366126166
0.519,0.6520896029336958,-0.13308960293369576
0.541,0.5780591739433121,-0.03705917394331204
0.889,0.5254802509288439,0.36351974907115614
0.844,0.6863463945883868,0.15765360541161322
0.736,1.0492472000361903,-0.31324720003619033
0.632,0.5858545233147434,0.04614547668525659
0.649,0.37781991024132133,0.2711800897586787
0.551,0.42747896360982574,0.12352103639017431
0.647,0.6146911467800427,0.032308853219957356
0.516,0.37105563332037206,0.14494436667962796
0.592,0.5863954278381691,0.005604572161830856
0.59,0.3604419284987188,0.22955807150128116
0.55,0.3962822557511576,0.15371774424884244
0.682,0.6767886625537491,0.005211337446250908
0.444,0.3549878548110472,0.08901214518895278
0.633,0.5339563149116864,0.09904368508831363
0.584,0.39769269815589703,0.18630730184410293
0.684,0.6261644390941921,0.05783556090580799
0.582,0.37962679060909776,0.2023732093909022
0.917,0.8490965093950829,0.06790349060491718
0.772,0.595851322000579,0.17614867799942102
0.608,0.3970830724104546,0.2109169275895454
0.574,0.6980272499986377,-0.12402724999863779
0.627,1.0367085775696943,-0.40970857756969425
0.864,0.5484188109562094,0.3155811890437906
0.544,0.4184130751790147,0.12558692482098532
0.798,0.48477997349393864,0.3132200265060614
0.542,0.19852724062966165,0.3434727593703384
0.595,0.7044144187244032,-0.10941441872440327
0.535,0.6514731448917026,-0.11647314489170257
0.904,1.4121791198298543,-0.5081791198298543
0.889,0.9260538209476172,-0.03705382094761722
0.931,1.0641976020937978,-0.13319760209379772
0.912,0.645985128135635,0.266014871864365
1.021,0.5384908676268496,0.4825091323731503
0.717,0.5215524379235976,0.19544756207640235
0.813,0.4984656047960958,0.31453439520390414
0.942,0.5988929294947958,0.34310707050520417
0.888,0.7319147730140474,0.15608522698595262
0.66,1.0828562988177008,-0.4228562988177008
0.75,0.9372626750571151,-0.18726267505711514
0.792,0.8443969057304066,-0.05239690573040656
0.792,0.8007664875312523,-0.00876648753125231
0.847,0.5683808484533452,0.27861915154665473
0.55,0.8971068378445708,-0.34710683784457075
0.65,0.5587305331218397,0.09126946687816029
0.737,0.4880152726625768,0.24898472733742316
0.496,0.7857553818098624,-0.2897553818098624
0.615,0.6103809585933095,0.0046190414066904495
0.488,0.7327372208058616,-0.24473722080586158
0.567,0.36690649076163884,0.2000935092383611
0.375,0.9279585519624536,-0.5529585519624536
0.14999,1.102155636602813,-0.9521656366028128
0.413,1.7741163633078059,-1.3611163633078058
0.645,1.2428383620015622,-0.5978383620015622
0.675,1.731745626179232,-1.0567456261792318
0.875,1.2429207431800406,-0.36792074318004064
0.8,1.8635822229088719,-1.0635822229088718
0.852,1.0738485086488438,-0.22184850864884387
1.188,0.5501450315394625,0.6378549684605375
1.433,0.5398361826394322,0.8931638173605678
1.397,1.0207817100809113,0.3762182899190887
1.471,1.3308231047524839,0.1401768952475162
1.188,0.8454819835862883,0.3425180164137116
0.591,0.7055801226518463,-0.11458012265184636
0.574,0.7594520228611963,-0.18545202286119633
0.583,0.6590767444594832,-0.0760767444594832
0.656,0.9225489756721306,-0.26654897567213054
1.091,1.1578119889683647,-0.06681198896836471
0.417,0.5883403637235778,-0.1713403637235778
1.0,0.9283077752442439,0.0716922247557561
1.063,1.4618831581602953,-0.3988831581602954
0.492,0.8584329263496173,-0.3664329263496173
0.62,1.144660257529796,-0.524660257529796
1.103,1.224687549910779,-0.12168754991077901
0.935,1.1010078941919805,-0.16600789419198048
1.089,1.6938887022403601,-0.6048887022403602
0.674,0.9351708387305329,-0.2611708387305328
0.804,1.3567590192548122,-0.5527590192548122
0.953,0.9433780003466516,0.009621999653348312
0.72,1.1926672043490392,-0.4726672043490392
0.847,0.732986274324932,0.11401372567506796
0.518,0.644433609299937,-0.12643360929993697
0.514,0.9148936597282107,-0.40089365972821067
0.59,0.882363115278499,-0.292363115278499
0.591,0.736622137570506,-0.14562213757050602
0.65,1.0917928115780247,-0.44179281157802464
0.532,0.8263811425257699,-0.29438114252576986
0.503,0.6889744830642863,-0.18597448306428632
0.43,0.7790265903473736,-0.34902659034737366
0.743,1.1072089906291864,-0.36420899062918644
0.713,0.8952024168471215,-0.18220241684712157
0.576,0.7171500044981491,-0.14115000449814918
0.558,0.47995523939345697,0.07804476060654308
0.525,0.6895029583156251,-0.16450295831562511
0.517,0.6030544278214607,-0.08605442782146067
0.928,1.172431160224578,-0.244431160224578
0.6,0.9023543826491307,-0.3023543826491307
1.292,1.0709788600681849,0.22102113993181516
1.457,1.5950249855266134,-0.13802498552661335
0.535,0.6845095499188039,-0.14950954991880383
0.535,0.8183530261780083,-0.2833530261780083
0.58,0.6500252139168414,-0.07002521391684147
1.238,0.9473168746959824,0.29068312530401763
0.686,0.8128000974098908,-0.12680009740989073
0.696,0.9227230367579968,-0.22672303675799688
0.529,0.8625452217497154,-0.33354522174971535
0.48,0.6752949856327131,-0.19529498563271308
0.602,0.8822959713588441,-0.2802959713588441
0.533,0.76286744398817,-0.22986744398816994
0.649,0.9737786816234189,-0.32477868162341883
0.481,0.6720554720565621,-0.19105547205656215
0.652,0.7591103200950529,-0.10711032009505284
0.684,1.3007116490911659,-0.6167116490911658
2.313,2.093736201120448,0.21926379887955205
2.391,3.6062461573671682,-1.2152461573671682
1.505,1.8273803329614318,-0.32238033296143187
1.266,1.4559595874034212,-0.18995958740342123
0.937,1.6549294133768893,-0.7179294133768892
1.056,1.1660387347486703,-0.11003873474867021
1.32,1.1005289027000726,0.21947109729992742
0.506,0.6498126339542014,-0.1438126339542014
0.71,0.8451534340741429,-0.13515343407414293
0.631,0.9659157633480899,-0.3349157633480899
0.541,0.7215679606767851,-0.18056796067678504
1.125,0.36703418324599846,0.7579658167540015
0.849,1.2025884482141302,-0.35358844821413027
1.548,2.1482008576223848,-0.6002008576223847
0.837,1.2179076556646347,-0.3809076556646347
0.724,1.0742758457982906,-0.35027584579829063
0.555,0.28656213636523997,0.2684378636347601
0.586,1.0426716141061645,-0.4566716141061645
0.95,1.08480168038104,-0.13480168038104012
0.969,1.0846603613663026,-0.11566036136630264
0.927,0.9762655453720575,-0.04926554537205741
0.938,0.8534267388563803,0.08457326114361963
0.765,1.068654853709867,-0.303654853709867
0.662,0.8367785322183618,-0.17477853221836182
0.793,1.651397522038719,-0.8583975220387189
0.802,0.5019024097568066,0.3000975902431935
0.725,0.8050243773417194,-0.08002437734171941
0.483,0.6970017106859747,-0.21400171068597473
0.619,0.6868640996735584,-0.06786409967355844
0.57,1.0286709816969646,-0.45867098169696463
0.456,0.6587843429796578,-0.2027843429796578
0.414,0.7603502467035153,-0.3463502467035153
0.494,0.6110228526680905,-0.11702285266809054
0.541,0.5319105506810293,0.00908944931897071
0.691,1.0423580544400162,-0.3513580544400162
0.659,0.6604034950047,-0.0014034950046999395
0.646,0.58135722882547,0.06464277117452999
0.629,0.6498554065786986,-0.020855406578698554
0.669,0.8482201336823136,-0.1792201336823136
0.672,0.9917321604418969,-0.3197321604418969
0.892,1.407881289863842,-0.515881289863842
1.102,1.4520320986544735,-0.3500320986544734
1.131,1.76226567714107,-0.6312656771410701
0.722,1.15172931797881,-0.42972931797881
0.846,0.9237701211298106,-0.07777012112981063
0.77,1.3793632231819468,-0.6093632231819468
0.925,1.3023676582104924,-0.37736765821049234
1.09,1.7029464581949956,-0.6129464581949955
0.888,1.0465144068413645,-0.15851440684136453
1.019,1.9417889818064877,-0.9227889818064878
0.828,1.2932287675758913,-0.4652287675758914
0.973,1.5738395707480826,-0.6008395707480826
0.926,0.7749367102605469,0.15106328973945315
0.863,1.5382163764520345,-0.6752163764520345
1.186,2.0124361167291696,-0.8264361167291696
1.773,2.0631306252101904,-0.2901306252101905
0.866,0.6859236881862405,0.1800763118137595
0.838,1.5144071382969728,-0.6764071382969729
0.946,1.4394132244047864,-0.4934132244047864
0.892,1.0950839190881503,-0.20308391908815027
0.828,1.30517075186938,-0.47717075186938007
0.886,1.8367736799862375,-0.9507736799862375
0.855,1.0243586510142606,-0.16935865101426062
1.213,2.0229348024006186,-0.8099348024006185
0.877,1.5241847240698778,-0.6471847240698778
0.875,1.1534095837283582,-0.2784095837283582
1.073,1.5435425107195082,-0.47054251071950826
1.13,2.0472739137091702,-0.9172739137091703
1.338,2.093104960766616,-0.7551049607666158
0.934,1.1596358236947286,-0.22563582369472857
0.889,1.1569548232039442,-0.26795482320394415
0.744,0.9983808423342071,-0.2543808423342071
1.156,1.8562565560144404,-0.7002565560144405
0.932,1.3810776897138082,-0.4490776897138081
1.042,0.8023268723456758,0.23967312765432425
0.892,1.0396391339117221,-0.14763913391172212
1.201,0.837139691234664,0.36386030876533604
0.736,1.1905809150390705,-0.4545809150390705
1.328,0.884195347765885,0.443804652234115
0.683,0.7477142987268266,-0.06471429872682655
0.648,1.0820416768702907,-0.4340416768702907
0.6,0.9344793001551213,-0.3344793001551213
0.546,0.7620951244898038,-0.21609512448980372
0.603,0.8296989217775599,-0.2266989217775599
0.502,0.6547217859955934,-0.15272178599559338
0.541,0.7635485592588707,-0.22254855925887063
0.902,1.3349079689223655,-0.4329079689223655
1.068,1.3305297094471737,-0.2625297094471737
0.782,1.3590199250399893,-0.5770199250399892
0.899,1.5143680078414756,-0.6153680078414756
0.67,1.2481743976757191,-0.5781743976757191
0.684,0.5769806264233877,0.1070193735766124
1.081,1.5696568430895799,-0.4886568430895799
0.954,1.3414929223911707,-0.3874929223911707
0.783,1.4327692907809726,-0.6497692907809726
0.9,1.0523064376454967,-0.15230643764549667
1.392,1.355290726020482,0.03670927397951784
0.66,0.9981331604782888,-0.3381331604782888
1.292,1.0239520643437008,0.26804793565629925
0.704,0.9201546816625745,-0.21615468166257457
1.142,1.062296516032114,0.07970348396788585
0.556,1.2174151323315905,-0.6614151323315904
0.593,0.9447262144824251,-0.35172621448242514
0.743,1.3603470811986136,-0.6173470811986136
0.477,0.9351010214936026,-0.45810102149360266
0.446,0.9281006711616255,-0.4821006711616255
0.495,1.1645215781439358,-0.6695215781439358
0.584,0.49118143547352466,0.0928185645264753
1.375,1.0217013145076885,0.35329868549231147
1.139,1.0257367953592862,0.11326320464071382
0.657,1.3283788067586721,-0.6713788067586721
0.991,1.112361717315666,-0.12136171731566592
0.713,1.839933046460384,-1.1269330464603842
0.821,2.1428294977295015,-1.3218294977295015
0.713,1.7999034963347302,-1.0869034963347302
1.289,0.9551887988747072,0.3338112011252927
0.612,1.0266963271471805,-0.4146963271471805
0.771,0.6602207725891636,0.11077922741083646
0.544,0.6798402765284846,-0.13584027652848452
0.544,0.8597327657406333,-0.31573276574063325
0.638,0.8011958878116503,-0.1631958878116503
0.745,1.27341207813098,-0.5284120781309799
0.631,0.9770211432510933,-0.34602114325109334
0.645,0.8695016704212506,-0.22450167042125058
0.833,1.3065548858204,-0.47355488582039995
0.723,0.3860446077558086,0.33695539224419135
0.697,1.3046921144894448,-0.6076921144894448
0.508,1.0658530949138438,-0.5578530949138438
0.511,0.8094868022988051,-0.2984868022988051
0.515,1.063109820382471,-0.5481098203824709
0.661,1.0915318359948558,-0.4305318359948558
0.678,0.3503024943816466,0.3276975056183534
1.069,1.2294496473345506,-0.1604496473345507
0.492,1.0964590858844514,-0.6044590858844514
1.125,0.9200716173739638,0.2049283826260362
0.487,0.7967521933427806,-0.3097521933427806
1.125,1.1054704826593267,0.01952951734067332
1.125,0.9765105825670308,0.14848941743296917
0.425,0.9024152140037538,-0.4774152140037538
0.713,0.881854618116025,-0.16885461811602498
0.859,1.7664632965744713,-0.9074632965744713
0.409,0.9279016648292868,-0.5189016648292868
1.137,1.1334575424949411,0.0035424575050588825
0.955,0.5662974309551498,0.3887025690448501
0.49,0.6031428281153153,-0.11314282811531529
0.529,0.9005804932410273,-0.37158049324102727
0.415,0.8380807822630802,-0.42308078226308027
0.539,0.9246834404822737,-0.38568344048227365
0.621,0.8212457869680305,-0.20024578696803053
0.798,0.8596016219715317,-0.06160162197153163
0.985,1.202408313583805,-0.21740831358380508
1.034,1.0603648221996087,-0.026364822199608673
0.636,0.9665162040792405,-0.33051620407924054
0.729,1.3184462963906463,-0.5894462963906463
0.774,1.0558472682582518,-0.2818472682582518
0.992,1.4263700885399633,-0.4343700885399633
0.52,0.6532650223513972,-0.13326502235139714
0.721,1.608274145326984,-0.887274145326984
0.71,1.009773049273817,-0.2997730492738171
0.762,1.0927930107104036,-0.33079301071040357
0.646,0.6361333669261626,0.009866633073837394
0.629,0.6924473843785719,-0.06344738437857189
0.706,1.203702251359378,-0.49770225135937807
0.886,1.080749526675145,-0.194749526675145
0.555,0.8462039343025849,-0.29120393430258484
0.677,1.0369554503397655,-0.3599554503397655
0.806,1.1925013303056706,-0.3865013303056706
0.78,0.8995560891574563,-0.1195560891574563
0.776,0.9757634979584129,-0.19976349795841286
0.608,0.7118360442143097,-0.1038360442143097
0.531,0.8412472378100437,-0.3102472378100437
0.509,0.8884781946347737,-0.3794781946347737
0.9,0.9320846668812115,-0.03208466688121148
0.474,1.038421684763676,-0.564421684763676
0.523,0.6144215209284081,-0.09142152092840805
0.514,0.7716327423224452,-0.25763274232244515
0.639,1.0491989776612103,-0.4101989776612103
0.426,0.6631831252475415,-0.23718312524754154
0.813,1.7400773008974508,-0.9270773008974509
0.73,1.0816145169160682,-0.35161451691606826
0.519,1.0388854601349544,-0.5198854601349544
0.431,0.7562321458280163,-0.32523214582801635
0.477,0.7363361771663635,-0.2593361771663635
0.531,0.6729436581723303,-0.14194365817233023
0.652,0.8668825928969954,-0.2148825928969954
0.475,1.1556283385319208,-0.6806283385319208
0.478,0.7290754326105857,-0.25107543261058574
0.51,0.7765506983316162,-0.26655069833161615
0.525,0.857131086837742,-0.33213108683774195
0.427,0.8627849039549507,-0.4357849039549507
0.626,0.9933417755331517,-0.3673417755331517
0.583,1.3035645323480245,-0.7205645323480245
0.498,0.9475767390580163,-0.4495767390580163
0.533,0.8635481604574928,-0.3305481604574928
0.437,0.919793538642848,-0.48279353864284796
0.495,0.8174827834074225,-0.32248278340742254
0.476,0.9049899023878607,-0.4289899023878607
0.657,1.0955249785241712,-0.43852497852417116
0.517,0.8544380954389375,-0.33743809543893744
0.558,0.8845752080798137,-0.32657520807981366
0.962,1.4991378341443056,-0.5371378341443056
1.126,0.7079461521633115,0.4180538478366884
1.052,1.1313405411459405,-0.07934054114594047
1.212,0.8677052456139784,0.34429475438602153
0.867,1.0354851615951401,-0.16848516159514015
1.232,0.9387447241743156,0.29325527582568434
2.175,0.8083978847329711,1.3666021152670287
1.134,0.8602291532762147,0.27377084672378516
0.914,0.5239307267219846,0.39006927327801544
1.048,1.0599108152478398,-0.011910815247839768
0.875,1.7731269481215512,-0.8981269481215512
1.046,0.8920246094652953,0.15397539053470477
1.281,0.7942353808792291,0.48676461912077085
1.188,0.759714589337694,0.42828541066230597
1.391,0.8056715723694097,0.5853284276305903
1.153,0.5771030186960615,0.5758969813039385
1.86,1.186297862919701,0.6737021370802991
1.397,1.08102285556029,0.3159771444397099
1.113,0.9123741351653158,0.20062586483468414
1.457,1.0996285363766896,0.3573714636233105
0.998,0.8893207980336779,0.10867920196632208
1.051,0.8278165154583472,0.2231834845416527
1.535,0.7397300491189804,0.7952699508810195
1.707,0.9940154697403347,0.7129845302596654
1.362,0.6916852415144001,0.6703147584856
1.165,0.9643652137606895,0.20063478623931053
1.37,0.6463524565302037,0.7236475434697964
1.625,-0.04537683081139399,1.670376830811394
1.158,0.8776274341167678,0.2803725658832321
0.889,0.9418015265360684,-0.0528015265360684
1.325,0.9432714218987317,0.38172857810126826
1.071,1.0188314069779796,0.05216859302202037
1.486,0.8281044380176787,0.6578955619823212
0.933,0.8797882534967343,0.05321174650326577
1.533,0.5666182256353471,0.9663817743646528
0.794,0.5138022664113184,0.2801977335886816
0.682,0.8134674951778131,-0.1314674951778131
1.341,0.8555868819547547,0.48541311804524523
1.125,0.23974600639723098,0.885253993602769
1.495,0.9941067399627284,0.5008932600372717
1.189,0.5068605441440663,0.6821394558559337
1.201,0.6490949214049337,0.5519050785950663
1.448,0.9490365192341086,0.49896348076589137
1.0,1.4196707073678916,-0.4196707073678916
1.625,0.7535232606401827,0.8714767393598173
1.375,0.6407096175183637,0.7342903824816363
1.379,0.9286675985206503,0.4503324014793497
1.125,1.3769170341323071,-0.25191703413230715
1.375,1.7382825058717308,-0.36328250587173083
1.375,3.0373838838449703,-1.6623838838449703
1.03,0.6591223175491598,0.3708776824508402
1.159,0.7450037813894315,0.41399621861056857
0.987,0.7861625509474459,0.20083744905255407
1.64,0.4917903914498032,1.1482096085501967
0.994,1.2540309672495558,-0.26003096724955577
1.77,0.6123875621052961,1.157612437894704
0.875,1.5811519181530713,-0.7061519181530713
1.154,0.9445114215292882,0.20948857847071167
1.563,2.176404954342037,-0.6134049543420372
2.625,1.6207179345383422,1.0042820654616578
1.917,1.624921904117905,0.292078095882095
1.204,2.0242718111417757,-0.8202718111417757
3.75,3.0550658584399746,0.6949341415600254
3.381,2.5642367905466092,0.8167632094533905
1.879,2.616982992945098,-0.7379829929450978
1.905,2.0525601303101397,-0.1475601303101397
1.98,2.041482047274917,-0.06148204727491713
1.734,1.9935406221330392,-0.2595406221330392
2.091,2.3951914765070756,-0.30419147650707545
1.761,2.0436949493591214,-0.28269494935912154
1.344,1.228107605186476,0.11589239481352398
2.303,2.372220893961854,-0.06922089396185394
2.017,2.2804169728893666,-0.2634169728893667
1.625,2.008280138613253,-0.38328013861325294
1.813,2.115674605934938,-0.3026746059349381
1.84,1.8698558000699845,-0.02985580006998445
2.813,3.0585632958819584,-0.24556329588195824
1.993,2.274415499688436,-0.2814154996884357
1.833,1.8495128037930222,-0.016512803793022224
1.583,1.7697921957475038,-0.18679219574750383
1.466,1.9343231291876022,-0.4683231291876022
2.148,2.319897142483339,-0.17189714248333887
1.86,2.141953242167599,-0.28195324216759876
1.948,1.9317414244121969,0.01625857558780308
1.918,2.1112331499966546,-0.19323314999665464
2.379,2.3929172860790153,-0.013917286079015323
1.899,1.9604072553056482,-0.06140725530564817
2.603,1.880130600131073,0.7228693998689273
4.347,2.430110339426779,1.9168896605732213
2.276,2.1222110217833334,0.15378897821666637
4.276,3.645055175978185,0.6309448240218147
3.25,3.08971903003663,0.16028096996336982
3.579,2.6752604313181485,0.9037395686818517
2.979,3.0416408919995366,-0.06264089199953649
3.75,3.67482217474909,0.07517782525090988
2.45,2.4846259133592645,-0.03462591335926435
2.25,1.9373447743169072,0.3126552256830928
1.612,2.081504204707213,-0.4695042047072131
2.313,1.8629525066562087,0.45004749334379146
5.00001,5.710376287293405,-0.7103662872934056
1.976,1.941748690738678,0.034251309261321916
2.308,1.855297358016157,0.4527026419838429
2.431,2.215835553336424,0.21516444666357604
2.347,1.8704683678893212,0.4765316321106787
3.13,2.7131935471963455,0.41680645280365436
2.199,2.176462310233772,0.022537689766227942
2.414,2.460936858519031,-0.046936858519031066
1.993,2.8391983313432467,-0.8461983313432466
2.25,2.2190025835401097,0.030997416459890292
2.794,2.9226142422244896,-0.12861424222448958
5.00001,2.7969937973359023,2.2030162026640974
2.592,1.9794960907124897,0.6125039092875104
2.242,2.7564193885429438,-0.5144193885429438
2.682,2.9894750815898536,-0.3074750815898537
2.832,3.285139503496799,-0.4531395034967991
1.757,2.1018478581717317,-0.3448478581717318
5.00001,2.887682732399783,2.1123272676002167
2.25,1.966843770303835,0.28315622969616494
1.542,2.0491619970386643,-0.5071619970386643
2.192,2.5754969835734967,-0.3834969835734965
2.327,2.660580144722511,-0.33358014472251085
2.211,3.2460685310655144,-1.0350685310655146
0.75,1.9537919292335828,-1.2037919292335828
2.795,2.729726195044508,0.06527380495549195
2.348,3.2087501241783523,-0.8607501241783524
2.365,2.420531842769968,-0.05553184276996781
2.673,3.1055616381822952,-0.4325616381822952
2.236,2.0285206300550263,0.20747936994497396
0.55,2.1084481968418882,-1.5584481968418882
1.573,2.6086039428777834,-1.0356039428777835
1.452,2.269696509774828,-0.8176965097748279
2.034,2.1896005914125287,-0.1556005914125289
2.176,2.157381478773297,0.018618521226703155
1.995,2.4460592515794373,-0.45105925157943716
2.18,2.8170352916617216,-0.6370352916617215
2.289,2.959810097588473,-0.6708100975884728
2.146,2.3122299337007206,-0.1662299337007207
2.341,2.8105350105210434,-0.4695350105210432
2.232,2.999804746485189,-0.7678047464851887
2.35,2.353243465477332,-0.003243465477332119
1.875,2.7417651045344886,-0.8667651045344886
2.194,2.3579529308484366,-0.16395293084843665
2.343,2.8511927617107506,-0.5081927617107507
2.293,2.4964230231099878,-0.2034230231099876
4.093,3.385813518215972,0.7071864817840279
2.811,3.0518793844376195,-0.24087938443761958
4.043,3.49386071258605,0.5491392874139502
3.036,3.017850927992528,0.018149072007472178
2.997,2.9767813565917622,0.020218643408237646
2.575,2.7219452624670692,-0.14694526246706907
2.319,2.499789016054528,-0.18078901605452824
2.541,2.2659049798221136,0.27509502017788634
3.964,2.9361050787946463,1.0278949212053536
3.032,3.042410787697481,-0.010410787697480828
2.291,2.794486882307427,-0.5034868823074272
3.582,2.962026678595146,0.6199733214048537
3.49,2.796344376238773,0.6936556237612272
3.852,3.0952208726139947,0.7567791273860052
3.239,2.527833591798637,0.7111664082013629
1.868,2.355175056716863,-0.4871750567168627
1.708,2.253012261407448,-0.5450122614074482
1.653,2.182686730560029,-0.5296867305600288
1.605,1.752051761280585,-0.14705176128058506
1.927,2.3874857483069594,-0.4604857483069593
1.925,2.1094169298001146,-0.1844169298001146
1.875,1.6872946815370433,0.18770531846295668
3.955,2.5495221010564793,1.4054778989435208
3.591,2.637468858639278,0.9535311413607221
2.75,2.17623119053342,0.5737688094665798
5.00001,3.396302318454357,1.6037076815456426
2.038,2.7744743768006312,-0.7364743768006314
2.063,2.5021560802845295,-0.43915608028452935
1.984,2.1758614666596703,-0.1918614666596703
2.066,2.6446573683725254,-0.5786573683725256
3.846,2.960042933685706,0.8859570663142939
1.667,2.419288623733391,-0.752288623733391
2.212,2.5938883600595464,-0.3818883600595462
2.205,2.304722753780111,-0.09972275378011108
2.445,2.582829084613439,-0.13782908461343935
2.149,2.1633481050377728,-0.01434810503777273
2.19,2.8107381188425826,-0.6207381188425827
2.09,2.480957544375734,-0.39095754437573405
2.127,2.5708781731552284,-0.4438781731552286
2.143,2.7390720764195198,-0.59607207641952
2.75,4.0855495101413,-1.3355495101413002
3.018,2.980226227991878,0.03777377200812193
1.125,2.4034476070684296,-1.2784476070684296
2.188,2.32034049431611,-0.13234049431610995
2.199,2.191521999757152,0.007478000242847838
2.343,2.6178716251844403,-0.2748716251844403
1.987,2.412621535694479,-0.425621535694479
1.971,2.6001757636851512,-0.6291757636851512
1.435,2.2670839211615967,-0.8320839211615967
1.603,1.8637378148285018,-0.2607378148285018
1.493,2.2958813838693737,-0.8028813838693736
1.069,2.044575318852905,-0.975575318852905
2.347,2.5219197294403273,-0.1749197294403273
2.576,2.6123550482413176,-0.03635504824131752
2.354,2.6066923915919826,-0.25269239159198253
2.245,2.207512597821568,0.03748740217843194
2.539,1.8885464820731874,0.6504535179268127
2.082,2.5275528863834067,-0.44555288638340684
2.139,2.3878879835465048,-0.248887983546505
2.205,2.2463834744673847,-0.04138347446738466
1.674,1.6210533443857842,0.05294665561421574
1.708,2.063416451628564,-0.35541645162856406
0.875,1.4467029487877783,-0.5717029487877783
4.233,2.6097944048911,1.6232055951088995
5.00001,3.3457092559213,1.6543007440786996
5.00001,2.480610815948317,2.5193991840516827
3.804,2.362588543110817,1.441411456889183
2.295,2.7014292579989077,-0.4064292579989077
2.429,2.8062493590422015,-0.3772493590422017
2.312,2.736662013462391,-0.4246620134623913
2.185,2.842026742257612,-0.6570267422576119
1.854,2.6983347859715594,-0.8443347859715593
1.805,2.29218942930482,-0.48718942930482023
1.811,2.8513745767488583,-1.0403745767488584
1.791,2.189385667408575,-0.3983856674085753
1.758,2.3235833762226914,-0.5655833762226914
1.724,2.259794361474814,-0.535794361474814
1.856,2.6728424692478985,-0.8168424692478984
1.821,2.3775616256929797,-0.5565616256929797
1.649,2.1081443987287654,-0.45914439872876533
1.88,2.522419443114254,-0.642419443114254
1.951,2.339542004133172,-0.38854200413317175
1.868,2.330155616059259,-0.46215561605925903
1.873,2.6612051573171467,-0.7882051573171467
1.876,2.539075527828113,-0.6630755278281133
1.862,2.3535175838687477,-0.49151758386874755
1.911,2.633752489048093,-0.722752489048093
1.89,2.5388168881308317,-0.6488168881308318
1.834,2.764697868008679,-0.930697868008679
4.5,2.0136513425930143,2.4863486574069857
1.656,2.095094439794306,-0.43909443979430596
2.152,2.453456934983042,-0.30145693498304205
1.854,2.332235486471937,-0.4782354864719367
1.608,1.6800168388814063,-0.0720168388814062
3.058,2.756342738963702,0.301657261036298
1.674,3.0062960389908584,-1.3322960389908585
1.86,2.5895685069355023,-0.7295685069355022
1.92,1.9608109762710055,-0.040810976271005606
2.054,2.6700841847358356,-0.6160841847358358
1.461,1.988586419603296,-0.527586419603296
2.068,2.4104957900846147,-0.3424957900846146
1.944,2.848102873441122,-0.9041028734411221
0.675,1.9178905398105686,-1.2428905398105685
2.438,1.837711422951334,0.6002885770486661
1.75,1.8074792458891742,-0.05747924588917419
2.077,2.626997523983076,-0.5499975239830759
1.966,2.4814313540415562,-0.5154313540415563
2.8,2.4882516045102077,0.31174839548979216
2.239,2.471743291434652,-0.2327432914346521
1.943,1.5558757674662917,0.3871242325337083
1.693,2.1986110410082347,-0.5056110410082346
1.893,2.265508273163508,-0.3725082731635079
1.868,2.57135863586176,-0.7033586358617601
2.132,2.0507429663737433,0.0812570336262568
5.00001,1.8763816935898339,3.1236283064101658
1.82,2.0450120144308723,-0.22501201443087226
1.941,2.287275006508284,-0.3462750065082838
5.00001,2.4403941620489094,2.5596158379510903
5.00001,3.397708920663449,1.6023010793365504
3.912,3.7277755446308958,0.18422445536910415
4.521,2.811677510799293,1.7093224892007068
2.287,2.4726501606137474,-0.1856501606137475
3.406,3.201972862356725,0.20402713764327496
3.119,3.049072830318479,0.06992716968152113
2.796,2.870746641003919,-0.07474664100391903
2.842,3.226455714979891,-0.38445571497989084
2.322,2.5270783793257183,-0.20507837932571826
5.00001,3.9687424337830066,1.031267566216993
2.17,2.248314394960477,-0.07831439496047699
2.381,2.977574428868773,-0.5965744288687733
2.713,2.889331215542665,-0.17633121554266484
2.326,3.0981731990542043,-0.7721731990542042
2.508,2.7652645302908447,-0.25726453029084473
2.142,2.7410640575832668,-0.5990640575832669
2.466,2.714710147867117,-0.24871014786711676
2.575,2.7898725891480662,-0.21487258914806606
2.217,1.9880149166366494,0.22898508336335066
2.228,2.6173809409552655,-0.3893809409552653
1.771,2.1720104771298923,-0.40101047712989235
2.279,2.368315509655197,-0.08931550965519719
2.75,2.239307269409231,0.5106927305907689
1.25,3.7602035969507996,-2.5102035969507996
3.19,2.739511058635286,0.45048894136471374
2.182,2.0744013536427492,0.1075986463572507
0.525,2.2787921009736976,-1.7537921009736976
2.75,3.227640685778931,-0.47764068577893104
2.931,3.4406295651841265,-0.5096295651841265
1.625,1.4482171851697712,0.17678281483022884
2.582,3.069307734998632,-0.4873077349986321
2.413,3.000286220488355,-0.5872862204883553
2.549,3.1535657071067584,-0.6045657071067585
3.449,3.569214149349326,-0.12021414934932606
2.994,3.074525191565436,-0.0805251915654357
2.356,2.878539514987135,-0.5225395149871352
2.476,2.8041230870213054,-0.32812308702130544
2.915,3.273742189751709,-0.3587421897517089
2.879,3.1281321764185304,-0.24913217641853036
2.593,3.1530926360363294,-0.5600926360363294
2.948,3.061909913184283,-0.1139099131842829
5.00001,3.660533026013111,1.3394769739868888
1.76,1.896593689760262,-0.13659368976026198
3.026,2.932061519468621,0.09393848053137877
3.338,3.300312109779094,0.037687890220905906
3.138,2.734073112005803,0.40392688799419707
4.107,2.7063996808317046,1.4006003191682956
3.188,2.698526744734835,0.4894732552651653
3.994,2.761883417102555,1.2321165828974454
3.585,3.9656240686396496,-0.3806240686396496
4.108,4.836497840478491,-0.7284978404784912
3.663,4.124755115631606,-0.4617551156316062
3.375,3.8107772990653883,-0.4357772990653883
2.332,2.4835711898769923,-0.15157118987699247
5.00001,4.790659467832651,0.209350532167349
3.218,3.2157448759223124,0.002255124077687576
4.234,3.830227566053978,0.4037724339460218
2.288,2.5617924533747862,-0.2737924533747864
2.394,3.099510842152264,-0.7055108421522638
2.421,2.869871758106207,-0.44887175810620716
2.813,2.3626029094307297,0.45039709056927046
1.304,2.0545741850934998,-0.7505741850934997
4.521,3.7138409202744636,0.8071590797255364
5.00001,4.702883153741359,0.2971268462586405
3.12,3.227143234709686,-0.10714323470968568
2.646,2.9125967298385795,-0.2665967298385796
2.871,3.0658084243761285,-0.19480842437612855
3.027,2.9378193575365392,0.08918064246346091
3.054,3.0313022070386686,0.02269779296133123
3.429,3.403377003843925,0.025622996156074773
2.909,3.1384745462963988,-0.22947454629639896
2.322,2.6455252926700643,-0.32352529267006425
2.517,2.9546622273852092,-0.4376622273852093
2.514,3.201916981596985,-0.687916981596985
2.414,2.6247677234288247,-0.21076772342882455
2.067,2.1392928007636214,-0.07229280076362121
2.118,2.4328349936811544,-0.31483499368115453
2.748,3.112548967238987,-0.3645489672389868
2.58,3.1361965911348846,-0.5561965911348845
3.0,3.1837079200203986,-0.1837079200203986
2.868,3.3887381617047456,-0.5207381617047457
3.16,3.4766804290762408,-0.3166804290762406
3.099,3.677129031978261,-0.5781290319782606
2.646,2.357302269977252,0.288697730022748
2.435,3.1736343861087057,-0.7386343861087057
2.407,3.0108889338746225,-0.6038889338746225
2.287,2.113685489262242,0.17331451073775783
2.128,2.209388892140154,-0.08138889214015377
1.738,2.158729046310124,-0.42072904631012387
1.875,2.03389327208302,-0.15889327208302007
3.237,3.3953331760348373,-0.1583331760348372
4.229,3.2954490780320462,0.9335509219679539
3.929,3.341731858813408,0.5872681411865917
3.494,3.2588242212464724,0.2351757787535278
3.483,3.1317534525493596,0.35124654745064054
3.539,3.8370914759383914,-0.29809147593839125
5.00001,2.941694109281627,2.0583158907183727
4.286,3.2296270693394282,1.0563729306605714
3.576,3.1241395433577654,0.4518604566422346
3.259,3.243492483098584,0.01550751690141583
5.00001,4.393038171450928,0.6069718285490717
5.00001,3.9466123833531097,1.05339761664689
4.258,3.8881169720460123,0.36988302795398775
3.619,3.484017178457999,0.13498282154200103
2.247,2.7806671954220086,-0.5336671954220087
2.827,3.000159748647348,-0.17315974864734818
2.147,2.762631638845284,-0.6156316388452843
2.224,2.7151559019983718,-0.49115590199837156
2.043,2.5315631697614003,-0.48856316976140013
2.53,3.142348488850282,-0.6123484888502824
5.00001,5.4235088870543855,-0.4234988870543859
3.208,2.880331221536122,0.3276687784638783
4.019,3.3174118536570996,0.7015881463429006
2.641,2.4391897420157833,0.2018102579842167
3.081,2.9732168286145777,0.10778317138542226
2.545,2.9746907610175564,-0.42969076101755643
4.047,3.5486197017127377,0.49838029828726205
5.00001,2.213816982703307,2.7861930172966924
2.086,2.8654549578522337,-0.7794549578522338
2.426,2.6701777071752373,-0.24417770717523712
1.941,2.245849646736339,-0.30484964673633885
3.75,1.8299509564721526,1.9200490435278474
1.957,3.0954873903645437,-1.1384873903645436
1.821,2.4111032577682443,-0.5901032577682443
2.802,2.6671360080570876,0.13486399194291243
3.213,3.1942670164150817,0.018732983584918372
1.968,2.2949104072865434,-0.3269104072865434
1.709,2.2475641916317,-0.5385641916316999
1.985,2.4725349400238117,-0.4875349400238116
1.964,1.7389110522596452,0.22508894774035482
2.099,2.4487137893173667,-0.3497137893173665
2.082,2.378273307698491,-0.29627330769849136
1.852,2.7263176310989556,-0.8743176310989555
1.877,2.7920115024088554,-0.9150115024088554
2.581,3.1114044694118643,-0.5304044694118644
2.399,2.9777160431379333,-0.5787160431379332
2.663,2.713522942161324,-0.050522942161324025
2.644,2.72332031541048,-0.07932031541048001
1.866,2.5233553489302176,-0.6573553489302175
1.88,2.8069434524620753,-0.9269434524620754
2.333,2.7566795219132967,-0.4236795219132965
2.25,3.0342210408245798,-0.7842210408245798
1.794,1.9748335028927273,-0.18083350289272726
2.053,2.399525602922385,-0.3465256029223851
2.15,2.3760972924213473,-0.22609729242134735
1.969,2.865040121677528,-0.896040121677528
1.904,2.433013456444799,-0.5290134564447992
2.221,2.7586552044075816,-0.5376552044075815
1.981,2.7655293444620117,-0.7845293444620116
1.934,2.8171926511354553,-0.8831926511354553
2.041,2.537625598896831,-0.4966255988968311
2.21,2.9271647894297335,-0.7171647894297335
2.258,2.795077794477096,-0.5370777944770961
1.866,2.5509388905871706,-0.6849388905871705
1.961,2.609431727231558,-0.6484317272315578
2.5,2.124211154346506,0.3757888456534939
2.239,2.7743956451098786,-0.5353956451098787
2.177,2.796597214137738,-0.6195972141377379
2.186,2.843656558407739,-0.657656558407739
2.353,2.7643645702241635,-0.4113645702241633
2.38,2.558963415659233,-0.17896341565923324
3.93,3.476337918181717,0.45366208181828327
2.23,2.3856305971397647,-0.15563059713976468
2.252,2.2143040745940796,0.03769592540592015
2.091,2.681623028875323,-0.5906230288753229
1.918,1.983647169522253,-0.06564716952225313
2.046,2.493178148731689,-0.44717814873168926
2.292,2.9847815852283768,-0.692781585228377
3.02,3.0106564980031756,0.009343501996824433
2.212,2.694451441599365,-0.4824514415993648
2.383,2.4553971635133833,-0.07239716351338332
2.441,2.9571824045893473,-0.5161824045893475
2.298,3.043119659612359,-0.7451196596123588
2.367,3.036013767935888,-0.6690137679358878
2.27,3.0255329388254353,-0.7555329388254353
3.35,2.9837440673337787,0.36625593266622136
3.25,1.995981353001783,1.254018646998217
3.3,4.017768531393119,-0.7177685313931192
3.439,3.347335898655757,0.09166410134424297
2.48,3.0031584587311095,-0.5231584587311096
2.765,3.2196665215883327,-0.45466652158833254
0.691,0.8398365265168113,-0.14883652651681134
0.76,0.9142386040342991,-0.15423860403429912
0.802,1.166295173007359,-0.3642951730073589
0.748,0.9357961775133581,-0.1877961775133581
0.678,1.0717451243061142,-0.3937451243061142
0.696,0.6402317369242154,0.05576826307578453
2.25,1.173475438324993,1.076524561675007
0.325,0.8430294453124347,-0.5180294453124348
0.866,1.3619546737113157,-0.49595467371131574
0.862,1.376844859946597,-0.514844859946597
0.743,0.737817549610539,0.005182450389460969
0.823,1.017740641545715,-0.19474064154571513
0.764,0.9685120892644261,-0.2045120892644261
0.792,1.0516009124376036,-0.2596009124376035
1.185,1.731146932944382,-0.546146932944382
0.731,1.335459791850508,-0.604459791850508
1.469,1.5928000352389957,-0.12380003523899563
1.159,1.5738423582868708,-0.41484235828687077
1.417,1.4445601003673567,-0.027560100367356677
1.569,1.9417698688991691,-0.3727698688991692
3.1,0.6727194528887395,2.427280547111261
2.232,1.9189553341040215,0.3130446658959787
2.043,1.2372035024872958,0.8057964975127043
2.018,1.257106011571806,0.7608939884281938
2.86,2.4535719217099032,0.40642807829009664
1.536,1.2889321020320104,0.24706789796798967
3.265,1.6416034587221557,1.6233965412778444
1.791,0.8944812976708911,0.8965187023291088
1.485,0.974775737883238,0.5102242621167621
1.308,1.4117716879479607,-0.10377168794796066
1.375,0.6551808121323526,0.7198191878676474
1.452,1.3008572896123263,0.15114271038767368
1.641,1.737143868661024,-0.09614386866102409
1.943,1.4023433507433125,0.5406566492566875
2.265,1.8349721520789668,0.4300278479210333
2.362,2.0299381012474944,0.3320618987525057
1.826,1.0064083679324154,0.8195916320675847
2.194,0.9416936171404093,1.2523063828595906
2.277,1.6854652258480076,0.5915347741519925
1.231,1.6904549974305774,-0.45945499743057727
1.079,1.204764704057952,-0.12576470405795215
0.694,0.8433971022296216,-0.14939710222962166
1.222,1.4694797946460705,-0.2474797946460705
1.031,1.1970918658277985,-0.16609186582779856
0.958,1.25718222785959,-0.29918222785959014
1.206,1.488716694978767,-0.28271669497876695
0.953,1.2764876564446064,-0.3234876564446064
0.978,1.0896784139769493,-0.11167841397694933
1.72,1.254288120936001,0.4657118790639989
1.525,0.9663867377161097,0.5586132622838902
1.194,1.2653677447885059,-0.07136774478850594
1.544,1.813280628552273,-0.26928062855227286
1.672,1.9666204022064888,-0.2946204022064889
1.469,1.779354249193371,-0.31035424919337085
1.089,1.140289595897302,-0.05128959589730209
1.072,1.3944516800229871,-0.3224516800229871
1.325,1.2490417249327708,0.07595827506722919
1.514,1.3314062691143285,0.18259373088567155
2.25,1.0579628415012556,1.1920371584987444
2.007,1.8964035352859205,0.11059646471407958
1.65,2.0760084143243827,-0.42600841432438274
1.399,1.8709321629314886,-0.47193216293148854
1.334,1.716499943372365,-0.3824999433723648
1.396,1.4116671275361592,-0.015667127536159287
1.273,1.413363229548329,-0.14036322954832903
1.267,1.3635982666506685,-0.09659826665066862
2.25,2.5037223395297974,-0.2537223395297974
1.938,0.7784254663140995,1.1595745336859005
1.875,1.7652271805702993,0.10977281942970074
0.984,1.4789495706426872,-0.4949495706426872
0.917,1.0664570103451536,-0.14945701034515357
2.75,1.2654553551434125,1.4845446448565875
0.784,0.9506092679507463,-0.16660926795074626
0.879,1.2704403271594498,-0.39144032715944976
1.234,1.4537486111925648,-0.21974861119256484
0.927,1.7966457633896187,-0.8696457633896186
1.375,1.8200108373456392,-0.4450108373456392
0.698,1.4399875808944422,-0.7419875808944423
0.836,1.453960439227541,-0.617960439227541
0.963,1.3631415802976659,-0.4001415802976659
0.703,0.44521189340616596,0.257788106593834
0.613,0.574259134407139,0.03874086559286094
0.589,0.739561916414077,-0.150561916414077
0.713,0.6967726760148378,0.016227323985162134
0.555,0.6533987863366697,-0.09839878633666965
0.55,0.47713628248353057,0.07286371751646947
0.798,1.1714144910797555,-0.37341449107975544
0.847,1.1734199422542955,-0.3264199422542955
0.888,0.8547004054476921,0.03329959455230791
0.685,0.9298647782736591,-0.24486477827365905
0.687,0.7131425373772737,-0.026142537377273678
0.555,0.7412305076612364,-0.1862305076612364
0.63,0.5164901966518953,0.11350980334810468
0.717,1.0828588767928866,-0.36585887679288664
0.579,0.560862698098429,0.018137301901570924
0.697,0.4565213931525238,0.24047860684747613
0.596,0.32628154666848186,0.2697184533315181
0.65,0.6797346112666154,-0.029734611266615363
0.612,0.5984249728196374,0.013575027180362631
0.566,0.7010813228877906,-0.13508132288779062
0.623,0.6724459432172414,-0.049445943217241384
0.488,0.6178453002120758,-0.12984530021207585
0.575,0.727122069896347,-0.15212206989634702
0.455,0.4390478467543959,0.015952153245604117
0.47,0.42833968930099564,0.04166031069900433
0.483,0.4410003902048758,0.04199960979512418
0.534,0.46381381095761975,0.07018618904238028
0.58,0.8209372712256915,-0.24093727122569153
0.575,0.7557472475468461,-0.18074724754684612
0.551,0.6592808038631048,-0.10828080386310479
0.708,1.1158981843149458,-0.40789818431494584
0.634,0.6925609482764101,-0.05856094827641012
0.991,0.8801598393405596,0.11084016065944036
1.0,1.8561064651001118,-0.8561064651001118
0.775,0.9362529607237771,-0.16125296072377704
0.67,0.7132783908601859,-0.04327839086018581
0.655,1.0195997826501473,-0.36459978265014725
0.872,0.8839733069109184,-0.011973306910918358
0.72,1.5222738917890863,-0.8022738917890864
0.938,0.575361970354678,0.362638029645322
1.625,0.6924547542345612,0.9325452457654388
0.924,0.8022107147275102,0.12178928527248989
1.083,0.5249259070423504,0.5580740929576495
1.12,0.9611057076786889,0.15889429232131125
1.072,0.9768132864551706,0.09518671354482944
1.156,0.8312803119605139,0.32471968803948603
0.983,0.8176677922657158,0.16533220773428414
1.168,1.215540552199922,-0.04754055219992215
0.781,0.1336557956817792,0.6473442043182208
0.771,0.5535283308919585,0.2174716691080415
0.923,0.1712514081154657,0.7517485918845344
0.847,0.31910523524011225,0.5278947647598877
0.894,0.5158036292782877,0.3781963707217123
