实际房价,预测房价,残差
4.526,4.131649827076737,0.3943501729232626
3.585,3.9766064387043363,-0.3916064387043363
3.521,3.6765709410685252,-0.15557094106852531
3.413,3.2415984958322808,0.17140150416771904
3.422,2.41358743502238,1.00841256497762
2.697,2.675277017208004,0.021722982791996248
2.992,2.3953942948530047,0.5966057051469953
2.414,2.246687518784837,0.16731248121516318
2.267,1.791626667467018,0.47537333253298186
2.611,2.4283280723854888,0.18267192761451145
2.815,2.2207706646963548,0.5942293353036452
2.418,2.2888013258039814,0.12919867419601871
2.135,2.1373228456383004,-0.0023228456383006524
1.913,2.1673205732048797,-0.25432057320487966
1.592,1.744236066796121,-0.1522360667961209
1.4,1.85816105563427,-0.4581610556342701
1.525,1.968386353997658,-0.44338635399765813
1.555,1.834011373014261,-0.27901137301426115
1.587,1.6945958067017273,-0.1075958067017273
1.629,1.9712530540503412,-0.34225305405034123
1.475,1.4282221417264211,0.04677785827357894
1.598,1.536823578644212,0.06117642135578816
1.139,1.6585669650888875,-0.5195669650888874
0.997,1.7845936375685543,-0.7875936375685543
1.326,1.9589687680945196,-0.6329687680945195
1.075,1.8531657271418367,-0.7781657271418367
0.938,1.9192681933151288,-0.9812681933151288
1.055,1.679952557245548,-0.6249525572455481
1.089,1.621927182862046,-0.5329271828620461
1.32,1.6253602780558405,-0.30536027805584043
1.223,1.7586685183568747,-0.5356685183568746
1.152,1.760066440925498,-0.6080664409254981
1.104,1.6372929135835306,-0.5332929135835305
1.049,1.4766227063611126,-0.42762270636111266
1.097,2.0645838541893076,-0.9675838541893076
0.972,1.5437568110331332,-0.5717568110331332
1.045,1.3950467177564296,-0.3500467177564297
1.039,1.5684454446360163,-0.5294454446360164
1.914,2.4209227325011713,-0.5069227325011714
1.76,2.139715212740697,-0.37971521274069686
1.554,1.8692107675481329,-0.3152107675481328
1.5,1.6782106538016381,-0.17821065380163814
1.188,1.4226303676922103,-0.23463036769221035
1.888,2.59341955082929,-0.7054195508292902
1.844,2.1951016402360737,-0.3511016402360736
1.823,2.137022494763092,-0.31402249476309185
1.425,1.875914076990164,-0.45091407699016406
1.375,1.7730394833562746,-0.3980394833562746
1.875,1.3960986147437866,0.4789013852562134
1.125,1.7930018925756912,-0.6680018925756912
1.719,1.2909976108876986,0.4280023891123015
0.938,1.53077359877461,-0.5927735987746101
0.975,1.3899269149231415,-0.4149269149231415
1.042,1.5698192607619879,-0.5278192607619878
0.875,1.547471180971893,-0.6724711809718931
0.831,1.6025808304004951,-0.7715808304004952
0.875,1.5972366969900271,-0.7222366969900271
0.853,1.3203609217714487,-0.4673609217714487
0.803,1.4947438870583536,-0.6917438870583535
0.6,1.5810762974565513,-0.9810762974565513
0.757,2.299836816431457,-1.542836816431457
0.75,3.5637404258734047,-2.8137404258734047
0.861,1.4530102992055307,-0.5920102992055307
0.761,1.4008341605325683,-0.6398341605325683
0.735,2.056689951403804,-1.3216899514038043
0.784,1.3960357972382074,-0.6120357972382073
0.844,1.2792810383120248,-0.4352810383120248
0.813,2.2055487695639475,-1.3925487695639476
0.85,1.6635437042071985,-0.8135437042071986
1.292,1.296326603536364,-0.004326603536364049
0.825,1.393775520024711,-0.5687755200247111
0.952,1.336201175059866,-0.38420117505986595
0.75,1.7450857321341706,-0.9950857321341706
0.675,1.0920389308212899,-0.41703893082128984
1.375,1.635565962393298,-0.2605659623932981
1.775,1.1913323184093065,0.5836676815906934
1.021,1.7522501561364985,-0.7312501561364986
1.083,1.0404239704424576,0.04257602955754236
1.125,0.9819969510490543,0.14300304895094573
1.313,1.7507510473228738,-0.43775104732287384
1.625,1.3675046373144153,0.2574953626855847
1.125,1.4858369640055529,-0.3608369640055529
1.125,1.7056004478615114,-0.5806004478615114
1.375,1.5092416387712364,-0.1342416387712364
1.188,1.468648327782264,-0.280648327782264
0.982,1.8696960438505479,-0.8876960438505479
1.188,1.5692026556469787,-0.38120265564697875
1.625,1.0696736062965675,0.5553263937034325
1.375,1.1724128768431,0.20258712315690008
5.00001,1.5523747063029194,3.44763529369708
1.625,1.7179980776424313,-0.09299807764243129
1.375,1.466959813432274,-0.0919598134322741
1.625,1.3460089128412251,0.27899108715877485
1.875,2.0246446226382497,-0.14964462263824974
1.792,1.8856514004196987,-0.09365140041969866
1.3,1.8954970693038529,-0.5954970693038528
1.838,2.0728243759291227,-0.23482437592912264
1.25,1.7557551510983878,-0.5057551510983878
1.7,1.3123991331323128,0.38760086686768713
1.931,2.038601073573239,-0.10760107357323889
2.578,1.9228217984145928,0.6551782015854071
2.734,2.1746664496241164,0.5593335503758836
2.375,2.25483242913033,0.12016757086967012
3.5,2.2158917018459263,1.2841082981540737
3.357,2.134674575747681,1.2223254242523192
3.134,2.8007221008393564,0.33327789916064354
2.685,2.3592802864412254,0.3257197135587746
2.594,2.369253460189273,0.2247465398107269
2.757,2.5737345001960104,0.18326549980398976
2.25,2.441256772602388,-0.19125677260238794
2.625,3.0798256549108864,-0.45482565491088645
2.185,1.9785309735874774,0.20646902641252263
2.55,2.0812725082549743,0.4687274917450255
2.241,2.297482106918475,-0.056482106918474884
2.431,2.320884247625412,0.11011575237458793
2.316,2.2576334707571113,0.05836652924288854
2.185,1.9006883864872108,0.2843116135127892
2.341,2.3190820429906096,0.021917957009390587
3.276,3.2094902913604093,0.06650970863959049
3.476,2.866675718725745,0.609324281274255
3.661,3.1726406573672428,0.48835934263275727
3.35,2.7134750260380516,0.6365249739619485
3.736,3.380748686706137,0.3552513132938633
3.895,2.9540828918490316,0.9409171081509684
3.911,3.741445784174087,0.1695542158259129
3.373,2.9623346482920825,0.41066535170791774
2.952,3.935939602656929,-0.9839396026569291
2.923,3.2767992702479245,-0.35379927024792446
4.115,3.728052067764975,0.3869479322350253
3.115,3.0916709503634743,0.023329049636525934
3.259,3.585748954773384,-0.32674895477338417
3.926,5.236217606495714,-1.3102176064957138
3.193,3.7757373440694773,-0.5827373440694772
3.333,3.4940725848441345,-0.16107258484413434
3.352,3.9248512051625863,-0.5728512051625865
3.512,3.9929769787867464,-0.4809769787867464
3.689,3.403018125629139,0.2859818743708611
3.659,4.038173850997493,-0.37917385099749357
3.667,3.5384301632317365,0.12856983676826328
3.628,3.2190139665488164,0.4089860334511837
4.833,3.137627985251905,1.695372014748095
3.314,3.670832784577849,-0.3568327845778487
3.235,3.5131432582666515,-0.27814325826665165
2.167,2.1119659553982424,0.055034044601757426
2.331,2.1391679349321233,0.19183206506787664
2.964,2.9434968078221795,0.020503192177820484
2.737,3.575472842626724,-0.8384728426267238
2.277,2.2833267922444773,-0.006326792244477186
1.996,2.1613276450808567,-0.16532764508085673
2.398,2.810310054768169,-0.41231005476816884
2.701,2.4961908250134988,0.2048091749865013
3.021,3.1073863568146884,-0.08638635681468854
2.695,2.311793618521367,0.3832063814786326
3.147,2.7710139240054468,0.375986075994553
3.901,4.128475629834277,-0.22747562983427727
4.103,4.35801828782436,-0.25501828782436053
3.524,3.516169405369411,0.007830594630588994
2.873,3.330315956420244,-0.4573159564202438
3.487,3.80613959851792,-0.31913959851791995
2.438,2.192344737424009,0.24565526257599135
2.115,1.761757318870267,0.3532426811297331
2.184,2.260071127052546,-0.07607112705254604
2.699,2.431308753319855,0.2676912466801449
2.188,2.33416557094034,-0.14616557094033977
2.25,2.1574745211625697,0.09252547883743034
2.5,1.936908888340952,0.563091111659048
1.714,1.6788819008948166,0.035118099105183376
1.938,1.5001143265710732,0.4378856734289267
1.25,1.8348156606048422,-0.5848156606048422
0.975,1.759539607607973,-0.784539607607973
1.25,2.140143080624435,-0.8901430806244348
1.388,1.9823012630602102,-0.5943012630602102
1.167,1.9355922972140363,-0.7685922972140362
1.518,1.6187510338184936,-0.1007510338184936
1.27,1.8903718195227461,-0.6203718195227461
1.286,1.8643404665125227,-0.5783404665125227
1.406,1.9131785860791994,-0.5071785860791995
1.827,2.1141783095178215,-0.28717830951782153
1.469,1.9876113363025485,-0.5186113363025484
1.228,2.204675707596841,-0.9766757075968411
1.693,2.061380385726164,-0.36838038572616405
1.266,1.7542295353204755,-0.4882295353204755
1.279,1.788193748472725,-0.5091937484727251
1.235,1.9768804745360926,-0.7418804745360925
1.119,1.9728217671720727,-0.8538217671720727
1.128,1.7636756864978969,-0.635675686497897
1.079,2.15203709741177,-1.0730370974117702
1.375,1.5749224579767716,-0.19992245797677155
1.055,1.8538383952948199,-0.7988383952948199
0.955,1.9576156212741482,-1.0026156212741482
1.161,2.4594917441722917,-1.2984917441722916
1.122,1.813564410957652,-0.691564410957652
0.75,1.8004378781384505,-1.0504378781384505
1.125,1.5836693279680296,-0.4586693279680296
1.25,2.559144859014568,-1.3091448590145678
1.15,1.534765924453092,-0.3847659244530921
0.95,1.7391516619849865,-0.7891516619849865
0.964,2.135429911661803,-1.1714299116618032
0.72,2.1286698327555453,-1.4086698327555454
0.713,2.2275395544050025,-1.5145395544050024
0.808,2.258575024360877,-1.4505750243608768
1.288,1.63552599552542,-0.34752599552541996
1.125,1.8298471125509423,-0.7048471125509423
1.194,1.6090267865152559,-0.41502678651525593
1.181,1.714575160653176,-0.533575160653176
1.225,1.7817424365454282,-0.5567424365454281
1.063,1.7560086651346403,-0.6930086651346403
1.325,1.7397712019227525,-0.4147712019227525
1.227,1.4249562979860926,-0.1979562979860925
1.133,1.345989567985173,-0.212989567985173
1.095,2.3340455325963543,-1.2390455325963543
1.647,2.5304586395559663,-0.8834586395559663
1.25,2.273379770891096,-1.023379770891096
1.247,2.0177702466858722,-0.7707702466858721
1.367,2.0038938147505743,-0.6368938147505743
1.417,2.001177934779574,-0.5841779347795739
1.5,1.9260913000155666,-0.4260913000155666
1.388,2.070418364586342,-0.6824183645863422
1.392,1.9855042914455534,-0.5935042914455535
1.438,2.006852151275693,-0.5688521512756932
1.565,2.160545002520346,-0.5955450025203461
1.51,2.091149604050517,-0.5811496040505169
2.73,2.775424655712569,-0.04542465571256882
2.171,2.877534599641875,-0.7065345996418753
1.871,2.3444485488040154,-0.47344854880401543
2.396,2.8580892995478377,-0.46208929954783784
2.297,2.5776969116129917,-0.2806969116129916
2.573,2.676194574854397,-0.1031945748543972
2.469,2.5498002912931343,-0.08080029129313449
1.799,2.112579051073567,-0.313579051073567
1.696,2.639554908933662,-0.9435549089336621
2.033,2.436246172674763,-0.40324617267476315
2.634,2.38546012859486,0.2485398714051401
2.318,2.6724970199317486,-0.35449701993174854
1.405,1.9860976713985723,-0.5810976713985723
1.26,1.8199103788044741,-0.5599103788044741
1.22,1.9930908538580623,-0.7730908538580623
1.347,2.0167508670411425,-0.6697508670411425
1.394,1.9466808725370943,-0.5526808725370944
1.154,2.113255694745939,-0.9592556947459392
1.373,2.0100622141631743,-0.6370622141631743
1.37,1.650973000390127,-0.28097300039012696
1.426,2.0060753758940786,-0.5800753758940786
1.375,2.2725157016519155,-0.8975157016519155
1.117,1.9117506597170417,-0.7947506597170417
1.268,1.6630465904592702,-0.39504659045927015
1.113,2.089200236455778,-0.976200236455778
1.148,1.9866196046421525,-0.8386196046421526
1.023,1.7108327984495808,-0.6878327984495809
1.319,1.856884419922448,-0.537884419922448
1.191,2.1071699275042346,-0.9161699275042345
0.806,1.657226084233331,-0.851226084233331
0.806,2.86431100609951,-2.05831100609951
0.888,2.0183032564657024,-1.1303032564657025
1.024,1.9089030805213951,-0.8849030805213951
0.987,1.990758937667421,-1.003758937667421
1.0,1.9948510063118523,-0.9948510063118523
0.923,1.648459913554309,-0.7254599135543089
0.948,1.7547895140824306,-0.8067895140824306
1.02,1.8101370140087587,-0.7901370140087587
1.584,2.351051485616149,-0.767051485616149
1.216,2.1368458991370396,-0.9208458991370396
1.291,1.96130081392511,-0.6703008139251101
1.214,2.025983998774263,-0.811983998774263
1.028,1.8582704459596653,-0.8302704459596653
1.6,2.0034870534814146,-0.40348705348141456
1.439,2.2888946249690605,-0.8498946249690604
1.512,2.3363714147321257,-0.8243714147321257
1.644,2.5930326550137655,-0.9490326550137655
1.565,2.171595990631067,-0.606595990631067
2.25,2.285888483930566,-0.035888483930566206
1.742,2.9958279217624506,-1.2538279217624506
1.669,2.3895161060675827,-0.7205161060675827
1.635,2.728936201637249,-1.0939362016372491
2.53,2.8336021438827173,-0.30360214388271745
2.407,3.688579399826806,-1.2815793998268061
2.081,2.450279762944332,-0.36927976294433185
1.981,2.048339383233973,-0.06733938323397282
1.728,2.0407420805367904,-0.3127420805367904
3.367,2.904996970247027,0.46200302975297314
3.182,3.175171341053088,0.006828658946911759
2.858,3.2750197548095703,-0.4170197548095702
2.93,3.3288651561550937,-0.39886515615509355
3.71,2.9794971159158714,0.7305028840841286
1.573,2.2357303449493817,-0.6627303449493818
1.353,1.9289589079204206,-0.5759589079204206
1.367,2.288694928512774,-0.9216949285127738
1.607,2.2404242065498456,-0.6334242065498457
1.406,2.4695712487459605,-1.0635712487459605
1.44,2.6319823200870633,-1.1919823200870634
1.619,2.590857795784461,-0.9718577957844612
1.563,2.8630913305950356,-1.3000913305950357
1.76,2.214531725630142,-0.45453172563014177
1.458,2.1062705613530195,-0.6482705613530195
1.419,2.2140035876755833,-0.7950035876755832
0.907,1.5074560924493345,-0.6004560924493345
0.906,1.6351781259240095,-0.7291781259240094
1.079,1.7200652850190719,-0.6410652850190719
1.07,1.766724713056714,-0.696724713056714
0.982,1.8291075123091085,-0.8471075123091085
0.895,1.7095439781049313,-0.8145439781049313
0.938,2.616350754609633,-1.6783507546096332
0.967,1.5855159944854673,-0.6185159944854673
0.975,1.733556342931823,-0.7585563429318231
0.973,1.988602303746211,-1.0156023037462112
0.912,1.580920593079659,-0.668920593079659
0.914,1.5658535391675352,-0.6518535391675352
0.962,1.8082017402720316,-0.8462017402720317
1.201,2.299263618345977,-1.0982636183459769
1.0,1.7329664318187419,-0.7329664318187419
0.947,1.8947505934273845,-0.9477505934273845
0.857,1.609565973384572,-0.752565973384572
0.893,1.7449533553853596,-0.8519533553853595
1.014,1.9889915670726905,-0.9749915670726905
0.725,1.3606456645617957,-0.6356456645617957
0.741,1.6923746135124094,-0.9513746135124094
0.7,1.4150845300283754,-0.7150845300283755
0.846,1.4735549441857598,-0.6275549441857599
0.818,1.1431481923535336,-0.32514819235353365
0.814,1.2308664169235355,-0.41686641692353554
0.818,1.0343731542125436,-0.21637315421254366
0.858,1.4965539166712598,-0.6385539166712598
0.871,1.3769893224241194,-0.5059893224241194
0.835,1.9895676583337296,-1.1545676583337297
0.797,1.79474981579418,-0.9977498157941799
0.834,1.8648524096058985,-1.0308524096058984
0.847,1.2999753227682072,-0.4529753227682072
0.8,2.109064835311155,-1.309064835311155
0.764,1.8812415584593891,-1.117241558459389
0.797,1.7060030076671155,-0.9090030076671155
0.824,1.8572552608570898,-1.0332552608570897
0.977,1.9341660498129245,-0.9571660498129245
0.972,1.8824931796794897,-0.9104931796794897
1.016,1.922570020823196,-0.9065700208231959
0.865,1.814520650854785,-0.9495206508547851
0.905,1.6189189139716378,-0.7139189139716378
1.076,2.1423205705932817,-1.0663205705932817
0.842,1.8408588459205855,-0.9988588459205855
0.889,1.717005540235068,-0.8280055402350679
0.807,2.5898567702420023,-1.7828567702420024
0.871,1.4437416896097204,-0.5727416896097204
0.851,1.5740448876308781,-0.7230448876308782
0.82,1.838133644573554,-1.0181336445735543
0.828,1.7346961175220947,-0.9066961175220948
0.846,1.721063085225428,-0.8750630852254281
0.821,1.4669072812967376,-0.6459072812967377
0.893,1.8591109457785864,-0.9661109457785864
0.983,1.6124625213321888,-0.6294625213321888
0.923,1.8750787370373327,-0.9520787370373327
0.888,1.770627974072419,-0.8826279740724189
0.9,1.4872007827720002,-0.5872007827720002
0.955,1.9094331306029408,-0.9544331306029409
0.917,1.544647975671969,-0.6276479756719691
1.004,2.203043612801004,-1.1990436128010038
0.948,1.5197826154549778,-0.5717826154549779
1.643,2.694611363875938,-1.051611363875938
1.555,1.7654586844812998,-0.2104586844812999
1.969,3.1909022712676514,-1.2219022712676513
2.791,2.551098513414453,0.2399014865855471
2.528,2.8986973217617784,-0.3706973217617784
2.754,2.7298571140230816,0.024142885976918382
2.5,3.388462522141404,-0.888462522141404
3.298,3.7020467169667395,-0.40404671696673944
1.955,2.255541338203498,-0.30054133820349804
2.559,3.4367448570273673,-0.8777448570273672
3.111,2.473373927996252,0.6376260720037483
3.3,2.649637204841275,0.650362795158725
2.489,2.7149336292337996,-0.22593362923379967
1.429,1.9423296090360396,-0.5133296090360395
1.263,2.329507121669157,-1.066507121669157
1.358,2.1874614635055667,-0.8294614635055666
1.306,2.100734629387003,-0.794734629387003
1.079,1.8133561858499117,-0.7343561858499117
1.111,1.8887197208232709,-0.7777197208232709
1.22,2.2625484410420507,-1.0425484410420507
1.18,2.2585004313659582,-1.0785004313659583
0.952,1.6123390719699962,-0.6603390719699962
0.943,2.3530206292555373,-1.4100206292555373
0.925,1.7279894220755818,-0.8029894220755818
0.918,1.805062340304467,-0.887062340304467
1.094,2.4926347723328,-1.3986347723328
1.295,2.21107003362296,-0.9160700336229599
1.434,2.6121169362312084,-1.1781169362312085
0.982,2.1472325646210626,-1.1652325646210626
1.031,1.6926830196352438,-0.6616830196352439
2.768,2.2004851302959554,0.5675148697040444
2.709,3.02974061182838,-0.32074061182837976
2.462,2.3084671671732497,0.15353283282675045
2.242,2.2964080534096745,-0.05440805340967447
2.291,2.254535378219815,0.036464621780184725
2.116,2.138897570131397,-0.022897570131396705
2.561,2.562515152862839,-0.0015151528628392086
2.063,2.1512036677763353,-0.08820366777633515
2.213,2.676936528517248,-0.4639365285172481
2.074,2.7758773368884873,-0.7018773368884874
3.5,1.6380653218734378,1.8619346781265622
2.182,2.2541418772158193,-0.07214187721581933
2.167,2.554285370706292,-0.3872853707062922
2.706,3.0187944377249596,-0.31279443772495963
2.614,2.969458755020244,-0.35545875502024415
2.613,2.6195249223813883,-0.006524922381388354
2.322,3.006622862796509,-0.684622862796509
3.754,3.056596091121311,0.6974039088786892
3.573,4.043261073180527,-0.4702610731805268
3.744,3.9999609483118146,-0.2559609483118144
3.588,3.2296912751851314,0.35830872481486864
4.175,3.550096559426339,0.6249034405736609
4.305,4.3205590752158445,-0.015559075215844764
3.629,3.714962746716206,-0.08596274671620607
3.97,4.88331924492647,-0.9133192449264702
3.468,2.7514180631604086,0.7165819368395914
3.271,3.10188310780607,0.1691168921939301
2.901,2.7496438993515078,0.15135610064849203
2.92,3.0388354106956674,-0.1188354106956675
2.709,2.556113567698166,0.15288643230183396
3.711,3.7388418197326097,-0.027841819732609796
3.356,2.9722751579009676,0.38372484209903224
3.713,3.9096750468924366,-0.19667504689243653
3.44,3.3094166683265502,0.1305833316734497
3.422,3.457826695067106,-0.035826695067105785
3.709,3.5037444551546852,0.20525554484531483
3.5,3.78231064105756,-0.2823106410575602
3.686,3.5056341874008794,0.18036581259912055
3.918,3.4152802702560114,0.5027197297439887
4.153,3.292959437539245,0.8600405624607546
2.849,2.6669847714219,0.18201522857810026
2.875,2.446587170073106,0.4284128299268941
2.729,2.2018551580344523,0.5271448419655478
2.596,2.62354377927074,-0.027543779270740032
2.545,2.5454187993154043,-0.000418799315404339
2.356,2.4808616459385684,-0.12486164593856852
2.184,2.521057364822334,-0.33705736482233384
2.292,2.1636143933846865,0.12838560661531329
1.921,2.1567556182844556,-0.23575561828445557
1.793,2.471720891330653,-0.6787208913306533
1.875,1.6173505629191536,0.2576494370808464
1.388,1.6532103178738344,-0.26521031787383453
1.5,1.497944801784107,0.0020551982158929505
1.406,2.1328515988257375,-0.7268515988257376
1.2,2.092767902538866,-0.8927679025388662
1.448,2.112985537119743,-0.6649855371197431
1.448,1.904638086316027,-0.4566380863160271
2.455,2.2315968542934863,0.22340314570651376
2.0,2.4191261225250513,-0.4191261225250513
1.737,1.8127968342880336,-0.07579683428803352
1.856,2.153535780332192,-0.29753578033219186
1.826,2.56898274561928,-0.7429827456192801
2.279,2.1799339244927056,0.0990660755072943
2.207,1.9520579169106282,0.2549420830893716
2.12,2.1363106441817457,-0.01631064418174555
2.714,2.004050271130929,0.7099497288690708
2.688,1.5755896569719017,1.1124103430280985
2.778,1.9225036899277392,0.8554963100722608
3.325,2.737637373396827,0.5873626266031731
3.389,2.219515597640366,1.1694844023596338
2.875,1.7889873519400252,1.0860126480599748
3.846,3.0250345414204958,0.8209654585795043
3.714,1.9707211310713855,1.7432788689286145
3.5,1.454456714371106,2.045543285628894
5.00001,1.5453369465914837,3.454673053408516
1.75,1.6301979094399632,0.11980209056003677
2.417,1.586155850965809,0.8308441490341909
2.167,1.6801620462372027,0.48683795376279715
2.113,2.2067636287179724,-0.09376362871797239
2.102,2.075312086592535,0.02668791340746468
1.964,2.5389662618818085,-0.5749662618818085
1.917,2.366823987863537,-0.44982398786353683
1.823,1.9209287271104265,-0.09792872711042655
1.75,2.050710819452413,-0.30071081945241307
1.659,1.9912858326628684,-0.3322858326628684
1.569,1.814159406282223,-0.2451594062822231
1.643,2.1200788182681496,-0.4770788182681496
1.5,1.9929652069366188,-0.4929652069366188
1.505,1.7736878919941332,-0.26868789199413334
1.699,1.7246468847991623,-0.025646884799162217
1.474,1.7436669636692257,-0.2696669636692257
1.527,1.9184778628762755,-0.3914778628762756
1.827,1.9411277883617408,-0.11412778836174087
1.793,2.3515312337956473,-0.5585312337956474
1.577,2.0280485140283884,-0.4510485140283884
1.531,1.81733659271854,-0.2863365927185402
2.5,2.1549984283632715,0.3450015716367285
2.063,2.262851863611025,-0.1998518636110247
2.188,2.026199930919065,0.16180006908093514
1.982,1.7535291588219382,0.22847084117806182
2.536,1.5808342045779846,0.9551657954220154
2.574,2.179966087219879,0.3940339127801207
2.895,2.101871846406286,0.793128153593714
2.417,2.335805119321149,0.08119488067885072
4.896,2.2105542326963725,2.6854457673036274
4.462,3.673396433448874,0.7886035665511257
4.563,2.982300589993554,1.5806994100064458
3.368,1.735590045647887,1.632409954352113
5.00001,3.9722081989924463,1.0278018010075534
5.00001,4.6144592847735675,0.38555071522643214
3.769,3.041094044931239,0.7279059550687612
3.096,2.278412987224373,0.8175870127756273
1.823,2.087327889391256,-0.26432788939125595
1.727,1.758870501282941,-0.031870501282941
1.508,1.7499561492802092,-0.24195614928020914
1.536,1.5814991537561696,-0.04549915375616953
1.063,1.9477698343974312,-0.8847698343974313
1.423,1.4296370133324765,-0.00663701333247646
1.194,2.2049884413167593,-1.0109884413167594
1.479,1.4897745158563656,-0.010774515856365463
1.329,1.8667164913828378,-0.5377164913828378
1.325,1.7020655868204804,-0.3770655868204804
1.269,2.156731369793693,-0.8877313697936933
1.438,2.490669997241946,-1.052669997241946
5.00001,3.935584855170033,1.0644251448299666
5.00001,5.550414195278738,-0.5504041952787384
5.00001,6.192768103915101,-1.192758103915101
5.00001,5.726444246401632,-0.7264342464016327
4.661,4.064906233270443,0.5960937667295569
5.00001,5.803052201010681,-0.8030422010106815
4.578,3.1558898061602103,1.42211019383979
4.716,4.061602175309192,0.6543978246908084
5.00001,4.296992798710157,0.7030172012898426
3.986,3.285819683299505,0.7001803167004952
3.407,3.2741574321433586,0.1328425678566414
2.899,3.0262557893636033,-0.12725578936360327
3.353,2.688972160301974,0.6640278396980261
3.33,2.8839178408496786,0.44608215915032146
2.41,2.0188076912044846,0.3911923087955156
1.896,2.3892782510372537,-0.49327825103725376
2.063,2.503707860994374,-0.44070786099437376
2.157,2.1988071124380193,-0.04180711243801927
2.102,2.2739418508601648,-0.1719418508601649
2.088,2.40897223016096,-0.3209722301609599
1.979,2.6825807276241442,-0.7035807276241441
2.013,2.376123198799892,-0.36312319879989197
1.908,2.214712701172661,-0.3067127011726609
2.079,2.028320024043367,0.05067997595663298
2.153,2.5423909531894706,-0.3893909531894706
2.129,2.557995545609718,-0.42899554560971787
2.927,2.9412818878328517,-0.01428188783285167
2.75,1.7676531948856968,0.9823468051143032
2.0,1.8600347916617739,0.13996520833822612
1.734,1.9176727763653163,-0.18367277636531631
1.022,1.7290114393111107,-0.7070114393111107
2.208,2.272318442940045,-0.06431844294004474
2.428,2.427185524963849,0.0008144750361509523
2.654,2.978828410262496,-0.3248284102624961
2.19,1.9470039400894712,0.24299605991052875
2.821,2.2001980209662406,0.6208019790337596
3.72,3.186909423841313,0.533090576158687
2.258,2.7288683867975227,-0.47086838679752274
2.208,2.2147416121253043,-0.006741612125304108
2.345,2.4052402128661177,-0.06024021286611747
2.542,2.3153884636574897,0.22661153634251008
3.518,2.9537688915718894,0.5642311084281104
2.75,2.7608012978505414,-0.010801297850541403
4.054,2.089754624334058,1.9642453756659424
2.281,2.2015486190835207,0.07945138091647941
2.34,2.235849531511153,0.10415046848884701
1.625,2.001399187439689,-0.3763991874396888
2.434,2.1922182932714436,0.2417817067285566
2.738,3.0144544191216376,-0.2764544191216376
2.485,2.589823320238139,-0.10482332023813923
2.44,2.39700361130842,0.042996388691579845
2.409,2.153356842357724,0.25564315764227574
3.063,3.153008346732716,-0.09000834673271596
2.4,2.5328388755514184,-0.1328388755514185
2.471,2.872570334692389,-0.4015703346923889
2.866,2.701239702800586,0.1647602971994142
2.667,2.2576010935832187,0.4093989064167811
2.298,2.4758032769529814,-0.17780327695298137
2.293,2.7669677926405356,-0.47396779264053546
2.284,2.470169343542758,-0.18616934354275827
2.062,2.5236046997821915,-0.46160469978219165
3.507,3.5609589897695524,-0.05395898976955227
2.31,2.1942911675308836,0.11570883246911645
2.529,2.4765573067490028,0.05244269325099715
3.539,2.3166044403211807,1.2223955596788194
2.917,2.7355522789580577,0.18144772104194207
1.0,2.2032962997143897,-1.2032962997143897
3.416,3.3247450995835846,0.09125490041641537
4.125,3.142309659759311,0.9826903402406888
2.486,2.531041567847326,-0.045041567847325936
2.549,2.893398536262646,-0.34439853626264627
2.415,2.7121159231819725,-0.29711592318197244
2.952,2.7557222416680665,0.1962777583319335
3.404,3.051569433271662,0.35243056672833806
2.747,2.8752249026322523,-0.1282249026322524
2.386,2.8860958250146176,-0.5000958250146175
2.664,2.685187421410152,-0.021187421410151952
3.302,2.9167775719965103,0.3852224280034897
2.068,2.632611978460022,-0.5646119784600221
2.092,2.5015752378196576,-0.40957523781965754
1.958,2.2472639049209695,-0.28926390492096954
2.535,2.7481731801778837,-0.21317318017788356
2.418,2.3866402074340494,0.031359792565950784
2.525,2.704805920161227,-0.1798059201612272
2.639,3.061551226209253,-0.422551226209253
2.27,2.806775632836105,-0.5367756328361049
2.209,2.7016789096550244,-0.49267890965502437
2.593,2.790960032339849,-0.19796003233984916
2.325,2.4568463144724233,-0.13184631447242312
2.316,2.5461464622835432,-0.2301464622835434
2.094,2.159649936995473,-0.06564993699547328
2.232,1.971939472211429,0.26006052778857125
2.099,2.1405284419241113,-0.04152844192411109
2.082,2.0515392075317163,0.030460792468283593
2.038,1.864190649386741,0.17380935061325875
1.957,2.1417293197086256,-0.1847293197086255
1.905,2.0057485627836273,-0.10074856278362732
1.81,2.002945735864458,-0.19294573586445773
1.849,2.1726192218822593,-0.32361922188225933
1.908,1.8083772577511863,0.09962274224881362
2.422,2.0682771809499028,0.3537228190500974
1.883,2.5823096815383058,-0.6993096815383057
1.835,2.4791506413125735,-0.6441506413125735
2.042,2.561748188029925,-0.5197481880299253
2.519,2.6589689795402545,-0.13996897954025433
1.875,1.7971931816365987,0.07780681836340131
1.982,2.579885486545769,-0.597885486545769
2.19,2.412958057096321,-0.22295805709632122
2.75,2.6748364730132526,0.07516352698674744
2.454,2.0560766032631554,0.39792339673684474
1.775,2.2513206577715206,-0.47632065777152066
1.716,2.1397114410162876,-0.42371144101628766
1.833,2.416209203970459,-0.5832092039704591
1.75,1.9066919268144602,-0.1566919268144602
1.567,2.459524427508423,-0.892524427508423
1.575,2.2662849162915606,-0.6912849162915606
1.798,2.1881157213244213,-0.3901157213244213
2.055,2.4647122483488104,-0.40971224834881026
1.789,2.21564713425043,-0.4266471342504301
2.625,3.1136581984097997,-0.48865819840979974
1.65,2.255482374663506,-0.6054823746635063
1.597,2.339223756856607,-0.7422237568566072
1.583,2.113906907995942,-0.5309069079959421
1.448,2.0571762638279587,-0.6091762638279588
1.663,2.544139333487442,-0.881139333487442
1.91,2.5546889677028064,-0.6446889677028065
1.75,2.193273048982732,-0.4432730489827321
1.375,2.096345194395571,-0.7213451943955711
1.417,1.6953912273996035,-0.2783912273996034
2.109,1.9703366142061771,0.13866338579382287
1.983,2.278008707861759,-0.2950087078617587
1.574,1.9647419229652177,-0.3907419229652176
2.647,2.862590660277072,-0.2155906602770723
2.184,2.11712062163216,0.0668793783678403
2.351,2.314113940428905,0.03688605957109514
3.418,3.3923607150668578,0.02563928493314238
3.673,3.7862934327307096,-0.11329343273070958
2.435,2.259398652643393,0.17560134735660693
1.679,2.4038955838465874,-0.7248955838465874
3.712,3.168384454040392,0.5436155459596081
2.189,2.13745072512725,0.05154927487274996
2.027,2.0077158283198093,0.01928417168019081
1.862,2.279866232743516,-0.4178662327435161
1.889,2.1310188219153416,-0.24201882191534163
1.8,2.351353067964769,-0.5513530679647689
2.027,2.0524282377991665,-0.025428237799166364
1.817,1.9115980496527225,-0.09459804965272256
1.668,2.228534239497441,-0.5605342394974409
1.837,2.202624888653623,-0.36562488865362286
2.18,2.2232532154578655,-0.04325321545786531
1.915,2.37077013180018,-0.4557701318001799
1.947,2.131022778170323,-0.18402277817032298
1.872,2.4933304946418344,-0.6213304946418343
2.231,1.8102432087320162,0.4207567912679837
2.713,2.25112027385046,0.4618797261495402
1.941,2.3543587516234217,-0.4133587516234216
1.904,2.7944263600033215,-0.8904263600033215
1.891,2.6637811520678927,-0.7727811520678927
1.846,2.2389497882135325,-0.39294978821353244
1.973,2.3661227723499474,-0.3931227723499473
1.926,2.1071204950030986,-0.18112049500309868
1.922,2.3303805156677972,-0.4083805156677973
1.946,1.9621266811584532,-0.016126681158453282
1.935,2.5540075478280047,-0.6190075478280046
2.026,2.348668681559093,-0.32266868155909334
0.833,1.571483618961527,-0.7384836189615271
2.126,2.5785278378192675,-0.45252783781926764
1.878,2.799524663711118,-0.9215246637111181
2.057,2.5774061972285813,-0.5204061972285814
1.929,2.368687402352258,-0.4396874023522581
2.052,2.500782193134268,-0.44878219313426815
2.134,2.512397651729929,-0.37839765172992923
1.836,2.9067964618731734,-1.0707964618731733
1.784,2.103625547974009,-0.3196255479740089
2.192,2.1434480717317346,0.0485519282682656
1.831,1.9434575077078229,-0.11245750770782292
1.571,2.068788870563689,-0.49778887056368926
1.578,2.1750700249193846,-0.5970700249193845
1.617,2.055543803158894,-0.4385438031588942
1.521,2.1076923864080417,-0.5866923864080418
1.449,1.9541965002489863,-0.5051965002489862
1.799,1.9337262893017386,-0.1347262893017387
1.791,2.421202748037543,-0.6302027480375432
1.599,1.7732044121307964,-0.1742044121307964
1.614,1.6429124563281607,-0.02891245632816064
1.704,1.6821776075190202,0.021822392480979724
1.375,1.7568751405839618,-0.38187514058396177
1.784,2.3986303579512622,-0.6146303579512622
1.552,1.9813080386108664,-0.4293080386108663
1.609,2.269787136002393,-0.6607871360023929
1.673,1.6280878297729426,0.0449121702270574
3.4,3.0470221518336844,0.3529778481663155
4.31,3.0585517710029797,1.25144822899702
3.011,2.1749462751349746,0.8360537248650255
2.419,2.555004503445133,-0.13600450344513293
1.625,1.9470602938671084,-0.32206029386710844
2.992,2.65786983923629,0.33413016076370994
3.155,2.996910902578768,0.1580890974212319
2.168,2.677771034458494,-0.509771034458494
2.181,2.1522886225579962,0.028711377442003805
1.703,2.0645381602740085,-0.3615381602740084
2.75,2.3503002864749725,0.39969971352502753
1.841,1.8832336628206614,-0.04223366282066143
1.6,1.2852311585911775,0.31476884140882255
1.75,1.9014288751450303,-0.15142887514503034
1.975,2.3945527529952964,-0.41955275299529626
1.5,2.215245308743466,-0.7152453087434658
2.056,1.7229724016596752,0.3330275983403248
1.703,2.061120433504609,-0.35812043350460887
1.909,1.9752637505697095,-0.06626375056970946
1.969,2.2946036127197242,-0.32560361271972416
1.74,1.8967956067085028,-0.1567956067085028
1.702,1.9126918678551514,-0.21069186785515148
1.809,2.1221856287536007,-0.3131856287536008
1.505,2.03880590351776,-0.5338059035177602
1.671,2.0660777970480155,-0.3950777970480155
1.489,2.077874675541643,-0.588874675541643
1.964,2.509780560221386,-0.5457805602213859
1.911,2.3336124997440044,-0.4226124997440044
1.875,2.2974010962638673,-0.42240109626386735
1.806,2.238368933580191,-0.4323689335801908
1.828,2.4879248410915773,-0.6599248410915772
1.793,2.549735966948206,-0.7567359669482061
1.794,2.3338882677048294,-0.5398882677048293
2.103,2.459824916520857,-0.356824916520857
1.923,2.450665844238416,-0.5276658442384159
1.981,2.9919076134207105,-1.0109076134207104
1.962,2.3666366292467553,-0.40463662924675536
1.816,2.0089710660218523,-0.1929710660218522
1.869,2.698417374759795,-0.8294173747597948
1.883,2.7036192399653523,-0.8206192399653522
1.84,2.361471940560565,-0.5214719405605648
1.847,2.3674736502731464,-0.5204736502731464
1.799,2.153517471794128,-0.3545174717941282
1.672,2.1572333085591615,-0.4852333085591616
1.654,2.148663589109865,-0.49466358910986497
1.54,1.977242812087757,-0.43724281208775695
1.535,2.1571822202068924,-0.6221822202068925
1.354,2.3355024834097287,-0.9815024834097286
1.583,1.7220735943096712,-0.13907359430967126
2.407,3.1375581960584453,-0.7305581960584453
1.807,2.4287328783436553,-0.6217328783436553
2.306,2.0242297777607168,0.2817702222392833
2.108,2.1557302574622015,-0.047730257462201386
1.653,2.361403943095027,-0.7084039430950271
2.542,3.0351628685420406,-0.49316286854204083
3.326,3.2250891919202913,0.10091080807970876
3.5,3.1032753207302997,0.39672467926970034
1.612,1.9038762156250995,-0.29187621562509936
1.793,2.308977243213851,-0.515977243213851
1.543,1.8593822727384384,-0.31638227273843844
1.618,2.0364839515944926,-0.4184839515944925
1.619,1.8896755043057487,-0.2706755043057487
1.654,2.3212728061822006,-0.6672728061822006
1.666,1.655777795009465,0.010222204990534944
1.497,2.3389295232439484,-0.8419295232439483
1.621,2.374488631984862,-0.7534886319848622
1.526,2.072261766978471,-0.5462617669784711
1.952,2.007083568286234,-0.05508356828623384
1.906,2.493263679711291,-0.5872636797112911
1.938,2.6309140726084363,-0.6929140726084364
2.006,2.6341473527197863,-0.6281473527197865
1.5,2.136042751434768,-0.636042751434768
1.853,2.4583088292715423,-0.6053088292715423
1.727,2.429788819315843,-0.7027888193158429
1.741,2.0920362797420644,-0.3510362797420643
1.944,2.5476525659440914,-0.6036525659440914
2.067,2.5746473293332963,-0.5076473293332961
2.045,2.5263888504411405,-0.48138885044114055
1.75,2.6163793753673277,-0.8663793753673277
1.375,1.5287464444256544,-0.15374644442565444
1.872,2.185435455958806,-0.31343545595880573
1.736,2.643397207390691,-0.9073972073906911
1.63,2.4086181640619415,-0.7786181640619416
3.316,2.0038798533820428,1.312120146617957
1.976,2.89095006217753,-0.9149500621775299
1.979,2.1368913117637964,-0.15789131176379634
2.281,2.5760545842147486,-0.2950545842147485
1.895,2.2698638790376156,-0.37486387903761553
1.842,2.290638241748514,-0.44863824174851397
1.809,2.2848027604017607,-0.4758027604017607
1.72,2.2865614988482874,-0.5665614988482874
1.779,3.111893856416605,-1.332893856416605
1.731,2.354823484931835,-0.6238234849318347
1.726,2.9320369091316514,-1.2060369091316514
1.821,2.178661778923341,-0.35766177892334095
1.795,2.011862397462975,-0.21686239746297487
1.76,2.3224493231032546,-0.5624493231032546
1.926,2.4562253888848424,-0.5302253888848425
1.827,2.298990832414768,-0.47199083241476814
1.349,1.7499216895368703,-0.40092168953687035
1.576,1.8059275051519008,-0.22992750515190075
1.909,2.5928896879495933,-0.6838896879495933
1.582,2.523235451176977,-0.9412354511769767
3.5,2.2283719615349753,1.2716280384650247
1.582,2.3717826137622406,-0.7897826137622406
1.461,2.3762486264271185,-0.9152486264271185
2.267,2.0003018518684983,0.2666981481315016
1.987,2.618012479356402,-0.6310124793564018
2.212,2.437946919070891,-0.22594691907089093
2.085,3.3528595469924554,-1.2678595469924554
2.042,2.262708691117897,-0.22070869111789726
1.932,2.1047693924471673,-0.17276939244716738
2.095,2.311347685664647,-0.21634768566464668
1.649,2.2695392577809907,-0.6205392577809907
1.614,2.398974874754654,-0.7849748747546539
1.87,2.459857498937856,-0.5898574989378558
1.904,2.529575637720027,-0.625575637720027
1.566,2.290264136666279,-0.7242641366662788
1.573,1.697956942168314,-0.1249569421683141
1.681,2.290773165227386,-0.6097731652273861
1.776,2.569661593052871,-0.7936615930528708
2.089,2.1461469596658063,-0.057146959665806296
1.692,1.9726608295228263,-0.28066082952282634
1.639,1.784375083845572,-0.14537508384557207
1.647,2.361890553719561,-0.7148905537195611
1.569,2.473413562885785,-0.904413562885785
1.688,2.9502018134256685,-1.2622018134256685
1.741,2.6728307802309863,-0.9318307802309862
2.065,2.9657767618617012,-0.9007767618617013
2.039,2.2546818944660245,-0.21568189446602437
2.17,2.4033168247207386,-0.23331682472073867
1.596,2.3077964754796203,-0.7117964754796202
1.598,1.9044534154096833,-0.3064534154096832
1.543,2.1859992843247382,-0.6429992843247383
1.496,2.0916611508790077,-0.5956611508790077
1.886,2.877331561252796,-0.9913315612527962
2.385,2.3947240328108093,-0.009724032810809469
2.353,2.457557254987575,-0.10455725498757484
2.614,2.5562276912377784,0.0577723087622215
2.344,2.9292660050258412,-0.5852660050258414
2.317,2.7051683653474354,-0.38816836534743526
1.563,2.360894888262825,-0.7978948882628252
2.22,2.622105352561741,-0.40210535256174085
2.544,2.78485810966255,-0.24085810966254995
2.443,3.187562301198571,-0.7445623011985711
2.47,2.980492987560956,-0.5104929875609558
2.365,3.0039519146704303,-0.6389519146704301
1.514,2.5029445646291784,-0.9889445646291783
2.137,2.720214457191835,-0.583214457191835
2.436,2.7289492124066377,-0.29294921240663774
2.125,2.127422559811642,-0.0024225598116420777
2.147,2.505123760990135,-0.3581237609901353
2.132,2.2903702952510767,-0.1583702952510766
2.56,2.544619579200808,0.015380420799191885
2.375,2.1767539003136056,0.1982460996863944
1.781,2.0582699506827846,-0.2772699506827847
2.318,2.89018212990414,-0.5721821299041401
1.479,2.1000273940292433,-0.6210273940292432
1.917,2.2158269014568046,-0.2988269014568046
2.476,2.4707459539177474,0.00525404608225255
2.835,2.840907328671485,-0.005907328671485246
2.169,2.2358273470184673,-0.06682734701846726
2.825,3.218482082829822,-0.3934820828298218
2.956,2.7972742497125735,0.15872575028742641
2.818,2.9477330771320207,-0.12973307713202065
2.698,2.8553154444643587,-0.15731544446435874
2.312,2.7224666674035634,-0.4104666674035635
3.183,3.1627050845148217,0.020294915485178144
2.534,2.863526524113725,-0.3295265241137253
2.782,2.973351541295938,-0.1913515412959379
3.0,2.152541456575249,0.847458543424751
2.735,3.0614036202691475,-0.3264036202691476
2.234,2.4586310267445817,-0.22463102674458169
2.145,3.056643987375959,-0.911643987375959
2.202,2.7593832417282154,-0.5573832417282154
2.403,2.543911593134564,-0.14091159313456414
1.58,2.4642856474938566,-0.8842856474938565
2.242,2.1677590191931158,0.07424098080688424
1.772,2.676475657686169,-0.904475657686169
2.161,2.204133718586274,-0.04313371858627413
2.697,2.6315545870714727,0.06544541292852735
2.312,2.414679974208076,-0.10267997420807617
1.625,2.347097511890279,-0.7220975118902788
2.54,2.5481067769798313,-0.00810677697983131
1.962,2.5801442306135183,-0.6181442306135183
1.894,1.9905605531977804,-0.09656055319778045
2.208,2.0002744494588938,0.20772555054110642
2.138,1.9732353185201998,0.16476468147980006
4.429,3.8282407020198885,0.6007592979801117
3.334,3.197418688405181,0.1365813115948189
3.524,3.2427544840026354,0.2812455159973646
3.053,3.068258743702003,-0.015258743702002864
2.596,3.028561264950407,-0.4325612649504067
2.489,2.5893047593354956,-0.10030475933549576
3.56,3.393884938297307,0.1661150617026932
2.36,2.298021302009664,0.06197869799033606
2.188,2.456979576433719,-0.26897957643371884
2.28,2.6989103379084725,-0.41891033790847265
2.359,1.8230258914971156,0.5359741085028844
2.032,2.6996933811357193,-0.6676933811357193
1.97,2.6948529113656896,-0.7248529113656896
2.364,2.7958323177180944,-0.4318323177180945
2.232,2.617314600948,-0.38531460094799996
2.227,2.4798064962813333,-0.25280649628133345
2.25,2.8022333034562465,-0.5522333034562465
2.401,2.2402261571318407,0.1607738428681591
2.279,2.8195378134593856,-0.5405378134593857
2.686,2.6273872761508263,0.0586127238491736
2.751,2.810572266210444,-0.05957226621044409
2.563,2.7475038506242586,-0.18450385062425845
3.324,2.430176363764235,0.8938236362357648
2.876,2.6912876713712195,0.1847123286287804
2.989,3.128709752022422,-0.13970975202242197
2.876,2.969810696039583,-0.09381069603958325
2.222,2.6952261646217366,-0.4732261646217366
2.326,2.451392861041111,-0.12539286104111103
2.583,2.7870309920935092,-0.20403099209350906
2.309,2.7565015865001006,-0.4475015865001004
1.969,2.894752552919109,-0.9257525529191091
2.235,2.4515606180218015,-0.2165606180218016
2.239,2.791109216881268,-0.5521092168812682
2.435,2.5672558184816943,-0.1322558184816942
4.511,3.7513453744075056,0.7596546255924945
5.00001,4.272974727067212,0.7270352729327874
1.931,2.71908205730048,-0.7880820573004801
2.644,2.747092420700511,-0.10309242070051106
2.469,3.1108346123096555,-0.6418346123096557
3.373,3.212341466534259,0.1606585334657411
2.848,3.4236582653137853,-0.5756582653137854
2.173,2.657427869116171,-0.48442786911617075
2.917,2.409220774488366,0.507779225511634
2.238,2.678122458058562,-0.44012245805856187
2.231,2.823714380043011,-0.5927143800430112
2.113,2.8087363483784915,-0.6957363483784915
2.185,2.348343395420094,-0.1633433954200938
1.563,2.0074681212912866,-0.44446812129128666
2.482,2.6543959774220576,-0.17239597742205737
1.86,2.7447611658885935,-0.8847611658885934
1.782,2.299807258994384,-0.5178072589943841
1.904,2.3362863156153315,-0.4322863156153316
2.103,2.2408346124495764,-0.13783461244957618
2.08,2.6918117709675564,-0.6118117709675563
1.833,2.078589714504721,-0.24558971450472122
2.457,3.0236104896712273,-0.5666104896712274
2.422,2.897815812281519,-0.4758158122815188
1.817,2.650196939230443,-0.833196939230443
2.994,2.549133235711747,0.44486676428825334
2.195,2.6105175974357278,-0.4155175974357279
2.318,2.799612288166796,-0.4816122881667959
2.213,2.326602424757761,-0.11360242475776072
2.138,2.5065968126465985,-0.3685968126465986
2.06,2.2566825917269813,-0.19668259172698122
2.711,2.4333862998022338,0.2776137001977661
3.365,3.1825028405870457,0.18249715941295452
3.156,2.8310019323490487,0.3249980676509514
5.00001,3.8571560814627963,1.1428539185372033
2.854,3.377104078758222,-0.5231040787582217
3.23,3.089459688981066,0.14054031101893383
2.919,3.3600923927492348,-0.44109239274923473
2.256,2.3438834963710957,-0.08788349637109594
2.596,2.825842507752675,-0.22984250775267512
2.629,2.9108188655819847,-0.28181886558198466
2.573,2.7746385232616424,-0.20163852326164244
2.592,2.9753412378868673,-0.38334123788686725
3.397,2.9799624699990988,0.41703753000090105
3.372,3.3167481481484247,0.05525185185157522
3.341,2.8845976232647237,0.4564023767352765
3.115,3.068855995679116,0.04614400432088406
2.969,3.0406108859911756,-0.07161088599117571
2.479,2.944673123247366,-0.46567312324736587
3.004,3.055739432774443,-0.05173943277444293
3.324,3.268719001771758,0.05528099822824206
3.898,3.285787430064238,0.6122125699357621
2.33,2.000978741085957,0.3290212589140431
2.385,1.7785093793960893,0.6064906206039105
2.333,2.8648512515757236,-0.5318512515757234
2.313,1.3833443867097923,0.9296556132902078
4.758,4.989052340930893,-0.23105234093089333
3.932,3.3056168836903597,0.6263831163096403
2.472,2.6891786640180024,-0.21717866401800245
2.294,2.551400709729947,-0.2574007097299469
2.825,3.0859166769159536,-0.26091667691595344
3.006,2.7104735479991424,0.29552645200085736
2.932,2.208386405666873,0.723613594333127
2.785,2.8421255444401163,-0.057125544440116194
3.529,2.6507965814998493,0.8782034185001506
4.0,5.048076670314401,-1.0480766703144013
3.75,2.484287589237225,1.265712410762775
3.137,3.0168947421384162,0.12010525786158377
1.393,1.9938376589698323,-0.6008376589698323
3.275,3.2713525021836403,0.003647497816359646
4.306,2.8098746582345586,1.4961253417654414
1.25,2.1914223913444344,-0.9414223913444344
4.5,3.0643277709001415,1.4356722290998585
2.002,1.968323901616039,0.033676098383960795
1.924,2.3303021959458867,-0.4063021959458868
4.188,4.280061049154982,-0.09206104915498248
2.168,2.369897898352171,-0.20189789835217065
2.155,2.5949877282465588,-0.43998772824655896
2.277,2.436433824747113,-0.15943382474711276
1.844,1.9459362399009261,-0.10193623990092604
1.584,2.1299590743665053,-0.5459590743665053
1.746,2.016504025296203,-0.2705040252962032
1.684,2.434287814013139,-0.750287814013139
1.884,2.311740039853884,-0.4277400398538842
2.567,2.7118201972387665,-0.14482019723876638
1.838,2.0533233376752684,-0.21532333767526834
1.834,2.7097113457098914,-0.8757113457098913
1.775,2.3384973399160964,-0.5634973399160965
1.869,1.8600845193712436,0.008915480628756356
2.389,2.592465529681596,-0.20346552968159637
1.725,1.900981102778263,-0.17598110277826295
1.792,1.8381139333794456,-0.04611393337944558
2.044,2.2878647623880934,-0.2438647623880934
2.094,2.624138426020876,-0.5301384260208764
2.642,2.726814267315237,-0.08481426731523722
3.5,2.9380956101828315,0.5619043898171685
1.998,2.5826451526103855,-0.5846451526103855
2.11,2.9538598133649874,-0.8438598133649875
2.011,2.4322824627032755,-0.4212824627032754
1.93,2.182844361726765,-0.2528443617267653
2.45,2.823689176905005,-0.373689176905005
1.176,0.2577192685787688,0.9182807314212311
0.979,0.36500673360210234,0.6139932663978976
1.406,0.7191023867013133,0.6868976132986866
1.209,1.0379621492844544,0.17103785071554567
1.19,0.7704977045869339,0.41950229541306605
1.292,0.8056758931870516,0.48632410681294846
0.991,0.6616323985154828,0.32936760148451716
1.089,0.6603126054277828,0.42868739457221716
1.117,0.7457945666818839,0.37120543331811606
0.689,0.7355264780832727,-0.046526478083272704
0.964,1.0107800281182235,-0.04678002811822357
1.167,0.6007567107632616,0.5662432892367384
1.238,1.1492096336560231,0.08879036634397686
0.979,0.8729368120957557,0.1060631879042443
1.298,1.4691910197120497,-0.17119101971204964
1.213,1.3451437597305065,-0.1321437597305064
1.072,1.0503724238185934,0.02162757618140665
1.219,1.4497600747520647,-0.23076007475206461
1.134,0.9814188268451329,0.15258117315486697
0.991,1.3404805202730845,-0.3494805202730845
1.03,1.0560602220805873,-0.026060222080587225
1.142,1.2479842078713677,-0.10598420787136775
1.441,0.8963816206456618,0.5446183793543382
1.286,0.5986354462817678,0.6873645537182322
1.572,0.6216777129191522,0.9503222870808479
1.185,0.957839528641206,0.22716047135879402
1.167,0.7565077715786501,0.4104922284213499
1.348,0.6898720418305699,0.6581279581694301
1.099,0.77352761987784,0.32547238012215995
1.443,1.5047200687264972,-0.06172006872649716
1.236,1.236443562465417,-0.0004435624654171022
1.126,0.7919489028957036,0.33405109710429626
1.073,0.8146277146717185,0.2583722853282815
1.178,0.8188268201803202,0.3591731798196798
0.899,0.3976362332066623,0.5013637667933377
1.023,0.6472051913116474,0.37579480868835247
0.873,0.51177085653648,0.36122914346352
1.426,0.7758117731587462,0.6501882268412538
1.531,0.25200039316942213,1.2789996068305778
1.266,1.0843153853383507,0.1816846146616493
1.183,1.0220441367447028,0.1609558632552972
1.47,1.0272032154966722,0.4427967845033278
0.781,0.5681421031480984,0.2128578968519016
0.858,0.7987111781986123,0.059288821801387726
0.845,0.5264984829574124,0.31850151704258756
1.375,1.2416944219883512,0.13330557801164877
0.889,0.032057379868703606,0.8569426201312964
1.202,0.07023081033279377,1.1317691896672062
0.745,0.47558553768059375,0.26941446231940624
0.851,0.7567529094614089,0.09424709053859104
1.303,0.7501828678367581,0.5528171321632418
1.252,1.2957660726723064,-0.043766072672306366
1.114,0.856605889739086,0.2573941102609141
0.97,0.9769156213065708,-0.006915621306570863
1.226,0.7540125728064444,0.4719874271935556
1.163,0.7750637320403535,0.38793626795964653
1.792,0.3396440865172434,1.4523559134827566
0.858,0.8322230808269602,0.025776919173039814
0.948,0.6386531175351964,0.3093468824648036
2.0,0.5204170290371786,1.4795829709628214
1.125,0.4613944044667626,0.6636055955332374
0.69,0.437459302951122,0.25254069704887794
0.55,0.6375745068956933,-0.08757450689569324
0.779,0.8028686350800949,-0.023868635080094847
0.988,0.2926392231973365,0.6953607768026635
0.787,0.6500431168803118,0.13695688311968823
0.813,0.2684126103605098,0.5445873896394902
0.603,0.516558610612222,0.08644138938777801
0.663,0.48074203669087323,0.1822579633091268
1.167,0.4064425793368811,0.7605574206631189
1.597,1.2654786679282763,0.33152133207172363
1.392,1.129158290066585,0.2628417099334148
0.896,1.1167018528097725,-0.2207018528097725
1.531,1.2664178071510106,0.2645821928489893
0.875,0.8271902737105887,0.04780972628941127
1.586,1.4707350983512821,0.11526490164871794
0.951,0.5861916268072731,0.36480837319272685
0.938,0.9457186336726662,-0.007718633672666231
0.953,0.5972883731058811,0.35571162689411884
1.413,0.8884957180508106,0.5245042819491894
0.675,3.043014541552761,-2.3680145415527614
0.73,0.3290831274218946,0.4009168725781054
1.196,0.5051991952452368,0.6908008047547631
0.932,0.33021521304468116,0.6017847869553189
1.179,0.3164083320775666,0.8625916679224335
0.972,0.4244421162847305,0.5475578837152695
0.976,0.3195871305365987,0.6564128694634013
0.953,0.2945678352947385,0.6584321647052614
1.077,0.42782656022412135,0.6491734397758786
1.029,0.516167048301879,0.5128329516981209
0.883,0.1963169663517781,0.6866830336482219
0.865,0.016343236161209695,0.8486567638387903
0.58,0.3945273153349258,0.18547268466507416
0.84,0.39423060048523073,0.44576939951476924
0.895,0.7550408517600875,0.1399591482399125
0.934,0.6713343199130106,0.26266568008698943
1.152,0.30058160093391795,0.851418399066082
1.057,0.30447233790029893,0.752527662099701
0.973,0.40562065420190496,0.567379345798095
1.086,0.6209882970621043,0.46501170293789573
1.049,0.2941155726066884,0.7548844273933115
1.102,0.7582313139204433,0.3437686860795568
1.038,0.18142331370745302,0.856576686292547
0.808,0.4501959516129106,0.35780404838708946
0.873,0.535130610408344,0.337869389591656
0.855,0.30807940443782433,0.5469205955621756
0.85,0.70006035825057,0.14993964174942997
0.935,0.27684999545060296,0.6581500045493971
0.967,0.8653644390932105,0.10163556090678949
1.097,0.6468411080095355,0.45015889199046444
0.858,0.31378665317511234,0.5442133468248876
0.928,-0.03603161006915556,0.9640316100691556
0.705,0.5139185710904233,0.1910814289095767
1.218,0.4457217817277681,0.7722782182722319
1.026,0.822347020491033,0.203652979508967
1.012,0.7240504842423499,0.28794951575765015
1.683,0.6479159233871807,1.0350840766128193
1.261,0.4136365461236462,0.8473634538763537
0.838,0.4412764819121118,0.3967235180878882
0.926,0.3216352447595574,0.6043647552404426
1.112,0.48091964096727824,0.6310803590327219
0.875,0.11727410405407568,0.7577258959459243
0.875,0.4123069773457073,0.4626930226542927
0.947,0.8004733289455634,0.1465266710544365
0.625,0.6598478965197396,-0.03484789651973963
0.833,-0.03188589920018936,0.8648858992001893
0.857,0.4583637494730224,0.3986362505269776
0.795,0.27657549117722,0.51842450882278
0.536,0.3836356159403085,0.15236438405969155
0.652,0.20679804502406318,0.44520195497593684
0.841,0.42896709109330367,0.4120329089066963
1.423,0.6375531371739189,0.7854468628260811
0.938,1.1742346385887106,-0.23623463858871063
0.908,0.8558019451716907,0.052198054828309304
0.918,0.7084805127338514,0.20951948726614866
0.975,0.5520776846797673,0.4229223153202327
0.912,1.484344028886356,-0.572344028886356
0.738,0.5266804325385488,0.2113195674614512
0.864,0.7740859070621016,0.08991409293789843
0.621,0.7452735506019779,-0.12427355060197787
0.722,0.6070720533302971,0.11492794666970285
0.576,0.6705789647488478,-0.09457896474884786
0.583,0.26156280126569964,0.3214371987343003
0.517,0.4778808874386187,0.03911911256138134
0.579,0.48756009612605355,0.0914399038739464
0.531,0.4993033059802561,0.031696694019743954
0.561,0.40106766118622983,0.15993233881377023
0.58,0.4469658348791101,0.13303416512088984
0.567,0.27067273018415827,0.2963272698158417
0.576,0.5627692642081898,0.013230735791810111
0.633,0.24215442341726012,0.3908455765827399
0.598,0.3881684685315854,0.2098315314684146
0.652,0.3263088196042023,0.3256911803957977
0.425,0.06488088348697563,0.36011911651302436
0.451,0.1759470624935493,0.2750529375064507
0.394,0.31798930878978515,0.07601069121021486
0.503,0.236367656278063,0.266632343721937
0.538,0.39820793619162664,0.1397920638083734
0.539,0.5060076550967381,0.03299234490326197
0.418,0.7933984628160133,-0.37539846281601336
0.889,0.7687249398218294,0.12027506017817058
0.826,0.94560847321176,-0.11960847321176005
0.636,0.7502005097166833,-0.11420050971668327
0.594,0.3798954552910394,0.21410454470896056
0.606,0.19800064003715034,0.40799935996284964
0.571,0.7051381465365596,-0.13413814653655964
0.49,0.40852022959303436,0.08147977040696563
0.804,0.46607336924734843,0.3379266307526516
0.962,0.5567931540778548,0.4052068459221452
0.6,1.049641018542848,-0.449641018542848
0.613,0.7886940622094594,-0.17569406220945938
0.738,0.5266941589735303,0.21130584102646965
0.863,0.5390175391850749,0.3239824608149251
0.864,0.5472822305402658,0.3167177694597342
0.846,0.7815935697842571,0.06440643021574288
0.735,1.0204265334390572,-0.2854265334390572
0.562,0.7771386220037062,-0.21513862200370615
0.57,0.5358092810523445,0.03419071894765546
0.639,0.7244578990396695,-0.0854578990396695
0.56,0.7279044007301518,-0.16790440073015178
0.63,0.6358915672840322,-0.005891567284032173
0.855,0.6245175571515835,0.23048244284841646
0.813,0.8637632144823928,-0.05076321448239285
0.576,0.6209409179679413,-0.04494091796794131
0.594,0.5606899121044848,0.03331008789551515
0.819,0.799467511734536,0.019532488265463943
0.821,1.1678073963162703,-0.34680739631627033
1.16,0.5760696986005436,0.5839303013994563
1.161,0.6938505516700815,0.46714944832991856
0.949,0.8699273759828865,0.07907262401711346
0.922,0.9920266422880561,-0.0700266422880561
0.799,0.8501915725241793,-0.051191572524179274
1.33,0.882316304271086,0.4476836957289141
1.226,0.8889430452242322,0.3370569547757678
0.904,1.1319130858896087,-0.22791308588960868
0.932,0.6763246132747027,0.2556753867252973
1.259,1.404979596499653,-0.14597959649965309
1.331,1.2831563123884728,0.04784368761152713
1.306,1.246130885990814,0.05986911400918604
1.04,0.6677117705875886,0.37228822941241146
1.016,0.9297093898789892,0.0862906101210108
0.926,0.5722749486316272,0.35372505136837284
1.223,0.7618151804740181,0.461184819525982
1.125,0.6325778621978511,0.49242213780214894
0.866,0.8459423221696074,0.020057677830392584
0.774,0.6920562067180316,0.08194379328196844
0.919,0.826276481297231,0.09272351870276907
1.009,0.9689032030334368,0.0400967969665631
0.947,0.38217771104224063,0.5648222889577593
0.848,0.7029512220789207,0.14504877792107929
1.399,0.7060952120130355,0.6929047879869645
1.214,1.2415287681013023,-0.027528768101302337
1.558,1.5934166597302637,-0.035416659730263644
1.115,0.9052717487823101,0.2097282512176899
1.235,0.7030627058859553,0.5319372941140448
1.137,0.6129383908221082,0.5240616091778918
1.038,1.3321061008333401,-0.2941061008333401
1.083,1.3850719176342245,-0.3020719176342246
0.775,2.6676988759458427,-1.8926988759458427
0.658,1.3549275189543906,-0.6969275189543905
0.675,1.4310677167464625,-0.7560677167464624
0.592,1.0004682719761764,-0.4084682719761764
0.72,0.9664748193453421,-0.2464748193453421
0.928,1.3549087132132125,-0.42690871321321244
1.125,1.3750160233692943,-0.2500160233692943
0.75,1.0367602079953988,-0.2867602079953988
1.08,1.311084871306048,-0.23108487130604782
0.655,1.041966377615053,-0.3869663776150529
0.615,1.3692727989357782,-0.7542727989357783
0.627,1.132174084975779,-0.5051740849757791
0.688,1.0092199500852899,-0.3212199500852899
0.691,1.22790012434639,-0.5369001243463901
0.758,1.2462053393478993,-0.48820533934789934
0.75,1.1055831141347991,-0.35558311413479915
1.125,0.8999856862222668,0.22501431377773318
1.924,1.8763949758776093,0.04760502412239065
2.094,1.8565017966476753,0.23749820335232452
1.838,1.676273130623186,0.16172686937681413
1.891,2.1232711875908192,-0.23227118759081922
1.565,2.134279796232478,-0.569279796232478
1.688,2.147212987062832,-0.4592129870628321
1.628,1.7191183880284737,-0.09111838802847383
1.729,2.2414542935994093,-0.5124542935994092
1.297,1.7067847674378054,-0.40978476743780545
2.135,2.1059857349201123,0.02901426507988747
1.194,1.2259205297708395,-0.03192052977083959
1.311,1.614367076448569,-0.303367076448569
1.254,1.9468033190723903,-0.6928033190723903
1.514,1.746788716012086,-0.23278871601208606
2.631,2.2048446256417615,0.42615537435823825
1.871,2.164179425418996,-0.2931794254189959
1.567,1.2087090297346015,0.35829097026539847
1.863,2.4402197508456323,-0.5772197508456323
1.525,2.148453240102549,-0.623453240102549
2.414,2.2235758622726216,0.19042413772737854
3.409,2.891760066121103,0.5172399338788969
1.544,1.937335500184897,-0.39333550018489705
2.539,2.270935114379003,0.2680648856209973
1.094,1.540756678442378,-0.446756678442378
1.051,1.5528613977928973,-0.5018613977928974
1.285,1.6059211253716565,-0.3209211253716566
0.938,1.5939744189000369,-0.6559744189000369
0.991,1.5098246295891484,-0.5188246295891484
0.964,1.389465522374713,-0.425465522374713
1.27,1.829367939044039,-0.5593679390440389
0.875,0.9806430326393945,-0.10564303263939445
1.339,2.0987346892085452,-0.7597346892085453
1.468,1.6410796656306417,-0.1730796656306417
1.247,1.938617977969209,-0.6916179779692089
1.102,1.617276990946032,-0.515276990946032
1.308,1.909728552662263,-0.6017285526622629
1.745,2.3173476746809043,-0.5723476746809042
1.681,1.849566268942273,-0.1685662689422729
1.704,2.2057960815133764,-0.5017960815133764
1.508,2.3630992884564446,-0.8550992884564446
1.652,2.218801337407509,-0.5668013374075092
0.935,1.6735343696720608,-0.7385343696720608
1.134,1.6497998538300434,-0.5157998538300435
0.973,1.7288614957996067,-0.7558614957996067
1.31,2.2188704230261234,-0.9088704230261233
1.334,2.0938269528119084,-0.7598269528119084
1.0,1.3436101507718692,-0.3436101507718692
1.036,1.4743225068384924,-0.4383225068384924
1.453,2.326504356686466,-0.873504356686466
1.524,2.2743012730155785,-0.7503012730155785
1.459,2.0750501989291696,-0.6160501989291696
1.425,2.207920011574425,-0.782920011574425
0.758,1.0891107333408838,-0.3311107333408838
1.261,1.7068572082375377,-0.4458572082375378
1.426,2.1091108552535416,-0.6831108552535416
1.647,2.568000170455482,-0.9210001704554818
1.085,1.5595162691169961,-0.4745162691169962
1.786,2.4233509238217703,-0.6373509238217703
1.647,2.5390054500041117,-0.8920054500041117
1.225,1.848493193074226,-0.623493193074226
1.795,2.441393135956408,-0.6463931359564081
2.051,2.2142172440938,-0.16321724409379978
1.586,2.088827578555409,-0.502827578555409
0.902,1.0550827677177328,-0.15308276771773277
0.675,1.2912258907205842,-0.6162258907205842
0.994,1.7349836521300661,-0.7409836521300661
1.014,1.4723014334722748,-0.4583014334722748
0.877,1.544764214125158,-0.6677642141251581
0.87,1.7324107269561186,-0.8624107269561186
0.946,1.897525549794089,-0.9515255497940891
1.818,1.8080580410839056,0.009941958916094507
1.178,1.7687782367201053,-0.5907782367201053
1.403,1.9819449208788298,-0.5789449208788298
1.5,1.4759016227701254,0.024098377229874623
1.344,2.1678139388530946,-0.8238139388530945
1.519,2.5060000151946715,-0.9870000151946716
1.652,1.7718939246704535,-0.11989392467045357
1.617,2.321853803989441,-0.7048538039894412
1.705,2.1627524372429363,-0.45775243724293624
1.742,2.4284184866946275,-0.6864184866946275
1.441,2.2486383112696737,-0.8076383112696737
1.639,2.192002565901815,-0.5530025659018152
1.039,1.7060614631106017,-0.6670614631106018
1.222,1.2510690529620718,-0.02906905296207185
1.36,2.2060822260900457,-0.8460822260900456
1.565,2.3297304682329667,-0.7647304682329668
0.992,2.149291639799178,-1.157291639799178
1.106,1.9669447424332591,-0.860944742433259
1.622,2.010365708237501,-0.3883657082375007
1.775,2.638085535930983,-0.863085535930983
1.66,2.6859542052208205,-1.0259542052208206
1.608,2.4360118787482152,-0.8280118787482151
1.548,2.437147139170497,-0.8891471391704968
1.431,1.943545052731418,-0.5125450527314179
0.871,1.2209518029851787,-0.3499518029851787
0.953,1.7845959101372468,-0.8315959101372469
1.007,1.2317428440895717,-0.2247428440895718
1.139,1.612971705491903,-0.47397170549190304
1.002,1.8435027433438145,-0.8415027433438145
1.25,2.0773549664408595,-0.8273549664408595
1.298,1.7334146092293217,-0.4354146092293216
0.835,1.6748833589229715,-0.8398833589229715
1.398,1.8636412385599754,-0.4656412385599755
0.985,1.8374005600822092,-0.8524005600822092
1.569,2.5932179684530676,-1.0242179684530677
1.659,2.734546556149441,-1.075546556149441
1.339,1.682053823679618,-0.3430538236796181
2.25,1.9316676265154682,0.3183323734845318
1.66,2.0384852982491495,-0.37848529824914956
1.448,1.554210312494459,-0.10621031249445911
1.783,2.6388696687829536,-0.8558696687829537
1.393,1.7561352773846388,-0.3631352773846388
1.508,1.711591608294622,-0.20359160829462208
1.961,2.7005579343955386,-0.7395579343955385
1.161,2.0879625129693875,-0.9269625129693875
1.294,2.0641053210764206,-0.7701053210764206
1.664,2.2300631425952115,-0.5660631425952116
1.265,2.4166838698403286,-1.1516838698403287
1.357,2.259500273054012,-0.9025002730540119
1.724,2.2843293383950667,-0.5603293383950667
1.137,2.2091162008362755,-1.0721162008362755
1.597,2.0236631555823243,-0.42666315558232437
1.563,2.1477498134290887,-0.5847498134290887
2.042,2.4665650210685865,-0.42456502106858673
2.126,2.7067395248482287,-0.5807395248482288
1.999,2.433697192259502,-0.434697192259502
2.054,2.6336553225851276,-0.5796553225851278
2.067,2.5411119145567516,-0.4741119145567514
2.877,2.1540112042987785,0.7229887957012213
2.452,3.084238006930267,-0.6322380069302671
2.941,3.102719750621683,-0.1617197506216832
2.973,2.83342508572808,0.13957491427192004
2.11,2.6850935849498576,-0.5750935849498577
2.254,2.45641664764533,-0.20241664764533018
2.696,2.6889995509989575,0.007000449001042686
2.282,2.212939146577871,0.06906085342212887
2.355,3.0632421107485186,-0.7082421107485186
1.669,2.3467647197657073,-0.6777647197657073
1.861,2.1597740925251094,-0.29877409252510945
2.118,2.036035755587374,0.08196424441262584
1.971,2.6225588591642195,-0.6515588591642194
1.896,2.3464189048746964,-0.4504189048746965
2.66,2.9479838601722617,-0.2879838601722615
1.864,2.5325097301088366,-0.6685097301088365
1.9,2.50535034805545,-0.6053503480554503
2.43,2.563178101548266,-0.13317810154826581
2.356,2.468201533548157,-0.11220153354815698
1.962,2.6335730228926737,-0.6715730228926737
1.82,2.131260742470784,-0.31126074247078406
1.694,2.3347956361533884,-0.6407956361533884
1.793,1.6852672992335114,0.10773270076648855
2.357,1.5981040925752863,0.7588959074247139
2.051,2.038176173307932,0.012823826692068163
2.208,1.8392929528657413,0.36870704713425884
2.332,2.668184565365424,-0.33618456536542407
2.321,2.572392450790658,-0.25139245079065775
2.657,2.4419365095293215,0.21506349047067852
2.479,2.9968678421793413,-0.5178678421793412
2.732,3.0017029818613237,-0.26970298186132347
0.911,1.8333701170067505,-0.9223701170067504
1.345,1.8356849289563544,-0.4906849289563544
1.362,2.2540466170989433,-0.8920466170989432
2.5,2.9110395851062503,-0.41103958510625027
0.875,1.5407299214740195,-0.6657299214740195
1.375,1.270154924427284,0.10484507557271594
1.364,2.132600926497662,-0.7686009264976621
0.75,1.3502967570536568,-0.6002967570536568
1.563,1.1997468811903351,0.3632531188096648
1.406,1.5305928476116426,-0.12459284761164269
1.783,2.7762525757446186,-0.9932525757446187
1.759,2.328406901262664,-0.5694069012626639
1.399,2.250166680045667,-0.851166680045667
1.382,2.178412382501994,-0.796412382501994
1.782,2.3920375693155536,-0.6100375693155535
1.693,2.5534941521005785,-0.8604941521005784
1.619,2.4159072205505208,-0.7969072205505208
1.666,2.4810890965357686,-0.8150890965357687
1.489,2.1216387023949372,-0.6326387023949371
1.655,2.0271381325767712,-0.3721381325767712
1.94,2.2867271695086737,-0.34672716950867377
2.269,2.591922405756094,-0.32292240575609377
2.028,2.5596247541554087,-0.5316247541554087
2.115,1.9874059121372263,0.12759408786277393
1.655,1.8636064245772963,-0.20860642457729628
1.617,2.0964480708787843,-0.47944807087878427
1.923,2.663912620853872,-0.7409126208538721
1.932,2.5686982585480624,-0.6366982585480625
1.84,2.259424450966022,-0.4194244509660219
2.172,2.962960675664888,-0.7909606756648877
1.82,2.5430055424182867,-0.7230055424182866
1.613,2.4435494595153364,-0.8305494595153364
1.61,2.2977451955452897,-0.6877451955452896
1.449,2.12651895326804,-0.6775189532680399
2.595,2.7833955135416177,-0.18839551354161754
2.105,2.987512028873253,-0.8825120288732529
2.441,2.337187472232833,0.10381252776716687
1.848,2.5104163498769965,-0.6624163498769964
2.292,2.5050881758650823,-0.21308817586508244
1.961,1.8547832752369433,0.10621672476305677
2.041,1.9317786053393626,0.1092213946606373
2.402,2.6472751480187746,-0.24527514801877448
2.311,2.7981632655210325,-0.4871632655210325
2.132,2.540074888938879,-0.408074888938879
2.072,2.554682904048975,-0.48268290404897485
1.841,2.389498481177068,-0.5484984811770681
1.79,2.0755968670452645,-0.28559686704526444
1.907,2.3569656787175437,-0.44996567871754367
1.678,1.7251188248881648,-0.04711882488816488
2.467,2.497127332475366,-0.030127332475365698
1.267,1.7214312512522587,-0.4544312512522588
2.604,3.4269065116772746,-0.8229065116772745
2.006,2.602026538438888,-0.5960265384388883
2.674,2.9704975778018947,-0.2964975778018948
2.659,3.01907556243402,-0.3600755624340204
2.062,2.671223016518622,-0.6092230165186221
1.71,2.222901739726464,-0.5129017397264639
1.511,2.0488575943869387,-0.5378575943869388
1.609,1.867849328776416,-0.258849328776416
1.667,1.7515605869918773,-0.0845605869918773
1.063,1.7204340883983433,-0.6574340883983434
1.125,1.6782043822107524,-0.5532043822107524
1.51,1.9013262987449564,-0.3913262987449564
1.518,1.5881184610078636,-0.07011846100786356
1.598,2.123099951979146,-0.5250999519791459
1.657,2.0887089987215877,-0.43170899872158763
1.75,1.4441013324737848,0.3058986675262152
1.82,1.9209934233985666,-0.10099342339856654
1.908,2.730876028908685,-0.8228760289086852
2.982,2.670526893023494,0.3114731069765062
3.051,3.1025761425846645,-0.051576142584664364
1.625,1.44636990764658,0.1786300923534201
2.205,1.8170731362728993,0.3879268637271007
2.083,1.5254630529613313,0.5575369470386689
2.023,2.518083948525412,-0.4950839485254117
2.37,2.6533875726228002,-0.2833875726228001
2.131,2.232756182858055,-0.10175618285805532
3.223,3.0615406652039594,0.16145933479604047
2.671,2.147680625444385,0.5233193745556148
2.68,2.8367115237996385,-0.15671152379963837
2.736,2.9238365443558267,-0.18783654435582653
3.392,2.8205993535237943,0.5714006464762056
3.302,3.4215422637174884,-0.11954226371748833
1.631,1.883485397352375,-0.2524853973523751
2.314,2.707434042868806,-0.3934340428688059
2.278,2.340917156718284,-0.0629171567182838
1.971,2.391011973757255,-0.42001197375725496
1.446,1.7410172815820362,-0.2950172815820362
2.793,2.5831621469376147,0.20983785306238545
3.448,2.7739988982352832,0.6740011017647167
2.665,2.235771779217407,0.4292282207825928
1.849,2.303021449790004,-0.45402144979000414
2.347,2.3950582835534506,-0.048058283553450654
3.512,3.383017254065023,0.12898274593497705
3.588,2.946363696990154,0.6416363030098462
3.677,3.413503194860382,0.26349680513961804
2.753,2.5392089938727183,0.21379100612728186
2.328,2.329560252631741,-0.0015602526317413101
2.161,1.8188964994521224,0.34210350054787764
1.143,2.0028135558065423,-0.8598135558065423
2.26,2.6908088794034555,-0.4308088794034557
2.521,2.1130568252654935,0.40794317473450636
2.25,2.3772470816097027,-0.12724708160970266
2.5,2.432922649533078,0.06707735046692198
2.649,3.0088424973707615,-0.35984249737076146
2.598,2.593592692065182,0.004407307934817695
2.925,2.0835100244161633,0.8414899755838365
3.068,2.5973306144701316,0.4706693855298685
3.069,3.3135922936530964,-0.24459229365309643
2.668,2.473552789440312,0.19444721055968817
2.839,3.2399556574560653,-0.4009556574560653
2.88,2.696805854087987,0.183194145912013
2.688,2.88706733728994,-0.19906733728993986
2.633,2.942692383017149,-0.3096923830171492
3.409,3.2103243319740873,0.19867566802591252
3.975,3.233118778695256,0.7418812213047441
2.71,1.8709619562159945,0.8390380437840055
3.357,2.4975382785152913,0.8594617214847089
3.106,2.3026380713112284,0.8033619286887714
3.491,3.5582240876493834,-0.06722408764938326
3.212,2.5954141036654867,0.6165858963345134
2.758,2.867361888249614,-0.10936188824961413
3.562,3.4765940450567108,0.08540595494328906
3.127,2.4535001459041594,0.6734998540958403
3.906,3.0232455558004334,0.8827544441995667
4.694,4.370365038438353,0.3236349615616474
2.582,2.993158823624272,-0.41115882362427225
2.603,2.974988354028212,-0.3719883540282116
2.75,2.907112574802091,-0.15711257480209095
3.5,1.9501191508668607,1.5498808491331393
2.5,3.009853357152111,-0.5098533571521111
2.66,2.9469491321192494,-0.2869491321192492
2.698,2.9273325478777514,-0.22933254787775148
1.572,1.6429248729935126,-0.07092487299351258
3.435,3.0609838793537256,0.37401612064627443
2.961,3.0588920125580836,-0.09789201255808377
3.125,3.061734366489018,0.0632656335109818
3.458,3.409094196323297,0.048905803676703385
3.437,3.670181372279774,-0.2331813722797742
3.591,2.559655140339956,1.0313448596600443
4.034,3.5918402643835576,0.4421597356164422
3.56,3.5147210258083796,0.045278974191620414
3.692,3.4900116465713342,0.20198835342866595
3.413,3.0252779155689016,0.38772208443109824
3.567,3.0263819998939017,0.5406180001060985
4.251,4.167020117365924,0.0839798826340763
3.561,2.346915789755377,1.2140842102446228
4.614,4.407897357112974,0.20610264288702584
4.324,5.331765556977954,-1.0077655569779544
4.347,1.4738266660180108,2.8731733339819896
3.5,5.75821480951228,-2.25821480951228
3.819,3.0845193052621482,0.7344806947378517
3.246,3.25860526529667,-0.012605265296670165
3.993,3.5486175305560175,0.4443824694439824
4.438,3.691226768340996,0.7467732316590037
3.866,3.146994135009554,0.719005864990446
2.564,2.4580393398929967,0.10596066010700333
2.0,1.9532286863518078,0.0467713136481922
5.00001,4.433268318220022,0.5667416817799777
2.948,2.519636674612702,0.42836332538729804
1.885,2.476031877122387,-0.591031877122387
3.593,3.4886520149134044,0.1043479850865956
3.587,3.72644640116254,-0.1394464011625396
2.873,3.373205727605899,-0.5002057276058989
4.414,3.682432326316924,0.7315676736830756
4.94,3.3402330112457923,1.599766988754208
5.00001,4.683104916833498,0.31690508316650146
5.00001,5.774990111231441,-0.7749801112314412
3.982,3.4589639298393826,0.5230360701606176
5.00001,4.179189595060419,0.8208204049395809
5.00001,5.276279416313127,-0.2762694163131272
3.72,3.613801123747897,0.10619887625210334
3.513,3.618375834390049,-0.10537583439004905
4.504,3.8947486331580947,0.6092513668419048
3.822,3.674448640528602,0.14755135947139797
5.00001,4.674368278347408,0.325641721652592
2.944,3.364297663731852,-0.42029766373185184
5.00001,4.7683655579536826,0.23164444204631707
4.553,3.9358052797782648,0.6171947202217352
4.065,3.4262824315674982,0.6387175684325022
3.103,2.7214504479797506,0.38154955202024965
2.795,2.4896042001319367,0.3053957998680632
3.482,3.2581298510309664,0.2238701489690338
4.333,3.8103463143988856,0.5226536856011146
2.571,2.414694185450412,0.15630581454958836
3.5,1.9500039483298504,1.5499960516701496
4.261,4.620819248564619,-0.35981924856461855
3.944,3.1514385974599675,0.7925614025400325
3.872,2.123789434095104,1.748210565904896
0.994,1.6725309667613726,-0.6785309667613726
0.85,1.8234799935765111,-0.9734799935765112
1.027,1.8065030377753015,-0.7795030377753016
1.865,2.0249361263755006,-0.1599361263755006
1.55,1.8378628446332905,-0.2878628446332905
2.524,2.3273326390934166,0.19666736090658343
2.063,1.9950973049633274,0.06790269503667279
0.734,1.672384919748078,-0.938384919748078
3.671,3.5144595498240445,0.1565404501759553
4.026,3.592016804805197,0.433983195194803
3.142,3.238020429318045,-0.09602042931804489
4.541,3.6381748182291247,0.9028251817708757
5.00001,5.103103531606125,-0.10309353160612567
4.165,3.5614320116454468,0.6035679883545533
3.645,3.203540829218101,0.4414591707818989
3.699,3.3835522979748984,0.3154477020251014
5.00001,4.880141407726134,0.11986859227386581
3.14,2.432316681308341,0.7076833186916591
3.899,3.4887069334144076,0.4102930665855924
3.556,2.841925838134397,0.7140741618656032
3.702,3.5611552394692474,0.14084476053075257
4.043,3.986529620115028,0.056470379884971944
3.542,2.812591125632692,0.7294088743673077
3.997,4.292926431535864,-0.2959264315358645
4.345,4.150665784170167,0.19433421582983268
4.018,3.705192023893699,0.31280797610630096
4.232,3.666067471762364,0.5659325282376364
4.38,3.4393644530707665,0.9406355469292333
4.75,1.3325327975234116,3.4174672024765886
3.675,3.6157744258997826,0.059225574100217226
3.781,3.847801498578365,-0.0668014985783647
5.00001,4.9782215849130615,0.021788415086938073
5.00001,4.884285230186267,0.11572476981373292
5.00001,4.230687230758006,0.7693227692419935
4.99,3.8343870200599874,1.1556129799400128
2.042,2.247564615370535,-0.20556461537053528
1.668,2.7901921131989984,-1.1221921131989985
2.137,2.320278480948045,-0.183278480948045
1.625,1.559868467538093,0.06513153246190706
5.00001,4.624058895507674,0.3759511044923256
5.00001,5.621420326146216,-0.6214103261462167
5.00001,5.626441163049593,-0.6264311630495936
4.854,3.6568920547845494,1.1971079452154507
2.101,1.5139154573493814,0.5870845426506186
1.947,2.5362072558984683,-0.5892072558984682
1.812,2.2029410018824547,-0.3909410018824546
2.854,3.071258988420758,-0.21725898842075786
3.07,2.8847519704973563,0.18524802950264352
3.536,3.6680390311941276,-0.13203903119412752
3.658,3.5946714902315997,0.06332850976840021
4.277,3.9393625737483213,0.3376374262516788
3.667,3.254972590702657,0.41202740929734283
2.374,2.4585010754784324,-0.08450107547843233
2.88,3.225849359750697,-0.3458493597506971
3.294,3.7509331168195006,-0.45693311681950055
2.917,2.8594986381935,0.05750136180649967
3.204,3.2872932372935666,-0.08329323729356641
2.869,2.7946213851549286,0.07437861484507158
3.126,2.81583072107734,0.3101692789226598
2.536,2.812777063465696,-0.27677706346569586
2.051,2.701994442147333,-0.6509944421473328
1.976,2.7049940817149656,-0.7289940817149656
1.985,2.8348465389523927,-0.8498465389523926
3.107,3.122990016276701,-0.015990016276700825
1.711,2.0835315365616474,-0.3725315365616473
1.471,1.8822276588766964,-0.4112276588766963
1.557,2.31932957907662,-0.7623295790766202
1.97,2.8480618240008133,-0.8780618240008133
2.037,2.3025104073489566,-0.2655104073489567
1.345,1.815998665697542,-0.470998665697542
1.502,2.2751462310859134,-0.7731462310859134
1.23,1.8669652924999527,-0.6369652924999527
1.477,1.3342722871277393,0.14272771287226083
1.742,2.5415133007305863,-0.7995133007305864
1.789,1.9562614117680575,-0.16726141176805753
1.732,2.231529553345295,-0.49952955334529503
1.754,2.4349958364442545,-0.6809958364442545
1.62,2.4950731061701563,-0.8750731061701562
1.911,2.45975923408849,-0.5487592340884899
1.95,1.9299978459493081,0.020002154050691834
1.933,2.3301439504243264,-0.3971439504243264
1.98,2.6466694603927574,-0.6666694603927574
2.432,2.809412119198886,-0.37741211919888595
2.186,2.8875045580236254,-0.7015045580236254
1.848,2.5272885339413564,-0.6792885339413564
2.694,2.6997689338267628,-0.005768933826762801
2.356,2.8489897875340984,-0.4929897875340985
2.377,3.0003923833769983,-0.6233923833769985
1.705,2.1394848170717946,-0.43448481707179454
2.464,2.4386940572982994,0.025305942701700612
2.403,2.7227111088908,-0.3197111088907998
2.487,2.895433480189751,-0.4084334801897511
2.729,2.8026094461724105,-0.07360944617241039
2.098,2.6500669395584895,-0.5520669395584896
2.01,2.8678008968578967,-0.857800896857897
2.724,2.8189551776427795,-0.09495517764277928
1.84,2.148900638846668,-0.30890063884666774
1.647,2.1273826029870166,-0.4803826029870166
2.274,2.4004842942283378,-0.12648429422833773
1.497,2.1357452946799285,-0.6387452946799284
1.9,2.390842523585042,-0.4908425235850422
1.966,2.5685030254762213,-0.6025030254762214
1.914,2.3366760101884694,-0.42267601018846945
1.942,2.55383216397579,-0.6118321639757902
1.85,2.4682377830525897,-0.6182377830525896
1.578,2.2909185943163273,-0.7129185943163272
1.643,2.1528465951620412,-0.5098465951620412
1.61,2.3022689828169702,-0.6922689828169701
1.711,2.450682275697556,-0.7396822756975558
1.09,1.8873154474754217,-0.7973154474754216
1.708,2.3615234513482797,-0.6535234513482797
1.735,2.3953840697926156,-0.6603840697926155
1.628,2.2781340923389415,-0.6501340923389416
0.851,1.8539040935101734,-1.0029040935101734
1.75,2.93998730444162,-1.1899873044416198
1.125,2.239786429839632,-1.114786429839632
2.125,2.2555694663725356,-0.13056946637253564
1.042,1.0878651473507777,-0.045865147350777624
0.804,1.407570081366699,-0.6035700813666989
0.698,1.6707243767767979,-0.9727243767767979
0.813,1.4341880234894961,-0.6211880234894962
0.764,1.3113932201725382,-0.5473932201725382
0.686,1.152241099129878,-0.4662410991298779
0.675,1.344844399406186,-0.669844399406186
1.313,2.359008198789745,-1.046008198789745
1.329,2.254265784727849,-0.9252657847278491
1.1,3.37133624521106,-2.2713362452110597
1.136,1.667205179583009,-0.5312051795830091
1.122,1.9039766638263003,-0.7819766638263002
1.138,2.1060129607946028,-0.9680129607946029
1.341,2.6124029421544326,-1.2714029421544326
1.566,2.4656038821615165,-0.8996038821615164
1.588,2.086928744450315,-0.498928744450315
1.501,2.460227894832123,-0.9592278948321229
1.308,2.247146658111097,-0.939146658111097
1.207,1.6472422153354682,-0.44024221533546815
1.294,2.429760102470647,-1.135760102470647
1.142,1.853754807218313,-0.7117548072183131
0.972,1.6061432854548523,-0.6341432854548523
0.977,1.7199825563550477,-0.7429825563550477
1.103,1.8753571533757236,-0.7723571533757236
0.939,1.837262640218078,-0.8982626402180781
1.078,1.6776076715437482,-0.5996076715437482
1.337,2.092991861447877,-0.7559918614478771
1.828,2.314952568504149,-0.4869525685041489
1.461,1.8280356599621523,-0.36703565996215226
1.208,1.6534438035931134,-0.4454438035931134
1.333,1.5671489301459927,-0.2341489301459927
1.036,1.8564671746779422,-0.8204671746779422
1.651,2.2780943202158968,-0.6270943202158967
2.108,3.016288803022552,-0.9082888030225518
1.869,2.394282888949474,-0.5252828889494741
1.446,2.3860391626406714,-0.9400391626406714
1.404,2.0864095002493714,-0.6824095002493715
1.408,2.3147438684944786,-0.9067438684944786
1.416,2.1321385590198565,-0.7161385590198566
1.391,2.4557533339480657,-1.0647533339480657
1.508,2.47762876588254,-0.9696287658825402
1.341,2.3681036788362606,-1.0271036788362606
1.358,2.0706910282963578,-0.7126910282963577
1.426,2.59718319238221,-1.17118319238221
1.353,2.0496442650796225,-0.6966442650796225
1.334,2.0221059301906164,-0.6881059301906163
1.351,2.1550118592423586,-0.8040118592423586
1.117,2.2057901530172885,-1.0887901530172885
1.116,2.0937036687561235,-0.9777036687561234
1.146,2.2798703389508566,-1.1338703389508566
1.047,2.091021332086287,-1.044021332086287
1.433,2.4569201485304695,-1.0239201485304694
1.403,2.0167311394591714,-0.6137311394591713
1.455,1.541501495655426,-0.08650149565542598
1.439,2.1024366566947394,-0.6634366566947394
1.052,1.8698276250073442,-0.8178276250073442
1.052,1.4865524709480975,-0.43455247094809746
0.956,2.078120905380348,-1.1221209053803483
0.817,1.4027603760443133,-0.5857603760443133
0.79,2.1483193005603503,-1.3583193005603502
1.058,1.171965256307704,-0.11396525630770404
0.729,1.219826717348968,-0.4908267173489681
0.797,1.6180168655347769,-0.8210168655347768
0.716,1.4924250080539518,-0.7764250080539519
0.88,1.477161546013015,-0.597161546013015
0.843,1.7388058609255732,-0.8958058609255732
0.794,1.5958787037741913,-0.8018787037741912
1.216,1.8448180269444603,-0.6288180269444603
0.691,1.3038151391108057,-0.6128151391108058
0.379,1.621397579687116,-1.242397579687116
2.698,2.748006314626675,-0.05000631462667515
2.745,2.636836867022204,0.10816313297779612
2.75,2.304560232467966,0.44543976753203385
0.95,1.5259867882146283,-0.5759867882146283
0.915,1.4815805177591677,-0.5665805177591676
0.861,1.621356384232514,-0.7603563842325141
0.87,1.6278528291704104,-0.7578528291704104
0.842,1.2260443197621291,-0.38404431976212916
0.938,1.3284872654620297,-0.3904872654620297
0.94,1.5399083841695993,-0.5999083841695994
1.042,1.414728120142513,-0.372728120142513
1.868,2.441045665869005,-0.5730456658690051
0.903,1.6835029319156876,-0.7805029319156875
1.115,1.8828605915355054,-0.7678605915355055
0.883,1.4314844614008546,-0.5484844614008546
1.121,1.9603436059623895,-0.8393436059623895
1.563,2.2636721932055295,-0.7006721932055295
1.406,2.702142467872588,-1.2961424678725881
1.224,1.5475953028955205,-0.3235953028955205
1.291,2.039661578779574,-0.7486615787795743
1.196,1.930818684536793,-0.734818684536793
1.678,1.9857165438495443,-0.3077165438495444
1.784,2.3218398692475044,-0.5378398692475044
1.778,2.5863468278671595,-0.8083468278671595
2.865,2.825771364630403,0.03922863536959742
2.534,2.7644391288142076,-0.2304391288142078
2.473,2.795702980627598,-0.3227029806275983
2.677,3.310879239612544,-0.6338792396125439
3.216,3.10548810936594,0.11051189063406008
2.882,3.0634354075653603,-0.18143540756536014
4.01,3.2006040733048584,0.8093959266951414
3.04,2.4549442458692203,0.5850557541307797
2.619,2.0873996289279098,0.5316003710720905
0.225,1.9362556585390664,-1.7112556585390664
1.833,1.9536396620331122,-0.12063966203311227
2.201,2.265761836768431,-0.06476183676843084
1.958,1.7749787198003757,0.18302128019962427
1.869,2.0028319476239207,-0.1338319476239207
2.122,2.5342066307371836,-0.41220663073718367
2.39,2.3090984256686142,0.0809015743313859
2.181,1.9069456002191407,0.2740543997808593
2.004,2.0092105209229363,-0.005210520922936279
2.091,2.3305654280013637,-0.2395654280013635
2.172,2.03442320830259,0.13757679169741
2.23,2.24069062350799,-0.010690623507989994
1.417,1.8613054635853556,-0.4443054635853556
1.625,1.753388748103162,-0.12838874810316203
3.114,3.1497162099005345,-0.03571620990053459
2.632,2.813872472692757,-0.18187247269275675
2.62,2.4143685441123477,0.20563145588765241
2.737,2.971475827989659,-0.23447582798965882
2.349,2.7147351928020385,-0.36573519280203826
3.585,3.294622717269445,0.29037728273055485
3.337,3.4275269256486167,-0.09052692564861653
2.875,2.5587695437189564,0.3162304562810436
3.244,3.1134737979510483,0.13052620204895193
3.155,3.4130118578276356,-0.2580118578276358
3.312,3.7417473184631476,-0.42974731846314773
1.094,1.2117880162424621,-0.11778801624246205
0.858,0.6305600737702635,0.22743992622973652
0.732,0.740677526004665,-0.008677526004664982
0.684,0.844196707304476,-0.160196707304476
0.746,0.46346286391975244,0.28253713608024755
0.783,0.6421702348910112,0.1408297651089888
0.669,0.6230898164327625,0.04591018356723753
1.059,0.7832908438961623,0.2757091561038376
0.695,0.6421632827582235,0.05283671724177641
1.224,0.6710888859866606,0.5529111140133394
0.75,0.5481858159070752,0.20181418409292484
1.036,1.030341708899918,0.00565829110008198
1.031,0.6012715566523994,0.4297284433476005
1.527,0.927424385563294,0.5995756144367059
1.167,1.0106166309370126,0.15638336906298744
0.711,0.669588731843235,0.04141126815676499
2.125,-0.0166089791244306,2.1416089791244306
1.875,1.2526524008167799,0.6223475991832201
0.875,0.2641484028677996,0.6108515971322004
0.922,0.14288030483125458,0.7791196951687455
0.913,0.38540783636635534,0.5275921636336447
1.734,0.5589571623083547,1.1750428376916453
2.0,1.9105064961695621,0.08949350383043786
0.846,0.186281227120354,0.659718772879646
1.072,0.6395323321624393,0.43246766783756074
1.148,0.6169240896500061,0.5310759103499938
1.316,0.11413428283903215,1.201865717160968
1.042,0.21086915819770713,0.8311308418022929
1.105,0.44688982875555894,0.658110171244441
1.368,1.0461800770056866,0.3218199229943135
1.097,0.15070106924263604,0.9462989307573639
0.993,0.9228202495599063,0.07017975044009372
1.036,0.6888859057678409,0.3471140942321591
1.185,0.5531833410264078,0.6318166589735923
1.419,0.5040833818865802,0.9149166181134198
0.858,0.2920404715071274,0.5659595284928726
0.904,0.4130134079119798,0.4909865920880202
0.869,0.668559302923335,0.200440697076665
0.896,0.1778991897350719,0.7181008102649281
3.134,0.7636652515229025,2.3703347484770974
1.261,0.4528510784290172,0.8081489215709827
1.266,0.48728861736817275,0.7787113826318273
1.036,0.783979646157309,0.25202035384269106
0.961,0.04185542094890149,0.9191445790510985
1.042,0.3481434975472202,0.6938565024527799
1.072,0.2413996727530816,0.8306003272469185
1.019,0.6422832314748299,0.37671676852517
0.944,0.10633209645320707,0.8376679035467929
0.867,0.026080414044652223,0.8409195859553478
1.008,0.6806123498339656,0.32738765016603444
1.141,0.15978182687778597,0.981218173122214
1.078,0.3205621104187668,0.7574378895812333
1.347,0.5734860512547355,0.7735139487452645
1.625,1.088368600250845,0.536631399749155
1.276,0.899096020072307,0.376903979927693
1.097,0.6563557743215969,0.4406442256784031
1.214,1.1152153530625832,0.09878464693741673
1.177,0.7126020866618052,0.4643979133381948
1.188,0.7865841905791671,0.4014158094208329
0.976,0.436270873078896,0.539729126921104
0.875,0.8208244202411754,0.05417557975882459
1.26,1.0527785799553613,0.20722142004463873
2.063,1.6601902837019347,0.4028097162980655
4.375,1.2001584914666443,3.1748415085333557
5.00001,1.2767390333286461,3.7232709666713535
1.722,1.3788868834098622,0.34311311659013777
1.634,1.1483988824040774,0.4856011175959225
1.132,1.120150792733071,0.011849207266928952
1.273,0.7033314180530665,0.5696685819469334
1.286,0.8327672028086963,0.4532327971913037
1.282,0.6668160550119007,0.6151839449880994
1.326,0.8770498717702466,0.44895012822975344
1.193,0.8047579538619396,0.38824204613806046
1.185,0.23134189692646845,0.9536581030735316
1.201,1.049531625029506,0.15146837497049415
0.875,2.3965395756349155,-1.5215395756349155
0.955,0.7626547033317166,0.19234529666828337
2.133,1.401765261091461,0.731234738908539
2.396,2.279696306525785,0.11630369347421476
1.734,1.5220990668858108,0.21190093311418923
2.289,1.9812565791152794,0.30774342088472073
2.175,1.776078663282601,0.39892133671739893
1.975,1.4252891874521971,0.549710812547803
1.725,1.2324790762092341,0.49252092379076595
1.989,1.2998802188680894,0.6891197811319107
1.879,1.7053809104956603,0.17361908950433969
1.866,1.8035335914223816,0.06246640857761854
1.633,0.9200763434445702,0.7129236565554298
1.769,0.8754002712885076,0.8935997287114923
2.171,1.652677816758845,0.5183221832411549
1.808,1.2020465035402226,0.6059534964597775
3.006,1.165852890401688,1.8401471095983117
1.701,1.4360486366390544,0.2649513633609457
2.076,1.2383169964165681,0.837683003583432
2.028,1.3354878871808933,0.6925121128191067
1.963,1.7191905779406351,0.24380942205936496
2.306,1.4323412067236716,0.8736587932763284
1.674,1.1551765608736988,0.5188234391263011
1.846,1.5092088308630907,0.33679116913690943
1.461,0.5974987025520073,0.8635012974479928
1.283,0.4981751665002696,0.7848248334997303
1.426,0.7315338293607727,0.6944661706392272
1.205,0.7700117627992862,0.4349882372007139
1.113,0.5340214320452095,0.5789785679547905
1.216,0.65626133748822,0.55973866251178
1.485,0.5590245258057154,0.9259754741942847
1.083,0.24734512565495903,0.8356548743450409
1.279,0.9070603626780767,0.37193963732192326
1.286,0.9254376824761168,0.36056231752388324
1.509,1.0070535180626217,0.5019464819373782
1.381,0.5089403634889456,0.8720596365110544
1.587,0.6841458766955397,0.9028541233044602
1.413,0.6859885884804635,0.7270114115195365
1.412,1.0705383442229963,0.3414616557770036
1.087,0.5950701477170863,0.49192985228291364
1.069,0.8208143505450112,0.24818564945498878
0.947,0.3170196016969058,0.6299803983030942
1.175,0.5932102667196002,0.5817897332803998
1.517,1.1492418903809505,0.3677581096190494
1.402,1.0864257439268155,0.31557425607318446
1.322,1.0595285780509336,0.2624714219490665
1.317,0.6712715891659373,0.6457284108340626
1.366,0.9791003709481452,0.38689962905185493
1.338,0.7175670826683858,0.6204329173316143
1.264,0.6736062362536814,0.5903937637463186
1.188,0.6421316394490388,0.5458683605509611
1.0,1.0639912166005003,-0.06399121660050033
0.98,0.9838130542258705,-0.003813054225870527
1.156,2.1002608469095687,-0.9442608469095688
1.625,8.970275761162007,-7.345275761162007
1.707,1.2058032674970955,0.5011967325029045
2.083,1.9280776517220564,0.15492234827794382
1.188,0.7797123286109953,0.4082876713890047
1.559,1.017979758659017,0.541020241340983
1.414,1.0062277023785897,0.4077722976214102
1.385,0.4980784501279327,0.8869215498720673
0.567,1.156860089949894,-0.589860089949894
0.496,1.0574832399433374,-0.5614832399433374
0.475,0.8842914352499902,-0.40929143524999023
0.475,1.118741848504653,-0.643741848504653
0.448,1.0071600099583136,-0.5591600099583136
0.504,0.7218604526343491,-0.21786045263434906
0.567,0.8412600039553848,-0.27426000395538486
0.592,1.3208899048470935,-0.7288899048470935
0.53,1.0751513378523931,-0.5451513378523931
0.477,0.8009336088153793,-0.32393360881537936
0.433,0.8590848537002758,-0.42608485370027577
0.526,0.9828277277299158,-0.45682772772991576
0.469,0.8752662671794136,-0.4062662671794136
0.939,0.7810167039534326,0.15798329604656736
0.903,1.1583101696780038,-0.2553101696780038
0.5,0.6769333236147919,-0.17693332361479186
0.564,0.6944072915108672,-0.13040729151086727
0.396,0.7416905777927376,-0.3456905777927376
0.75,1.4686142141507026,-0.7186142141507026
0.518,0.5534819449688488,-0.03548194496884882
0.612,0.8639603698657143,-0.25196036986571435
0.467,0.708295979269308,-0.24129597926930796
0.438,1.087328771820938,-0.649328771820938
0.526,0.7106534507948363,-0.1846534507948363
0.541,1.0164326816367353,-0.47543268163673524
0.621,1.034444542570537,-0.4134445425705371
0.675,1.806307114204052,-1.131307114204052
0.739,1.2964972819208609,-0.5574972819208609
0.53,0.5274949404221976,0.0025050595778024487
0.535,0.8504368186320868,-0.3154368186320867
0.528,0.72679328408051,-0.19879328408051
0.485,0.49122648593851803,-0.006226485938518045
0.578,0.39279993584206396,0.185200064157936
0.495,0.5948742730650012,-0.09987427306500118
0.513,0.56854117083734,-0.055541170837340004
0.525,0.7228593630560716,-0.19785936305607155
0.344,1.106914515503954,-0.762914515503954
0.441,0.7227530470589141,-0.2817530470589141
0.453,0.6509877068547032,-0.19798770685470318
0.618,0.8456034858252053,-0.2276034858252053
0.444,0.8120406344486113,-0.3680406344486113
0.606,1.2489298072494106,-0.6429298072494106
0.498,0.7827870420048719,-0.2847870420048719
0.508,1.0768159038853202,-0.5688159038853202
0.585,0.9163681480750934,-0.3313681480750934
0.608,0.6095391517029314,-0.0015391517029313961
0.526,0.9966011777549622,-0.47060117775496213
0.455,0.7942927422514467,-0.33929274225144673
0.521,0.8686728941152047,-0.34767289411520463
0.5,1.0515043041443422,-0.5515043041443422
0.931,1.6600263420234098,-0.7290263420234098
1.203,1.140321182520778,0.0626788174792221
0.625,0.6344464795986435,-0.009446479598643531
0.931,1.4649539464584194,-0.5339539464584193
1.179,1.8907070824539018,-0.7117070824539018
1.717,2.9167913193186203,-1.1997913193186203
1.216,1.3823609965787054,-0.1663609965787054
1.083,1.6444265217687786,-0.5614265217687786
1.538,1.037389941249999,0.5006100587500011
2.25,0.5461535179115398,1.7038464820884602
0.659,0.5758186484476533,0.08318135155234674
1.272,2.601546847571226,-1.329546847571226
0.895,0.5171604823192639,0.3778395176807361
0.542,0.9222388786580089,-0.38023887865800887
1.514,1.9710929154160712,-0.4570929154160712
0.916,1.0608802082740043,-0.14488020827400427
0.704,0.7553700555421674,-0.05137005554216745
0.493,0.9482095075171364,-0.4552095075171364
0.883,0.9553578909799867,-0.07235789097998668
0.742,0.9470506063232524,-0.20505060632325245
0.923,1.5425989210142923,-0.6195989210142923
1.104,1.4188730326976575,-0.31487303269765743
0.58,0.5402662129652056,0.039733787034794354
0.653,1.4349194973195651,-0.7819194973195651
0.895,1.1362795168638804,-0.24127951686388038
0.612,0.9120499460866509,-0.3000499460866509
0.928,1.567611308041998,-0.639611308041998
0.926,1.4863834234977928,-0.5603834234977928
0.667,0.9801101041475526,-0.3131101041475526
0.684,1.2220319992207018,-0.5380319992207018
0.96,0.9934225036075504,-0.03342250360755039
0.742,0.823039347985586,-0.08103934798558599
0.813,1.2514459998116803,-0.4384459998116803
0.679,0.9542501603699058,-0.2752501603699058
0.783,1.155353087271377,-0.37235308727137706
0.967,1.4883196214860877,-0.5213196214860877
0.72,0.578693383149687,0.14130661685031298
0.673,0.8538795165166251,-0.18087951651662504
0.488,1.034461858022298,-0.546461858022298
0.571,0.886033166390841,-0.315033166390841
0.556,0.8067657920180327,-0.2507657920180326
0.679,1.4236020545201196,-0.7446020545201195
0.542,1.1828560477043408,-0.6408560477043408
0.551,0.9771987994289284,-0.42619879942892835
0.669,0.9554322329444647,-0.2864322329444646
0.685,0.9061335889983719,-0.22113358899837188
0.692,1.035846343181198,-0.343846343181198
0.584,1.0943423427581185,-0.5103423427581185
0.571,1.2667756654335187,-0.6957756654335188
0.784,1.227110854886528,-0.4431108548865279
0.561,0.7817808987986568,-0.2207808987986567
0.45,0.759843012528219,-0.30984301252821894
0.59,0.8986375508405606,-0.30863755084056066
0.613,1.149667440195711,-0.536667440195711
0.513,0.9732031116156046,-0.46020311161560457
0.52,0.8896042624744751,-0.3696042624744751
0.466,0.8851083921138911,-0.4191083921138911
0.498,1.0225263558389284,-0.5245263558389284
0.506,0.6999123744564839,-0.1939123744564839
0.534,1.074483982560853,-0.540483982560853
0.455,0.7972215431379395,-0.34222154313793945
0.491,0.7286856912862605,-0.2376856912862605
0.56,0.877074916680531,-0.3170749166805309
0.546,0.7979928365864937,-0.25199283658649363
0.494,0.8269234721572727,-0.3329234721572727
0.691,0.7953837760247167,-0.10438377602471671
0.628,1.0302271566898642,-0.4022271566898642
0.701,1.5169386716861173,-0.8159386716861173
0.483,0.9247997503345773,-0.4417997503345773
0.508,1.0220121053738072,-0.5140121053738071
0.596,1.3977872929268242,-0.8017872929268243
0.556,0.7061606117520518,-0.15016061175205175
0.513,0.9058874479549273,-0.39288744795492725
0.542,1.0278576813679003,-0.4858576813679003
0.554,1.248977704146824,-0.6949777041468239
0.587,0.9402206960963289,-0.3532206960963289
0.528,0.755142192271391,-0.22714219227139099
0.598,0.7065425731500126,-0.10854257315001259
0.445,0.6702741545696234,-0.22527415456962335
0.69,0.9432818715500442,-0.2532818715500442
0.747,0.9799482329732097,-0.23294823297320966
0.713,1.2681274805488698,-0.5551274805488698
0.869,1.5631263444348953,-0.6941263444348953
0.647,0.6339026374146255,0.013097362585374528
0.679,1.4027193304438315,-0.7237193304438314
0.875,0.9180932019181096,-0.043093201918109614
0.883,0.9527604828673575,-0.06976048286735748
0.72,0.945330329702117,-0.22533032970211697
0.877,1.5530447650340065,-0.6760447650340065
0.82,1.4973117917737846,-0.6773117917737846
0.759,0.8823702738285666,-0.12337027382856658
0.746,1.2583781733525492,-0.5123781733525492
0.788,0.8137526133216404,-0.02575261332164036
0.857,1.296735538595362,-0.4397355385953621
0.847,1.4716991441447764,-0.6246991441447765
0.814,1.2039915260571277,-0.3899915260571277
0.55,0.770091929422807,-0.22009192942280698
0.664,1.0710997541963543,-0.40709975419635425
0.728,1.1385250559089664,-0.4105250559089664
0.715,1.0501507463239008,-0.33515074632390085
0.692,1.5055873374064337,-0.8135873374064337
0.875,1.1363121379761898,-0.2613121379761898
0.73,1.2351400743567837,-0.5051400743567838
0.769,1.0838951867982634,-0.31489518679826334
0.704,1.1741464844170788,-0.47014648441707885
0.743,1.0675948886296516,-0.3245948886296516
0.813,0.9349241214397508,-0.12192412143975084
0.707,1.0079802355360847,-0.3009802355360848
0.723,1.2114643807277092,-0.48846438072770926
0.602,1.0232211522320107,-0.42122115223201073
0.647,1.002995823060453,-0.35599582306045296
0.673,1.182272957972623,-0.509272957972623
0.677,0.9244833974127202,-0.24748339741272019
0.619,0.6632087364748638,-0.044208736474863786
0.581,1.15283320494421,-0.5718332049442101
0.707,0.9415634077022408,-0.23456340770224082
0.602,1.0062416700002252,-0.40424167000022526
0.876,1.7877124778783446,-0.9117124778783446
0.73,1.2015428995219917,-0.4715428995219917
0.591,1.1395105468523146,-0.5485105468523146
0.587,1.2135716058119745,-0.6265716058119746
0.899,1.6558330015658893,-0.7568330015658893
0.722,1.5011596038566637,-0.7791596038566637
0.789,1.2497029137587596,-0.4607029137587596
0.85,1.5244788553801547,-0.6744788553801547
0.834,1.6125957729333509,-0.7785957729333509
0.696,1.2317704661521542,-0.5357704661521543
0.713,1.4153583718787972,-0.7023583718787972
0.656,1.3616157108788256,-0.7056157108788256
0.681,1.134706318663048,-0.4537063186630479
0.716,1.1981274687003076,-0.48212746870030765
0.803,1.2499819716102318,-0.4469819716102318
0.802,1.3763974433816386,-0.5743974433816386
0.767,1.2080674759809251,-0.4410674759809251
0.804,1.3944213413905662,-0.5904213413905661
0.845,1.2111439163365252,-0.3661439163365252
0.797,1.114628538900375,-0.3176285389003749
0.747,1.151318749210382,-0.404318749210382
0.813,0.8924939071295785,-0.0794939071295786
0.832,1.3663850209032624,-0.5343850209032625
0.801,0.7177363516509176,0.0832636483490824
0.811,1.2442947804423434,-0.4332947804423434
0.745,1.3166809612692458,-0.5716809612692458
1.061,1.301945541750428,-0.24094554175042804
1.264,1.6372484823115938,-0.3732484823115938
1.198,1.4277351247501648,-0.2297351247501649
0.896,1.4894969733788337,-0.5934969733788337
0.906,1.1059784379321496,-0.19997843793214953
0.69,0.8432311673969988,-0.15323116739699882
1.125,1.4859961088465952,-0.36099610884659517
0.708,1.3009861112847283,-0.5929861112847283
0.718,0.7344327927231438,-0.016432792723143796
0.578,0.9195041762889979,-0.341504176288998
0.832,1.5949683609902348,-0.7629683609902348
0.604,1.0201662952542225,-0.41616629525422255
0.882,1.3571234991786818,-0.4751234991786818
1.125,1.4688967960155885,-0.34389679601558854
1.054,1.628144502223318,-0.574144502223318
0.553,0.978658785831702,-0.4256587858317019
0.828,1.4233932764340647,-0.5953932764340647
1.654,1.561507472516239,0.09249252748376091
0.612,0.6226073486987147,-0.010607348698714714
2.562,2.8637572167542436,-0.3017572167542437
1.225,1.8904756457921268,-0.6654756457921267
1.603,2.5114045453565836,-0.9084045453565837
1.416,1.8227859766443637,-0.4067859766443638
0.893,1.8205314830284303,-0.9275314830284302
0.913,1.2451695942182368,-0.3321695942182368
0.889,2.204284013902234,-1.315284013902234
1.193,2.099992407965233,-0.906992407965233
0.965,1.5319620484669552,-0.5669620484669552
0.721,1.3787381358741464,-0.6577381358741464
1.078,1.7683773554003057,-0.6903773554003056
0.68,1.4312089171654279,-0.7512089171654278
0.888,1.366961041707039,-0.478961041707039
0.73,1.1971606344306651,-0.46716063443066513
0.679,1.0378415636378837,-0.35884156363788366
3.459,4.059632721049513,-0.600632721049513
2.139,3.472066855617289,-1.333066855617289
2.292,3.2650104270042233,-0.9730104270042235
1.959,2.561798256634723,-0.6027982566347228
1.412,2.6882112812858274,-1.2762112812858275
1.23,1.915114947372394,-0.6851149473723941
2.297,2.8337355292925555,-0.5367355292925553
1.447,2.2405857255443618,-0.7935857255443617
1.677,2.014267357302138,-0.33726735730213786
1.556,2.8616650282854477,-1.3056650282854476
1.515,2.0866379615349624,-0.5716379615349625
1.509,2.05097110373545,-0.5419711037354502
1.883,2.9908076694289445,-1.1078076694289445
1.873,3.0897439423999673,-1.2167439423999673
1.935,3.0635212771398215,-1.1285212771398214
1.236,2.2031256252865696,-0.9671256252865696
1.253,1.923000390137363,-0.670000390137363
1.244,1.2486837775341826,-0.004683777534182587
1.119,1.2199223928919505,-0.10092239289195049
0.795,1.0599249141990066,-0.26492491419900654
1.283,1.5721083662794386,-0.2891083662794387
0.54,0.7433661094306587,-0.2033661094306587
0.517,0.7537100042748839,-0.23671000427488387
1.45,1.3534593475277774,0.09654065247222254
0.944,1.5521766172224685,-0.6081766172224685
1.588,1.9758365968569607,-0.3878365968569606
1.193,1.3185130720326534,-0.12551307203265338
1.26,1.571432058437689,-0.31143205843768906
1.355,2.108064495240183,-0.7530644952401828
0.693,0.9295695682250096,-0.23656956822500963
0.93,1.3232600369609062,-0.39326003696090617
0.958,1.6381818763628615,-0.6801818763628615
0.722,0.8303435535123982,-0.10834355351239822
1.052,1.364211977243174,-0.31221197724317395
0.535,0.850274280847809,-0.31527428084780895
1.212,1.3916997376201428,-0.1796997376201428
1.433,2.209463802022963,-0.7764638020229631
1.693,2.692601890206756,-0.999601890206756
1.601,2.545795216096433,-0.9447952160964328
0.901,1.5668583585489333,-0.6658583585489333
0.995,1.1490475862128853,-0.15404758621288528
0.888,1.544778590569126,-0.656778590569126
0.808,1.2174180754234483,-0.4094180754234482
0.727,1.2900436702157996,-0.5630436702157996
0.669,0.9000401035613979,-0.2310401035613978
0.656,1.4840321276987514,-0.8280321276987513
0.662,1.1552910394576141,-0.4932910394576141
0.588,0.6340184873801067,-0.04601848738010672
0.714,1.385685740483155,-0.6716857404831551
0.67,0.8849564437288966,-0.21495644372889655
0.555,1.0324768419288912,-0.47747684192889117
0.797,1.3432897676896538,-0.5462897676896538
0.692,1.1919927882266137,-0.49999278822661375
0.659,1.198274379259073,-0.5392743792590731
0.647,0.7509575155390786,-0.10395751553907862
0.738,1.3059620702415047,-0.5679620702415047
0.675,0.9265343226036586,-0.2515343226036586
0.588,1.0606080229718287,-0.4726080229718287
0.965,1.6214346989214647,-0.6564346989214648
0.719,1.0992737927896654,-0.38027379278966544
1.538,2.168741462747556,-0.630741462747556
0.696,1.2821018120321197,-0.5861018120321198
0.665,0.903259486743325,-0.23825948674332498
1.247,1.4049987418032897,-0.15799874180328954
1.322,1.8034287775058093,-0.48142877750580926
0.896,1.3517827003110017,-0.45578270031100165
0.734,1.0399412335053722,-0.30594123350537217
0.645,1.0605418377281908,-0.41554183772819075
0.475,0.7596890981587023,-0.28468909815870236
0.683,1.2821734375362788,-0.5991734375362787
0.728,0.9425917259102405,-0.21459172591024056
0.788,0.9613712429711629,-0.1733712429711629
0.811,1.2260943545395948,-0.41509435453959476
0.751,1.4130328341245582,-0.6620328341245582
0.714,0.9326880137053137,-0.21868801370531377
0.717,1.0326533710649848,-0.3156533710649848
0.709,1.061912939098762,-0.3529129390987621
0.846,1.2482885622874735,-0.40228856228747356
0.66,1.2205297514743134,-0.5605297514743134
0.837,0.8804402371091236,-0.04344023710912359
0.831,1.125135210315357,-0.29413521031535694
0.743,0.972212579423682,-0.229212579423682
0.906,0.8981828680538706,0.00781713194612943
0.745,0.9217524916332409,-0.17675249163324092
0.694,0.6070766914649597,0.08692330853504027
0.847,1.3372384175697039,-0.4902384175697039
0.993,0.8914167913796194,0.10158320862038062
0.855,1.4404486835462331,-0.5854486835462331
0.895,1.4823651536560747,-0.5873651536560747
0.952,1.626112974232926,-0.6741129742329259
0.996,1.7038201756771407,-0.7078201756771407
1.109,1.9237971238105889,-0.8147971238105889
1.011,1.7940133923064727,-0.7830133923064728
1.085,1.862297893343662,-0.7772978933436621
0.842,1.4898895467817477,-0.6478895467817477
1.094,1.808498498478281,-0.714498498478281
1.082,1.518898742855403,-0.436898742855403
1.742,1.8174109943646335,-0.0754109943646335
1.437,1.7621869492518054,-0.32518694925180536
1.408,1.4073115328961003,0.0006884671038995815
0.863,0.8088162470063289,0.054183752993671064
1.652,2.5930682587944203,-0.9410682587944204
1.646,1.4127643982134344,0.23323560178656555
1.431,1.679165571455293,-0.24816557145529305
1.675,1.9044318783730922,-0.2294318783730922
0.714,1.0269716124180504,-0.3129716124180504
0.682,0.9791198422983431,-0.2971198422983431
0.68,1.1505277337947113,-0.47052773379471124
1.134,0.6636458912148642,0.4703541087851357
1.09,1.2830335631108138,-0.19303356311081377
1.388,1.8975154071572091,-0.5095154071572092
1.114,1.8122807417159454,-0.6982807417159453
1.125,0.9219189709585791,0.2030810290414209
0.697,0.6779281344128489,0.019071865587151016
0.728,0.6918935701020388,0.0361064298979612
0.722,1.170508106380625,-0.4485081063806251
0.797,1.0805169126495784,-0.28351691264957835
1.125,0.7386232372850166,0.38637676271498345
0.525,0.8987850787823468,-0.3737850787823468
1.002,1.3571965863149056,-0.3551965863149056
0.895,1.8977236136721398,-1.0027236136721398
0.546,0.6108044160205304,-0.06480441602053033
0.789,1.2645000639410553,-0.47550006394105526
1.113,1.4864943968335582,-0.37349439683355823
1.137,1.73370925239281,-0.5967092523928099
1.2,2.177661632224842,-0.9776616322248419
1.233,1.4355708777527636,-0.2025708777527635
1.144,1.7494220395596758,-0.6054220395596759
1.062,1.8257785815905045,-0.7637785815905045
0.559,0.6801041460036106,-0.12110414600361052
0.936,1.7269669407302501,-0.7909669407302501
0.889,1.4362086858981908,-0.5472086858981908
0.938,0.9722399180940773,-0.03423991809407734
0.88,1.6604922727375873,-0.7804922727375873
0.884,1.4948216771135556,-0.6108216771135556
0.687,1.3144721045312955,-0.6274721045312954
1.631,2.093203753465745,-0.4622037534657448
0.836,1.3674837748721398,-0.5314837748721398
0.713,1.2696431697338437,-0.5566431697338438
0.763,0.9348205678957113,-0.17182056789571132
0.606,1.0672230445722282,-0.4612230445722282
0.83,1.4398768948762373,-0.6098768948762373
1.508,2.292999503098268,-0.7849995030982679
1.573,1.7348140026889887,-0.1618140026889887
1.738,1.9576741658976715,-0.21967416589767153
1.487,1.5781526574414508,-0.09115265744145074
1.547,1.8152712513660154,-0.2682712513660155
1.333,1.2843973658221137,0.04860263417788624
1.369,1.6772799129327254,-0.3082799129327254
1.567,1.8667541864732278,-0.2997541864732278
1.265,1.4557972731929882,-0.19079727319298834
1.306,1.6173901228594936,-0.3113901228594935
1.069,1.7681883667586433,-0.6991883667586434
0.995,1.2710287334215955,-0.2760287334215955
0.73,1.029538489297133,-0.2995384892971331
0.599,1.0254106802780054,-0.42641068027800544
0.848,0.9242808216710774,-0.07628082167107741
0.729,1.1465643190115273,-0.41756431901152735
0.589,1.0910341746153462,-0.5020341746153463
0.639,1.0231779659156086,-0.3841779659156086
0.723,1.2181263808666885,-0.4951263808666885
0.839,1.2615605865891386,-0.42256058658913864
0.581,0.9259323433298778,-0.3449323433298779
0.559,0.7343464014148937,-0.17534640141489366
0.589,0.8143015705774106,-0.22530157057741063
0.558,0.8754775968279751,-0.31747759682797505
0.639,0.6140066439230321,0.024993356076967954
0.693,0.8685436124894914,-0.17554361248949146
1.601,1.1483253897424184,0.4526746102575816
1.153,1.201187988183766,-0.048187988183765906
1.076,1.3556642530748144,-0.27966425307481435
0.8,0.9844270724466635,-0.18442707244666345
0.938,1.495748143891369,-0.557748143891369
0.924,0.7461574577350336,0.17784254226496643
1.518,1.4881450900292061,0.029854909970793875
1.118,1.0873641163431549,0.03063588365684522
1.118,0.9912550664675286,0.12674493353247152
1.239,1.2205173991172398,0.018482600882760325
0.833,0.5843794412769148,0.2486205587230852
0.856,2.4631108299902484,-1.6071108299902486
0.94,1.1956007845770849,-0.2556007845770849
1.027,1.2041267371025475,-0.17712673710254756
1.25,2.3451452811010602,-1.0951452811010602
1.446,1.59188923563098,-0.14588923563098
1.792,2.4661589091003835,-0.6741589091003835
0.786,1.4934401888010858,-0.7074401888010857
0.944,0.8062628744029134,0.1377371255970865
1.0,0.6236918090005927,0.37630819099940727
0.905,0.5832991780683863,0.32170082193161376
0.922,0.8873886310368224,0.034611368963177624
0.552,0.5646803628516439,-0.012680362851643867
0.52,0.7628636976678616,-0.24286369766786153
0.515,0.4864178999530926,0.02858210004690742
0.517,0.5637345997063807,-0.04673459970638072
0.658,0.8493114054254729,-0.19131140542547287
0.692,0.799126848653942,-0.10712684865394206
0.725,0.8854331933910298,-0.1604331933910298
0.73,1.0387686858408094,-0.3087686858408094
1.083,1.3209680989981492,-0.2379680989981492
0.905,1.4459738044480126,-0.5409738044480126
0.916,1.4500664711998155,-0.5340664711998154
0.633,0.5914167379674655,0.041583262032534485
0.676,1.1793593230162775,-0.5033593230162775
0.609,0.8438539007154859,-0.23485390071548595
0.567,0.6702926696350939,-0.10329266963509398
1.181,1.4179489386777997,-0.23694893867779965
0.661,0.7546609121642818,-0.09366091216428174
0.635,1.1390926049447936,-0.5040926049447936
0.873,1.4605439560704452,-0.5875439560704452
0.842,1.4761187077374192,-0.6341187077374192
0.571,0.8187482955933927,-0.24774829559339273
0.547,0.5322719257290753,0.014728074270924707
0.569,0.629643877250242,-0.060643877250242006
0.634,0.8926347383281263,-0.25863473832812633
0.953,0.7233021586816244,0.22969784131837556
0.551,0.8707882633705961,-0.31978826337059607
0.558,0.8329819033855939,-0.2749819033855938
0.552,0.6676457663834341,-0.11564576638343405
1.138,1.2638380323347662,-0.12583803233476631
0.932,1.1538571408595995,-0.2218571408595994
0.624,0.8337608884315741,-0.20976088843157414
0.624,1.0654409156822722,-0.4414409156822722
1.317,1.3827085770914667,-0.06570857709146671
0.731,1.221132539085306,-0.4901325390853061
0.73,1.2029276916840508,-0.4729276916840508
0.88,1.5320014530042878,-0.6520014530042878
0.927,0.8507951469552968,0.07620485304470326
0.697,1.194367763330486,-0.49736776333048616
0.683,0.8516483297921624,-0.16864832979216238
0.651,0.8921107940125792,-0.24111079401257918
0.553,0.616099368724875,-0.06309936872487498
0.544,0.7307321524616965,-0.1867321524616965
0.925,0.9881506886149041,-0.06315068861490403
0.53,0.8752485155765697,-0.34524851557656966
0.516,0.856070526721703,-0.340070526721703
1.115,1.3368570627075285,-0.22185706270752847
1.209,1.5246605709653787,-0.3156605709653786
0.766,1.1307638436691103,-0.3647638436691103
0.67,0.8249432927979174,-0.1549432927979174
0.701,0.9250022445378103,-0.22400224453781037
0.702,1.352080685460811,-0.650080685460811
0.957,1.2241026285187928,-0.26710262851879285
0.827,1.3411729206278011,-0.5141729206278012
1.1,0.9509153365575,0.14908466344250004
1.0,1.39377672864247,-0.39377672864247004
1.016,1.4977437968792269,-0.48174379687922686
0.942,1.0839220924078958,-0.14192209240789588
0.75,1.3827207336490877,-0.6327207336490877
0.792,1.2308324841571563,-0.43883248415715626
0.579,0.8449802171738998,-0.26598021717389986
0.725,1.2460964297356978,-0.5210964297356978
0.768,0.9912775780064111,-0.22327757800641113
0.836,1.3403468647267132,-0.5043468647267132
0.782,1.0325800481280403,-0.25058004812804024
0.6,1.2040500120591224,-0.6040500120591225
0.9,1.321104529979801,-0.42110452997980097
0.694,0.9531033087482892,-0.25910330874828924
0.746,1.0715586140341637,-0.32555861403416375
0.764,1.0989171367512833,-0.3349171367512833
0.756,1.0902869230538967,-0.33428692305389673
0.584,0.9858675377340258,-0.40186753773402584
0.609,1.3392098714229568,-0.7302098714229568
0.392,1.0828532051692488,-0.6908532051692488
1.125,1.2785702893045452,-0.1535702893045452
0.55,1.4320942751895969,-0.8820942751895968
0.647,0.9331966181435358,-0.2861966181435358
0.551,0.9816049382432039,-0.4306049382432039
0.875,1.5594525423319823,-0.6844525423319823
1.042,1.473069441422258,-0.431069441422258
0.65,1.9080898104686703,-1.2580898104686704
0.62,1.3020009699526511,-0.6820009699526511
0.7,1.584072385402029,-0.8840723854020291
0.864,1.7909159464364421,-0.9269159464364422
0.863,2.336675189775229,-1.473675189775229
0.853,1.588079996128368,-0.735079996128368
0.604,1.181386917957493,-0.577386917957493
0.555,1.8799444279404278,-1.3249444279404279
0.766,1.303230873846456,-0.537230873846456
0.66,1.305918206547246,-0.6459182065472461
0.906,1.2394025131197297,-0.3334025131197297
0.572,1.2949583422159505,-0.7229583422159506
0.583,0.9625965877115727,-0.3795965877115728
0.56,1.2906454403958794,-0.7306454403958793
0.689,1.158599597139133,-0.469599597139133
1.125,1.4599026273333058,-0.3349026273333058
0.388,1.2065370383496865,-0.8185370383496865
0.552,0.9204657711348478,-0.3684657711348478
0.6,1.230260320216105,-0.6302603202161051
0.58,1.1511356110448094,-0.5711356110448095
0.543,0.8192868420380872,-0.2762868420380872
0.63,0.8517105729053738,-0.22171057290537377
0.66,1.416617568720629,-0.756617568720629
0.905,1.4327198415306026,-0.5277198415306026
0.581,1.1997814631977286,-0.6187814631977286
0.719,1.3145953658634153,-0.5955953658634153
0.744,1.3595044199715467,-0.6155044199715467
0.55,1.259243738680213,-0.7092437386802131
0.675,2.0762255268900764,-1.4012255268900764
1.625,1.5522775702340772,0.0727224297659228
0.637,0.5999970934055152,0.0370029065944848
0.675,0.524853179690624,0.1501468203093761
0.85,0.9461872472016883,-0.09618724720168836
0.656,0.8792034788780971,-0.2232034788780971
0.722,0.9807089592758085,-0.2587089592758085
0.696,0.7042570458161044,-0.008257045816104425
0.943,0.6647669289371714,0.2782330710628286
0.854,1.1544129844579338,-0.30041298445793385
0.731,0.5037025646598163,0.22729743534018365
0.14999,1.0463029843496587,-0.8963129843496587
0.675,0.8085174350635167,-0.13351743506351665
0.875,1.385372862892453,-0.5103728628924531
0.816,1.1918100915327898,-0.3758100915327899
0.719,1.0718591505823643,-0.3528591505823643
0.587,0.8597414878314769,-0.2727414878314769
0.71,0.8454114854206289,-0.13541148542062897
1.25,0.4163736579895516,0.8336263420104484
0.669,0.7446767288326295,-0.07567672883262944
0.634,0.8440580982974932,-0.21005809829749322
0.697,1.1137333256342332,-0.41673332563423326
0.53,0.8065620975877765,-0.2765620975877765
0.7,0.7616074158223471,-0.06160741582234719
0.953,0.9568039924879694,-0.0038039924879694764
0.771,0.9497943640737447,-0.17879436407374472
0.705,0.6559065893741085,0.049093410625891454
0.587,0.616273013596373,-0.02927301359637302
0.6,1.26763578208382,-0.66763578208382
0.805,1.2960351996280348,-0.49103519962803477
0.769,1.2301856439824603,-0.4611856439824603
0.755,1.2589305854134976,-0.5039305854134976
0.625,1.281617643104482,-0.6566176431044819
0.927,1.3809871957812199,-0.4539871957812198
0.854,1.4372627481471034,-0.5832627481471034
0.683,1.0257909090410329,-0.3427909090410328
0.7,1.198545358988618,-0.49854535898861796
0.705,1.0362566528024606,-0.33125665280246064
0.646,1.0160167453880464,-0.3700167453880464
0.705,1.210180553322949,-0.5051805533229491
0.82,1.6067452642860336,-0.7867452642860336
0.856,1.5146127069641102,-0.6586127069641102
0.813,1.1651370893884305,-0.3521370893884306
0.702,1.391686008168589,-0.6896860081685889
0.722,1.3464532163976153,-0.6244532163976153
0.67,1.2857781854835286,-0.6157781854835286
1.161,2.0298720322114323,-0.8688720322114323
0.828,1.406789245859353,-0.578789245859353
0.69,1.3323596408275002,-0.6423596408275003
0.675,1.168955820296553,-0.49395582029655305
0.726,1.3645787609190272,-0.6385787609190272
0.741,1.1834541026029304,-0.4424541026029304
0.747,1.1715390682251265,-0.42453906822512655
0.741,1.1147832143541914,-0.3737832143541914
0.81,1.3145887629029112,-0.5045887629029111
1.042,1.5875410084787007,-0.5455410084787007
0.818,1.9400426467444905,-1.1220426467444904
0.906,1.2740291069489624,-0.3680291069489624
0.864,1.5245760416572338,-0.6605760416572338
0.928,1.658411871375985,-0.730411871375985
0.996,1.4450925912318966,-0.4490925912318966
1.006,1.5594334465428532,-0.5534334465428532
0.9,1.6733300542826708,-0.7733300542826708
0.961,1.3063453966789318,-0.3453453966789318
0.869,1.148132684843938,-0.27913268484393794
0.811,1.2220715392358699,-0.4110715392358698
0.83,1.3896294646673402,-0.5596294646673402
0.928,1.7065205404583503,-0.7785205404583503
0.981,1.4642374594364371,-0.48323745943643714
1.43,1.6055062717332316,-0.17550627173323163
1.339,1.69355664184272,-0.35455664184271996
1.5,0.7522201786663227,0.7477798213336773
0.75,0.7838848334777677,-0.03388483347776772
0.875,0.9475425706353744,-0.07254257063537439
0.992,1.2097660903326064,-0.2177660903326064
1.011,0.7956241901979095,0.21537580980209037
1.058,1.3005995115083286,-0.2425995115083286
1.531,0.7405049093241283,0.7904950906758716
0.575,1.0259041736395202,-0.4509041736395203
0.811,1.0630769654580368,-0.2520769654580367
0.741,0.9308874145791748,-0.1898874145791748
0.821,1.1790580072542078,-0.3580580072542079
0.926,1.2010067963685456,-0.2750067963685455
0.508,1.8716484950302812,-1.3636484950302812
1.395,1.067457029659657,0.32754297034034296
1.36,1.3027552698223688,0.05724473017763132
0.788,0.8808004177424755,-0.0928004177424755
0.798,0.9228734919238812,-0.1248734919238812
0.367,0.5390561336593511,-0.17205613365935113
0.5,0.6453933983608979,-0.14539339836089793
0.592,0.438874408201436,0.153125591798564
0.627,0.6403234256418586,-0.013323425641858622
0.838,0.787753403684212,0.050246596315787984
0.628,0.9121074718957385,-0.2841074718957385
1.194,1.1930349498773845,0.0009650501226154962
1.434,1.4584107091998901,-0.02441070919989019
0.979,0.9740866178033496,0.004913382196650384
1.027,1.5526185449211918,-0.5256185449211919
0.988,1.31995308444074,-0.3319530844407401
0.756,1.2260878788240241,-0.47008787882402414
0.842,1.4205847347078604,-0.5785847347078604
1.063,1.469681118712308,-0.40668111871230805
0.755,1.052954715112239,-0.2979547151122389
1.113,1.1553758908243377,-0.04237589082433768
0.96,1.418032896361354,-0.458032896361354
0.817,1.3359240830222654,-0.5189240830222654
0.996,1.1595343442122856,-0.16353434421228563
0.736,1.5993936721735484,-0.8633936721735485
0.902,1.1898838172308288,-0.2878838172308288
0.701,1.0579725326420988,-0.3569725326420988
1.269,1.172097664702644,0.09690233529735592
1.656,1.940406373718636,-0.284406373718636
0.784,0.9050175223510832,-0.1210175223510832
1.197,1.3854257481792165,-0.18842574817921642
1.199,1.7546747053446414,-0.5556747053446414
1.118,1.9690975903361685,-0.8510975903361684
1.289,1.7579534841505677,-0.4689534841505678
1.005,1.328182891191954,-0.3231828911919541
1.306,2.0262040854075543,-0.7202040854075542
0.901,1.6518712320557367,-0.7508712320557367
0.581,1.181908295070062,-0.6009082950700619
0.79,1.526901724931113,-0.736901724931113
1.07,1.6245607723497384,-0.5545607723497383
0.864,1.5535382313013035,-0.6895382313013035
0.921,1.4743096958210178,-0.5533096958210177
0.851,1.4690834411346632,-0.6180834411346632
0.796,1.2961668076568023,-0.5001668076568022
1.281,1.9388212173195267,-0.6578212173195268
0.668,0.9920416686368534,-0.32404166863685335
0.768,1.1180714662046958,-0.35007146620469576
0.952,1.699447126887498,-0.747447126887498
0.973,1.3873177392996894,-0.4143177392996894
0.926,1.2352380913090613,-0.3092380913090612
0.771,1.2214963327622461,-0.4504963327622461
0.925,1.3776343712831909,-0.45263437128319084
0.751,1.2397271599582003,-0.48872715995820026
0.741,1.3065479053793119,-0.5655479053793119
0.948,1.6661610036048786,-0.7181610036048787
0.723,1.2882181986912244,-0.5652181986912245
0.575,1.2677976316457964,-0.6927976316457964
0.705,1.4204076630077296,-0.7154076630077296
0.55,2.037277796726109,-1.487277796726109
0.713,1.5428848380556814,-0.8298848380556815
1.114,1.504862387124381,-0.3908623871243808
1.067,1.7860694399744097,-0.7190694399744098
0.946,1.7957411519872988,-0.8497411519872988
0.761,1.8398923127213789,-1.0788923127213788
1.356,1.5789171503012709,-0.2229171503012708
0.707,1.0780015859644454,-0.37100158596444544
0.74,1.2662562250490972,-0.5262562250490972
0.543,1.1360587388302135,-0.5930587388302134
0.768,1.0001398014617644,-0.23213980146176438
0.824,1.2900937826848624,-0.46609378268486246
1.015,1.3230347984851498,-0.3080347984851499
1.019,1.3679673926919724,-0.3489673926919725
0.608,0.5775569946787353,0.03044300532126465
0.534,0.6414387293829944,-0.10743872938299437
0.467,0.5248524408647859,-0.05785244086478586
0.4,0.34172541687427005,0.05827458312572997
0.433,0.5555485887867044,-0.12254858878670444
0.725,1.0214182684800797,-0.2964182684800797
0.875,1.201169857124274,-0.32616985712427393
0.612,0.6020445666887828,0.009955433311217177
0.62,0.7136849772540859,-0.09368497725408587
0.917,1.2118603666336003,-0.29486036663360027
1.078,1.1504440539884637,-0.07244405398846365
1.135,0.9658675315130758,0.1691324684869242
0.586,0.4892482542169776,0.09675174578302237
0.664,0.7248686762131802,-0.06086867621318015
0.622,0.5554281415848528,0.06657185841514723
0.637,0.4636647496444113,0.17333525035558872
0.694,0.4517406601556839,0.24225933984431602
0.606,0.6985774206707478,-0.09257742067074781
0.96,1.3700537325473185,-0.4100537325473186
0.808,1.1444428609397772,-0.33644286093977716
0.708,1.131623912494436,-0.4236239124944361
0.707,0.8884117089466799,-0.1814117089466799
1.43,2.02065451624065,-0.5906545162406502
1.072,1.4180012364419448,-0.3460012364419447
0.603,0.5540283250267302,0.04897167497326982
0.664,0.588295899257391,0.07570410074260903
0.675,0.44767994549278134,0.2273200545072187
1.0,1.534220754162646,-0.534220754162646
1.463,2.2898492393738303,-0.8268492393738303
1.138,0.9313848869756409,0.20661511302435898
0.743,0.7172281916265528,0.02577180837344717
0.809,0.4651859345526539,0.34381406544734616
0.711,1.2935344667675883,-0.5825344667675884
0.658,0.7140906949814703,-0.056090694981470235
0.675,0.6472196706939775,0.02778032930602259
0.686,0.6773436162620601,0.008656383737939977
0.623,1.2530856145468179,-0.6300856145468179
0.635,0.5592964683567367,0.07570353164326327
0.611,0.7760452622504748,-0.16504526225047478
0.675,1.351582279927185,-0.676582279927185
0.908,1.761185101642798,-0.8531851016427979
0.832,1.3496762811138217,-0.5176762811138217
1.028,1.1043016327200732,-0.07630163272007318
1.25,1.158858455019633,0.09114154498036697
0.552,0.7661904753499993,-0.21419047534999924
0.938,0.9182357217789621,0.01976427822103788
0.875,1.0891619915620137,-0.21416199156201365
1.125,0.45531244740431354,0.6696875525956865
0.963,1.4841976396542842,-0.5211976396542842
0.675,1.0028726624645132,-0.3278726624645132
0.875,1.2067756984094467,-0.33177569840944665
0.699,0.6141948286133454,0.08480517138665455
0.726,0.3885899258937766,0.33741007410622337
0.938,0.6828159947042012,0.25518400529579877
0.885,0.8398874167781689,0.04511258322183109
0.792,0.6776104890369692,0.11438951096303085
0.612,0.47309670167270435,0.13890329832729564
0.631,0.8250239595429805,-0.19402395954298046
1.425,1.1788851530226652,0.24611484697733488
0.61,0.6967856844495972,-0.08678568444959722
0.536,0.47624406095893046,0.05975593904106957
0.561,0.6762598201698511,-0.11525982016985103
0.604,0.40369099540610165,0.20030900459389833
0.596,0.5395788806208262,0.05642111937917382
0.686,1.7849211076393876,-1.0989211076393874
0.639,0.9177869159752681,-0.27878691597526806
0.594,0.6196212400689358,-0.025621240068935847
0.694,0.4703286919231926,0.22367130807680735
0.583,0.555696013935902,0.027303986064098007
0.762,1.2620502786157939,-0.5000502786157939
0.625,0.5055489724406126,0.11945102755938741
0.681,0.7906474133679473,-0.10964741336794726
0.708,1.3105400191317238,-0.6025400191317238
0.862,1.8073025943896814,-0.9453025943896814
0.996,1.8580011438142754,-0.8620011438142754
0.762,1.155038930718829,-0.3930389307188289
0.843,0.9052670553205182,-0.06226705532051824
1.101,2.0218372482511255,-0.9208372482511256
1.599,2.1873545359706434,-0.5883545359706435
0.644,0.6371098707779344,0.006890129222065666
0.736,1.3915747445569955,-0.6555747445569955
0.864,1.4496133236624889,-0.5856133236624889
0.972,2.3145212018134647,-1.3425212018134647
0.875,1.5724786618766615,-0.6974786618766615
1.403,1.56636026040495,-0.16336026040495
0.944,0.9934102574718953,-0.049410257471895314
0.64,0.5462719054116165,0.09372809458838349
0.958,0.39849687984924786,0.5595031201507521
0.701,0.4896830648909245,0.21131693510907545
0.731,0.4709926431043565,0.26000735689564347
0.912,0.7075656400246046,0.20443435997539539
0.884,0.5282674129903067,0.35573258700969335
0.755,0.921378614114241,-0.16637861411424104
0.847,0.5318958737721347,0.3151041262278653
0.727,0.8493269170850875,-0.12232691708508747
0.677,0.5413374762588004,0.1356625237411997
0.813,0.8647942750806226,-0.05179427508062262
0.513,0.48896344504820366,0.02403655495179635
0.325,1.8874475351204791,-1.5624475351204792
0.439,0.902991826904183,-0.463991826904183
0.575,0.6858139809179673,-0.11081398091796735
0.628,1.2201343185913225,-0.5921343185913225
0.543,0.8978044519208588,-0.35480445192085874
0.588,0.9611077125581833,-0.3731077125581833
0.538,0.2846566456811943,0.2533433543188057
0.675,0.06741719665551571,0.6075828033444843
0.628,0.515640921293304,0.11235907870669604
0.544,0.4630833047436793,0.08091669525632073
0.538,0.674964174958872,-0.13696417495887192
0.475,1.7860823241472779,-1.3110823241472778
0.592,-0.05076028813595279,0.6427602881359528
0.575,1.467137102726977,-0.8921371027269771
0.5,0.6629466572659397,-0.1629466572659397
0.3,0.6845842412203069,-0.38458424122030693
0.25,0.23691293681889913,0.013087063181100866
0.561,0.15032272039947792,0.41067727960052214
0.45,-0.14040629005395378,0.5904062900539537
0.44,0.07252306253073937,0.36747693746926063
1.083,-0.11856084086153951,1.2015608408615395
1.415,0.7329810612696523,0.6820189387303477
1.66,0.5217141406181178,1.138285859381882
1.188,0.44637880335291835,0.7416211966470816
1.397,0.9084324820844922,0.4885675179155078
1.804,0.8793529129921946,0.9246470870078054
0.544,-0.12030171301201698,0.664301713012017
1.161,0.1682301945927489,0.9927698054072511
1.058,0.009692783866289023,1.048307216133711
0.984,0.29851867992393055,0.6854813200760694
0.945,0.28935227759459003,0.6556477224054099
1.375,-0.07548446692393584,1.4504844669239358
0.806,0.4155054049412259,0.39049459505877415
0.742,0.3110087878522505,0.4309912121477495
1.047,0.33708640940101775,0.7099135905989822
0.455,0.32106423288591035,0.13393576711408967
0.14999,0.18709982215336218,-0.03710982215336217
0.329,-0.5088047614026774,0.8378047614026773
0.649,1.5534807306374452,-0.9044807306374452
0.624,1.547508373619051,-0.9235083736190509
0.679,1.4588590980475964,-0.7798590980475963
0.871,1.8616445558718058,-0.9906445558718058
0.77,1.4041912638086895,-0.6341912638086895
0.844,1.9205298761420555,-1.0765298761420556
0.707,1.6413305706758503,-0.9343305706758503
0.672,1.3423756732880558,-0.6703756732880558
0.574,1.1673359855281285,-0.5933359855281285
0.526,1.0413491454280672,-0.5153491454280672
0.546,1.1709719146772677,-0.6249719146772676
0.543,1.2440600198028386,-0.7010600198028386
0.547,1.3108986924613364,-0.7638986924613363
0.57,1.6155824634473883,-1.0455824634473885
0.632,1.32248065032589,-0.6904806503258899
0.67,1.1023634867283467,-0.4323634867283467
0.519,1.2888365380975806,-0.7698365380975806
0.532,1.3485247917394336,-0.8165247917394336
0.694,1.5228529197941625,-0.8288529197941625
0.514,1.0383521225326025,-0.5243521225326024
0.635,1.336263450144724,-0.7012634501447239
0.675,0.8775425124755767,-0.20254251247557664
1.32,2.2712716399157005,-0.9512716399157004
1.076,1.3689058965710292,-0.29290589657102917
1.306,2.3748560295950267,-1.0688560295950267
2.0,4.846123091771957,-2.8461230917719567
2.375,2.123319971894056,0.25168002810594414
1.264,1.7228160682499558,-0.4588160682499558
1.322,2.3746010940713544,-1.0526010940713544
0.446,0.924943913177239,-0.478943913177239
0.594,1.1572695828371653,-0.5632695828371653
0.506,1.1107841731671952,-0.6047841731671952
0.6,0.9681717380679431,-0.3681717380679431
0.904,2.033019179311718,-1.129019179311718
0.846,1.8736687970732036,-1.0276687970732037
0.939,2.17647336063733,-1.2374733606373298
0.794,1.9415863203409136,-1.1475863203409136
0.721,1.6804784790005498,-0.9594784790005498
0.855,1.9017712155677056,-1.0467712155677056
0.762,1.5665445070104904,-0.8045445070104904
0.698,1.5267753224989624,-0.8287753224989625
0.731,1.5533000130908694,-0.8223000130908694
0.766,1.7003962824953724,-0.9343962824953724
0.945,1.9040219555366036,-0.9590219555366036
0.89,1.5643141667236666,-0.6743141667236666
0.871,1.5104476999750776,-0.6394476999750776
1.017,1.7468645684628454,-0.7298645684628455
0.891,1.6057713838243086,-0.7147713838243086
0.79,1.531069574227978,-0.741069574227978
0.929,1.7654040907227608,-0.8364040907227608
0.952,1.7564823787038952,-0.8044823787038953
0.856,1.6027726838025576,-0.7467726838025576
0.87,1.7240916890869817,-0.8540916890869817
0.831,1.7926993501935136,-0.9616993501935136
0.706,1.860163310976657,-1.1541633109766571
0.995,1.7550013237481168,-0.7600013237481168
1.046,1.7899705534595567,-0.7439705534595566
1.391,2.3676642522999742,-0.9766642522999742
1.941,3.158546615653834,-1.217546615653834
1.008,1.3275319011812186,-0.31953190118121855
1.43,2.6635514575629977,-1.2335514575629978
1.13,1.165132669766546,-0.035132669766546165
0.87,1.5065453197389782,-0.6365453197389782
0.676,1.625595051065521,-0.949595051065521
1.053,0.9970828921191661,0.055917107880833816
0.757,1.1646039039174612,-0.40760390391746115
0.628,1.3768554862741844,-0.7488554862741844
0.576,1.1930200251148415,-0.6170200251148416
0.597,1.0377074194374107,-0.44070741943741076
0.613,1.2388376861004287,-0.6258376861004287
0.574,1.5900456197333348,-1.016045619733335
0.554,1.0837501482031122,-0.5297501482031122
0.524,1.1725689889549145,-0.6485689889549144
0.543,1.0092487297387156,-0.46624872973871556
0.595,1.5095736087253107,-0.9145736087253107
0.468,1.1294570819110867,-0.6614570819110868
0.5,0.9094799764646728,-0.4094799764646728
0.48,1.0066749765442993,-0.5266749765442993
0.58,1.281064856718018,-0.7010648567180181
0.575,0.9937255157734541,-0.4187255157734542
0.51,1.0243308184035242,-0.5143308184035242
0.575,0.9874626915219762,-0.41246269152197623
0.491,0.8897357001743185,-0.3987357001743185
0.548,0.9618843395011347,-0.4138843395011347
0.508,1.0831986415988817,-0.5751986415988817
0.494,0.7167496771814457,-0.22274967718144567
0.488,1.152479551262846,-0.6644795512628461
0.554,1.1800566387534606,-0.6260566387534605
0.701,1.553081313986488,-0.8520813139864881
0.507,0.9668065928038507,-0.4598065928038507
0.469,0.9086755402427737,-0.4396755402427738
0.555,1.4315513621820992,-0.8765513621820992
0.574,1.0437143146708907,-0.46971431467089075
0.581,1.1525072472435158,-0.5715072472435159
0.579,0.8251948570881322,-0.24619485708813227
0.425,1.262580294988129,-0.837580294988129
0.575,1.0705482275993847,-0.49554822759938477
0.675,0.9744258293568935,-0.29942582935689344
0.475,1.2237029727341768,-0.7487029727341769
0.66,1.1144629437693976,-0.45446294376939755
0.6,1.1223568643430617,-0.5223568643430617
0.638,1.1836097072714542,-0.5456097072714542
0.725,1.5051174233624567,-0.7801174233624567
0.844,1.2089242077202114,-0.3649242077202114
0.918,1.5940865758063774,-0.6760865758063773
1.471,1.565334102683678,-0.09433410268367792
1.266,1.362605496443302,-0.09660549644330207
0.827,1.6280484092116938,-0.8010484092116938
1.187,1.4312827181853915,-0.2442827181853915
0.669,1.155273975146606,-0.48627397514660586
0.847,1.7722949275406616,-0.9252949275406617
1.184,1.6760295368905107,-0.49202953689051077
1.107,2.113849029003863,-1.006849029003863
1.234,2.019235781909534,-0.7852357819095341
0.952,1.9587799123509062,-1.0067799123509062
0.723,1.5134223457431604,-0.7904223457431604
0.813,2.027148249495774,-1.2141482494957743
0.695,1.6988731767301948,-1.003873176730195
0.753,1.3981678899256411,-0.6451678899256411
0.616,1.2255505613271442,-0.6095505613271442
0.7,1.4741196472270301,-0.7741196472270302
0.737,1.5411748918533201,-0.8041748918533201
0.768,1.296434750666115,-0.5284347506661149
0.578,1.2008646892682928,-0.6228646892682929
0.607,1.0891277649522015,-0.48212776495220155
0.57,0.9499717136883705,-0.37997171368837057
0.516,0.7821483075610285,-0.2661483075610285
0.467,0.8750604300076552,-0.4080604300076552
0.436,0.9339848292256889,-0.49798482922568893
0.425,0.9851582296407293,-0.5601582296407293
0.487,0.986157398307208,-0.49915739830720807
0.486,1.2288632304971658,-0.7428632304971658
0.471,0.8687046123111837,-0.3977046123111837
0.494,1.0225114764801835,-0.5285114764801835
0.427,0.7441801761247915,-0.3171801761247915
0.478,0.6895663544386756,-0.21156635443867566
0.493,0.8804803108765249,-0.3874803108765249
0.762,1.4437179944183653,-0.6817179944183653
0.547,1.1976880894963218,-0.6506880894963217
0.534,1.228644883791068,-0.6946448837910679
0.54,1.4019001164608722,-0.8619001164608722
0.489,1.115691388421338,-0.626691388421338
0.467,0.9597543976301448,-0.4927543976301448
0.787,1.5785244248320192,-0.7915244248320191
0.332,1.0649623553159473,-0.7329623553159472
0.498,0.9949462818529882,-0.49694628185298817
0.529,1.1000938698221052,-0.5710938698221052
0.366,0.6871275092695961,-0.3211275092695961
0.621,1.361767821360988,-0.7407678213609881
0.456,0.8947319338754276,-0.4387319338754276
0.58,1.348650535387334,-0.768650535387334
0.637,1.7289111040423837,-1.0919111040423837
0.633,1.2352157909440113,-0.6022157909440113
0.579,1.3092563154105776,-0.7302563154105777
0.76,1.3433128806350734,-0.5833128806350734
0.658,1.352070051547188,-0.6940700515471879
0.719,1.4721235598537499,-0.7531235598537499
0.737,1.4941515997881998,-0.7571515997881998
0.73,1.4323937438564318,-0.7023937438564318
0.85,1.60858190431556,-0.75858190431556
0.699,1.376550194485904,-0.677550194485904
1.75,1.4520068470386256,0.2979931529613744
0.872,1.4633194867883654,-0.5913194867883654
1.062,1.873203630010543,-0.811203630010543
0.862,1.3032232901439302,-0.44122329014393025
1.341,2.2523456426903987,-0.9113456426903987
1.034,2.1986529917083963,-1.1646529917083963
1.31,1.9344971160696893,-0.6244971160696893
2.458,4.492309822353169,-2.034309822353169
1.763,3.128979053815029,-1.3659790538150292
2.241,3.521083076999533,-1.2800830769995328
1.185,2.3765595111072084,-1.1915595111072084
1.301,1.8227509987794606,-0.5217509987794606
1.703,2.7396345819543773,-1.0366345819543772
1.063,2.210083914097411,-1.1470839140974112
1.429,2.144140108123122,-0.7151401081231221
0.707,1.665954574574256,-0.9589545745742561
1.007,1.6342910621777813,-0.6272910621777814
0.828,1.7937637114881566,-0.9657637114881567
0.714,1.7316733995342255,-1.0176733995342255
0.847,1.2229737287000284,-0.37597372870002843
0.847,1.438198647692186,-0.591198647692186
0.685,1.6312414182818868,-0.9462414182818868
0.467,1.084515120261697,-0.6175151202616969
0.394,1.1478136355650341,-0.7538136355650341
0.538,1.2194480751991215,-0.6814480751991214
0.637,1.3503130461145605,-0.7133130461145605
0.658,1.521015024280573,-0.8630150242805729
0.565,1.0855301286340184,-0.5205301286340185
0.595,1.2456162074202277,-0.6506162074202277
0.562,1.5599031282553748,-0.9979031282553747
0.533,1.069734733768369,-0.5367347337683689
1.098,1.618519206248306,-0.5205192062483059
0.5,0.9888937311011743,-0.4888937311011743
0.936,1.6394868604872253,-0.7034868604872252
0.927,1.84367417526,-0.9166741752600001
1.002,1.2317586342685167,-0.22975863426851673
0.826,1.5860030457351446,-0.7600030457351447
0.882,1.8020689020459022,-0.9200689020459022
1.029,1.8303429550084689,-0.801342955008469
0.816,1.6205311821619721,-0.8045311821619722
0.7,1.3251019977662102,-0.6251019977662102
0.748,1.1138461533791908,-0.3658461533791908
0.809,1.7078399668226507,-0.8988399668226507
0.979,1.4132105115527445,-0.4342105115527445
1.182,2.225434912572981,-1.0434349125729812
0.65,1.4141940291855672,-0.7641940291855672
0.775,1.320611222539401,-0.5456112225394011
0.917,1.4149820552089067,-0.4979820552089067
1.5,0.9035547529081194,0.5964452470918806
1.139,1.9700467318993315,-0.8310467318993315
1.165,1.7838128650983753,-0.6188128650983753
1.235,1.927794121670542,-0.692794121670542
1.684,2.3199561604175627,-0.6359561604175628
1.482,1.699231824858224,-0.21723182485822412
1.283,2.093523611346318,-0.8105236113463179
0.521,1.7564140271915418,-1.235414027191542
0.3,1.8265321378571233,-1.5265321378571233
0.682,2.2573802439735093,-1.5753802439735094
0.579,1.7240489989738,-1.1450489989738
0.375,1.877260565088214,-1.502260565088214
0.529,1.625920744111783,-1.0969207441117828
0.508,1.8434999490176065,-1.3354999490176065
0.458,1.7612551239362357,-1.3032551239362358
0.883,2.0623856694121065,-1.1793856694121065
0.754,1.9108703103833753,-1.1568703103833753
0.266,1.6244511898083234,-1.3584511898083234
0.269,1.655788799691165,-1.386788799691165
0.638,1.9603827018587032,-1.3223827018587033
0.698,1.29924874533058,-0.6012487453305801
1.047,1.5594630332719612,-0.5124630332719613
0.969,1.9411657383137935,-0.9721657383137935
0.889,1.5643262744870807,-0.6753262744870807
0.943,1.99226921291603,-1.04926921291603
1.49,1.949734942905428,-0.45973494290542805
1.573,2.219505869321974,-0.6465058693219738
1.21,2.035587041208425,-0.8255870412084252
0.828,1.6261496952373953,-0.7981496952373953
1.462,2.086381791681534,-0.624381791681534
1.104,1.2842773455872116,-0.18027734558721153
0.375,1.5221399137572518,-1.1471399137572518
0.654,1.460783221415547,-0.8067832214155469
0.786,2.096706846389321,-1.310706846389321
0.611,1.6739495210692452,-1.0629495210692452
0.958,1.5750562393077796,-0.6170562393077796
0.658,1.393312308679207,-0.7353123086792069
0.586,1.136361649426671,-0.5503616494266711
0.521,1.0292973407761026,-0.5082973407761026
0.646,1.3283030884803313,-0.6823030884803313
0.588,1.2462873727741104,-0.6582873727741104
1.25,1.37592827924022,-0.1259282792402201
0.632,0.7008204693389106,-0.06882046933891062
0.719,1.3769944435973271,-0.6579944435973272
0.59,1.217896892233505,-0.627896892233505
0.605,1.0473970120502312,-0.4423970120502312
0.718,1.493453510559071,-0.775453510559071
0.541,1.027296737672614,-0.48629673767261405
0.475,1.4425292931132199,-0.9675292931132199
0.8,1.5241238325400106,-0.7241238325400106
1.563,1.2301674957616702,0.3328325042383298
0.598,0.9777240055318299,-0.37972400553182994
0.833,1.1721732889892182,-0.3391732889892183
0.585,1.2551258038644304,-0.6701258038644304
0.552,0.9690328112454922,-0.4170328112454922
0.547,1.1886108805028284,-0.6416108805028283
0.598,1.4101628658319143,-0.8121628658319143
0.565,1.0235190580649063,-0.45851905806490634
0.573,1.1092785568955874,-0.5362785568955875
0.521,1.0663726978632053,-0.5453726978632053
0.622,0.8425417691887742,-0.22054176918877422
0.699,1.2169406042118427,-0.5179406042118427
0.672,0.9454869789623119,-0.2734869789623119
0.621,1.202887009498228,-0.581887009498228
0.678,1.1123277026058318,-0.43432770260583176
0.725,1.2704248726494551,-0.5454248726494552
0.684,1.1214259703811424,-0.4374259703811424
0.84,1.8930255901407502,-1.0530255901407504
2.164,2.5462158568851594,-0.38221585688515924
0.825,1.2176803869992168,-0.3926803869992168
2.042,2.5961391177672084,-0.5541391177672086
0.923,0.8603350310216196,0.06266496897838048
0.675,0.5907398197526663,0.08426018024733373
0.96,1.038817032834483,-0.07881703283448305
0.812,0.8117441861029584,0.0002558138970416568
1.014,0.6894564287118976,0.3245435712881024
0.9,2.563487942385421,-1.6634879423854212
0.946,1.723653659120993,-0.777653659120993
0.594,0.6418771979508473,-0.04787719795084733
0.725,0.5154568847448635,0.20954311525513647
0.969,0.8076080472145368,0.16139195278546314
0.758,0.5333259521210929,0.2246740478789071
0.685,0.4796961421774937,0.20530385782250637
0.673,0.6240262595631034,0.04897374043689662
0.697,0.720242691996785,-0.02324269199678508
0.784,1.3965904465047259,-0.6125904465047258
0.55,1.211801720176203,-0.661801720176203
0.421,0.5627562604468004,-0.1417562604468004
0.72,0.7092742652268127,0.010725734773187279
0.819,0.9112545373907388,-0.09225453739073886
0.875,1.2110468485445436,-0.3360468485445436
1.094,1.755647586368617,-0.6616475863686169
0.957,1.610526638798148,-0.6535266387981481
1.157,1.8999286461794185,-0.7429286461794185
0.635,0.9653931768819635,-0.33039317688196346
1.053,1.903367341098897,-0.850367341098897
1.09,1.5865329648957416,-0.4965329648957415
0.719,0.9872530019985641,-0.26825300199856417
0.845,0.9375275556341329,-0.09252755563413295
1.028,1.848501863231971,-0.8205018632319709
0.702,1.0695882709535254,-0.3675882709535254
0.524,0.6586873180912587,-0.13468731809125867
0.832,1.1885640397215371,-0.35656403972153716
0.857,1.1657464890260534,-0.3087464890260534
0.872,1.3063117849097725,-0.4343117849097725
0.917,0.6364993957790226,0.28050060422097745
1.013,1.0946159208469801,-0.08161592084698022
1.425,1.6755812345476144,-0.2505812345476144
0.543,0.48008829057830926,0.06291170942169078
0.918,1.1752948146093503,-0.2572948146093502
0.98,1.6491589420709918,-0.6691589420709918
0.817,0.8462631937218716,-0.029263193721871694
0.508,0.7831079303288291,-0.2751079303288291
0.865,1.4753226915539783,-0.6103226915539783
0.718,1.3492864908585802,-0.6312864908585802
2.75,0.1305830682194551,2.619416931780545
1.375,1.006225572381318,0.36877442761868195
0.685,1.2281043670867842,-0.5431043670867841
0.819,1.1790200037716965,-0.3600200037716965
1.044,1.4854987092624472,-0.44149870926244716
1.417,1.7105962374811674,-0.29359623748116737
0.845,1.6165118132896197,-0.7715118132896197
0.878,0.9892653888678977,-0.11126538886789772
0.917,1.3253001797538064,-0.4083001797538064
1.3,1.2252115425031553,0.0747884574968447
0.549,1.3535984470762548,-0.8045984470762547
0.644,1.6939503284237007,-1.0499503284237006
0.398,0.9120210259789658,-0.5140210259789658
0.835,1.1178548573012839,-0.2828548573012839
0.879,1.201076804254016,-0.3220768042540161
1.111,2.0091566729739814,-0.8981566729739814
0.833,1.2640946458873012,-0.4310946458873013
0.733,0.938104682748494,-0.20510468274849403
0.689,1.3762681437086512,-0.6872681437086513
0.832,1.4878035065846458,-0.6558035065846458
0.568,1.0096821537856706,-0.44168215378567066
1.368,1.805563007137981,-0.4375630071379808
1.629,1.6406601340686293,-0.011660134068629313
0.79,0.9107427671289621,-0.12074276712896204
1.158,1.4679721229536957,-0.3099721229536958
1.372,1.432108585693554,-0.06010858569355393
1.208,1.7498386455843105,-0.5418386455843105
0.949,1.1757117262628825,-0.2267117262628825
0.855,1.408466514963025,-0.5534665149630251
0.998,1.2950481082258034,-0.2970481082258034
0.8,1.0446028239565033,-0.24460282395650323
0.679,0.9338246104034131,-0.2548246104034131
0.822,1.4253838953727098,-0.6033838953727099
0.945,1.8128710803054755,-0.8678710803054756
0.813,1.3374414442014184,-0.5244414442014185
1.063,1.1439512043106785,-0.08095120431067859
0.68,0.9864412639807907,-0.30644126398079063
0.539,1.1829581765708173,-0.6439581765708172
0.535,1.157485039867605,-0.6224850398676051
0.573,1.2265915683525952,-0.6535915683525952
0.512,1.0904908520784373,-0.5784908520784373
0.614,1.2085082389422541,-0.5945082389422541
0.546,1.1619966244298865,-0.6159966244298865
0.637,1.119526897283734,-0.482526897283734
0.455,1.1500593086383277,-0.6950593086383277
0.75,1.1835367557062315,-0.4335367557062315
0.942,1.50294696230789,-0.56094696230789
1.263,1.2799333885762962,-0.016933388576296338
1.031,1.4577093855584144,-0.42670938555841453
1.0,1.5734953593681604,-0.5734953593681604
1.014,1.2366785715500481,-0.2226785715500481
0.839,1.4138332107450877,-0.5748332107450878
1.063,1.039834364940637,0.023165635059362977
0.758,1.3822258448810478,-0.6242258448810478
0.925,1.7094774877525856,-0.7844774877525855
1.264,1.4922367993291021,-0.22823679932910212
0.691,1.2660664354704338,-0.5750664354704339
0.723,1.163094429081048,-0.4400944290810481
0.62,1.0917621805313023,-0.47176218053130226
0.666,1.1755079164802156,-0.5095079164802155
0.931,1.827891120408013,-0.896891120408013
1.042,1.778321129385132,-0.736321129385132
0.875,1.0155713429405795,-0.1405713429405795
1.125,1.4951749189221921,-0.3701749189221921
1.008,2.0834548912178317,-1.0754548912178317
1.075,2.161958124372634,-1.0869581243726338
0.561,1.528442824846229,-0.9674428248462289
1.125,1.4639884400593577,-0.3389884400593577
0.526,1.1929728349838487,-0.6669728349838486
0.435,1.4523245012419552,-1.0173245012419552
0.602,1.230607519718118,-0.6286075197181181
0.62,0.9781405728269168,-0.3581405728269168
1.188,1.9106262136195509,-0.7226262136195509
1.48,1.4721546639100875,0.007845336089912447
1.079,1.7806749232376906,-0.7016749232376907
0.855,1.3865501235389193,-0.5315501235389193
0.919,1.3674864681060666,-0.4484864681060665
0.974,1.9977988950754073,-1.0237988950754073
0.904,1.630814869738562,-0.726814869738562
0.906,1.7240044470964717,-0.8180044470964717
0.803,1.0489620923498875,-0.24596209234988742
0.702,1.2627480469858479,-0.5607480469858479
0.714,1.5625204716602785,-0.8485204716602786
0.675,0.7802488301748687,-0.10524883017486864
0.615,1.4124519089731034,-0.7974519089731034
0.61,1.1248101714197931,-0.5148101714197931
0.597,1.301750710866304,-0.704750710866304
0.672,1.0666792364353759,-0.39467923643537584
0.761,1.608579130034666,-0.8475791300346659
0.567,1.0151250947479464,-0.4481250947479465
0.517,0.9656142287827605,-0.44861422878276047
0.591,1.3740588372713607,-0.7830588372713607
0.538,1.023095418792954,-0.4850954187929539
1.208,0.8876273785447604,0.3203726214552396
0.817,1.2972447173484196,-0.48024471734841967
0.928,1.7222798503546026,-0.7942798503546026
0.581,0.6734022166595506,-0.09240221665955062
0.568,1.1565359528124355,-0.5885359528124355
0.544,1.2829328367549682,-0.7389328367549681
0.606,1.2644693033227223,-0.6584693033227224
0.705,1.4172823375758554,-0.7122823375758555
0.504,0.7306819181189725,-0.22668191811897254
0.431,0.8248875233413335,-0.39388752334133353
0.534,1.0942688313485056,-0.5602688313485056
0.501,0.8177955148619922,-0.3167955148619922
0.463,0.8858773262889201,-0.4228773262889201
0.974,1.0600163198967878,-0.08601631989678782
0.941,1.1834283263821317,-0.24242832638213174
1.0,1.1959982464360888,-0.19599824643608876
0.5,1.218565312635762,-0.7185653126357621
0.532,1.0490009660021822,-0.5170009660021821
0.465,0.7707433733068996,-0.30574337330689955
0.438,0.7914791103358498,-0.35347911033584983
0.508,1.1533528155950536,-0.6453528155950536
0.647,1.5798293420366345,-0.9328293420366345
0.523,0.9075179976580645,-0.3845179976580645
0.421,1.0755795742887873,-0.6545795742887872
0.616,1.0345934879653431,-0.4185934879653431
0.548,0.8881985523085005,-0.3401985523085005
0.688,1.7403336142123507,-1.0523336142123507
0.607,1.1268305091425699,-0.5198305091425699
0.613,1.2202695523632756,-0.6072695523632756
1.375,1.2298629219219013,0.14513707807809872
0.522,1.2145541394809793,-0.6925541394809793
1.0,0.8402891250020046,0.1597108749979954
0.477,1.3613268754121632,-0.8843268754121633
2.25,1.666975077170195,0.583024922829805
0.609,1.7469090002735408,-1.1379090002735408
0.485,1.49357391922128,-1.0085739192212801
0.439,1.4946596428264558,-1.0556596428264557
0.562,1.335101681668504,-0.7731016816685039
0.713,1.4210758403537307,-0.7080758403537307
0.625,1.7406079801016496,-1.1156079801016496
0.735,1.7601017476167007,-1.0251017476167008
0.989,2.10045777428111,-1.11145777428111
0.725,1.3091520696482202,-0.5841520696482202
0.683,2.4005327185779244,-1.7175327185779243
0.736,1.655194469078797,-0.919194469078797
1.063,1.2506483036423028,-0.1876483036423029
0.926,1.987600042061059,-1.061600042061059
1.375,1.6142142044485244,-0.23921420444852437
0.711,1.2206898027781357,-0.5096898027781357
1.432,1.178609467225362,0.25339053277463797
1.663,2.04873195446223,-0.3857319544622302
1.406,1.4662255808694609,-0.06022558086946095
1.641,1.7720536505923408,-0.13105365059234075
1.023,1.453368032853071,-0.430368032853071
1.003,1.1213995248631572,-0.1183995248631573
1.19,1.8091257414545896,-0.6191257414545897
0.935,1.7206950264930385,-0.7856950264930385
0.807,1.5865708629269983,-0.7795708629269983
0.95,2.358283272942148,-1.4082832729421482
0.958,0.9787884741794588,-0.020788474179458838
1.083,1.7070572388306369,-0.6240572388306369
0.865,1.0181489123967755,-0.15314891239677553
0.788,1.3042942980794994,-0.5162942980794993
0.947,1.0638071576697674,-0.11680715766976746
0.668,1.0174423123092395,-0.3494423123092395
0.65,1.0315717695662827,-0.3815717695662827
0.89,1.0271390138075995,-0.13713901380759952
1.089,1.3640754124565964,-0.2750754124565964
0.697,0.7132095236091174,-0.016209523609117427
1.125,1.375666737918824,-0.2506667379188241
1.115,1.345268823832785,-0.23026882383278502
0.724,1.4218893931789451,-0.6978893931789452
0.533,0.8876502102248776,-0.3546502102248775
1.094,1.0606750533306415,0.03332494666935859
1.625,1.2843270634441109,0.34067293655588915
1.347,1.3103401393329221,0.036659860667077826
0.759,1.1022506728147146,-0.34325067281471455
0.778,0.9705988552489446,-0.1925988552489446
1.097,1.4581942233527352,-0.3611942233527352
0.6,1.1033452185995931,-0.5033452185995931
0.64,1.203986998279326,-0.5639869982793261
0.588,1.1316884399450118,-0.5436884399450118
0.575,1.3215952942238514,-0.7465952942238514
0.713,1.916860940498477,-1.203860940498477
0.62,0.9590579979989793,-0.3390579979989793
0.69,1.2084146045592183,-0.5184146045592184
0.602,1.3373867664548182,-0.7353867664548183
0.632,1.3037757120785876,-0.6717757120785876
0.582,1.140164729640642,-0.5581647296406421
0.689,1.0053921898520448,-0.31639218985204487
0.773,0.8668103127786981,-0.09381031277869811
0.49,1.166945814304733,-0.6769458143047331
0.818,0.8336556671580961,-0.015655667158096187
0.55,1.0195899620910267,-0.46958996209102666
1.142,1.7497535325533087,-0.6077535325533088
2.005,2.0286227805886856,-0.02362278058868572
0.969,1.7374464369404747,-0.7684464369404748
0.973,1.4941099082321685,-0.5211099082321685
0.934,1.4923253189024763,-0.5583253189024763
0.55,1.4582196351714336,-0.9082196351714336
1.368,1.4309602984467003,-0.06296029844670015
0.885,1.139151062003978,-0.25415106200397797
1.139,0.875792281176162,0.263207718823838
0.778,1.1155606534783615,-0.3375606534783615
0.75,1.0176294558931402,-0.26762945589314024
1.342,1.6096178400988346,-0.2676178400988345
1.057,1.54937603331505,-0.49237603331505
0.938,1.1420743685281654,-0.2040743685281654
1.194,2.129777316616364,-0.9357773166163641
1.0,1.8403959555228901,-0.8403959555228901
0.966,1.4505202166207785,-0.4845202166207785
0.908,1.7836564101425574,-0.8756564101425574
1.125,1.0624364797843953,0.06256352021560474
0.75,1.2401710111272712,-0.49017101112727124
0.917,1.5570900277814133,-0.6400900277814132
0.847,1.0264626941617718,-0.17946269416177185
1.125,3.3398531548845605,-2.2148531548845605
0.735,0.9399062745170663,-0.20490627451706633
1.092,1.234181314722085,-0.14218131472208495
1.326,1.8845088825488072,-0.5585088825488072
1.321,1.753348500582904,-0.43234850058290397
1.031,1.671481862206659,-0.640481862206659
0.833,1.8545060093476526,-1.0215060093476527
0.679,1.6408436865937306,-0.9618436865937305
0.853,1.3371836296818431,-0.48418362968184314
0.896,1.6157963342783932,-0.7197963342783932
0.875,0.4580229340310493,0.4169770659689507
0.481,-0.14135514171609564,0.6223551417160956
0.592,-0.3213288527535738,0.9133288527535738
0.808,0.3474149899472767,0.46058501005272334
0.4,-0.6099102179186513,1.0099102179186512
2.0,0.38305839832654875,1.6169416016734512
1.183,0.3714093401852898,0.8115906598147102
0.783,0.246241541578053,0.536758458421947
0.641,0.05324646245772291,0.5877535375422771
0.495,0.18585512873693277,0.3091448712630672
0.859,0.19999329016941925,0.6590067098305807
0.715,-0.09123929672951592,0.8062392967295159
0.664,0.05212410525754363,0.6118758947424564
0.643,-0.12155335260591604,0.7645533526059161
0.702,0.14509800687220764,0.5569019931277923
0.593,-0.20519973926466228,0.7981997392646623
1.057,0.2864723723577658,0.7705276276422341
0.618,-0.3270150042492772,0.9450150042492772
0.856,-0.22944018431720803,1.085440184317208
0.7,-0.6177164349237918,1.3177164349237918
0.675,-0.9569242939612375,1.6319242939612375
0.91,0.15623722057269007,0.75376277942731
0.851,0.18167463710569565,0.6693253628943043
0.735,-0.40899410602556685,1.1439941060255667
0.476,-0.10124212396073418,0.5772421239607342
0.607,-0.44282780828555834,1.0498278082855583
2.761,2.944944449853621,-0.1839444498536209
2.13,2.5894590444279344,-0.4594590444279345
1.911,2.2597718597812673,-0.34877185978126723
1.845,2.095725185309736,-0.25072518530973587
1.919,2.5963401296553172,-0.6773401296553172
1.976,2.048859341082822,-0.07285934108282222
1.621,1.7192047694531862,-0.09820476945318624
1.75,1.5923962151482618,0.1576037848517382
1.615,1.6988580607950032,-0.08385806079500324
2.576,2.6050179192728793,-0.029017919272879222
2.619,2.301148558938833,0.31785144106116725
2.776,3.0825618052162884,-0.3065618052162886
2.301,2.431538401815641,-0.1305384018156408
1.958,2.464963005247449,-0.5069630052474492
2.636,2.3917668704711765,0.2442331295288236
3.169,2.7553489226491146,0.41365107735088547
1.767,1.9513853325454875,-0.1843853325454876
2.933,2.243930670959114,0.689069329040886
2.287,2.88388399182715,-0.5968839918271502
2.583,2.1738642693633934,0.4091357306366068
1.814,2.002819646233015,-0.18881964623301473
1.726,2.2052504008354563,-0.47925040083545634
2.199,2.6282544312546547,-0.4292544312546549
2.156,3.07385135371834,-0.9178513537183397
1.765,2.1268221674249244,-0.36182216742492446
1.859,2.3516332100717845,-0.4926332100717845
1.896,2.3768566590027156,-0.4808566590027157
1.603,1.9695969920496363,-0.36659699204963636
1.873,2.257353193298911,-0.3843531932989108
2.227,2.4401558998078943,-0.2131558998078944
2.482,2.328081796979161,0.15391820302083925
2.302,1.8704278036898803,0.4315721963101198
2.054,3.0864999430289837,-1.0324999430289838
3.149,2.6936161816491166,0.4553838183508834
3.544,3.0345033427392334,0.5094966572607666
3.78,3.2988001873964405,0.48119981260355926
2.006,1.9610291789716476,0.04497082102835215
1.973,2.5327625725765417,-0.5597625725765416
2.394,2.8988173402346797,-0.5048173402346796
2.171,2.2376161280974713,-0.06661612809747153
1.915,2.2896582684415643,-0.37465826844156425
1.662,2.241991187194905,-0.5799911871949051
1.663,2.3952271249505963,-0.7322271249505963
1.549,1.796076765235734,-0.24707676523573396
1.583,1.6116400158197344,-0.02864001581973441
1.476,1.9389694035755394,-0.4629694035755394
1.458,2.3272042256079946,-0.8692042256079946
1.5,2.267982507107228,-0.7679825071072282
1.467,2.1177488454047046,-0.6507488454047046
1.648,1.5780942625321743,0.06990573746782558
1.333,2.0098569534066866,-0.6768569534066866
1.443,1.722707300933375,-0.27970730093337504
1.343,1.397468437912548,-0.05446843791254796
1.313,1.9929079266441176,-0.6799079266441177
1.478,1.701009007298207,-0.22300900729820694
1.426,1.8063976620142412,-0.3803976620142413
1.568,2.404480811782994,-0.836480811782994
1.48,1.929962043571218,-0.44996204357121794
1.475,2.009177325555435,-0.5341773255554347
1.409,2.1606856043903857,-0.7516856043903857
1.472,2.090832636763709,-0.6188326367637091
1.396,2.0737897253655175,-0.6777897253655176
1.409,1.942070221348545,-0.533070221348545
1.481,2.164665804821005,-0.6836658048210047
1.431,1.8651890524506578,-0.43418905245065775
1.364,1.5115024278698108,-0.14750242786981071
1.361,1.6912665749908564,-0.33026657499085643
1.433,2.0778280223765853,-0.6448280223765852
1.386,2.299455119602764,-0.9134551196027643
1.379,1.8672908500122096,-0.4882908500122096
1.24,1.261495402602713,-0.021495402602712987
1.543,2.137485926316759,-0.5944859263167592
1.342,1.4112200654046325,-0.06922006540463244
1.375,1.3641430992199362,0.01085690078006385
1.431,1.7110106742952094,-0.2800106742952093
1.538,2.132387192558535,-0.5943871925585349
1.571,1.850804347419614,-0.27980434741961413
1.637,1.5727723883909985,0.06422761160900148
1.452,2.175971008654923,-0.7239710086549231
1.574,2.294210153584016,-0.7202101535840157
2.356,2.734591710760271,-0.3785917107602712
2.116,2.1257896486968524,-0.009789648696852282
1.632,2.0851871756960363,-0.4531871756960364
1.803,2.0461087718209967,-0.24310877182099677
2.034,2.5139675333758995,-0.4799675333758997
1.874,2.599310206226972,-0.7253102062269718
1.56,2.3216834471590273,-0.7616834471590272
1.543,2.1094613462936107,-0.5664613462936108
1.601,1.70278541166328,-0.10178541166327992
1.555,1.991689588653275,-0.4366895886532751
1.825,2.0511927435852426,-0.22619274358524266
1.894,2.1839643344872024,-0.2899643344872025
1.941,2.0484103648536274,-0.10741036485362732
1.731,2.348341600195526,-0.6173416001955261
1.585,2.225056243197348,-0.640056243197348
2.182,2.275975385795739,-0.09397538579573927
3.252,2.4134341131093353,0.8385658868906645
2.701,2.7941817070980033,-0.09318170709800322
1.724,1.8707079621047744,-0.14670796210477444
1.922,1.9690033002549754,-0.047003300254975455
1.833,1.8387373473582231,-0.005737347358223177
1.9,2.2942274188119214,-0.39422741881192147
4.318,4.223970649196858,0.09402935080314201
3.194,3.2860803518249084,-0.09208035182490848
2.855,3.2767515485378556,-0.42175154853785557
3.563,3.285250002007137,0.27774999799286304
3.74,3.6063371353070015,0.1336628646929987
3.44,3.4699806132689535,-0.029980613268953515
3.017,3.101955553784281,-0.08495555378428099
3.193,3.0992430463686427,0.09375695363135739
4.746,3.622878070869923,1.1231219291300776
4.507,3.961633257110347,0.5453667428896525
1.521,2.397103623228853,-0.876103623228853
1.602,2.0635192531155475,-0.4615192531155474
3.772,3.0957140370592313,0.6762859629407685
4.286,3.667878767479344,0.6181212325206555
5.00001,4.762593707271186,0.23741629272881326
3.762,3.7625495973452923,-0.000549597345292252
3.412,3.2321463553568703,0.17985364464312958
1.52,2.129936011610311,-0.6099360116103112
2.176,2.783572601847741,-0.6075726018477408
2.229,2.6518007648910054,-0.42280076489100527
2.271,2.7541434206656374,-0.48314342066563754
2.267,2.8961619956456865,-0.6291619956456866
1.924,1.5417227605025352,0.3822772394974647
2.206,2.8921401407018346,-0.6861401407018346
2.237,2.6107395640829174,-0.3737395640829173
2.168,2.5894522435753973,-0.4214522435753971
1.858,2.085090482526252,-0.22709048252625186
1.959,2.730405729540812,-0.7714057295408119
1.797,2.4995743450292034,-0.7025743450292035
1.723,1.7091817879111537,0.013818212088846371
1.581,2.161077167189922,-0.5800771671899221
1.424,2.0380468577597584,-0.6140468577597584
1.956,2.5676907519872367,-0.6116907519872368
2.046,2.4022724531237167,-0.3562724531237169
2.096,2.2897375400894235,-0.19373754008942345
2.103,2.6755454884310668,-0.5725454884310666
2.171,2.637339249533823,-0.466339249533823
2.242,2.342853534185129,-0.10085353418512888
2.086,2.0844174333065197,0.0015825666934801141
1.992,2.269299505570336,-0.277299505570336
2.184,2.9030902973708317,-0.7190902973708315
2.38,2.9430851095993393,-0.5630851095993394
2.399,2.40689395271221,-0.007893952712210162
1.957,2.40092454092942,-0.44392454092942013
1.953,2.809578735275117,-0.8565787352751169
2.169,2.681816915247543,-0.512816915247543
2.233,2.700575274692717,-0.4675752746927171
2.329,2.3668997225518416,-0.037899722551841375
2.259,2.8397024240567705,-0.5807024240567706
2.362,2.424068168418172,-0.062068168418171865
2.216,2.579164683810262,-0.363164683810262
2.438,2.734777158996645,-0.2967771589966448
3.796,3.696820235862092,0.09917976413790797
2.225,2.310758005133886,-0.08575800513388598
2.521,2.3102890432059326,0.21071095679406726
2.712,2.8770971955634144,-0.16509719556341418
3.292,2.7129568181923798,0.57904318180762
3.084,3.809565238184243,-0.725565238184243
3.118,2.768049012828693,0.3499509871713067
3.482,3.139933173611877,0.34206682638812325
3.205,2.8447699788375864,0.36023002116241365
5.00001,4.833504384643155,0.1665056153568445
4.454,3.7374516357972745,0.7165483642027253
3.528,3.735546086721576,-0.20754608672157593
2.373,2.5695517073464202,-0.19655170734642002
2.542,2.1614673203376293,0.3805326796623705
3.325,2.7043813782346042,0.620618621765396
2.909,2.3973718366045937,0.5116281633954061
2.613,2.043732061864353,0.5692679381356469
2.58,2.5741204705841674,0.005879529415832696
5.00001,4.216005778100225,0.7840042218997745
3.571,3.3071074286435485,0.2638925713564517
3.759,2.9339464193721456,0.8250535806278543
2.772,2.4521645431891157,0.3198354568108841
2.621,2.9800689496038526,-0.3590689496038526
2.715,2.795415559272035,-0.08041555927203525
2.766,2.753650382934747,0.01234961706525306
2.776,3.1743873816017874,-0.39838738160178755
3.337,3.3374370351883864,-0.00043703518838622557
3.5,2.9896002728573694,0.5103997271426306
3.273,3.023936994512717,0.2490630054872831
3.337,3.4855409802659567,-0.14854098026595652
2.303,2.001319258350279,0.3016807416497209
2.545,1.8106746546071806,0.7343253453928194
5.00001,3.9407473351833944,1.0592626648166052
5.00001,3.6884178507545293,1.3115921492454703
2.731,2.8431801178692435,-0.11218011786924365
2.369,1.9205813982637747,0.4484186017362255
1.933,2.0758077186799424,-0.14280771867994235
4.199,3.957547441950492,0.24145255804950772
2.808,2.7225988940892183,0.08540110591078154
2.484,2.873579043967687,-0.38957904396768717
2.218,2.571890416028188,-0.35389041602818816
2.219,2.62915944352319,-0.41015944352319034
2.302,2.3166223188003765,-0.014622318800376455
1.688,2.0387718470401297,-0.35077184704012976
2.349,2.603308311520847,-0.2543083115208469
2.304,2.6317648033627865,-0.3277648033627867
2.29,2.2813409444550987,0.008659055544901317
5.00001,4.0095306283030805,0.9904793716969191
4.835,3.9617194905210797,0.8732805094789202
4.772,3.4727586035065903,1.29924139649341
4.185,1.823503953852063,2.361496046147937
4.722,4.008645682139818,0.7133543178601824
3.231,1.9873221270381491,1.2436778729618507
2.64,1.9354972551222733,0.7045027448777268
2.753,1.8688706490256135,0.8841293509743866
2.329,2.4022555330914726,-0.07325553309147237
2.304,2.0275997527356617,0.2764002472643381
3.222,3.00835619830228,0.21364380169772001
4.075,2.302116147664177,1.772883852335823
2.451,1.7847799671724798,0.6662200328275203
4.544,2.5777835982502726,1.966216401749727
3.181,1.9336043659167892,1.2473956340832109
2.4,1.9579361527032508,0.4420638472967491
2.116,2.226255184927996,-0.11025518492799602
2.414,2.2960469826517613,0.11795301734823882
2.123,2.7596553168640146,-0.6366553168640143
1.707,2.039233552163348,-0.3322335521633477
2.389,2.3112515197591446,0.07774848024085523
2.554,1.5499351622328528,1.004064837767147
2.676,3.2666760490998046,-0.5906760490998044
2.539,2.5631350067694902,-0.024135006769490097
2.442,2.738250558477631,-0.29625055847763093
2.623,3.060918704875875,-0.4379187048758748
2.411,2.5098948598929116,-0.09889485989291158
2.573,3.0525336063342614,-0.47953360633426145
3.153,2.9825738087899376,0.17042619121006242
3.19,2.393822235906975,0.796177764093025
2.423,2.66321518579031,-0.24021518579030987
2.382,2.6405088069264067,-0.25850880692640654
1.6,1.7118801749691124,-0.11188017496911229
2.586,2.4744409502750297,0.1115590497249701
2.731,3.1714603348650483,-0.44046033486504843
2.399,2.5082500775221086,-0.10925007752210858
1.694,1.789077322094405,-0.095077322094405
1.546,1.8305268839311464,-0.28452688393114633
1.519,2.1627211445748142,-0.6437211445748143
1.838,2.542528346964419,-0.7045283469644188
1.714,2.309411797425652,-0.5954117974256521
1.772,2.469780204720739,-0.6977802047207391
1.792,2.48865520750895,-0.69665520750895
1.759,1.9150932412536439,-0.156093241253644
1.651,2.256303899347924,-0.6053038993479241
1.539,2.278552612073088,-0.7395526120730882
1.593,2.132332358969523,-0.5393323589695229
1.743,2.8403028572722246,-1.0973028572722245
1.76,2.127448919038445,-0.3674489190384451
1.625,2.2835075702945993,-0.6585075702945993
1.365,1.912220988873091,-0.547220988873091
1.576,1.5780877496438706,-0.0020877496438704846
2.059,1.735704961765358,0.32329503823464223
1.737,2.6420526546471055,-0.9050526546471054
1.787,2.086466144274048,-0.29946614427404805
1.825,2.4562122218338445,-0.6312122218338445
1.84,2.2562018488045963,-0.4162018488045962
1.782,2.1051859290498145,-0.32318592904981447
1.867,2.921092110252131,-1.0540921102521308
2.33,2.7439804615769914,-0.4139804615769913
1.815,2.431025717652413,-0.6160257176524131
1.838,2.5522503183652465,-0.7142503183652464
1.89,2.4239134033928846,-0.5339134033928847
1.765,1.964420713342095,-0.1994207133420951
1.737,2.3045070733600967,-0.5675070733600966
1.727,2.2482550661351457,-0.5212550661351456
1.831,2.367897954219381,-0.536897954219381
1.846,2.184710994429797,-0.338710994429797
1.838,2.2638507643313193,-0.4258507643313192
1.782,2.0939704359250184,-0.3119704359250184
1.818,2.54358069840387,-0.7255806984038697
1.707,1.8375634316277543,-0.1305634316277542
1.682,2.369582678183568,-0.6875826781835679
1.844,1.9225448470572621,-0.07854484705726206
1.83,1.5549479374602135,0.27505206253978653
1.837,1.7671974719209613,0.06980252807903864
1.857,1.7042466256964446,0.1527533743035554
1.454,1.6605621435351214,-0.20656214353512148
1.788,2.118343562537605,-0.3303435625376048
1.851,2.678548962122183,-0.827548962122183
1.686,1.9062541384841287,-0.22025413848412878
1.686,1.9405577127852969,-0.25455771278529693
2.337,2.331643025283691,0.0053569747163093595
1.755,1.670357923615565,0.08464207638443488
1.873,2.1669633183618697,-0.29396331836186973
1.863,2.1227212087943452,-0.25972120879434524
1.915,1.8290358130719147,0.08596418692808538
1.932,2.291002711648423,-0.3590027116484231
1.813,2.6736557032388726,-0.8606557032388726
1.838,2.157071479285604,-0.31907147928560375
1.9,2.2414375339973036,-0.3414375339973037
2.315,2.6240651818826297,-0.30906518188262977
2.292,2.315882822682297,-0.023882822682297355
1.646,2.0841170479371085,-0.4381170479371086
1.515,2.0034868953552705,-0.48848689535527057
1.583,1.4853758299890405,0.09762417001095947
1.795,2.6273071637730814,-0.8323071637730814
1.819,1.7505076438044855,0.06849235619551441
1.616,1.6078921685280212,0.00810783147197891
1.727,2.3442421320057902,-0.6172421320057901
2.105,2.8026419492573917,-0.6976419492573918
2.399,2.8380090823934836,-0.4390090823934836
1.652,2.1857642312895975,-0.5337642312895976
1.868,2.6807999529828845,-0.8127999529828844
1.785,2.1728111976691538,-0.38781119766915384
1.724,1.6820312045004024,0.04196879549959753
1.777,1.5914964937024387,0.18550350629756118
1.706,2.164447678080803,-0.4584476780808031
1.791,1.9340890286104329,-0.14308902861043293
1.986,2.325195769434252,-0.3391957694342522
2.374,2.6821016485027305,-0.30810164850273036
1.875,1.2685970269548141,0.6064029730451859
2.073,2.923783390079601,-0.8507833900796009
1.764,1.9778634867889073,-0.21386348678890732
1.766,2.412635094810055,-0.6466350948100548
1.757,2.2354983265490422,-0.47849832654904234
1.741,1.6998349204408876,0.04116507955911253
1.5,1.607988430031666,-0.10798843003166603
1.832,1.7414918476360026,0.09050815236399745
1.603,2.2180227316233365,-0.6150227316233365
1.543,1.9401997306633996,-0.39719973066339964
1.529,1.3868993834373406,0.14210061656265927
1.695,2.2243173254951802,-0.5293173254951802
1.817,1.8814642979396252,-0.06446429793962527
1.772,1.5045348480754088,0.2674651519245912
1.596,2.200277191173518,-0.6042771911735181
1.718,1.9443938259590505,-0.22639382595905055
1.712,1.6975483482790557,0.014451651720944314
1.704,1.781203029775377,-0.07720302977537696
1.764,2.1747703344009284,-0.41077033440092836
1.887,1.983478344832473,-0.09647834483247308
1.949,1.9147958033298325,0.03420419667016761
1.989,2.0359746009855746,-0.04697460098557449
1.851,1.7224782111410137,0.12852178885898624
1.92,2.009314341385722,-0.08931434138572225
1.625,1.5940395060558443,0.030960493944155676
1.813,1.5600992170968748,0.2529007829031251
1.716,1.660873071953509,0.055126928046491
1.763,1.7305489805690062,0.03245101943099371
1.875,1.7417309190238122,0.13326908097618784
2.119,2.0651229186002604,0.05387708139973979
1.813,2.231958212931594,-0.41895821293159385
2.264,1.8718871314505678,0.39211286854943195
1.913,2.0072327860524797,-0.09423278605247964
2.0,2.3935459336274953,-0.39354593362749535
2.172,2.1255200223429123,0.04647997765708789
2.215,1.4556369597876535,0.7593630402123464
1.938,2.2919040563597615,-0.3539040563597615
2.225,2.018664394093574,0.20633560590642608
2.317,1.6067313051770493,0.7102686948229509
2.901,1.8923749874379676,1.0086250125620322
2.697,1.5789717279940927,1.1180282720059074
2.308,1.7750255528010426,0.5329744471989573
2.256,1.9299076702143871,0.32609232978561264
3.355,2.1614573372505257,1.1935426627494743
2.022,2.107057430984846,-0.08505743098484642
2.675,2.346739770886343,0.3282602291136567
2.822,2.2331648324581055,0.5888351675418946
3.824,2.9014411184973805,0.9225588815026193
1.907,2.2318385585181364,-0.32483855851813637
2.379,2.658426892583427,-0.2794268925834271
2.622,1.9271572664553678,0.6948427335446321
2.246,1.8149244697099793,0.43107553029002066
2.167,2.365161712244985,-0.19816171224498502
2.618,2.1384989940747525,0.47950100592524736
3.127,2.1765196067849972,0.9504803932150026
2.86,2.0651338759660853,0.7948661240339145
2.042,1.8837064279069984,0.15829357209300143
2.402,1.8625005531523138,0.5394994468476864
2.415,2.0168152092125675,0.3981847907874325
2.238,2.0541906082931423,0.18380939170685773
1.929,1.6126581241395526,0.3163418758604475
3.647,1.7000136850085226,1.9469863149914772
3.847,2.2399063467263,1.6070936532737
3.647,2.4632458690295196,1.1837541309704802
4.658,3.1821620624170097,1.4758379375829906
3.309,2.6256212491893582,0.6833787508106419
1.815,1.8197885682336439,-0.004788568233643931
1.908,2.042252514182872,-0.13425251418287187
1.653,1.5868255824357345,0.06617441756426556
2.0,1.7414341922336374,0.2585658077663626
2.385,1.9449615600562438,0.440038439943756
2.224,2.2169408360773337,0.007059163922666478
1.902,1.8935901570181273,0.00840984298187264
1.784,2.2403856359290573,-0.45638563592905723
1.864,2.049984901502929,-0.1859849015029289
1.774,1.4816169834207917,0.2923830165792083
1.773,1.9408213106949206,-0.16782131069492068
1.742,1.7905903000190717,-0.04859030001907172
2.0,1.6961605620929021,0.3038394379070979
1.995,1.7185977471944804,0.27640225280551967
1.918,2.095485215016028,-0.1774852150160282
2.761,2.336549964475503,0.42445003552449734
3.661,2.1533076811446183,1.5076923188553817
2.917,2.425420223732933,0.49157977626706684
2.929,2.0812931886308745,0.8477068113691253
3.418,2.8463220431492333,0.5716779568507668
3.369,3.049220871607214,0.3197791283927862
3.536,2.3056440400558635,1.2303559599441365
3.434,2.176471304854113,1.2575286951458873
3.339,2.4710753952069537,0.8679246047930462
3.65,2.782180614920129,0.867819385079871
3.597,3.0604922400462335,0.5365077599537664
3.679,2.2513178700520435,1.4276821299479563
2.75,2.33315566718914,0.41684433281086
3.861,2.068608595277115,1.7923914047228853
2.692,1.6037342216527413,1.088265778347259
2.215,1.9930848252794688,0.22191517472053102
2.836,2.0176999749313076,0.8183000250686923
2.652,1.9594389358374027,0.6925610641625974
4.143,2.8021664340708163,1.3408335659291835
4.447,2.8373202799085497,1.6096797200914503
1.923,1.9098287557497589,0.013171244250241188
3.094,2.150807395743806,0.9431926042561938
3.194,2.1986932421444902,0.9953067578555097
1.941,1.7480213314507609,0.19297866854923917
1.854,1.597147386450401,0.256852613549599
1.844,1.788476898530706,0.05552310146929407
2.214,1.5180831949719078,0.6959168050280922
3.25,0.9190470226700271,2.330952977329973
2.5,1.6570479107703142,0.8429520892296858
2.25,2.0565883712327993,0.19341162876720075
2.625,2.1474392664420834,0.4775607335579166
2.823,2.4906698959008597,0.3323301040991402
2.743,1.7968518731338134,0.9461481268661864
3.25,2.358646054946253,0.8913539450537469
2.324,2.0601943805804064,0.26380561941959346
2.094,1.864491272275055,0.2295087277249448
3.229,2.8340080783240804,0.3949919216759197
4.179,2.469971466574525,1.7090285334254753
5.00001,2.260134428460974,2.7398755715390255
1.405,1.8486319683895467,-0.44363196838954666
2.265,2.3272702767106925,-0.06227027671069241
2.413,1.86462162583081,0.5483783741691899
2.212,1.9319598688982542,0.28004013110174597
1.956,1.6466514034139246,0.3093485965860754
2.021,1.8928391348941878,0.12816086510581215
2.027,2.0323907578277303,-0.0053907578277301305
1.869,2.07050874297931,-0.20150874297930987
2.2,1.9266233869882583,0.2733766130117419
2.291,1.87693657606472,0.41406342393527984
1.974,2.0629707149244907,-0.08897071492449071
1.899,1.9022254698664884,-0.0032254698664884174
0.938,1.6421684952611002,-0.7041684952611003
2.25,1.3496296425254983,0.9003703574745017
2.02,1.9802288474008558,0.03977115259914421
2.158,2.797802197754961,-0.6398021977549613
2.177,2.312670428662785,-0.135670428662785
2.554,1.5874316495390954,0.9665683504609044
1.917,1.828272672953422,0.08872732704657804
2.211,1.8502782366805537,0.36072176331944616
2.104,2.278312748930613,-0.1743127489306131
2.817,1.9117019561446336,0.9052980438553666
2.929,2.3510353212406385,0.5779646787593613
1.905,1.7427309275802025,0.1622690724197975
2.308,1.6973403096057234,0.6106596903942765
2.056,1.938745130775812,0.11725486922418815
1.922,1.7262628808955571,0.1957371191044428
2.335,1.7989249083202892,0.5360750916797108
2.563,3.2114638691867836,-0.6484638691867834
2.381,1.8996579245336798,0.48134207546632
2.349,1.8341260254712095,0.5148739745287907
2.256,1.7752437934327252,0.4807562065672746
2.325,1.8698764600710185,0.4551235399289817
2.455,2.3029550898214506,0.15204491017854949
2.436,2.805717129250084,-0.36971712925008404
2.155,1.7360836747869435,0.41891632521305633
1.991,1.7340792224137163,0.25692077758628384
2.711,1.718162293319854,0.9928377066801459
2.21,1.606365382680445,0.603634617319555
1.781,1.8589100380247734,-0.07791003802477348
1.542,1.6037718257796296,-0.061771825779629586
1.813,1.544661370981904,0.268338629018096
1.583,1.5525412758121293,0.030458724187870656
1.742,1.9743691703895299,-0.23236917038952987
2.25,2.770114517115629,-0.520114517115629
2.288,2.2526943102272776,0.03530568977272219
2.464,2.2550009584613573,0.20899904153864268
2.514,2.5417120588877773,-0.027712058887777502
2.532,2.203104766917528,0.32889523308247215
2.15,1.695004692801907,0.454995307198093
2.867,2.216300365664137,0.6506996343358629
2.25,2.198683824272388,0.051316175727611935
2.1,1.7774939948897832,0.3225060051102169
2.861,2.4280414758905953,0.43295852410940494
2.66,1.7936589317278842,0.866341068272116
3.531,2.4643429882220262,1.066657011777974
5.00001,5.246228306221084,-0.24621830622108476
2.794,2.0290839351758208,0.7649160648241793
3.797,2.240718183684192,1.556281816315808
3.285,2.3804682060899713,0.9045317939100288
3.375,2.3058713012945824,1.0691286987054176
2.726,2.2260054148892916,0.4999945851107084
2.773,1.9622623822332934,0.8107376177667067
2.613,2.4879939101690756,0.12500608983092443
3.093,2.3898119276062566,0.7031880723937434
2.737,1.948760529279918,0.7882394707200822
3.148,2.488257988028693,0.6597420119713071
2.804,2.5155991060751743,0.2884008939248255
2.991,2.55264783929177,0.4383521607082299
2.271,1.8955875101336277,0.3754124898663722
1.992,2.337243101369333,-0.3452431013693329
2.241,2.5510313827645783,-0.3100313827645782
2.016,2.453467670952742,-0.4374676709527421
2.037,2.3928171319584735,-0.35581713195847353
2.221,2.436038634137529,-0.215038634137529
2.361,2.6837621953258397,-0.3227621953258395
2.159,2.9647041371466476,-0.8057041371466478
2.092,2.388831011688346,-0.2968310116883459
2.236,2.553186679071289,-0.31718667907128895
2.132,2.6720520871978755,-0.5400520871978753
1.954,2.6736057464646303,-0.7196057464646304
2.033,2.8666549352193873,-0.8336549352193874
2.067,2.3920406249454667,-0.3250406249454665
2.11,2.7408050796451144,-0.6308050796451146
1.998,2.554635872446129,-0.5566358724461289
2.132,1.829798342850672,0.302201657149328
2.464,2.766655871477515,-0.30265587147751516
2.051,2.449142664850525,-0.39814266485052485
1.968,2.1012998357168535,-0.13329983571685355
1.97,2.4092895031347195,-0.4392895031347195
2.087,2.2692841832156714,-0.1822841832156712
1.898,2.0564183445632707,-0.15841834456327075
1.998,2.4877045214789257,-0.48970452147892574
2.053,2.0844398951878467,-0.031439895187846734
2.003,2.535609258240518,-0.5326092582405177
2.09,2.36327117945645,-0.27327117945644996
1.884,2.4067261471616215,-0.5227261471616216
1.937,2.617984275103603,-0.6809842751036028
2.038,1.6170421161895205,0.42095788381047927
2.625,2.415402976052083,0.20959702394791702
2.275,2.191752727166142,0.0832472728338578
2.292,2.7721895448931484,-0.4801895448931486
2.211,2.440320848719984,-0.22932084871998404
2.291,2.2563377884161615,0.03466221158383842
2.283,2.731548609259175,-0.4485486092591753
2.247,2.3278641252972205,-0.08086412529722065
1.95,1.7732344105484277,0.17676558945157228
2.072,2.711495960905933,-0.6394959609059327
1.911,1.9431234121790402,-0.032123412179040134
1.798,2.187331459093169,-0.38933145909316913
1.706,1.845979151858969,-0.13997915185896903
2.118,2.1209569470044944,-0.002956947004494559
2.039,1.9170179131620348,0.1219820868379653
2.069,2.204904151205423,-0.13590415120542287
2.121,2.655040174731032,-0.5340401747310319
1.923,1.8463144096894955,0.07668559031050459
2.454,2.308603635129053,0.1453963648709471
2.403,2.382664098963453,0.02033590103654692
1.909,2.427919052683332,-0.518919052683332
1.967,2.308376302385706,-0.3413763023857057
2.014,2.9324598409583116,-0.9184598409583118
1.836,2.311553527521608,-0.47555352752160807
2.351,2.5765913478132334,-0.22559134781323342
2.51,2.6001027762898534,-0.09010277628985364
2.392,1.6714099751773157,0.7205900248226842
2.403,2.3191650412773654,0.08383495872263458
2.225,2.559399730528483,-0.33439973052848293
2.238,2.459126683188217,-0.22112668318821704
2.177,1.959167883761762,0.21783211623823795
1.788,1.9891653808148706,-0.20116538081487056
2.019,2.76651186590568,-0.7475118659056799
2.209,2.751225888017606,-0.5422258880176059
2.584,2.203807154670757,0.38019284532924313
2.705,2.9105770649302674,-0.20557706493026728
2.552,2.3016007547659223,0.25039924523407775
2.993,2.1740913501263406,0.8189086498736593
2.282,2.9597009465827075,-0.6777009465827075
2.509,2.439518563853917,0.06948143614608293
2.277,2.676785105652656,-0.399785105652656
2.254,2.7427246731310255,-0.4887246731310255
2.275,1.824482114964636,0.45051788503536394
2.515,2.9198046423752126,-0.4048046423752125
2.413,2.9466202216836788,-0.533620221683679
2.586,3.054716589239206,-0.468716589239206
2.329,2.322813766229365,0.006186233770635319
1.805,2.1555977663418253,-0.3505977663418254
1.609,2.1581280396182474,-0.5491280396182474
2.271,2.85418315088706,-0.5831831508870602
2.358,2.9415894246990817,-0.5835894246990816
2.448,2.8866830354233937,-0.4386830354233937
3.9,3.848468365055578,0.0515316349444217
5.00001,4.214046598821273,0.7859634011787264
3.384,3.3233415698703976,0.06065843012960226
2.349,2.677210375657303,-0.32821037565730293
3.361,3.1848417402927467,0.17615825970725352
1.835,1.774194252823837,0.06080574717616294
1.798,1.9202775422227356,-0.12227754222273557
1.5,2.0295293801768435,-0.5295293801768435
1.823,1.8340396510830892,-0.011039651083089241
2.21,2.8067184369394287,-0.5967184369394287
1.904,2.3661089449878556,-0.4621089449878557
2.08,1.9574532233958175,0.12254677660418256
2.237,2.114640082809572,0.12235991719042794
2.156,2.3010021321990624,-0.14500213219906222
2.015,2.5447744288972007,-0.5297744288972006
2.092,2.784142872467966,-0.6921428724679659
2.202,2.7563435280353397,-0.5543435280353397
2.213,2.359840175002303,-0.14684017500230295
2.667,2.59276625059358,0.07423374940642002
2.249,2.211687735131764,0.037312264868236245
2.228,2.0809231865076083,0.14707681349239188
1.875,1.8887425739357226,-0.013742573935722646
3.405,2.846712654291041,0.5582873457089588
2.448,2.6450486438159713,-0.1970486438159713
3.331,3.1405461350589583,0.19045386494104166
2.674,2.887121129850811,-0.2131211298508111
2.458,2.86981792372519,-0.41181792372518977
2.464,2.339387420267326,0.12461257973267381
2.101,2.4335965311780954,-0.3325965311780954
2.139,1.8803600215279792,0.2586399784720206
2.596,2.7302535125296705,-0.13425351252967044
4.33,3.315850176870316,1.0141498231296842
2.456,3.0517905001133436,-0.5957905001133437
2.484,2.940000583308702,-0.4560005833087022
2.634,2.7456294750787684,-0.11162947507876853
2.473,2.4135394214167705,0.059460578583229395
2.403,2.682768765375343,-0.2797687653753429
2.43,2.783712586601583,-0.35371258660158267
3.749,3.603860483673256,0.14513951632674393
3.382,2.9322700940188318,0.44972990598116835
4.09,3.6732172359120048,0.4167827640879951
4.398,3.2671384992011627,1.130861500798837
3.273,3.1089263448844733,0.16407365511552685
3.349,3.165433902259135,0.18356609774086508
2.713,2.252300487888508,0.4606995121114923
3.289,2.2410590078941794,1.0479409921058207
2.628,2.0538235436883614,0.5741764563116387
3.083,3.491580770023555,-0.40858077002355486
3.897,3.3645538012685714,0.5324461987314284
3.676,3.6012696485048954,0.07473035149510476
4.19,3.9099075473478013,0.28009245265219906
2.785,2.3736377266396453,0.4113622733603548
3.191,2.697153399856808,0.49384660014319204
3.674,3.3541884199551264,0.31981158004487353
3.477,3.0954611330101782,0.38153886698982165
3.927,3.645962095654657,0.28103790434534304
4.099,3.7962063663392516,0.30279363366074863
5.00001,1.9596776643208997,3.0403323356791
5.00001,2.799954917760366,2.2000550822396336
2.96,3.002122841260964,-0.042122841260963995
3.131,2.3671388546848666,0.7638611453151332
3.385,3.141555460466204,0.24344453953379563
5.00001,4.900255274723268,0.0997547252767319
4.507,3.940063526304439,0.5669364736955607
3.697,3.4027442778752137,0.29425572212478635
3.619,3.117912588806936,0.5010874111930641
4.831,4.701861698457371,0.12913830154262929
3.117,2.7140317126292626,0.4029682873707374
2.953,2.6839893182173427,0.2690106817826572
2.19,2.076906917550129,0.11309308244987104
2.131,2.332514295559713,-0.20151429555971312
2.16,2.3217016816291127,-0.16170168162911258
2.218,2.171622083212355,0.046377916787645024
2.438,2.162084843729244,0.27591515627075625
3.159,2.9150312764205575,0.24396872357944233
3.11,2.7010542600784224,0.40894573992157746
4.573,2.8629421854899078,1.7100578145100926
1.745,1.932541405841252,-0.1875414058412519
1.893,1.9472450843955054,-0.05424508439550535
4.436,2.994544022153878,1.4414559778461218
4.25,1.8855242426219028,2.3644757573780972
5.00001,3.7889413521895396,1.21106864781046
5.00001,3.428820409257047,1.5711895907429527
2.596,1.9571391420799897,0.6388608579200103
3.354,2.8192133072837446,0.5347866927162555
2.906,2.18126973201254,0.7247302679874603
5.00001,2.7868880931396083,2.2131219068603913
5.00001,4.143962856908734,0.8560471430912653
5.00001,3.2350338427092744,1.7649761572907252
4.24,3.4939173855542784,0.7460826144457218
5.00001,6.094057117180466,-1.094047117180466
3.036,2.3310579152587456,0.7049420847412544
5.00001,4.779464586049249,0.22054541395075056
5.00001,4.845960456649291,0.15404954335070897
5.00001,5.068731254181498,-0.0687212541814981
5.00001,5.879680071729476,-0.8796700717294765
5.00001,4.262282968841716,0.7377270311582835
5.00001,4.665949297777173,0.3340607022228266
5.00001,4.708613420996549,0.2913965790034503
2.958,2.070838910009929,0.8871610899900713
4.676,3.863103533884325,0.8128964661156752
4.474,2.186619218926933,2.2873807810730673
3.606,1.8302142796059404,1.7757857203940595
3.825,2.1486256950130653,1.6763743049869348
5.00001,4.8126979184643295,0.18731208153567014
3.591,2.5041149025946585,1.0868850974053417
3.017,2.0543098390297287,0.9626901609702712
3.045,1.963438502438305,1.081561497561695
3.183,2.1485363227494947,1.0344636772505051
3.326,2.235814157585245,1.0901858424147552
4.784,2.4408593428078538,2.343140657192146
2.654,2.1199319069865066,0.5340680930134933
3.349,2.191904255808288,1.1570957441917122
4.573,2.4342872089846406,2.13871279101536
3.925,2.5295300384303445,1.3954699615696553
5.00001,4.036844929094628,0.9631650709053714
4.955,2.8258323804206458,2.1291676195793543
5.00001,3.285373228271916,1.7146367717280837
5.00001,4.713091411666831,0.28691858833316886
5.00001,4.210224023459594,0.789785976540406
5.00001,3.9407241925793928,1.0592858074206069
5.00001,3.7930172194624983,1.2069927805375014
5.00001,5.181208402147597,-0.1811984021475972
5.00001,4.059177283969029,0.9408327160309709
4.908,3.8826086925188577,1.0253913074811427
5.00001,4.396432686127126,0.6035773138728739
5.00001,2.459151203086089,2.5408587969139105
3.661,2.230801925675326,1.4301980743246738
2.631,1.9644957789237971,0.6665042210762027
3.761,2.0381954498919397,1.7228045501080604
3.206,2.044006932332812,1.1619930676671881
3.659,2.46122381822509,1.19777618177491
3.944,2.3426230664789776,1.6013769335210224
4.25,1.9882811488917396,2.2617188511082604
2.563,1.9483589440667262,0.614641055933274
3.691,1.924383412786618,1.7666165872133819
4.259,2.4628097474585666,1.7961902525414337
3.714,2.675915153656117,1.038084846343883
3.723,2.379525613454277,1.343474386545723
3.559,2.9309086146671617,0.6280913853328385
3.417,2.290717939845172,1.126282060154828
3.75,0.778211710847688,2.971788289152312
3.804,2.56648733523394,1.2375126647660597
3.745,2.858821795915989,0.8861782040840112
3.647,2.3230512838191877,1.3239487161808121
4.24,3.172447674730366,1.0675523252696344
2.952,2.162153354461263,0.789846645538737
1.979,2.1085383937901243,-0.12953839379012422
3.677,2.176980845508304,1.5000191544916959
3.867,3.9132167498326913,-0.046216749832691306
3.092,2.8387258761460235,0.25327412385397663
3.735,2.0621558557755364,1.6728441442244635
3.859,2.3781736279447956,1.4808263720552044
4.096,2.4686711037438402,1.6273288962561598
4.956,3.967489543561146,0.9885104564388545
3.964,2.1164047201974334,1.8475952798025665
5.00001,4.0120315382825655,0.9879784617174341
5.00001,3.2950449605477976,1.704965039452202
4.838,3.1872010021766313,1.6507989978233688
5.00001,4.8921386854662625,0.1078713145337371
3.993,3.247911229915208,0.7450887700847919
3.607,2.9240905107378916,0.6829094892621086
4.976,3.00105780975812,1.97494219024188
5.00001,2.3218738969793327,2.678136103020667
5.00001,5.910594810010071,-0.9105848100100715
2.746,2.9707091670142534,-0.22470916701425336
2.477,2.2602818186415616,0.21671818135843823
2.939,2.9450514215496684,-0.006051421549668312
2.579,2.152299377394925,0.42670062260507535
2.915,2.6794484187919783,0.23555158120802178
1.75,1.757101355029541,-0.007101355029540901
2.581,3.018872176090428,-0.43787217609042806
2.724,2.9185314968038965,-0.19453149680389625
2.042,2.490013940496589,-0.44801394049658905
1.865,2.057590602714684,-0.1925906027146842
1.898,1.5725484152064526,0.3254515847935473
2.17,2.316033023488747,-0.14603302348874703
2.092,2.482291263532032,-0.39029126353203214
1.804,2.4049915654877436,-0.6009915654877436
1.936,2.2171590547796947,-0.2811590547796947
2.142,2.164531418938584,-0.022531418938584125
1.738,1.9355478839304356,-0.19754788393043565
1.781,2.1573761456919067,-0.3763761456919068
1.821,2.1961157910485363,-0.3751157910485363
1.651,1.6468608756656145,0.004139124334385569
1.679,2.4000728042682162,-0.7210728042682162
1.692,1.8763132542739023,-0.18431325427390233
1.734,1.6175750881624285,0.11642491183757153
2.32,2.086225217872085,0.2337747821279148
1.98,2.0423600242097995,-0.06236002420979947
1.625,2.4399866444409133,-0.8149866444409133
1.464,1.6852395112986973,-0.22123951129869734
1.706,2.4773598807694257,-0.7713598807694257
1.721,1.7635244748497985,-0.04252447484979838
1.964,2.266298807538336,-0.30229880753833616
1.736,2.062890502468887,-0.32689050246888685
1.676,2.2280799183560407,-0.5520799183560408
1.62,1.9491355100653132,-0.32913551006531305
1.739,2.223482583105514,-0.48448258310551373
1.758,2.2787424825817326,-0.5207424825817326
1.9,1.9262914393605006,-0.026291439360500712
1.713,2.5008251358154894,-0.7878251358154893
1.629,1.847542218233828,-0.2185422182338279
1.564,2.105791638885156,-0.5417916388851558
1.556,1.8839389322413362,-0.3279389322413362
1.769,1.9555133568104859,-0.18651335681048598
1.5,1.6306440604197734,-0.1306440604197734
1.677,1.7458979153378316,-0.06889791533783152
1.838,1.7957947626295088,0.04220523737049131
1.522,1.8087781790551072,-0.28677817905510716
1.693,1.6155923848499565,0.07740761515004357
1.438,2.039941450469182,-0.6019414504691822
1.539,2.026044890683808,-0.4870448906838083
1.857,1.6966809184495113,0.16031908155048868
1.663,1.543831126383008,0.11916887361699202
1.545,1.5342015525495212,0.010798447450478754
2.282,2.2960774880598493,-0.014077488059849319
2.183,2.792687915647701,-0.6096879156477013
1.868,2.0490277775769994,-0.18102777757699928
2.521,2.267607225071236,0.2533927749287641
1.438,1.7991505047066199,-0.3611505047066199
1.529,1.6728905736911428,-0.1438905736911429
2.417,2.257476805455542,0.15952319454445796
1.482,1.7961964524866803,-0.31419645248668027
1.966,2.2518224056322342,-0.28582240563223427
1.57,1.6162930057270564,-0.0462930057270563
1.497,1.8314981501737124,-0.3344981501737123
1.389,1.7415316469639055,-0.3525316469639055
1.65,1.9565901901487337,-0.3065901901487338
1.813,1.8434633976387422,-0.030463397638742284
2.444,2.6126760142378993,-0.16867601423789935
2.125,2.2699533274268893,-0.14495332742688927
2.058,2.670469771942429,-0.612469771942429
1.858,2.57042949284743,-0.7124294928474297
2.148,2.5130845843387397,-0.3650845843387396
2.445,1.8812465404200311,0.5637534595799687
1.854,1.9693637475559531,-0.11536374755595302
1.705,2.0959601062920297,-0.3909601062920296
2.209,2.713546463338073,-0.5045464633380727
2.408,2.7248885929586875,-0.31688859295868754
1.838,1.632741078102138,0.205258921897862
2.042,2.035535140166729,0.006464859833270609
2.211,2.501613349865361,-0.29061334986536114
2.235,2.8157457369478505,-0.5807457369478506
1.871,2.0245865700768393,-0.1535865700768393
1.531,1.8054460894068738,-0.27444608940687387
1.688,1.7887444363144502,-0.10074443631445029
1.542,0.9893824732214775,0.5526175267785225
1.788,1.8651441416533099,-0.07714414165330985
1.767,1.6862833854759365,0.08071661452406342
1.56,1.9386887230648029,-0.37868872306480283
2.14,2.0657923441223023,0.07420765587769784
2.109,2.288993503288896,-0.17999350328889596
2.178,1.959484410411064,0.2185155895889359
2.089,1.9373006630221945,0.15169933697780547
1.563,1.9767587691045048,-0.4137587691045048
1.413,2.1289314875493224,-0.7159314875493223
1.7,2.3922637617602254,-0.6922637617602254
1.643,1.818508745635061,-0.17550874563506103
2.773,2.265805720421323,0.5071942795786772
2.707,2.3263200442604695,0.3806799557395304
2.045,1.8950282988690552,0.1499717011309447
2.089,1.6134735018604518,0.47552649813954817
2.303,1.9714246125016606,0.33157538749833937
2.766,2.0493736337653985,0.7166263662346015
3.526,2.599852336580339,0.9261476634196608
4.956,2.2499786738595025,2.706021326140498
4.383,1.9930340260903383,2.3899659739096615
5.00001,5.997181592499172,-0.9971715924991722
2.091,1.9437519133592556,0.14724808664074462
2.382,2.405507081357971,-0.02350708135797097
2.306,2.2479118022997757,0.05808819770022433
5.00001,2.790824605351661,2.2091853946483386
2.643,2.062839578860558,0.5801604211394418
2.542,1.9894321487258193,0.5525678512741805
2.655,2.2544117614336416,0.40058823856635817
2.667,1.6572412670536898,1.00975873294631
5.00001,6.030120130748616,-1.030110130748616
4.364,2.0604386067686464,2.3035613932313534
3.919,2.295036380708341,1.623963619291659
2.833,1.7004757196187037,1.1325242803812965
5.00001,3.852712772421817,1.1472972275781825
5.00001,3.380071788567547,1.6199382114324528
4.333,3.114500805577136,1.218499194422864
5.00001,3.836118059224302,1.1638919407756978
4.987,3.5845809835386806,1.4024190164613195
3.935,2.5783835528611876,1.3566164471388125
4.344,2.44654007939916,1.8974599206008405
4.357,2.108487951491525,2.2485120485084753
4.107,1.9654140507797693,2.141585949220231
4.383,1.7502109256900213,2.6327890743099784
3.429,2.161081231283196,1.2679187687168039
4.302,4.102745953463739,0.1992540465362609
5.00001,2.0969113633731578,2.903098636626842
5.00001,3.1069328760965105,1.8930771239034891
5.00001,3.46250954363024,1.5375004563697594
5.00001,2.5085568457875578,2.491453154212442
5.00001,2.2721434620706877,2.727866537929312
3.645,2.0818172875641365,1.5631827124358635
4.051,2.055128921022398,1.995871078977602
5.00001,2.101550315025607,2.8984596849743927
2.25,1.9321354392846875,0.31786456071531255
3.722,1.7717893344595301,1.9502106655404698
4.364,2.283092324627168,2.0809076753728317
2.5,1.642470196386102,0.8575298036138981
2.375,1.4583367795331883,0.9166632204668117
4.688,2.8553955212586293,1.8326044787413704
5.00001,1.6357489226061657,3.364261077393834
3.25,1.4406965455764627,1.8093034544235373
2.321,1.8348130551931998,0.48618694480680036
1.875,1.5007592711225382,0.37424072887746185
3.333,1.6052053933541237,1.7277946066458765
3.5,1.6086051974286124,1.8913948025713876
4.5,1.5485815090965556,2.9514184909034444
3.4,1.6365886588345844,1.7634113411654155
2.625,1.4278600686198182,1.1971399313801818
2.5,1.5555026237457856,0.9444973762542144
3.5,1.6038351205533856,1.8961648794466144
2.375,1.7026411744097067,0.6723588255902933
2.375,1.827044198939276,0.547955801060724
1.938,1.5719407349277965,0.36605926507220343
1.625,1.5736944185325425,0.05130558146745745
2.0,1.7626202883155468,0.23737971168445315
2.5,1.7093041915879545,0.7906958084120455
0.675,1.4726877822585691,-0.7976877822585691
2.111,1.60810664921488,0.5028933507851203
1.0,1.537777458534059,-0.5377774585340589
1.938,1.632969578586394,0.3050304214136059
2.5,1.6214404449783077,0.8785595550216923
1.75,1.8285786015017944,-0.07857860150179441
2.219,1.6022527948877963,0.6167472051122036
2.25,1.730237126615898,0.519762873384102
2.0,1.4072230182605825,0.5927769817394175
1.375,1.6285330669181022,-0.2535330669181022
2.063,1.883385804835078,0.17961419516492216
1.667,1.5291848580937826,0.13781514190621746
2.188,1.6132808651628268,0.5747191348371734
2.167,1.480636625836076,0.6863633741639239
2.5,1.6314337986546696,0.8685662013453304
2.033,1.6589734556501248,0.37402654434987515
1.875,1.5750913604704346,0.29990863952956537
2.304,1.8211647812839635,0.4828352187160363
1.625,2.080490551205421,-0.45549055120542103
1.725,1.7314905642257883,-0.006490564225788198
1.75,2.2357527039476475,-0.48575270394764747
2.25,1.7609327715455092,0.4890672284544908
1.125,1.6204774969198987,-0.49547749691989873
1.583,1.737406339292857,-0.15440633929285696
1.984,1.710873475981284,0.27312652401871595
2.625,1.7338079619494204,0.8911920380505796
2.616,1.60445837866756,1.0115416213324402
2.533,1.6812236053865677,0.8517763946134322
2.056,1.289104405065952,0.7668955949340481
2.267,1.5780611729805152,0.6889388270194847
1.875,1.7555021357392175,0.11949786426078246
2.406,1.6487636683622282,0.7572363316377719
2.182,1.5547710801499366,0.6272289198500633
2.088,1.576464595726378,0.511535404273622
2.125,1.6013501424904777,0.5236498575095223
2.188,1.555871956901661,0.6321280430983391
2.0,2.4126405223516447,-0.4126405223516447
1.65,1.5076209316223639,0.14237906837763603
2.2,1.7626432496877902,0.43735675031221
2.047,1.6067495272611194,0.44025047273888074
2.1,1.5736532086741915,0.5263467913258086
3.467,2.149438267121773,1.317561732878227
3.216,2.331187428496417,0.8848125715035833
5.00001,4.935562562417836,0.06444743758216376
2.806,2.10904807302724,0.6969519269727602
3.957,2.388261743873605,1.568738256126395
3.42,2.337720820410009,1.082279179589991
3.158,1.9320723009909972,1.2259276990090027
3.339,2.724920821670508,0.6140791783294919
3.048,2.261916700060736,0.7860832999392642
3.804,2.1185044523114263,1.6854955476885736
5.00001,2.3626387876195634,2.6373712123804363
4.429,2.2701815990745122,2.158818400925488
2.545,1.6946093815570595,0.8503906184429404
2.875,1.5435862437375194,1.3314137562624806
3.581,1.827546095899382,1.7534539041006179
2.2,1.9138499329257304,0.2861500670742698
3.303,2.310469078069612,0.9925309219303879
3.803,2.514781116513762,1.288218883486238
2.475,1.6365454984383447,0.8384545015616554
2.056,1.7909689276341076,0.2650310723658924
2.511,1.9302508831634306,0.5807491168365695
2.271,1.85705154838999,0.4139484516100098
2.1,1.458674335984285,0.641325664015715
2.125,1.5708593742062424,0.5541406257937576
2.25,1.540705070215819,0.7092949297841811
2.583,1.7843783827253352,0.798621617274665
1.739,1.7086354089641977,0.030364591035802357
1.375,1.5929656967620462,-0.21796569676204625
5.00001,5.381672785548653,-0.3816627855486532
5.00001,4.02040997825611,0.9796000217438898
5.00001,2.4139021370258873,2.5861078629741123
5.00001,3.3196895669931754,1.6803204330068242
4.167,3.7021458272741095,0.46485417272589036
5.00001,4.291708304616253,0.7083016953837467
5.00001,1.8659301889700206,3.134079811029979
5.00001,7.005963924715303,-2.0059539247153033
5.00001,4.494967087713656,0.5050429122863438
5.00001,4.239458212909236,0.7605517870907637
5.00001,2.4271330644686375,2.572876935531362
3.553,2.015655797888944,1.537344202111056
3.671,1.5713469807329192,2.0996530192670804
3.741,2.5520131929931793,1.1889868070068208
3.0,2.0799352510937554,0.9200647489062446
5.00001,1.916105349617892,3.0839046503821077
3.979,2.183626082368196,1.795373917631804
3.936,3.1501495251244522,0.7858504748755477
4.237,3.300435231624806,0.9365647683751943
3.186,2.2770335923443232,0.9089664076556767
3.5,2.4702061856202873,1.0297938143797127
4.216,3.3587596079919217,0.8572403920080784
4.127,3.0875811901186188,1.039418809881381
3.068,2.0266311354501028,1.0413688645498973
3.521,2.3714587850050433,1.1495412149949567
3.975,2.9415419527819657,1.0334580472180344
3.605,2.7882240539085212,0.8167759460914787
3.24,2.409896351707486,0.8301036482925142
3.046,2.6725619975165027,0.3734380024834971
2.109,2.1411721065909957,-0.032172106590995675
2.0,1.8561517592083856,0.1438482407916144
2.173,2.0775061485042507,0.0954938514957493
3.448,2.440116788529087,1.0078832114709129
2.688,2.49983283606194,0.18816716393806
1.965,1.8918491024629402,0.07315089753705983
2.523,2.437094082438441,0.08590591756155908
2.788,2.3583201863522225,0.4296798136477773
2.414,2.281277167568437,0.13272283243156302
2.308,2.7221044336859572,-0.4141044336859574
2.25,2.0118375817974763,0.2381624182025237
1.667,1.876132259193548,-0.20913225919354805
2.033,1.7481904474818428,0.2848095525181571
1.875,2.269654182552374,-0.39465418255237417
1.988,1.826670238196125,0.16132976180387493
1.705,1.6487480648276978,0.056251935172302314
1.875,1.7646890804818491,0.11031091951815086
1.6,1.5576126575970706,0.04238734240292952
1.575,1.8827556610506144,-0.30775566105061447
1.843,1.968546566131709,-0.125546566131709
2.0,2.1221567684119944,-0.12215676841199441
2.031,2.020524862035918,0.010475137964081949
1.85,2.142541968868276,-0.29254196886827577
1.708,1.7421791391715982,-0.034179139171598205
1.82,2.2228674721070663,-0.4028674721070662
2.288,1.869890031043196,0.41810996895680375
2.135,1.992537917673282,0.14246208232671775
1.691,1.9923775325102504,-0.30137753251025035
2.192,1.9657119135408676,0.22628808645913256
1.563,1.5640085879279442,-0.0010085879279442267
1.438,2.0310980594124564,-0.5930980594124564
1.875,2.780130060075588,-0.9051300600755878
1.375,2.4006206187340258,-1.0256206187340258
1.361,1.912691774304085,-0.551691774304085
1.5,1.9621704648195357,-0.4621704648195357
1.555,1.8919805496832363,-0.3369805496832363
2.1,2.2453700994037873,-0.1453700994037872
2.417,2.3000720510684753,0.11692794893152447
2.0,1.748613769136175,0.25138623086382506
1.692,1.9709371273084006,-0.2789371273084007
1.743,1.9480990466700914,-0.20509904667009127
1.894,2.0800732358753775,-0.1860732358753776
1.667,1.6657607836904365,0.0012392163095635844
1.678,1.9061030456321884,-0.22810304563218842
1.898,2.1715328837530232,-0.2735328837530233
1.792,1.6971683427849813,0.09483165721501874
1.817,1.8620811171287226,-0.04508111712872265
2.321,1.9809903064140086,0.34000969358599153
2.179,1.663944760762293,0.5150552392377068
1.75,1.7542685657010513,-0.0042685657010512745
2.25,1.2036741349860742,1.0463258650139258
1.375,1.3652001104851128,0.009799889514887195
1.925,1.5632169051797793,0.36178309482022075
1.333,1.576368941654025,-0.243368941654025
1.5,1.4926423559095587,0.007357644090441262
1.542,1.3885147415767678,0.15348525842323224
1.521,1.5810527942474597,-0.060052794247459795
1.155,1.640794720137564,-0.48579472013756386
1.14,1.7399913206565776,-0.5999913206565777
1.396,1.3803401211249269,0.01565987887507303
1.596,1.6824564315202042,-0.0864564315202041
1.339,1.8343844361546757,-0.49538443615467576
1.732,1.4373492729219064,0.2946507270780936
1.382,1.7875993560904162,-0.4055993560904163
1.26,1.5898578310540843,-0.3298578310540843
2.13,2.3795474717193934,-0.2495474717193935
1.53,1.8638616343195256,-0.33386163431952554
1.385,1.3733584125653768,0.01164158743462318
1.442,1.7843752510546662,-0.34237525105466626
1.592,1.5026077409292795,0.08939225907072057
1.458,1.5514618183425022,-0.09346181834250222
1.583,1.4441408318612416,0.13885916813875832
1.602,1.554987518403424,0.047012481596576006
1.672,1.7955789032936573,-0.1235789032936574
1.917,1.5223507291949272,0.39464927080507284
1.531,1.6508802519459125,-0.11988025194591256
1.688,1.624944048919677,0.06305595108032302
1.475,1.4178860348784041,0.057113965121595944
1.708,1.5942243686602038,0.11377563133979618
1.425,2.014959266128733,-0.589959266128733
1.458,1.2209151928117585,0.23708480718824143
1.538,2.045894260768423,-0.5078942607684229
1.488,1.7833301322386017,-0.2953301322386017
1.849,2.1584919914740115,-0.3094919914740115
1.442,1.494498912244909,-0.0524989122449091
2.004,2.3933386887852515,-0.38933868878525146
1.667,2.490337735521896,-0.823337735521896
1.531,2.484932770078505,-0.9539327700785052
2.309,2.4819660627859665,-0.17296606278596638
1.293,1.9024159079130036,-0.6094159079130037
1.395,1.4067348775480375,-0.011734877548037481
1.663,1.8877832590458932,-0.22478325904589314
1.696,2.0572254577807736,-0.36122545778077364
1.631,1.6980044555594207,-0.0670044555594207
1.75,1.6698618606749747,0.08013813932502534
1.621,1.9453494756449496,-0.32434947564494965
1.565,1.7061405994291592,-0.14114059942915924
1.466,1.5560521330805566,-0.0900521330805566
1.355,1.8352901124467111,-0.48029011244671116
1.519,1.6662774982305604,-0.14727749823056047
1.446,2.054990054729284,-0.6089900547292839
1.585,1.9858194894855155,-0.4008194894855155
1.475,2.0651086691076848,-0.5901086691076847
1.56,1.6710784223893258,-0.11107842238932575
1.5,1.9950822585389587,-0.4950822585389587
1.357,2.1005915214815545,-0.7435915214815545
1.485,2.1635689882854856,-0.6785689882854855
1.486,1.6846711620057864,-0.19867116200578638
1.375,1.471694507165651,-0.09669450716565109
0.938,1.2884565363168314,-0.3504565363168315
1.125,1.700192904342602,-0.5751929043426021
1.118,1.6112754348395377,-0.4932754348395376
1.375,1.5016422268050638,-0.12664222680506376
1.336,1.4747664992777443,-0.1387664992777442
1.428,1.516468477293285,-0.08846847729328511
1.25,2.013092404251026,-0.7630924042510259
1.094,1.757747016981772,-0.6637470169817719
1.568,1.6465950005542318,-0.07859500055423174
1.125,4.888994683114382,-3.7639946831143822
1.375,1.2496312199460737,0.12536878005392627
1.091,1.655447389717403,-0.5644473897174029
1.531,1.706520359186839,-0.17552035918683906
1.55,2.0521911757783298,-0.5021911757783297
1.571,1.5094389066372034,0.06156109336279658
1.292,1.2786842225426822,0.013315777457317823
1.319,1.7037019481829807,-0.38470194818298076
1.364,1.5317243726352388,-0.16772437263523865
1.44,1.6562395327868458,-0.21623953278684582
1.417,1.575323986337206,-0.1583239863372059
1.219,1.5325307802113612,-0.31353078021136116
1.172,1.5006936898956316,-0.32869368989563164
1.472,1.6601846105347975,-0.18818461053479751
1.5,1.876420361895219,-0.3764203618952191
1.279,1.9207354192865524,-0.6417354192865525
1.243,1.5651842682308676,-0.32218426823086754
1.218,1.8022514750056984,-0.5842514750056984
1.349,1.624056880716275,-0.275056880716275
1.5,1.5677889155266,-0.06778891552660005
1.367,1.6503130521743359,-0.2833130521743359
1.426,2.093045003702889,-0.6670450037028892
1.363,1.6656785758379602,-0.3026785758379602
1.276,2.297686820050043,-1.021686820050043
1.228,1.815709088400851,-0.5877090884008511
1.438,1.532038962989617,-0.094038962989617
1.472,1.6407582934826002,-0.16875829348260019
1.25,1.5578040515434326,-0.3078040515434326
1.354,0.9652908922151306,0.38870910778486945
1.353,1.5855897234903256,-0.23258972349032558
1.65,1.6708599535937827,-0.020859953593782787
1.484,2.0399109451921555,-0.5559109451921556
1.516,1.4697053359989702,0.04629466400102977
1.55,1.8073084644849193,-0.2573084644849193
1.393,1.6571618917634794,-0.2641618917634794
1.143,1.9398941600620228,-0.7968941600620227
1.417,1.435780065097817,-0.018780065097816934
1.156,1.278315217312841,-0.12231521731284101
1.15,1.5066095340041192,-0.3566095340041193
1.525,1.6187055373197201,-0.0937055373197202
1.396,1.8205295958856746,-0.42452959588567474
1.396,1.646622888499397,-0.25062288849939707
1.418,1.876349744726369,-0.45834974472636913
1.411,1.818950988911675,-0.407950988911675
1.463,1.7832293577899174,-0.32022935778991735
1.45,1.729415893203158,-0.27941589320315807
1.352,1.5281666524944995,-0.17616665249449937
1.46,2.012250468542351,-0.552250468542351
1.352,1.8324800046658347,-0.4804800046658346
1.408,1.8152817834100763,-0.40728178341007637
1.406,1.39099305089064,0.015006949109359846
1.297,1.910439380452614,-0.6134393804526141
1.448,1.7814480768909142,-0.33344807689091427
1.307,1.7975480837931908,-0.4905480837931908
1.75,1.2403602127765332,0.5096397872234668
1.266,2.3020117286845325,-1.0360117286845325
0.675,4.165332842482558,-3.490332842482558
1.333,1.3445908351450115,-0.01159083514501158
2.25,2.22030654686174,0.029693453138260217
1.813,0.9551269582471777,0.8578730417528222
1.125,1.6615825589126705,-0.5365825589126705
3.5,1.3575010284951041,2.142498971504896
0.875,1.033776001057177,-0.15877600105717704
1.625,1.3563157202081202,0.2686842797918798
3.5,1.4596393459965569,2.040360654003443
2.75,0.9940981321952265,1.7559018678047735
2.875,2.9650558346515288,-0.09005583465152878
5.00001,3.383694215710685,1.6163157842893145
1.625,1.6462677838713238,-0.021267783871323775
3.125,1.757494524016844,1.367505475983156
1.75,1.2881270637180378,0.46187293628196224
1.313,1.6730043373524395,-0.36000433735243953
1.859,1.7046692628805367,0.15433073711946332
1.656,1.8492241506455258,-0.1932241506455259
1.875,1.7091919765385541,0.16580802346144585
2.25,1.8074053282332858,0.4425946717667142
0.875,1.620050925740692,-0.7450509257406921
2.133,1.8610230199002769,0.27197698009972315
1.542,1.4718202769516133,0.07017972304838671
1.521,1.842379508585577,-0.32137950858557707
1.525,1.6245795181135554,-0.09957951811355548
2.083,1.7276583177659175,0.3553416822340827
1.833,1.8411689163245435,-0.00816891632454353
2.071,1.6207204027432438,0.45027959725675637
2.167,1.7856143794000412,0.3813856205999586
2.659,1.6891124578569852,0.9698875421430146
1.9,1.729626104185919,0.1703738958140808
1.775,1.6053449855026614,0.16965501449733855
4.0,1.1925752078317555,2.8074247921682445
1.75,1.4914529820634634,0.25854701793653656
1.375,1.1874963710682347,0.1875036289317653
1.125,1.4384412097371588,-0.31344120973715883
1.875,1.6805823523702879,0.19441764762971214
2.75,1.482955102580154,1.267044897419846
1.1,1.5898294040732996,-0.48982940407329956
1.375,2.122356397169258,-0.7473563971692578
2.75,1.5696614054156794,1.1803385945843206
2.25,1.726567743333585,0.5234322566664149
1.875,1.6077445136366384,0.2672554863633616
1.625,1.5299988963428517,0.09500110365714831
3.25,1.6014386100487912,1.6485613899512088
2.25,1.5886292844142451,0.6613707155857549
2.75,1.4403596089110482,1.3096403910889518
1.625,1.559989859104181,0.06501014089581902
1.589,1.5332967824034007,0.05570321759659924
1.625,1.4775608443821833,0.14743915561781673
2.125,1.5262461500156097,0.5987538499843903
1.125,1.6211506819138313,-0.49615068191383127
1.181,1.3623501571933119,-0.18135015719331182
2.25,1.656995856524659,0.593004143475341
2.75,1.1452856745460345,1.6047143254539655
5.00001,4.328616065939158,0.6713939340608412
5.00001,6.954269883882723,-1.954259883882723
5.00001,6.856474123331013,-1.8564641233310137
5.00001,6.843650894973522,-1.8436408949735226
5.00001,3.771810132642101,1.2281998673578984
4.328,2.331687675509294,1.9963123244907064
3.167,1.685201262989582,1.4817987370104178
2.906,1.766003634072347,1.139996365927653
1.417,1.529559223441861,-0.11255922344186087
3.0,1.4773677377495817,1.5226322622504183
2.531,1.832501156456509,0.6984988435434911
3.0,1.7315527951108436,1.2684472048891564
2.306,1.9262571126468904,0.3797428873531097
2.375,1.7425844166219198,0.6324155833780802
2.823,1.703095660307525,1.119904339692475
2.817,2.185330824411332,0.6316691755886681
3.056,1.730587178690886,1.325412821309114
3.509,1.921968796334085,1.5870312036659149
4.45,1.7615917231636122,2.688408276836388
5.00001,5.258006944211052,-0.2579969442110528
4.5,1.2410236692110879,3.2589763307889124
5.00001,3.3644553333288885,1.6355546666711112
4.045,2.1498130767563883,1.8951869232436116
5.00001,6.828095610054012,-1.8280856100540124
1.667,1.767474228795464,-0.10047422879546386
4.125,1.5204010053723165,2.6045989946276835
1.75,1.686000921511875,0.06399907848812503
5.00001,1.6946930689744626,3.305316931025537
0.75,1.7195373012668111,-0.9695373012668111
3.25,1.7306540126120793,1.5193459873879207
1.125,1.5011813284043032,-0.3761813284043032
3.0,1.6122178238437486,1.3877821761562514
1.5,1.7402827835392376,-0.2402827835392376
0.7,1.635208767841588,-0.9352087678415881
1.875,1.4379741796814929,0.4370258203185071
3.5,1.992243900412265,1.507756099587735
1.375,1.6709511037465643,-0.2959511037465643
2.333,1.5518659466853844,0.7811340533146158
2.7,1.8033886881899308,0.8966113118100694
4.75,1.4826195887838702,3.2673804112161298
3.222,1.535197624055158,1.686802375944842
5.00001,1.9065147977186077,3.093495202281392
1.875,1.7119167890934885,0.16308321090651146
4.1,1.7132323784911572,2.3867676215088425
3.289,1.868437520365824,1.4205624796341763
3.6,1.6679101214881284,1.9320898785118716
3.8,1.5410861490346037,2.258913850965396
2.915,2.208162285008006,0.7068377149919942
4.368,2.4417334569482385,1.9262665430517618
3.37,2.6436283527554423,0.7263716472445578
4.338,4.260945355428886,0.07705464457111422
2.578,2.196605089901416,0.38139491009858384
2.263,1.8345676395961272,0.42843236040387267
1.713,1.8099460887047258,-0.09694608870472576
3.273,1.5571057040773808,1.7158942959226193
2.5,1.7178061559739553,0.7821938440260447
3.058,1.7591221692847199,1.29887783071528
4.176,1.9997404159102592,2.176259584089741
1.156,1.7611460454229995,-0.6051460454229995
2.143,1.6769654284573696,0.46603457154263017
3.5,1.9372624168919887,1.5627375831080113
1.577,1.763869468249091,-0.186869468249091
1.938,1.8161888169027258,0.12181118309727412
1.938,1.4038252187678935,0.5341747812321065
1.688,1.501447971833838,0.1865520281661619
1.611,1.643145655219065,-0.032145655219065095
1.875,1.7099714782525062,0.16502852174749383
2.5,1.5013301255080846,0.9986698744919154
3.5,1.7264927698260875,1.7735072301739125
2.292,1.691562362789667,0.6004376372103328
4.79,2.677781659330419,2.112218340669581
5.00001,2.7263574644356527,2.273652535564347
5.00001,2.3561478930670905,2.643862106932909
4.5,3.1052209950764382,1.3947790049235618
5.00001,4.936760992443875,0.0632490075561245
5.00001,6.844541076809541,-1.8445310768095418
5.00001,3.355562538414453,1.6444474615855467
5.00001,2.45246682615223,2.5475431738477696
5.00001,3.1450632457835312,1.8549467542164684
1.75,2.251594541678946,-0.501594541678946
2.25,2.2254948663587246,0.02450513364127538
1.75,2.1343518017522087,-0.38435180175220873
4.5,2.446959729897043,2.053040270102957
2.875,2.2711249256646036,0.6038750743353964
3.5,2.53018790901507,0.9698120909849299
5.00001,2.3653286004390246,2.634681399560975
3.552,1.7320698412676254,1.8199301587323746
4.111,2.7556486417386656,1.3553513582613341
4.056,2.6507465873653357,1.4052534126346643
4.569,2.271974613238058,2.297025386761942
4.869,2.589853304729763,2.279146695270237
4.864,3.0092019252515287,1.8547980747484711
2.875,2.1620469074301942,0.7129530925698058
4.534,2.046686502000765,2.4873134979992346
4.743,2.284993249007915,2.4580067509920855
4.85,2.1362821267544554,2.7137178732455443
3.75,2.0613748492736765,1.6886251507263235
5.00001,2.133208222210211,2.8668017777897887
2.25,2.3318380724401058,-0.08183807244010577
5.00001,2.0982575824790732,2.9017524175209264
5.00001,3.588694659131625,1.4113153408683745
3.216,2.3730799216678817,0.8429200783321185
3.96,2.2814984928321516,1.6785015071678484
3.273,2.4217435187738485,0.8512564812261516
2.5,2.1784047858561824,0.32159521414381764
3.85,2.3093351471747448,1.5406648528252553
4.409,3.16452334872824,1.2444766512717598
3.288,1.9177562156887866,1.3702437843112132
4.0,2.1651007196624215,1.8348992803375785
3.55,2.12259466507504,1.42740533492496
5.00001,2.0724863559652476,2.927523644034752
4.46,2.6803532455214794,1.7796467544785206
5.00001,3.102995127766991,1.8970148722330085
3.625,1.9947880425714641,1.6302119574285359
4.5,1.8794624853979136,2.6205375146020864
3.1,1.9186530317968742,1.181346968203126
5.0,2.1614756693298465,2.8385243306701535
3.453,1.987339890895003,1.4656601091049968
2.785,2.390489922902685,0.3945100770973151
2.75,2.4041640507940727,0.3458359492059273
2.961,2.008686735699295,0.9523132643007051
4.7,2.9213695425109574,1.7786304574890428
4.443,2.468832407206152,1.9741675927938478
4.409,2.3030186655737976,2.105981334426202
5.00001,2.525637445618401,2.4743725543815986
3.226,2.2392308384114834,0.9867691615885166
2.952,2.4941781123930276,0.4578218876069724
2.436,2.143867841953034,0.2921321580469658
2.42,1.8775761642733904,0.5424238357266096
2.547,2.1390268040817664,0.4079731959182338
3.381,2.137072515794595,1.2439274842054049
4.179,2.184074123508469,1.9949258764915312
4.741,3.189478047702053,1.5515219522979469
3.51,2.6628081865408157,0.847191813459184
3.341,2.5697574672259895,0.7712425327740107
3.336,2.8296819251741647,0.5063180748258351
2.875,2.1661988801294125,0.7088011198705875
5.00001,2.059558996713855,2.9404510032861446
2.341,1.9203400154775487,0.42065998452245146
1.58,1.7053667061838729,-0.1253667061838728
2.021,1.8941937506547972,0.12680624934520268
2.52,1.8488068715143458,0.6711931284856543
2.908,1.9553007165594634,0.9526992834405366
2.135,2.1203091935589793,0.014690806441020499
1.406,1.7743380879627269,-0.36833808796272693
1.958,2.340444951621794,-0.38244495162179404
2.594,1.9793991843377887,0.6146008156622111
1.727,1.8377596757025922,-0.11075967570259215
1.65,1.699206910142587,-0.04920691014258716
1.563,1.8648387579205243,-0.3018387579205244
1.925,1.8662134481897064,0.058786551810293686
2.685,1.7064788117871688,0.9785211882128313
4.2,2.1585043463894973,2.041495653610503
1.671,1.8702179013623712,-0.19921790136237116
1.397,1.826364348164551,-0.42936434816455105
1.271,1.797598698733872,-0.526598698733872
1.232,1.5756278584274712,-0.34362785842747123
1.507,1.6042192022706399,-0.09721920227063996
1.516,2.1186835821036603,-0.6026835821036602
1.792,1.68463476574768,0.10736523425232014
1.394,1.8135306766634123,-0.41953067666341237
1.57,2.300338343986343,-0.7303383439863429
1.468,1.7009386539440412,-0.23293865394404123
1.335,1.6370110889262293,-0.3020110889262293
1.222,2.055626860668301,-0.8336268606683008
1.258,1.5677144631726514,-0.3097144631726514
1.694,1.853141575847184,-0.15914157584718414
1.109,1.6030014078562567,-0.4940014078562567
1.38,1.8834694416189448,-0.5034694416189449
1.714,1.8073412837211378,-0.09334128372113781
1.188,1.4765263944998908,-0.2885263944998908
1.346,1.6063709360902414,-0.2603709360902413
1.381,1.5228332165434542,-0.14183321654345415
1.615,1.7959302316617312,-0.18093023166173117
1.839,1.4539300525018162,0.3850699474981838
2.511,1.7719424449735262,0.739057555026474
1.511,1.6060835668588465,-0.09508356685884656
1.688,1.586906190119103,0.10109380988089689
1.768,1.9432315640415323,-0.17523156404153228
1.14,1.6881060043734042,-0.5481060043734043
1.375,1.648584788710388,-0.27358478871038794
2.232,1.9411152174678512,0.290884782532149
1.278,1.9333585767595647,-0.6553585767595647
1.215,2.1877968461976933,-0.9727968461976932
1.271,1.948802969287065,-0.6778029692870651
1.334,1.6743783176700036,-0.3403783176700035
1.142,1.5753928969781934,-0.4333928969781935
1.182,1.5820354136341286,-0.40003541363412864
1.257,1.7625413836460706,-0.5055413836460707
1.25,1.5294464458344041,-0.27944644583440414
1.81,2.5354197256197946,-0.7254197256197945
1.569,2.1514987222069504,-0.5824987222069504
1.24,1.6210164787965597,-0.38101647879655975
1.233,1.7576505442984227,-0.5246505442984226
1.347,2.1675966596378604,-0.8205966596378604
1.254,1.6147385575819726,-0.3607385575819726
1.438,1.7573331588579015,-0.3193331588579016
1.135,1.5967460350081257,-0.4617460350081257
1.2,1.7599302136596895,-0.5599302136596895
1.259,1.4415857055098371,-0.18258570550983722
1.207,1.6569168657665279,-0.4499168657665278
1.409,2.1466214987936483,-0.7376214987936482
1.341,1.7594586689347458,-0.4184586689347458
1.366,1.865243068633304,-0.4992430686333038
1.303,2.141234416197682,-0.838234416197682
1.302,2.2349909516042903,-0.9329909516042902
1.25,1.4615223208594574,-0.21152232085945744
1.897,1.5073185816684052,0.38968141833159486
1.884,2.366454180642341,-0.48245418064234125
1.932,1.9321605442967513,-0.00016054429675138593
1.525,1.552818159864809,-0.027818159864809067
1.534,1.7687090665960674,-0.23470906659606738
1.325,1.7936627987067544,-0.4686627987067544
1.438,1.6726090026048568,-0.23460900260485684
1.237,1.957196548428046,-0.7201965484280459
1.8,1.622703868438537,0.17729613156146296
1.625,1.9469493691669102,-0.3219493691669102
1.219,1.4940087654779082,-0.2750087654779081
1.906,1.6013664207848786,0.30463357921512135
2.292,1.6337325095275848,0.6582674904724151
5.0,1.7093348041964629,3.290665195803537
2.083,1.7262124339068161,0.35678756609318407
2.146,1.5480328886640988,0.5979671113359011
1.5,1.1426041783914034,0.3573958216085966
2.278,1.461371838223935,0.8166281617760651
2.346,1.8681222365057868,0.4778777634942133
1.75,1.3578600349614924,0.39213996503850757
1.5,1.5784670152496458,-0.07846701524964583
1.703,1.5250138031462033,0.1779861968537968
1.43,1.7075170410821559,-0.2775170410821559
1.625,1.5103071874660199,0.11469281253398012
1.528,1.684544854087164,-0.1565448540871639
1.281,1.7223151624425763,-0.4413151624425764
1.25,1.719586135670872,-0.46958613567087193
1.364,1.6695449106118576,-0.3055449106118575
1.516,1.7815371926869426,-0.26553719268694254
1.792,1.572511663979585,0.21948833602041495
2.583,1.2381328258717093,1.344867174128291
1.352,1.6399679125497677,-0.2879679125497676
1.688,1.0503183509655596,0.6376816490344404
1.196,1.5340333009832117,-0.3380333009832117
1.355,1.631602966187015,-0.2766029661870151
1.322,1.9873806466223065,-0.6653806466223064
1.114,1.8734317948741748,-0.7594317948741747
1.058,1.3318459165564902,-0.27384591655649015
0.981,1.7094887906007927,-0.7284887906007927
0.984,1.3597138650571594,-0.3757138650571594
1.479,1.727067716497042,-0.24806771649704196
1.5,1.83532386112889,-0.33532386112889
1.384,1.1677312073827788,0.2162687926172211
1.875,1.5282068191600722,0.34679318083992783
1.566,1.587527763231246,-0.021527763231245833
1.271,1.1090019574605026,0.16199804253949734
1.121,1.7618174459672,-0.6408174459672
1.168,1.5803007012417898,-0.41230070124178986
1.413,1.5247047238691587,-0.11170472386915864
1.375,1.3595496430805736,0.015450356919426422
1.193,1.3284258584530053,-0.13542585845300525
5.00001,0.9795896007761291,4.0204203992238705
1.75,1.7715741012817168,-0.021574101281716773
1.25,1.671536642442757,-0.4215366424427569
1.625,1.4377325320402983,0.18726746795970173
1.602,1.296241786139217,0.30575821386078306
2.0,1.406947612359146,0.593052387640854
1.8,1.5924553375293526,0.2075446624706474
2.75,1.568394613350863,1.181605386649137
1.475,1.7037756471675587,-0.2287756471675586
1.646,1.6910098516269374,-0.04500985162693749
1.625,1.8790205133595554,-0.25402051335955544
1.273,1.5821731641162002,-0.3091731641162003
0.388,1.813559275692356,-1.4255592756923559
1.875,1.4806760682714115,0.3943239317285885
3.5,1.2160574092349736,2.2839425907650264
2.25,1.3355851215834893,0.9144148784165107
1.583,2.0183543618497857,-0.4353543618497857
3.125,1.7119100821976427,1.4130899178023573
1.0,1.4616649121009018,-0.46166491210090177
1.24,1.8867963029924328,-0.6467963029924328
1.307,1.425788207530958,-0.11878820753095809
1.231,1.3852234561964223,-0.1542234561964222
1.365,1.6904854230166215,-0.32548542301662153
1.264,1.5683066928600173,-0.3043066928600173
1.177,1.710504687392642,-0.5335046873926419
0.962,1.428546835333965,-0.466546835333965
1.148,1.7146845701298663,-0.5666845701298664
1.096,1.5307580647444154,-0.43475806474441536
1.195,1.7611238298909808,-0.5661238298909808
1.143,1.6061423997547426,-0.4631423997547426
1.008,1.6557227240669805,-0.6477227240669805
0.903,1.178041267878111,-0.2750412678781109
1.199,1.7141404011198986,-0.5151404011198986
0.906,1.6792997151747575,-0.7732997151747575
1.075,1.7717240981469138,-0.6967240981469138
0.992,1.6123234709241265,-0.6203234709241265
1.008,1.6321689841979803,-0.6241689841979803
1.275,1.3212277186909533,-0.046227718690953434
0.934,1.3742637376298874,-0.44026373762988735
0.993,1.3072752260393177,-0.3142752260393177
1.072,1.3458314369261277,-0.27383143692612766
1.005,1.5461550332771723,-0.5411550332771724
1.102,1.3227971417071034,-0.2207971417071033
1.188,1.384679659157769,-0.19667965915776908
1.158,1.4137860551346604,-0.25578605513466046
0.996,1.548434352929942,-0.552434352929942
1.268,1.4146304123499416,-0.14663041234994156
1.183,1.790051184138282,-0.607051184138282
0.972,1.5798189502637534,-0.6078189502637534
1.161,1.5330678616561746,-0.37206786165617456
1.292,1.3039668190915092,-0.011966819091509207
1.141,1.492973762399159,-0.351973762399159
1.133,1.7205321948458658,-0.5875321948458658
1.038,1.689159500559507,-0.651159500559507
1.074,1.5173389049282209,-0.4433389049282208
0.958,1.6335752501904157,-0.6755752501904158
1.082,1.6461946587739453,-0.5641946587739453
1.042,1.4823365448609107,-0.4403365448609107
1.058,1.452236224479265,-0.394236224479265
1.05,1.3986457521472162,-0.34864575214721616
1.029,1.3802074023125674,-0.35120740231256753
0.904,1.2960490614210467,-0.3920490614210467
0.958,1.3477779842546163,-0.3897779842546163
0.875,1.0559146420678533,-0.18091464206785335
0.95,1.1255078834037238,-0.1755078834037238
1.013,1.6157672824699272,-0.6027672824699273
1.082,1.4068674860876857,-0.3248674860876857
0.986,1.6052193488083013,-0.6192193488083013
0.882,1.452044549581145,-0.5700445495811449
0.985,1.408768395374703,-0.423768395374703
1.079,1.6303133917800752,-0.5513133917800752
0.919,1.0435028059548381,-0.12450280595483809
1.034,1.550300971411073,-0.5163009714110729
1.015,1.5883732702138658,-0.5733732702138659
1.108,1.3648604815863568,-0.25686048158635666
1.069,1.645976244114469,-0.576976244114469
0.95,1.566969221387506,-0.616969221387506
1.035,1.414781704862082,-0.3797817048620822
1.0,1.5395986619107633,-0.5395986619107633
1.0,1.4056128557974321,-0.4056128557974321
0.971,1.5936718727041828,-0.6226718727041828
1.625,1.7801664253534288,-0.15516642535342884
1.563,1.8854175238078714,-0.3224175238078715
1.438,1.478771290244734,-0.04077129024473414
1.223,1.6625617433614244,-0.4395617433614243
1.038,1.2261581273800233,-0.18815812738002324
1.188,1.1403206079919193,0.04767939200808069
1.08,1.4973456257444893,-0.4173456257444892
1.117,1.460130241244376,-0.34313024124437597
1.094,1.5955964374891165,-0.5015964374891164
1.169,1.3651073130506504,-0.19610731305065032
1.152,1.476185881574223,-0.3241858815742231
1.171,1.6432592666668562,-0.47225926666685614
1.088,1.4599552346033686,-0.37195523460336855
1.21,1.817780618180564,-0.6077806181805641
1.232,1.4792873014470997,-0.24728730144709976
1.237,2.0428291350668073,-0.8058291350668072
1.232,1.8577956394103297,-0.6257956394103297
1.25,1.6294949080333636,-0.3794949080333636
1.16,1.567339896006923,-0.407339896006923
1.362,1.9169363774957149,-0.5549363774957148
1.344,1.704280369710126,-0.360280369710126
1.32,1.5119077026091159,-0.19190770260911583
1.141,1.824794368553836,-0.6837943685538359
1.125,1.1608430676715011,-0.03584306767150114
1.375,1.4046476265973014,-0.029647626597301358
1.425,1.2433712955883616,0.18162870441163848
1.229,1.6852013194981028,-0.4562013194981027
1.036,1.3866960818033385,-0.35069608180333844
1.313,1.5381749493786863,-0.22517494937868632
1.266,1.9517811249989327,-0.6857811249989327
1.188,1.6507042155405713,-0.4627042155405714
1.192,1.6949079773642926,-0.5029079773642926
1.125,1.4350000163423018,-0.3100000163423018
1.24,1.430656337634483,-0.19065633763448298
0.961,1.736615377745979,-0.775615377745979
1.058,1.6253258127938852,-0.5673258127938852
1.117,1.3007290304061316,-0.18372903040613164
1.286,1.997224740534218,-0.711224740534218
1.346,1.272159252328783,0.07384074767121707
1.161,1.4910060155370068,-0.3300060155370068
1.096,1.6037611184217893,-0.5077611184217892
1.164,1.702745637561585,-0.5387456375615851
1.116,2.024319655012023,-0.9083196550120229
1.291,1.4750092689705085,-0.18400926897050862
1.28,1.6248257739865124,-0.3448257739865124
1.2,1.6283883772133256,-0.4283883772133257
1.225,1.7370163640687308,-0.5120163640687307
1.164,1.6358377447193977,-0.47183774471939777
1.014,1.3947305684188622,-0.3807305684188622
1.266,1.6906222249107077,-0.42462222491070767
1.048,1.7187544133640045,-0.6707544133640044
1.0,1.4843981565596145,-0.4843981565596145
1.148,1.4627586897330187,-0.3147586897330188
0.965,1.5473746249655065,-0.5823746249655065
1.011,1.6225565973487102,-0.6115565973487103
0.983,1.3570270967664184,-0.37402709676641843
1.034,1.6566315510675604,-0.6226315510675604
1.019,1.9822406321142054,-0.9632406321142055
0.95,1.480611800433505,-0.530611800433505
0.993,1.598725065873206,-0.605725065873206
1.28,1.9230696567008159,-0.6430696567008158
1.943,2.406262308401785,-0.46326230840178484
1.897,2.026909327288899,-0.12990932728889892
1.577,2.1114319130739596,-0.5344319130739597
1.234,1.7593781409462936,-0.5253781409462936
1.826,2.406357156543561,-0.580357156543561
1.93,2.3124002297798443,-0.38240022977984434
1.811,2.1134177983275158,-0.3024177983275158
1.658,1.8154028521088799,-0.15740285210887994
1.875,1.686750706972739,0.188249293027261
1.885,1.636567115821764,0.24843288417823595
1.813,1.5761561991711146,0.23684380082888534
1.126,1.5918829346282952,-0.46588293462829533
1.209,1.808926102841869,-0.599926102841869
1.215,1.765537087145618,-0.5505370871456179
1.333,1.7865338650226765,-0.45353386502267656
1.516,1.1395574968033482,0.37644250319665185
0.987,1.9036670568195788,-0.9166670568195788
1.142,1.5395084514976303,-0.39750845149763037
1.265,1.9205531410595817,-0.6555531410595818
1.496,2.0921546610774224,-0.5961546610774224
1.705,2.6987345561605625,-0.9937345561605624
1.152,1.7149449025357915,-0.5629449025357915
1.089,2.226732937726101,-1.137732937726101
1.225,1.9896359636047207,-0.7646359636047206
1.403,2.2196157131333534,-0.8166157131333533
1.147,1.689384370142521,-0.542384370142521
1.043,2.082893761152375,-1.0398937611523749
1.01,1.605399235794235,-0.595399235794235
1.033,2.06501910786056,-1.03201910786056
1.139,1.5599685779955375,-0.42096857799553744
1.089,1.4222022266764793,-0.33320222667647936
1.491,1.5594152042016844,-0.06841520420168434
1.404,1.9907208381481665,-0.5867208381481666
1.49,1.9455805629834582,-0.45558056298345817
1.801,2.7848475996299875,-0.9838475996299876
2.076,2.3309952738702964,-0.2549952738702963
1.667,1.5530073138681622,0.11399268613183788
1.086,1.6848280706672123,-0.5988280706672122
1.388,2.223734984732669,-0.8357349847326692
1.186,1.5400488016361638,-0.3540488016361638
1.185,1.4565452329123572,-0.2715452329123571
1.588,1.8484447247547682,-0.2604447247547681
1.564,2.521194535889571,-0.9571945358895708
1.958,2.4022161438568848,-0.4442161438568848
3.504,3.2168719684490186,0.28712803155098143
2.468,2.47024809712467,-0.00224809712466989
1.406,2.5303238897524443,-1.1243238897524443
1.705,0.8172179334782621,0.887782066521738
3.125,1.8378489316677056,1.2871510683322944
1.063,1.5295650627838646,-0.46656506278386467
2.667,1.5227990185044247,1.1442009814955751
1.878,2.289842866363063,-0.4118428663630629
1.679,1.4754791803548897,0.20352081964511037
1.188,1.4409826949229267,-0.2529826949229268
0.875,1.3666957446313173,-0.49169574463131727
3.532,2.11377216809429,1.41822783190571
3.321,2.1097191176662875,1.2112808823337127
3.01,1.9535901371956743,1.0564098628043255
1.0,1.5035310608976067,-0.5035310608976067
1.03,1.3566729379955116,-0.32667293799551156
1.089,1.7998215848500743,-0.7108215848500743
1.083,1.2327246292870528,-0.14972462928705288
1.129,1.5163859389726877,-0.3873859389726877
0.982,1.234330905020069,-0.25233090502006905
0.945,1.8905758166669842,-0.9455758166669842
0.933,1.6455093489692594,-0.7125093489692593
0.914,1.6049504180190295,-0.6909504180190295
1.117,2.927912730178028,-1.810912730178028
1.08,2.0083523857935464,-0.9283523857935463
0.965,1.7236169936221044,-0.7586169936221044
0.966,2.335132212419333,-1.369132212419333
1.066,1.598189313772075,-0.532189313772075
1.122,1.7597188967523518,-0.6377188967523517
1.198,1.7556220788275407,-0.5576220788275408
0.972,1.6277514989378297,-0.6557514989378297
0.931,2.208369621050979,-1.2773696210509788
0.94,2.105703880992994,-1.1657038809929943
0.958,1.483553941872877,-0.525553941872877
1.024,2.042342344424208,-1.018342344424208
0.952,1.9774970525096431,-1.0254970525096432
1.0,1.3659411018585792,-0.3659411018585792
1.1,1.4623595642475826,-0.36235956424758253
0.922,1.586809527628144,-0.6648095276281439
0.93,1.6874215761333224,-0.7574215761333224
0.923,1.1780837421422978,-0.2550837421422978
1.214,1.1177129505231707,0.09628704947682931
1.0,1.2152638015249562,-0.21526380152495617
1.026,1.3655711296895547,-0.3395711296895547
1.07,1.534205278553301,-0.46420527855330085
1.0,1.3344683522997376,-0.3344683522997376
1.073,1.5543287173566283,-0.4813287173566283
0.985,2.207739271810057,-1.222739271810057
0.998,1.5297763731029699,-0.5317763731029699
1.241,1.826534943591826,-0.585534943591826
1.194,1.649150826440641,-0.455150826440641
1.242,2.1634264807629497,-0.9214264807629498
1.258,1.9327046048957963,-0.6747046048957963
1.426,2.2700585059424623,-0.8440585059424623
1.361,2.062324526563163,-0.7013245265631631
1.317,1.892209549785585,-0.5752095497855851
1.2,2.0235769622929727,-0.8235769622929727
1.31,2.0830013804170573,-0.7730013804170572
1.335,2.458759118313438,-1.1237591183134379
1.496,2.693438351727597,-1.1974383517275968
1.42,1.9665304517503943,-0.5465304517503944
1.21,1.5910544429856248,-0.38105444298562485
1.318,1.4036920377304776,-0.08569203773047751
1.363,2.13603766383447,-0.77303766383447
1.387,2.40868076150686,-1.0216807615068602
1.342,2.202522972221168,-0.860522972221168
1.132,1.3551899330971928,-0.22318993309719293
1.095,1.9392935541809198,-0.8442935541809198
1.363,1.847401517777483,-0.48440151777748297
0.984,1.3138931254073865,-0.32989312540738647
1.021,1.4214277897042187,-0.4004277897042188
0.99,1.470147013705256,-0.4801470137052559
1.163,1.3297725030306302,-0.16677250303063018
1.174,2.4297950568157187,-1.2557950568157188
1.274,2.033108738099519,-0.7591087380995192
1.404,2.6543995500285336,-1.2503995500285336
1.403,2.2990086171303505,-0.8960086171303505
0.975,1.2926681593123504,-0.3176681593123504
1.015,1.4118044103799359,-0.39680441037993597
1.04,1.3080135043181471,-0.2680135043181471
1.018,1.4839233699624805,-0.4659233699624805
0.975,1.4310996369579243,-0.4560996369579243
0.992,1.3199372031606913,-0.3279372031606913
0.97,1.3591013737544348,-0.3891013737544349
0.925,1.7199734906928001,-0.7949734906928001
0.982,1.3221742279061017,-0.34017422790610174
0.982,1.5664517655595795,-0.5844517655595796
0.963,1.6036584691439653,-0.6406584691439653
1.006,1.416799436201083,-0.41079943620108295
0.957,1.4221732701951204,-0.46517327019512045
0.968,1.4603181863385566,-0.4923181863385566
0.901,1.4564872316385216,-0.5554872316385215
1.014,1.6511224151947603,-0.6371224151947603
0.973,1.4256240164180025,-0.45262401641800254
0.864,1.218945754537104,-0.3549457545371041
0.926,1.6655249101803795,-0.7395249101803795
0.991,1.6046542362461746,-0.6136542362461747
0.942,1.4197972005979258,-0.47779720059792585
0.953,1.3810819652611837,-0.4280819652611837
0.94,1.4055849187261542,-0.46558491872615426
0.906,1.4970016089626395,-0.5910016089626394
0.901,1.2192024081042283,-0.3182024081042283
0.917,0.9216801784594875,-0.004680178459487427
0.909,1.4201996672359833,-0.5111996672359833
0.979,1.2107925354001052,-0.23179253540010525
0.951,1.427780404154126,-0.47678040415412604
0.944,1.325188390606102,-0.381188390606102
1.0,1.4469977134825793,-0.44699771348257933
0.898,1.2842831258151275,-0.38628312581512747
0.967,1.5103528254289469,-0.5433528254289469
0.948,1.681890874890704,-0.733890874890704
1.013,1.4904551088167879,-0.477455108816788
0.991,1.5558969299510441,-0.5648969299510441
0.914,1.311385942774637,-0.397385942774637
0.993,1.6299612493866755,-0.6369612493866755
0.897,1.4000794730480561,-0.5030794730480561
1.114,1.4908684783358237,-0.3768684783358236
1.023,1.599620442022958,-0.5766204420229581
0.932,1.5896701618301727,-0.6576701618301727
1.056,1.9978237207558733,-0.9418237207558733
1.077,1.6802357608930873,-0.6032357608930874
0.936,1.3054670452853756,-0.36946704528537555
0.949,1.56673556506192,-0.61773556506192
0.916,1.325866962442492,-0.4098669624424919
0.897,1.5694694851500526,-0.6724694851500526
0.862,1.366806649309618,-0.504806649309618
1.013,1.518885412029534,-0.5058854120295342
0.98,1.711075082495689,-0.7310750824956891
0.888,1.6743022921093422,-0.7863022921093422
0.985,1.5851427265392228,-0.6001427265392228
0.898,1.1176115592806672,-0.21961155928066722
0.934,1.6387651092732698,-0.7047651092732697
0.967,1.3882272596273595,-0.4212272596273595
0.946,1.369857038501127,-0.4238570385011271
0.996,1.4950303003815595,-0.4990303003815595
0.945,1.4268776516027022,-0.48187765160270224
0.942,1.4956651559499923,-0.5536651559499923
0.898,1.406593655303223,-0.508593655303223
0.903,1.6019843823510547,-0.6989843823510546
0.932,1.3364356989659352,-0.4044356989659351
0.913,1.8927936146235487,-0.9797936146235486
0.924,1.529926377907703,-0.605926377907703
0.949,1.4175941548638695,-0.46859415486386957
0.927,1.5005769195682106,-0.5735769195682106
0.954,1.3222807240666037,-0.3682807240666037
1.048,1.1508636353271462,-0.10286363532714615
1.102,1.799187527834584,-0.6971875278345838
0.989,1.466670784676399,-0.4776707846763991
0.888,1.4361786752953964,-0.5481786752953964
0.887,1.5019535860521995,-0.6149535860521995
0.931,1.228617180232685,-0.297617180232685
0.969,1.2710945742873998,-0.30209457428739983
0.941,1.2776481456257174,-0.33664814562571743
0.942,1.1835412928972162,-0.24154129289721626
0.813,0.9188296706484516,-0.10582967064845161
1.0,2.0161934113609408,-1.0161934113609408
0.974,1.8506400378135073,-0.8766400378135073
1.299,2.1077219615691973,-0.8087219615691974
1.057,1.7757762861700417,-0.7187762861700417
1.226,1.7012283953584322,-0.4752283953584322
1.202,1.9852707099302858,-0.7832707099302858
1.281,1.7149118844991065,-0.43391188449910656
0.884,1.2326387792789053,-0.3486387792789053
0.904,1.3352971105708034,-0.43129711057080333
0.906,1.789436897917614,-0.883436897917614
0.906,2.2596150881505266,-1.3536150881505264
0.906,1.0536231570002101,-0.14762315700021011
0.998,1.7007076587790357,-0.7027076587790357
0.913,1.3974023408892156,-0.4844023408892155
0.904,1.190846811370422,-0.286846811370422
0.875,0.9618286710105788,-0.08682867101057878
0.895,1.2613560147034808,-0.3663560147034808
0.975,1.2782689916432983,-0.30326899164329835
0.974,1.1953544174557198,-0.22135441745571982
1.076,1.0100022205487265,0.06599777945127361
0.957,1.3497643947976388,-0.3927643947976388
0.902,1.5248174527122433,-0.6228174527122433
1.0,1.0654858939368732,-0.06548589393687321
0.875,1.1917007861709896,-0.3167007861709896
1.0,1.1794725183605668,-0.17947251836056677
0.854,1.2911040973267363,-0.4371040973267363
0.842,1.6039939068350664,-0.7619939068350664
0.883,1.5560677094587017,-0.6730677094587016
0.863,1.3605017418084873,-0.4975017418084873
0.898,1.0977041106693244,-0.19970411066932436
0.9,1.2144385821543715,-0.3144385821543715
0.955,1.4055667584259917,-0.4505667584259917
0.901,1.5422280834050142,-0.6412280834050141
0.976,1.5905256319457672,-0.6145256319457673
0.921,1.727738083598246,-0.8067380835982461
0.92,1.1208720463945605,-0.20087204639456047
0.87,1.2420045204731345,-0.3720045204731345
1.049,1.0785996897990464,-0.02959968979904648
0.887,1.0833518271627618,-0.19635182716276178
5.00001,3.9570467355884826,1.042963264411517
5.00001,6.809127740834532,-1.809117740834532
5.00001,5.679319988693141,-0.6793099886931415
5.00001,5.7656826303504465,-0.7656726303504469
5.00001,3.6606701910705985,1.339339808929401
5.00001,4.499815022350175,0.5001949776498247
5.00001,6.787874669243107,-1.787864669243107
5.00001,6.8594467325612865,-1.8594367325612868
5.00001,3.44536995320969,1.5546400467903094
5.00001,5.38831064414601,-0.3883006441460104
5.00001,3.8944021280306593,1.1056078719693403
5.00001,5.224780867081728,-0.22477086708172855
5.00001,6.049876497755603,-1.0498664977556036
5.00001,5.141113120097049,-0.14110312009704895
5.00001,4.172874061673685,0.8271359383263146
5.00001,5.991513646900579,-0.9915036469005791
5.00001,6.88560021994216,-1.8855902199421601
5.00001,6.218435822032482,-1.218425822032482
5.00001,6.290877329262041,-1.2908673292620412
5.00001,6.76889245604509,-1.7688824560450902
5.00001,4.03956040562274,0.96044959437726
5.00001,2.7792152832210535,2.220794716778946
5.00001,3.4622012368527835,1.5378087631472162
5.00001,5.146612791517512,-0.14660279151751254
5.00001,4.230122672089713,0.7698873279102862
5.00001,4.452668018647204,0.5473419813527958
5.00001,4.156194523518135,0.8438154764818648
5.00001,3.5504683320336445,1.449541667966355
5.00001,5.263008463258959,-0.2629984632589597
5.00001,3.30393918450127,1.6960708154987296
5.00001,5.149923159202896,-0.14991315920289594
5.00001,6.313925087629607,-1.3139150876296073
5.00001,4.556717648616152,0.4432923513838478
5.00001,3.6949356446821797,1.30507435531782
5.00001,6.901967376144354,-1.9019573761443542
5.00001,4.09508856197025,0.9049214380297492
5.00001,4.90733737550732,0.09267262449267921
5.00001,3.8560535094550272,1.1439564905449724
5.00001,4.6161764535289445,0.38383354647105516
5.00001,4.696689120810367,0.30332087918963246
5.00001,6.834491889050364,-1.8344818890503642
5.00001,2.779727395717525,2.220282604282475
5.00001,2.4929479203999216,2.507062079600078
5.00001,2.24555347268289,2.7544565273171098
3.375,2.354555844772938,1.0204441552270622
3.875,2.6489463593083973,1.2260536406916027
5.00001,2.6217716738464274,2.3782383261535722
5.00001,2.455174076847721,2.5448359231522786
5.00001,3.5967208828358714,1.4032891171641282
5.00001,3.651923317571839,1.3480866824281605
5.00001,6.767753331004676,-1.7677433310046764
5.00001,4.917238683211066,0.0827713167889339
5.00001,4.013406126282783,0.9866038737172165
5.00001,3.685064202172648,1.3149457978273515
5.00001,4.396285641288608,0.6037243587113919
5.00001,3.052740188299738,1.9472698117002616
3.5,1.6490326009503333,1.8509673990496667
5.00001,1.9183459887616088,3.0816640112383906
3.5,1.2221180611752656,2.277881938824734
3.5,1.3550143194259587,2.1449856805740413
5.0,1.726985557896288,3.2730144421037117
5.00001,3.6863308610419985,1.3136791389580011
5.00001,3.5885514715198523,1.4114585284801473
5.00001,6.658684877189417,-1.6586748771894175
5.00001,4.640192795858624,0.3598172041413754
5.00001,2.037307954142323,2.9627020458576765
5.00001,2.5294952439617475,2.470514756038252
5.0,2.7139386101386638,2.2860613898613362
3.167,3.0143981362743304,0.15260186372566942
5.00001,3.5889840794576453,1.4110259205423543
5.00001,2.948940625289861,2.0510693747101385
5.00001,2.929133484255256,2.0708765157447435
5.00001,3.2565014963874583,1.7435085036125413
5.00001,3.308312713462981,1.6916972865370186
5.00001,3.8446292853044413,1.1553807146955584
5.00001,2.533657866446405,2.4663521335535945
5.00001,2.788475270357039,2.2115347296429606
5.00001,5.292937624420718,-0.2929276244207184
5.00001,3.686619362285178,1.3133906377148215
5.00001,2.8371120849277425,2.162897915072257
5.00001,3.5990160883478817,1.400993911652118
4.773,2.3424701375097867,2.430529862490213
3.05,2.392870274556585,0.657129725443415
5.00001,2.6645814248125235,2.335428575187476
4.947,3.2618385647257013,1.6851614352742987
1.813,1.8097039045632204,0.003296095436779556
2.833,2.31715526422985,0.5158447357701501
2.775,1.9566979658011703,0.8183020341988296
4.1,1.9056511210899947,2.194348878910005
2.75,2.3430320158409206,0.4069679841590794
3.375,2.077531982682962,1.2974680173170379
2.688,2.212853487311963,0.475146512688037
3.938,1.988158269981566,1.949841730018434
3.25,2.0586927441531193,1.1913072558468807
3.6,2.346386509547133,1.2536134904528673
4.208,2.0778294794989,2.1301705205011
3.481,2.1609745626110994,1.3200254373889004
3.602,2.287140753771189,1.314859246228811
3.0,1.9320732251865693,1.0679267748134307
3.363,2.4192291901752636,0.9437708098247364
2.25,1.7447890802317916,0.5052109197682084
3.5,1.0471850569851995,2.4528149430148005
3.478,2.0214378184323327,1.4565621815676675
4.851,2.991349950909422,1.859650049090578
4.098,2.8043413624847062,1.2936586375152936
4.275,2.7057394691406835,1.5692605308593168
5.00001,3.0631973738125353,1.9368126261874643
5.00001,2.833559030388673,2.1664509696113265
5.00001,4.025487856773273,0.9745221432267268
5.00001,2.7509346691667265,2.249075330833273
5.00001,4.398714032939064,0.6012959670609357
5.00001,6.017561088522963,-1.0175510885229633
5.00001,4.028799810143005,0.9712101898569943
5.00001,2.27090421305428,2.72910578694572
5.00001,4.094226444293844,0.9057835557061553
4.125,2.4269861504258317,1.6980138495741683
5.00001,2.868725559981364,2.1312844400186357
5.00001,2.242786325686321,2.7572236743136784
4.6,2.3609215172863,2.2390784827137
5.00001,5.294232252490167,-0.294222252490167
5.00001,5.487799643615876,-0.4877896436158764
5.00001,2.895210869765193,2.104799130234807
5.00001,3.5702433477260564,1.4297666522739432
5.00001,3.2284935786308306,1.771516421369169
5.00001,3.6834477252905224,1.3165622747094772
4.613,2.9477237398382403,1.6652762601617601
5.00001,4.172207962319725,0.827802037680275
5.00001,5.004485879376735,-0.0044758793767352145
5.00001,3.306084894459367,1.6939251055406328
2.077,1.7287173387110426,0.34828266128895735
2.542,1.8586909800870455,0.6833090199129543
3.404,3.3293807679461125,0.07461923205388743
3.091,1.5986700939606724,1.4923299060393278
2.716,2.1481831332057495,0.5678168667942507
2.375,2.4690148263396083,-0.09401482633960834
3.404,2.7714397322512183,0.6325602677487816
3.083,2.491977699210552,0.5910223007894482
2.325,2.155264057720502,0.16973594227949818
3.194,2.0554191127701564,1.1385808872298435
3.194,2.095350451226508,1.098649548773492
3.728,3.5376837000697403,0.1903162999302599
3.273,1.984456011480058,1.2885439885199421
3.0,2.0252488866656964,0.9747511133343036
1.844,1.7982069522843696,0.04579304771563053
3.667,2.0900750754600033,1.5769249245399966
2.813,2.2190346173504465,0.5939653826495537
3.2,1.988342791586504,1.2116572084134962
0.55,2.0997999911630916,-1.5497999911630915
2.75,2.090365550665535,0.6596344493344648
2.221,2.0286235219511672,0.19237647804883284
2.309,2.3955746474390307,-0.08657464743903054
2.028,2.0205886916261937,0.007411308373806325
1.43,1.9471248525140377,-0.5171248525140377
1.857,1.9743196818074362,-0.11731968180743624
3.333,1.7026083064560913,1.630391693543909
2.894,2.4003775639397986,0.4936224360602015
4.273,2.846368188039954,1.4266318119600458
3.736,2.912412924508804,0.8235870754911963
3.408,2.1817949352562627,1.2262050647437372
3.727,2.150450300540455,1.576549699459545
3.442,2.150307142083138,1.2916928579168623
3.524,2.168261983670414,1.3557380163295862
3.467,2.3374645748339713,1.1295354251660288
3.576,2.125272478625741,1.450727521374259
3.31,2.4611746106555086,0.8488253893444915
3.438,2.127893225440456,1.3101067745595443
3.181,2.267481472791456,0.9135185272085442
3.539,2.564200152926634,0.9747998470733661
3.509,2.5961383816262726,0.9128616183737273
3.86,3.3451830570011287,0.5148169429988712
4.0,2.6172723747022815,1.3827276252977185
4.188,2.8360163513200387,1.351983648679961
4.401,3.1776801650830624,1.2233198349169374
3.543,3.3752100132956775,0.16778998670432266
4.058,3.3729196577644647,0.6850803422355352
5.00001,2.4086998847781707,2.591310115221829
4.898,2.899324450131947,1.9986755498680528
4.657,3.3815195368448325,1.2754804631551675
5.00001,2.3708074077638206,2.629202592236179
5.00001,4.105821311140161,0.8941886888598383
5.00001,2.623121253918698,2.3768887460813017
3.743,2.6680570805924635,1.0749429194075364
4.636,2.235153796093385,2.400846203906615
3.408,2.1864535853996787,1.2215464146003212
4.141,2.7680471302251872,1.3729528697748128
3.947,2.030854880380976,1.9161451196190242
4.5,1.7604794591844177,2.7395205408155823
3.07,2.158400803040399,0.9115991969596009
3.488,2.1815961830277346,1.3064038169722654
3.019,2.2326368144908986,0.7863631855091016
3.1,2.3548907417576115,0.7451092582423886
2.25,2.15336079302147,0.09663920697853001
3.155,2.0169114405433715,1.1380885594566283
4.201,2.6391546417716576,1.561845358228342
3.94,2.3222309532106458,1.6177690467893542
4.125,1.9255107090703893,2.199489290929611
4.466,3.4240643735048675,1.0419356264951327
5.00001,2.6598797752294248,2.340130224770575
4.2,3.3193775730391275,0.8806224269608727
3.622,1.914218152386662,1.707781847613338
3.558,2.7839248463996356,0.7740751536003643
3.347,2.6864293865528746,0.6605706134471254
3.213,2.5273339747186014,0.6856660252813986
3.24,2.2225743472392416,1.0174256527607586
2.431,2.0630960059491867,0.3679039940508133
3.243,2.570971965689419,0.6720280343105807
3.354,2.1051349259500203,1.2488650740499798
3.442,2.270238224327464,1.171761775672536
4.586,2.4179726294000625,2.1680273705999378
3.109,1.952234564515799,1.156765435484201
3.431,3.1399775450019005,0.29102245499809953
3.456,2.088791653307422,1.367208346692578
3.267,2.940641611826969,0.326358388173031
3.469,2.674139412110468,0.7948605878895321
2.972,2.55457322010318,0.41742677989681987
2.875,2.0581726434221848,0.8168273565778152
2.635,1.874103545546467,0.7608964544535328
2.357,1.8784797781265214,0.47852022187347876
3.214,1.9913966345288214,1.2226033654711785
3.058,1.973180580799619,1.0848194192003808
3.0,1.7016207494401567,1.2983792505598433
2.85,2.0041246014939635,0.8458753985060365
2.393,1.7512679563394735,0.6417320436605263
4.25,2.0256624681058226,2.2243375318941774
3.875,2.1022909106506735,1.7727090893493265
4.143,2.3178299048954547,1.825170095104545
4.125,2.342649940384294,1.7823500596157058
3.587,2.2345697869197116,1.3524302130802885
2.675,2.4077498467909315,0.2672501532090683
5.00001,2.0643790919160567,2.935630908083943
3.5,2.144075713679431,1.355924286320569
3.632,2.7156989760680337,0.9163010239319664
3.347,2.383251853012506,0.963748146987494
3.359,2.6410062966269194,0.7179937033730805
3.258,2.4321147096412075,0.8258852903587925
3.72,2.573622697701779,1.1463773022982213
3.483,2.6933066243720134,0.7896933756279867
3.458,2.581389648841861,0.8766103511581393
3.267,2.768999525509563,0.49800047449043694
3.25,2.038929947347201,1.2110700526527989
3.39,2.3217599407354967,1.0682400592645034
3.038,2.31544542481599,0.7225545751840099
3.606,2.6618605420507646,0.9441394579492353
4.667,3.006194874647628,1.660805125352372
5.00001,2.523817121799859,2.476192878200141
5.00001,2.3723640483409225,2.627645951659077
5.00001,3.064844346191668,1.9351656538083315
3.431,2.809995715646436,0.6210042843535639
4.208,3.2361362458809806,0.9718637541190196
5.00001,2.345102220498566,2.6549077795014338
5.00001,2.3366020652790414,2.6634079347209583
5.00001,3.3550762124072775,1.6449337875927221
5.00001,4.916054479223576,0.08395552077642332
5.00001,5.75855352032273,-0.7585435203227302
3.218,3.0027237786326735,0.2152762213673265
2.72,1.9352241833934523,0.7847758166065479
2.712,2.0814807418079866,0.6305192581920136
2.763,1.9405607090781494,0.8224392909218505
2.875,2.046694958459223,0.8283050415407769
2.846,2.392885646204395,0.45311435379560505
3.24,2.572615152049394,0.6673848479506064
3.517,3.7415432500373624,-0.22454325003736253
3.2,1.9951729754788439,1.2048270245211563
3.029,2.520206677270312,0.5087933227296881
3.669,2.490046799167714,1.1789532008322858
4.5,2.1399961776088334,2.3600038223911666
3.013,2.865562040710916,0.14743795928908376
3.039,2.635091223115947,0.403908776884053
2.15,1.3174450555796178,0.8325549444203821
2.489,2.4821951802107414,0.006804819789258509
2.638,2.7125806599253606,-0.07458065992536067
2.655,1.9530416590832278,0.701958340916772
2.761,2.268484883063513,0.4925151169364872
2.767,1.971710516774237,0.7952894832257629
3.072,2.4188968641620607,0.6531031358379393
3.572,3.309293755355891,0.2627062446441091
3.626,3.854946420988026,-0.2289464209880263
3.614,3.3256926877195423,0.2883073122804576
3.459,2.8998951611324726,0.5591048388675275
3.508,3.4554608685018895,0.052539131498110514
3.407,3.208031940698561,0.19896805930143913
3.294,2.4871582796537988,0.8068417203462013
3.16,2.0233086624986933,1.1366913375013068
3.318,2.597057767797291,0.720942232202709
2.857,2.222199995175945,0.6348000048240552
3.872,3.2217781386949027,0.6502218613050972
3.635,3.0527434849347057,0.5822565150652941
3.636,3.5795586458846618,0.05644135411533835
3.56,3.249904993214682,0.3100950067853181
3.659,3.2447916773087377,0.41420832269126207
3.523,2.636852814936441,0.8861471850635589
3.652,2.7524682043027733,0.8995317956972269
3.659,3.071325612304573,0.5876743876954267
4.22,3.3917377908256054,0.8282622091743943
5.00001,2.955797643005515,2.0442123569944846
5.00001,3.014277191762325,1.9857328082376746
5.00001,4.102600080660084,0.8974099193399159
5.00001,2.9621768523083123,2.0378331476916873
3.561,2.8951962772831017,0.6658037227168982
2.832,2.8293969987420224,0.002603001257977411
4.112,2.9979828336934164,1.1140171663065837
4.321,3.1543411943446023,1.1666588056553975
4.566,3.0121342673123337,1.5538657326876661
4.348,3.8295438354119824,0.5184561645880175
4.563,2.6127266291871214,1.9502733708128783
3.772,3.1691994369495484,0.6028005630504514
3.307,3.148331611534457,0.15866838846554288
2.878,3.1469621819936697,-0.2689621819936696
2.945,3.2506850554287245,-0.3056850554287247
2.99,2.721646632498623,0.26835336750137717
4.0,2.232418408986882,1.7675815910131178
1.875,1.9298316262365338,-0.054831626236533815
2.476,1.9433528940421567,0.5326471059578433
3.033,2.5386617331322223,0.4943382668677776
2.667,2.350382694008778,0.3166173059912216
2.844,2.4336921640792877,0.4103078359207122
2.896,2.7795034315604066,0.11649656843959333
5.00001,3.211765130904048,1.7882448690959518
5.00001,3.4254145905617848,1.5745954094382149
5.00001,3.2605378963755327,1.739472103624467
1.759,1.6563138548549725,0.10268614514502739
1.596,1.8130025924898152,-0.21700259248981513
1.62,2.6819928998362785,-1.0619928998362784
1.564,2.3804553236869377,-0.8164553236869376
1.512,1.8255292608017766,-0.31352926080177657
1.628,1.7056045635107584,-0.0776045635107585
1.797,1.7345647221090221,0.0624352778909778
2.328,2.483558709457392,-0.15555870945739203
1.841,1.9972946074568028,-0.1562946074568028
2.006,2.2173622348393955,-0.21136223483939576
2.387,2.5044605578098897,-0.11746055780988973
2.302,2.8207962977956056,-0.5187962977956055
2.513,2.7334609412006228,-0.22046094120062287
2.222,1.424774558086586,0.7972254419134139
2.167,1.6111574815548315,0.5558425184451683
2.396,2.668330324353164,-0.27233032435316407
2.324,2.7389725444520496,-0.4149725444520498
2.0,1.8401929124010121,0.15980708759898787
2.402,2.097548965226709,0.30445103477329116
2.263,2.25402911399068,0.008970886009319834
2.234,2.0278709008764766,0.2061290991235234
2.136,1.8452926213993166,0.2907073786006835
1.844,1.9336266346354967,-0.08962663463549658
1.759,1.8620535576775974,-0.1030535576775975
2.827,2.7684717167185022,0.05852828328149773
2.683,2.8382893846302593,-0.15528938463025943
2.333,2.075212797107384,0.25778720289261603
2.353,2.0555109024722964,0.2974890975277038
2.033,1.9299153865722527,0.10308461342774722
2.242,1.9529501181188547,0.28904988188114533
3.041,2.6584952241853803,0.3825047758146196
1.711,2.1663033939318614,-0.45530339393186137
1.631,2.1661628823099552,-0.5351628823099552
1.815,2.919962753277126,-1.104962753277126
1.28,1.759886912004434,-0.479886912004434
1.313,2.2989194461367672,-0.9859194461367673
1.875,1.5600709220380775,0.3149290779619225
1.777,2.188309354191275,-0.4113093541912749
1.823,2.1470408552567126,-0.32404085525671267
1.846,2.2498716775390255,-0.4038716775390254
1.655,2.4610875033309205,-0.8060875033309205
1.913,2.5479311195161656,-0.6349311195161655
1.68,2.1569771821805777,-0.4769771821805777
1.691,2.0401059050159867,-0.3491059050159866
1.654,1.4370448377207437,0.21695516227925626
1.542,2.1574672758656295,-0.6154672758656294
1.575,1.7416626107701854,-0.1666626107701854
1.462,2.016003289388594,-0.554003289388594
1.74,1.983151716329587,-0.2431517163295871
1.745,1.6360101534173674,0.10898984658263267
1.587,1.6920092806513218,-0.10500928065132187
1.72,2.0186244290783115,-0.29862442907831155
1.381,1.9341233863341083,-0.5531233863341083
1.504,1.9938897998326217,-0.4898897998326217
1.398,1.655969902359279,-0.2579699023592792
1.647,1.5960284865119538,0.05097151348804618
2.056,2.3221154939312725,-0.26611549393127243
3.5,1.8909413564239286,1.6090586435760714
1.547,1.8809087824967075,-0.3339087824967075
1.821,1.558770408905082,0.26222959109491795
1.523,1.6991645026457736,-0.17616450264577366
1.631,1.803385473441921,-0.172385473441921
1.642,1.921261122502874,-0.27926112250287405
1.506,1.653424219377279,-0.147424219377279
1.673,1.8426219788461382,-0.16962197884613817
1.601,2.1790907354401847,-0.5780907354401847
1.413,1.5000827456306112,-0.08708274563061114
1.125,2.6821001665915003,-1.5571001665915003
3.462,1.802877932615314,1.6591220673846863
2.905,2.9447938659022395,-0.039793865902239656
1.469,2.091820885379242,-0.6228208853792421
1.868,1.956556377059525,-0.0885563770595248
1.875,1.6198621522824832,0.2551378477175168
2.0,1.5475969596487085,0.45240304035129153
2.083,1.2606559044803367,0.8223440955196635
3.5,1.0426021913711006,2.4573978086288992
4.161,2.325820645399733,1.8351793546002666
2.852,2.6485562941297327,0.20344370587026717
2.656,3.15294291560127,-0.4969429156012697
2.734,2.8012733664265097,-0.06727336642650972
2.708,2.687568631107896,0.020431368892104285
3.5,2.6322631399555267,0.8677368600444733
3.512,2.4313327063574444,1.0806672936425556
1.924,1.8813941450838942,0.04260585491610569
2.031,2.2080763035652344,-0.1770763035652343
2.189,1.9178934149706406,0.27110658502935947
1.953,1.7003894432252977,0.25261055677470234
3.067,2.0637469226669514,1.0032530773330488
2.383,2.0615617477004533,0.3214382522995467
2.258,1.626142937435847,0.6318570625641531
2.25,2.0423027840521284,0.2076972159478716
2.423,1.6458541534455775,0.7771458465544225
2.685,2.2172947960460014,0.4677052039539986
2.554,2.068920059034271,0.4850799409657287
2.605,2.0112947948078324,0.5937052051921676
3.685,2.8196007578983666,0.8653992421016334
3.519,3.0327488108246334,0.4862511891753667
2.852,2.384415637911938,0.46758436208806176
2.939,2.660983932103959,0.2780160678960413
3.5,2.610843099906856,0.8891569000931439
2.481,1.7374056238507853,0.7435943761492145
2.345,1.806498843177341,0.5385011568226592
2.432,1.9714058877493161,0.4605941122506838
2.272,1.7338938819734984,0.5381061180265014
2.317,1.9376167853077428,0.37938321469225733
2.575,2.075344057069229,0.499655942930771
2.534,2.244826830362523,0.28917316963747686
2.678,2.1545466550991255,0.5234533449008745
2.764,2.3662493270585077,0.39775067294149213
3.215,2.5901219151191066,0.6248780848808932
3.267,2.3774257118539595,0.8895742881460404
3.119,2.7058779133678845,0.4131220866321157
4.098,2.91570869915028,1.18229130084972
5.00001,3.780731105006796,1.2192788949932036
4.467,3.323355750119874,1.1436442498801256
3.0,2.4263033359656583,0.5736966640343417
4.019,3.062300878703884,0.9566991212961162
3.615,3.253514850574723,0.3614851494252771
4.643,2.2845060372891655,2.3584939627108343
3.328,2.7158815781710164,0.6121184218289835
3.038,2.7276341652463847,0.3103658347536151
2.543,2.224242657851549,0.3187573421484511
2.25,2.2631098986677696,-0.01310989866776957
2.875,2.009735797497642,0.8652642025023578
3.964,3.577458615882598,0.38654138411740213
3.671,2.8751527713487537,0.7958472286512461
3.941,3.3595410991993107,0.5814589008006892
3.801,3.5541242888572855,0.24687571114271467
3.61,2.412296992515715,1.197703007484285
3.527,2.70026142287992,0.8267385771200799
2.542,3.1298792445213266,-0.5878792445213268
2.921,2.681970562534522,0.239029437465478
2.712,2.2954775630530992,0.41652243694690094
3.369,2.46074644405313,0.9082535559468701
2.962,2.4719758336518405,0.4900241663481597
3.121,3.0981367093735352,0.02286329062646475
3.444,3.234999657375763,0.20900034262423706
3.295,2.8318381635098753,0.46316183649012466
2.719,2.458513980193098,0.26048601980690167
2.177,2.5498771185383453,-0.37287711853834526
3.012,2.7983828673889373,0.21361713261106274
2.613,2.6490344557156256,-0.03603445571562558
2.092,2.5990057874170587,-0.5070057874170586
2.637,3.701640401754096,-1.064640401754096
3.266,2.6968745479227376,0.5691254520772624
3.417,1.9240475704957594,1.4929524295042405
2.68,2.097816989284003,0.5821830107159971
2.734,1.9340354926893268,0.7999645073106731
2.0,1.6974415677684784,0.30255843223152157
2.348,2.118191149252176,0.22980885074782398
2.639,2.0225443371060825,0.6164556628939173
2.52,2.3463576570618114,0.1736423429381886
2.67,2.1282810268701593,0.5417189731298406
2.85,3.1285683448050934,-0.2785683448050933
3.179,2.920101393069234,0.25889860693076594
3.063,2.0520297094291,1.0109702905709002
3.099,2.985225642253672,0.11377435774632838
2.456,2.0652641032347816,0.39073589676521836
2.413,2.8940608133087817,-0.4810608133087819
4.622,3.4077254751342423,1.2142745248657576
4.22,2.148033894234009,2.071966105765991
4.574,3.1230811050435903,1.4509188949564096
4.466,3.8978255695401938,0.5681744304598064
5.00001,3.7687949968304446,1.231215003169555
3.313,1.8919301405184108,1.4210698594815894
4.0,2.5512191486230464,1.4487808513769536
4.098,2.1972189211716953,1.9007810788283046
5.00001,5.222896166660629,-0.22288616666062921
3.667,2.1028658311850856,1.5641341688149142
4.727,3.6705431779639603,1.05645682203604
4.205,2.855516350202128,1.3494836497978722
3.757,3.2787907128609284,0.47820928713907174
4.461,3.2490327393783796,1.2119672606216207
4.291,2.6518657574010467,1.6391342425989537
2.571,1.9570160391696059,0.6139839608303943
3.704,2.765470977994382,0.9385290220056182
3.743,2.0605319440669545,1.6824680559330454
4.062,4.517019561104654,-0.45501956110465347
3.804,3.3837309244055116,0.42026907559448823
3.681,2.622368509574064,1.058631490425936
3.729,2.847246883257579,0.8817531167424213
2.8,1.6504626022908662,1.1495373977091337
3.186,2.109145870353733,1.076854129646267
1.875,1.8487859791187047,0.02621402088129532
2.063,1.89585756907454,0.1671424309254601
3.511,2.0902974050037133,1.4207025949962868
3.547,2.9457549907813516,0.6012450092186485
2.387,1.7007181427974256,0.6862818572025744
3.212,2.1557219158468457,1.0562780841531545
3.312,3.028978108801479,0.28302189119852095
3.74,3.4514986993239263,0.28850130067607394
5.00001,3.765080088661077,1.2349299113389227
4.984,3.112986858036755,1.8710131419632452
4.468,3.645315967528788,0.8226840324712121
3.58,2.8273123965896394,0.7526876034103607
3.235,2.7350625365948544,0.49993746340514544
3.656,3.4546384711577574,0.2013615288422428
2.563,2.0487592287427687,0.5142407712572314
2.554,1.4991598580737644,1.0548401419262354
2.926,2.460555806106732,0.4654441938932683
2.866,1.9798168897234292,0.8861831102765709
2.419,2.2096081117252986,0.20939188827470145
1.898,2.5749081161781735,-0.6769081161781736
2.083,1.747812505020961,0.3351874949790392
2.224,1.6237129292152335,0.6002870707847667
1.625,2.7583893249102704,-1.1333893249102704
2.38,2.0039489490154456,0.37605105098455427
2.436,2.0648970028065854,0.37110299719341455
2.568,1.8835906665827906,0.6844093334172094
2.555,2.0163311645808926,0.5386688354191076
2.171,1.7160462723574188,0.454953727642581
2.202,1.8589643660139648,0.3430356339860352
2.308,1.8791826236174882,0.4288173763825116
2.537,2.067473471400509,0.46952652859949096
2.527,2.4846136608165317,0.04238633918346846
2.574,1.933168538221502,0.6408314617784978
1.771,2.041226045129312,-0.2702260451293119
1.786,1.7792588743700295,0.006741125629970535
2.523,1.6510288422136212,0.8719711577863789
2.475,1.7633237427359596,0.7116762572640405
2.988,3.633901301208472,-0.6459013012084722
2.841,1.9163856796005823,0.9246143203994179
2.826,1.9960097049434813,0.8299902950565188
2.096,2.0685480358239974,0.027451964176002708
2.0,2.1058790571019963,-0.1058790571019963
2.098,1.8116486818992363,0.28635131810076353
1.929,1.6553797001740507,0.2736202998259494
2.281,1.8355465093452148,0.44545349065478534
1.875,1.659788399437412,0.21521160056258792
1.938,1.7987589536014632,0.13924104639853674
2.013,1.8036582308064508,0.20934176919354908
2.195,1.8395262091086422,0.35547379089135767
2.29,1.5920383892407384,0.6979616107592617
2.583,1.845761020441579,0.7372389795584211
2.243,1.8366229068007498,0.4063770931992501
2.54,1.6863742650454887,0.8536257349545113
2.38,1.5161247104989126,0.8638752895010873
2.577,2.0648217169896252,0.5121782830103747
2.69,3.0171050562417756,-0.32710505624177566
2.023,1.1778291931538747,0.8451708068461254
2.221,1.4725425641922616,0.7484574358077385
1.969,1.5090157412026866,0.4599842587973135
2.75,1.6369861410026258,1.1130138589973742
1.875,0.953131558746847,0.921868441253153
2.688,1.5327178636423107,1.1552821363576895
2.481,1.6406230368982389,0.840376963101761
1.75,1.8030783509034274,-0.053078350903427385
2.107,2.2168799712176717,-0.10987997121767146
2.29,1.6853373422161417,0.6046626577838583
2.181,1.8134129747741863,0.36758702522581377
2.071,1.8335489418924036,0.2374510581075966
2.188,1.326651338607315,0.8613486613926851
2.05,1.6796312932124902,0.37036870678750966
2.219,1.424990014252181,0.7940099857478189
1.845,1.6674761982909896,0.1775238017090104
2.175,1.6856240172758676,0.4893759827241322
2.605,2.389506496565266,0.21549350343473384
2.438,1.7173808190385542,0.720619180961446
2.559,1.7285911693740783,0.8304088306259219
1.813,1.7034897873571078,0.10951021264289218
4.462,3.302232471920374,1.1597675280796258
4.029,3.3297486447005866,0.6992513552994133
3.022,2.5047362886301565,0.5172637113698433
3.204,2.192488976982318,1.011511023017682
2.809,1.940156059151268,0.8688439408487321
3.261,2.612741421355739,0.6482585786442612
3.324,2.4168904196970358,0.9071095803029641
2.879,2.1446010034557186,0.7343989965442814
3.435,2.6377743263522806,0.7972256736477195
3.496,2.5607508696238974,0.9352491303761026
3.453,3.4290325646628315,0.023967435337168386
3.289,2.613514052193498,0.6754859478065023
2.944,2.1443464802638643,0.7996535197361356
2.89,2.121556650463117,0.768443349536883
2.846,2.4093414515336384,0.43665854846636165
2.629,1.984142716299342,0.6448572837006581
1.924,1.939380309370429,-0.015380309370429002
2.318,1.641501818584012,0.676498181415988
3.412,2.354654652509106,1.057345347490894
3.521,2.2991935283962093,1.2218064716037906
2.725,1.8825230980985483,0.8424769019014517
3.617,1.9048245611474035,1.7121754388525965
2.227,1.9923282936918834,0.2346717063081165
2.065,1.874929987290367,0.19007001270963286
2.519,1.786865088672347,0.7321349113276532
2.0,2.0708310873738967,-0.07083108737389665
1.721,1.8294246228028925,-0.10842462280289245
1.813,1.8158941344273658,-0.0028941344273658576
2.227,1.3694426736072636,0.8575573263927363
1.188,1.9946041854220375,-0.8066041854220376
2.121,2.1914590647463386,-0.07045906474633856
2.5,2.2701227206255896,0.22987727937441038
2.471,2.7748359197330696,-0.30383591973306956
2.451,2.4430450107553567,0.007954989244643329
2.22,2.2831878167439084,-0.06318781674390817
2.26,2.6449621646781907,-0.3849621646781909
2.17,2.0470007030129995,0.1229992969870004
2.231,1.993989391831687,0.23701060816831276
2.355,2.2352860287665175,0.11971397123348249
2.313,2.2884111476400455,0.02458885235995467
2.314,3.0581179567121857,-0.7441179567121856
2.199,1.8438151110645307,0.3551848889354692
2.312,2.4446084842170315,-0.13260848421703164
2.269,2.0384297520908374,0.2305702479091627
2.299,1.879561271018488,0.419438728981512
2.091,2.376280799328618,-0.2852807993286177
2.095,2.8592654753435363,-0.7642654753435361
2.247,2.4238841956003934,-0.17688419560039348
2.304,2.0778600311769893,0.22613996882301057
2.32,2.251398832948231,0.068601167051769
2.25,1.5134177853186255,0.7365822146813745
2.16,2.525383230895158,-0.3653832308951577
2.291,2.3693104561762044,-0.07831045617620447
2.269,2.336548281588134,-0.06754828158813408
2.32,2.281880059986017,0.03811994001398267
2.325,2.4148645360907794,-0.08986453609077927
2.5,2.013813408949124,0.4861865910508758
2.938,2.467815307426318,0.4701846925736821
2.679,3.03077420003796,-0.3517742000379602
2.518,1.6562129149402263,0.8617870850597735
2.478,2.3049131408646972,0.17308685913530297
2.47,2.017093702946718,0.452906297053282
2.495,2.7584821019064014,-0.2634821019064013
2.545,2.2584768585530273,0.28652314144697266
2.445,2.2827809570594098,0.16221904294059009
2.479,2.174286783274216,0.304713216725784
0.175,1.8814805007053037,-1.7064805007053037
3.318,2.535693066917937,0.7823069330820629
4.974,2.2409329884533435,2.7330670115466567
4.5,2.2300714650590514,2.2699285349409486
2.469,2.1938435252888624,0.27515647471113747
2.588,2.3744231845117705,0.2135768154882296
3.493,2.143554839884371,1.349445160115629
3.667,3.235511782879607,0.43148821712039265
2.793,1.7923267486198713,1.0006732513801289
2.346,2.1164676614956512,0.22953233850434884
2.783,2.4787396729672846,0.3042603270327153
2.05,1.8882755443901844,0.1617244556098154
3.15,2.267303168102547,0.8826968318974528
2.183,1.8581669390668005,0.3248330609331993
2.194,1.6457140374807493,0.5482859625192507
1.46,2.237475595781662,-0.7774755957816621
1.618,2.1313365647017415,-0.5133365647017414
1.535,1.9725058922510437,-0.43750589225104375
1.603,2.046734419568773,-0.4437344195687729
1.646,1.225306502786795,0.4206934972132048
1.938,2.4524762245350824,-0.5144762245350825
1.555,1.7703655375941985,-0.21536553759419852
1.546,2.2178765136764014,-0.6718765136764013
1.67,2.086732653031739,-0.416732653031739
1.542,1.6730814282376316,-0.13108142823763158
1.229,1.5663757321202023,-0.3373757321202022
1.601,1.9275929541470678,-0.3265929541470678
1.542,1.654712406870117,-0.11271240687011685
1.388,1.3998312379970779,-0.01183123799707797
1.625,2.2166989280173386,-0.5916989280173386
1.441,1.5045340950685433,-0.06353409506854324
1.517,2.1664046848410665,-0.6494046848410666
1.371,1.7642248966434857,-0.3932248966434857
1.498,1.7944601213399558,-0.2964601213399558
3.491,3.225955515664471,0.2650444843355291
2.938,2.5630634512428805,0.3749365487571197
2.605,2.4961787831885043,0.1088212168114957
3.587,2.9951075665988727,0.5918924334011275
2.487,2.349695263446433,0.1373047365535669
2.117,2.16639018086828,-0.049390180868280176
1.746,1.752774890190723,-0.006774890190722971
1.617,2.7078453333281827,-1.0908453333281827
2.245,2.1326889683843775,0.11231103161562261
2.156,2.05405993777303,0.10194006222697016
3.499,2.8170861215193574,0.6819138784806427
4.515,3.3544522982766782,1.1605477017233214
3.097,2.7261923341174734,0.37080766588252656
1.98,2.2189578019979015,-0.2389578019979015
4.514,3.500317668296982,1.0136823317030181
1.568,1.9176628356278784,-0.34966283562787837
2.128,1.7415250427544195,0.38647495724558056
1.842,1.9704720503636926,-0.12847205036369247
1.555,1.822665761950259,-0.26766576195025915
1.667,1.4251374641060708,0.24186253589392925
2.221,1.6312040237365073,0.5897959762634928
3.555,3.2499191796717297,0.30508082032827044
1.867,2.014932595703607,-0.14793259570360684
1.855,2.028629856952304,-0.17362985695230382
2.972,2.7818865779439084,0.1901134220560916
2.75,2.297693856676904,0.45230614332309615
2.834,2.8445373728395382,-0.01053737283953815
2.695,2.5462220273306126,0.1487779726693872
2.353,1.758780662250769,0.5942193377492313
2.092,1.6413679628361209,0.45063203716387923
2.33,2.028994691146184,0.30100530885381627
1.921,1.6901509548804978,0.23084904511950222
2.455,2.2581551727890226,0.1968448272109775
2.095,1.5454816156949682,0.549518384305032
1.708,1.8174506945509994,-0.10945069455099943
1.945,1.8390860412981163,0.1059139587018838
1.943,1.7352241415918177,0.20777585840818236
2.094,2.4180030667279233,-0.32400306672792345
2.289,2.1996006728630313,0.08939932713696885
2.03,2.306860843904886,-0.2768608439048861
1.917,2.206836337907302,-0.2898363379073021
1.876,2.122542878148693,-0.24654287814869313
2.23,2.142522978889912,0.08747702111008815
3.489,3.20981666671387,0.27918333328613
1.926,2.1736899226801794,-0.24768992268017942
1.504,1.8371339803927629,-0.3331339803927629
1.446,1.8729671877328375,-0.4269671877328376
2.311,1.8553948736020793,0.4556051263979206
2.022,1.396359368311767,0.6256406316882328
1.772,1.8787206312119447,-0.10672063121194464
1.905,1.7670501492281065,0.13794985077189348
2.757,1.8346613646791865,0.9223386353208136
2.3,1.983031657085859,0.3169683429141408
1.805,1.8705011646427303,-0.06550116464273037
1.672,1.7149221659651845,-0.04292216596518461
1.809,1.881412239163211,-0.07241223916321116
2.123,1.5001829891083176,0.6228170108916826
2.147,2.4186485033675638,-0.27164850336756396
2.407,2.0115928931681957,0.39540710683180436
1.36,1.4398178417852843,-0.07981784178528417
1.219,1.6671996284977413,-0.4481996284977412
1.568,1.7217932023697664,-0.15379320236976635
2.395,2.4755371856414894,-0.08053718564148937
2.618,2.6426793621538356,-0.024679362153835704
1.25,1.3666238052345685,-0.1166238052345685
2.125,1.3510911540213142,0.7739088459786858
2.912,1.7202501615560757,1.1917498384439242
1.818,1.5033652276695681,0.3146347723304319
2.897,2.7304234103885876,0.1665765896114122
2.26,2.714553711443064,-0.4545537114430642
1.587,2.037902245431136,-0.4509022454311362
1.542,1.9885261805760137,-0.4465261805760137
1.518,1.7741095193379672,-0.2561095193379672
1.525,1.8719753009481936,-0.34697530094819373
1.121,1.3253270451882537,-0.20432704518825373
1.178,1.7960031696457077,-0.6180031696457078
1.152,1.5135179499755385,-0.36151794997553854
1.364,1.7048665777629304,-0.3408665777629303
1.351,1.8114442367739176,-0.46044423677391766
1.391,1.9771018353007277,-0.5861018353007277
1.469,2.0700578580627673,-0.6010578580627672
1.392,1.636753132610844,-0.24475313261084408
2.148,2.699760204682222,-0.5517602046822221
1.24,1.6140592088695547,-0.3740592088695547
1.136,1.6337968685880684,-0.4977968685880685
1.273,1.6601862125638032,-0.38718621256380326
1.098,1.578183820745526,-0.480183820745526
1.272,1.7206683885090133,-0.44866838850901325
1.036,1.2868413425215333,-0.25084134252153323
0.926,1.3328092976663268,-0.4068092976663268
1.08,1.2650591593547942,-0.1850591593547941
1.135,1.9067572131320354,-0.7717572131320354
1.148,1.3497545435768288,-0.20175454357682887
1.163,1.9195613007306096,-0.7565613007306096
1.161,1.946130654874494,-0.7851306548744941
1.287,1.4559345805523012,-0.16893458055230126
1.313,2.069412895503918,-0.756412895503918
1.259,2.0209991435168213,-0.7619991435168214
1.085,1.8389583816630877,-0.7539583816630877
1.173,1.660023356109064,-0.487023356109064
0.919,1.421843148652611,-0.502843148652611
0.98,1.300613059904253,-0.32061305990425293
0.933,1.165497008973837,-0.23249700897383696
1.162,1.4747350747168095,-0.3127350747168096
1.343,1.741582419549476,-0.39858241954947604
1.357,1.737937984203501,-0.380937984203501
1.292,1.7975643907290315,-0.5055643907290315
1.401,2.201998973515034,-0.800998973515034
1.61,2.63175674108071,-1.0217567410807098
1.462,1.225520826844284,0.23647917315571587
1.288,1.6147013068768423,-0.3267013068768423
1.342,1.8235147852062685,-0.48151478520626845
1.308,1.9108071553886088,-0.6028071553886087
1.35,2.006115777961842,-0.6561157779618418
1.132,1.325326370698654,-0.1933263706986541
1.178,1.8362263276961748,-0.6582263276961748
0.988,1.1300025290280291,-0.14200252902802912
1.226,1.4094133260266226,-0.18341332602662264
1.194,1.3588597944621508,-0.16485979446215082
1.181,1.6779199848195643,-0.49691998481956423
1.133,1.3002657104533655,-0.16726571045336547
0.943,1.5331482781183698,-0.5901482781183699
1.107,1.3321321280906555,-0.22513212809065553
1.109,1.3063562628707035,-0.1973562628707035
1.106,1.3561631488144115,-0.2501631488144114
1.297,1.6048161372312744,-0.30781613723127443
1.181,1.6711962314997189,-0.4901962314997188
1.164,1.9200867028626991,-0.7560867028626992
1.296,1.5378060499121486,-0.2418060499121486
1.233,1.7895499059011324,-0.5565499059011323
1.136,1.5820350701857815,-0.4460350701857816
1.158,1.5089168578148928,-0.3509168578148929
1.13,1.8122617660805327,-0.6822617660805328
2.279,2.5503842801985583,-0.2713842801985584
3.107,2.749288688559024,0.35771131144097623
2.476,2.784717740234192,-0.30871774023419185
2.539,2.5229934136999392,0.01600658630006091
2.129,2.268551322926001,-0.13955132292600103
2.306,2.3732592987943666,-0.06725929879436654
2.821,2.216642814945931,0.6043571850540692
3.156,2.652134715270844,0.503865284729156
2.538,3.0819216078946283,-0.5439216078946285
2.67,2.7230501621201575,-0.05305016212015756
2.212,2.784239339235958,-0.5722393392359577
3.683,2.956059495564303,0.7269405044356967
3.397,2.751653865221608,0.645346134778392
2.621,2.618418929059411,0.0025810709405891252
2.644,2.315892996132257,0.32810700386774316
2.715,2.861045805736762,-0.14604580573676218
4.025,2.9200261287094773,1.104973871290523
4.627,3.3808320812441695,1.2461679187558303
3.862,3.553938551764588,0.30806144823541226
5.00001,4.877117329681928,0.1228926703180715
3.809,3.3392936238994357,0.4697063761005644
2.672,2.6250215599839652,0.046978440016034906
2.587,1.8460448793393716,0.7409551206606286
1.899,2.1167497317345276,-0.2177497317345276
2.182,2.522187193529479,-0.3401871935294789
2.639,2.7397091544994945,-0.10070915449949469
2.391,2.790248529905488,-0.399248529905488
1.917,1.9446306320020945,-0.02763063200209448
1.896,1.9455894444508606,-0.049589444450860665
2.166,2.1270660672930766,0.03893393270692336
1.883,2.7101375103298397,-0.8271375103298397
2.2,2.4612789176728183,-0.2612789176728181
2.069,1.7842773845844324,0.28472261541556754
1.86,1.8987906842657776,-0.038790684265777475
1.806,1.7695708914683763,0.03642910853162373
1.969,2.3822863545398825,-0.4132863545398824
1.733,1.8687871971737575,-0.13578719717375742
1.807,1.841366542186889,-0.03436654218688906
1.806,1.6698815528266646,0.13611844717333543
1.838,2.0831175882175352,-0.24511758821753515
1.585,2.521328223262193,-0.9363282232621932
1.78,2.0309157761412093,-0.2509157761412093
1.745,2.0450486050680654,-0.3000486050680653
1.996,2.258834937039738,-0.26283493703973804
1.922,2.1566386049472497,-0.23463860494724975
1.827,2.0717173632145993,-0.24471736321459936
1.688,2.3616446493089125,-0.6736446493089125
1.653,2.0342540325605376,-0.3812540325605376
1.513,2.267919590203198,-0.754919590203198
1.57,1.655073519616768,-0.08507351961676801
1.419,2.034876742793419,-0.6158767427934189
1.413,2.107321345471166,-0.6943213454711661
1.402,1.9266016760582125,-0.5246016760582126
1.401,2.1865261173237625,-0.7855261173237624
1.556,1.6011270167774143,-0.045127016777414264
1.643,2.0746675022110543,-0.4316675022110543
1.474,2.0831279569535934,-0.6091279569535935
1.176,1.5755586659782506,-0.3995586659782506
1.361,1.5516808911312256,-0.19068089113122566
1.398,0.8636509151840532,0.5343490848159467
1.33,1.8023011550689576,-0.47230115506895753
1.241,1.643669997626655,-0.402669997626655
1.382,2.142542152046437,-0.760542152046437
1.514,1.781952366758337,-0.267952366758337
1.385,1.3290070030034835,0.0559929969965165
1.326,1.7270070580527892,-0.40100705805278913
1.455,2.077724722133614,-0.6227247221336141
1.495,2.210000813292061,-0.7150008132920611
1.444,1.6638034643167867,-0.21980346431678677
1.344,1.9421535896357622,-0.5981535896357622
1.426,1.3283970268697427,0.09760297313025723
1.53,1.7698516606800716,-0.23985166068007158
1.262,1.7592796527803714,-0.49727965278037134
1.534,1.807126762250681,-0.273126762250681
1.375,1.6136351988694186,-0.23863519886941864
1.41,1.7571896493771426,-0.3471896493771427
1.472,1.960545572721925,-0.488545572721925
1.394,1.6346210594830577,-0.2406210594830578
1.525,1.6783304111104627,-0.15333041111046275
1.458,1.5890343696575409,-0.1310343696575409
1.385,1.5224187272311727,-0.13741872723117265
1.459,1.505907858262117,-0.046907858262116964
1.348,1.65704167055365,-0.30904167055364984
1.424,1.5638855546502515,-0.13988555465025154
1.641,1.810380891315321,-0.16938089131532097
1.584,2.1006074096154177,-0.5166074096154176
1.571,1.7412098040802984,-0.1702098040802984
1.625,1.6051463939284276,0.019853606071572383
1.522,1.7917311084011633,-0.2697311084011633
1.597,1.917835142067898,-0.3208351420678981
1.613,1.86783740138806,-0.2548374013880601
1.605,2.125226913976144,-0.5202269139761442
1.408,1.716740301157514,-0.30874030115751405
1.416,1.8604770149627947,-0.4444770149627948
1.439,1.6438259724623463,-0.20482597246234624
1.601,2.02361609436317,-0.4226160943631698
1.608,1.8979869694718945,-0.2899869694718944
1.31,1.641495722751402,-0.33149572275140193
1.418,1.806742756849179,-0.388742756849179
1.434,1.882047678803803,-0.44804767880380303
1.665,1.538107142053245,0.12689285794675498
1.541,1.7542586114229302,-0.21325861142293023
1.406,1.5903971931849124,-0.18439719318491243
1.518,1.603093026272603,-0.08509302627260307
1.599,1.7510476341516554,-0.15204763415165545
1.731,2.023290075020207,-0.2922900750202071
1.767,1.2739431546125832,0.4930568453874167
1.954,2.262026432909684,-0.30802643290968423
2.012,2.2604288236660164,-0.24842882366601637
1.877,2.414888327700946,-0.5378883277009459
1.89,1.7649929159658728,0.12500708403412708
1.765,2.2007279456248288,-0.43572794562482886
1.639,2.0814921196136407,-0.44249211961364066
1.613,2.181783842331894,-0.5687838423318938
1.655,2.071640007886594,-0.41664000788659394
1.542,2.296537646693093,-0.7545376466930931
1.919,1.993307373659791,-0.07430737365979101
1.852,2.1446280716632615,-0.29262807166326144
1.888,1.902829260730619,-0.014829260730619076
1.871,2.282153781016096,-0.4111537810160959
2.06,2.0553606887261933,0.00463931127380679
1.97,2.2303648829309646,-0.2603648829309646
1.858,2.104290202420769,-0.2462902024207687
2.171,1.9238497516591833,0.24715024834081656
1.869,1.8745548059527302,-0.0055548059527301685
1.896,2.15299522284698,-0.2569952228469803
2.07,1.8317083176698827,0.2382916823301171
1.994,2.73429599013887,-0.7402959901388699
1.811,1.6999127326449952,0.11108726735500474
1.854,1.6412951794581643,0.21270482054183582
1.657,2.467285458482399,-0.8102854584823991
1.505,2.2577638967883304,-0.7527638967883306
1.66,1.974371848690244,-0.31437184869024404
1.667,2.1176711557810908,-0.45067115578109074
1.607,2.108276834178284,-0.5012768341782838
1.804,1.6030554667076782,0.20094453329232187
1.759,1.9153119899285926,-0.15631198992859274
1.686,1.691484364413674,-0.005484364413673948
1.766,2.252685870695509,-0.48668587069550906
2.208,2.0611977829068535,0.14680221709314667
2.012,2.5137931910714237,-0.5017931910714237
1.813,1.6399048415489577,0.17309515845104229
1.889,1.5500183540060215,0.3389816459939785
1.767,1.9173638973192593,-0.15036389731925937
1.918,2.2629180515683576,-0.34491805156835764
1.878,1.6254069358563,0.2525930641437
2.156,1.8623406284052333,0.29365937159476685
2.074,1.727840578191377,0.3461594218086228
2.003,1.9894935702306862,0.013506429769313932
2.044,1.8399006859098057,0.20409931409019433
4.285,4.380193513770022,-0.09519351377002216
4.912,2.7166594804985627,2.1953405195014373
2.872,3.454041714317981,-0.582041714317981
2.747,2.6289580070531793,0.1180419929468206
2.662,2.6569313714599203,0.005068628540079612
1.886,2.0343219406618145,-0.1483219406618146
1.72,1.625359817945323,0.09464018205467695
2.188,2.209079936112296,-0.02107993611229597
2.683,2.55181260735909,0.13118739264090973
2.494,2.7977891412237086,-0.30378914122370837
1.89,2.5775357594206585,-0.6875357594206586
2.042,2.3081653185957958,-0.26616531859579595
1.976,1.9624499372076716,0.013550062792328399
1.917,2.4472216392270045,-0.5302216392270045
1.955,1.7868510868500012,0.1681489131499989
2.183,2.4071561623147555,-0.22415616231475566
2.111,2.4681154182918648,-0.35711541829186455
2.249,2.5036646422121636,-0.25466464221216345
2.021,2.699386392178793,-0.6783863921787932
1.875,2.029564494191256,-0.15456449419125606
2.051,2.09492213375518,-0.04392213375518006
1.907,2.2417028524276135,-0.33470285242761344
1.825,4.284695832457709,-2.459695832457709
2.028,1.8351674583177364,0.1928325416822636
2.048,2.8039026909003972,-0.7559026909003972
2.102,2.094561348093299,0.007438651906700677
1.939,2.008331569203235,-0.0693315692032348
2.073,2.634615507846502,-0.5616155078465019
1.708,1.8147804889724521,-0.10678048897245218
1.952,1.762020880468361,0.18997911953163893
1.848,2.3285909050875393,-0.4805909050875392
1.917,2.3653575838323047,-0.4483575838323046
1.832,2.20789181894752,-0.37589181894752
1.673,1.3190319607843972,0.3539680392156028
1.627,1.9188731557088685,-0.2918731557088685
1.668,2.1177466420152196,-0.44974664201521963
1.603,2.2531087342159357,-0.6501087342159357
1.555,1.7896239851966482,-0.2346239851966483
1.607,2.058847395505784,-0.45184739550578423
1.569,1.970011777830621,-0.40101177783062103
1.511,1.9828579758332214,-0.47185797583322153
1.576,1.6477536460087852,-0.07175364600878509
1.58,1.6938441341791708,-0.11384413417917072
1.614,1.8012133344507761,-0.18721333445077604
1.557,1.7213521809585899,-0.16435218095858994
1.598,2.18752654177972,-0.5895265417797197
1.546,1.9398524897538012,-0.39385248975380116
1.633,2.1441894667128882,-0.5111894667128882
1.573,1.548760292400943,0.024239707599057025
1.504,1.866643197441427,-0.36264319744142703
1.526,2.1469272774445733,-0.6209272774445733
1.558,2.0689226981083477,-0.5109226981083477
1.457,1.5694094164826178,-0.11240941648261771
1.631,2.4335936306127244,-0.8025936306127244
1.586,1.692796607378127,-0.10679660737812702
1.565,2.3313575942282294,-0.7663575942282295
1.539,2.449965685995233,-0.9109656859952329
1.483,1.7288634694447866,-0.24586346944478654
1.581,2.420283857163629,-0.839283857163629
1.469,2.1166363871258054,-0.6476363871258053
1.819,1.9730064166662842,-0.15400641666628423
1.635,1.977722801604608,-0.342722801604608
1.602,2.0600025315758446,-0.4580025315758445
1.63,2.0447715765287757,-0.41477157652877583
1.612,1.8279549141614548,-0.21595491416145474
1.545,1.942210677800407,-0.397210677800407
1.589,2.09910749002234,-0.5101074900223401
1.508,1.5486740400576264,-0.040674040057626426
1.49,2.0452874983159033,-0.5552874983159033
1.518,2.1015812843479016,-0.5835812843479016
1.579,1.8871040551644958,-0.3081040551644958
1.576,1.3448875313105288,0.23111246868947122
1.538,2.228778032720393,-0.6907780327203932
1.629,1.9677492651234536,-0.3387492651234536
1.356,2.027313066667391,-0.671313066667391
1.441,2.1884749837010298,-0.7474749837010297
1.573,2.094691938270675,-0.5216919382706751
1.624,2.0965768693615563,-0.4725768693615562
1.595,2.1096322924308013,-0.5146322924308013
1.631,2.0188028218270033,-0.3878028218270033
1.645,2.4233375771989603,-0.7783375771989602
1.81,2.3604570423700695,-0.5504570423700694
1.781,2.400738954505617,-0.6197389545056169
2.783,2.0970072623661897,0.6859927376338102
3.304,3.3240491304959843,-0.020049130495984446
1.688,2.1982230224403465,-0.5102230224403466
1.619,2.3690948227213844,-0.7500948227213844
1.782,2.2515688417451862,-0.4695688417451862
1.921,1.81774338285174,0.10325661714826007
1.541,1.8629650769383823,-0.3219650769383824
1.311,2.0174013200488394,-0.7064013200488395
1.414,2.0213013324706353,-0.6073013324706353
1.993,1.72533771895875,0.2676622810412501
2.262,2.298469361359636,-0.036469361359635855
1.362,1.9168461205101917,-0.5548461205101916
1.272,1.8651278183130338,-0.5931278183130337
1.906,2.0208129614863153,-0.11481296148631537
1.333,1.8183624337160569,-0.4853624337160569
1.911,1.4304375213269018,0.4805624786730982
1.719,1.7754693149593652,-0.056469314959365136
1.363,2.151404119165047,-0.788404119165047
1.875,2.050907053525378,-0.17590705352537794
2.113,1.9927760090774278,0.12022399092257219
2.097,2.3315656176947797,-0.23456561769477968
1.38,2.20053543889942,-0.8205354388994199
1.683,1.7747861259596405,-0.09178612595964042
2.154,2.478026196389369,-0.32402619638936914
2.261,2.4987988584183265,-0.23779885841832638
1.839,1.8266618847641352,0.01233811523586481
1.932,2.281375836922828,-0.34937583692282814
2.621,2.684032021266267,-0.06303202126626717
3.825,2.998727467458797,0.826272532541203
3.024,2.464787318828539,0.5592126811714611
1.529,2.0147561128774725,-0.48575611287747256
1.655,1.9865967554756208,-0.33159675547562073
1.79,1.9896709618504984,-0.19967096185049837
2.899,2.3219360274007603,0.5770639725992397
3.249,2.7368492662952093,0.5121507337047908
3.343,3.177343788302775,0.1656562116972249
3.335,2.8985870529129465,0.43641294708705347
3.604,3.04826000686807,0.55573999313193
1.763,2.191253681938709,-0.4282536819387093
1.867,2.2250231989927824,-0.35802319899278245
1.838,2.356108121888397,-0.5181081218883969
3.625,2.7588441931764462,0.8661558068235538
3.304,2.5518555166728834,0.7521444833271165
2.84,2.3121723545042863,0.5278276454957136
2.699,2.3255832458295242,0.3734167541704756
3.25,3.0786085769473095,0.1713914230526905
3.322,3.0010275737101058,0.3209724262898943
2.976,2.4756008572508885,0.5003991427491115
3.111,2.811520185757354,0.299479814242646
3.003,2.715824150879895,0.2871758491201053
3.022,2.627529871144834,0.39447012885516575
2.652,2.467335742930798,0.1846642570692021
1.845,1.2955179132014631,0.5494820867985368
1.867,1.7291914940512518,0.13780850594874816
2.132,2.5458197599064727,-0.4138197599064726
1.058,1.4937219241581505,-0.4357219241581505
1.125,0.5174587309417631,0.6075412690582369
1.375,1.0180488478826477,0.3569511521173523
1.075,1.097002363017099,-0.022002363017099125
0.946,1.343973328519149,-0.3979733285191491
1.125,1.4560001236048392,-0.3310001236048392
0.675,1.232280024584166,-0.557280024584166
2.201,2.177275157105497,0.023724842894503162
2.738,2.730371143845774,0.007628856154226149
2.194,2.611490894750582,-0.417490894750582
1.845,2.0763225412994375,-0.23132254129943752
1.375,1.7542428368427898,-0.3792428368427898
1.517,1.4860029628132192,0.030997037186780707
1.639,1.9895876603909999,-0.35058766039099987
1.796,1.9099282124474317,-0.11392821244743168
1.503,1.4654152034101204,0.037584796589879454
1.36,1.8383619332025174,-0.4783619332025173
1.517,1.8811291062217323,-0.36412910622173245
1.48,1.697937840636099,-0.217937840636099
1.445,1.933855731718635,-0.48885573171863483
1.429,2.172117256889534,-0.7431172568895341
1.305,1.956870497767787,-0.6518704977677872
5.00001,3.134268421692818,1.8657415783071816
2.95,2.4275805253711003,0.5224194746288999
3.118,2.9316960734449027,0.1863039265550972
3.185,2.7411853383478535,0.44381466165214656
3.65,3.026139286678283,0.6238607133217169
2.62,2.2008063901212878,0.41919360987871235
2.706,2.521513380318085,0.18448661968191482
2.568,2.3483561788724727,0.21964382112752734
2.655,2.281370924089799,0.373629075910201
2.808,2.0971309538129117,0.7108690461870881
5.00001,4.244986492792648,0.7550235072073512
5.00001,3.112839736691956,1.8871702633080436
4.868,2.177408240240415,2.6905917597595854
3.074,2.0095795632456834,1.0644204367543164
4.104,3.372473624658183,0.7315263753418173
3.889,2.6212148441353276,1.2677851558646722
2.657,2.346347776642311,0.31065222335768894
4.554,2.604756289311473,1.9492437106885272
3.507,2.861921178206308,0.645078821793692
3.768,2.3496933970719915,1.4183066029280083
2.786,2.0511548755148876,0.7348451244851124
2.865,2.1170786329965745,0.7479213670034257
3.625,2.4366743203006087,1.1883256796993913
3.3,2.163735960297781,1.136264039702219
4.847,3.3615673069766223,1.485432693023378
5.00001,4.4191667552769225,0.5808432447230771
5.00001,3.632996539664256,1.3670134603357438
5.00001,6.558815662319556,-1.558805662319556
5.00001,4.116275856888446,0.8837341431115533
3.915,2.0805392283494157,1.8344607716505843
4.373,3.3683687264154574,1.0046312735845428
5.00001,3.9352496851072023,1.0647603148927973
3.522,2.4520617664178257,1.069938233582174
2.762,2.284187796722688,0.477812203277312
3.772,1.863834909045169,1.908165090954831
5.00001,6.581324168603622,-1.5813141686036225
2.183,1.9863864720371627,0.19661352796283715
2.273,1.8519417183586064,0.4210582816413937
2.528,1.6669841968773285,0.8610158031226716
2.736,2.1299624278554785,0.6060375721445217
2.426,1.8208936357137535,0.6051063642862466
3.659,2.325365608705246,1.333634391294754
4.309,2.510504025560118,1.798495974439882
4.29,3.6227305444219184,0.6672694555780816
4.457,2.3935620064966843,2.0634379935033156
3.66,2.9570725293823434,0.7029274706176567
4.148,2.0189651245557743,2.1290348754442254
3.951,2.6744100562029507,1.2765899437970494
4.085,3.1623315966798873,0.9226684033201127
4.374,3.1301962547779127,1.243803745222087
1.617,1.598999050210303,0.018000949789696907
1.873,1.8483299469593841,0.02467005304061587
2.228,1.9735620572166608,0.2544379427833394
1.856,1.9130822721629728,-0.05708227216297268
1.783,1.6553855707301057,0.1276144292698942
1.841,1.8516006473669258,-0.010600647366925786
2.352,1.885782685650693,0.4662173143493069
1.53,1.5614516253357715,-0.031451625335771505
1.67,1.7058795085529466,-0.03587950855294664
1.781,1.0119876084177497,0.7690123915822502
1.669,1.9219091376985453,-0.2529091376985453
1.581,1.981037218679364,-0.40003721867936415
1.294,1.7678807293020813,-0.47388072930208125
1.301,1.8647180507732046,-0.5637180507732047
1.392,1.524463639809802,-0.13246363980980203
1.75,2.2007072673024393,-0.45070726730243926
1.738,2.456023232723309,-0.7180232327233091
2.123,2.1844228363653184,-0.0614228363653182
2.148,2.369005115743156,-0.22100511574315584
2.784,1.986851143333807,0.7971488566661928
2.122,1.636715286745074,0.48528471325492584
2.116,1.979495426140439,0.13650457385956116
2.122,2.1982039621187517,-0.0762039621187518
2.337,2.4352714254947156,-0.09827142549471546
2.26,1.1970199623190054,1.0629800376809944
2.19,2.4163762344869273,-0.22637623448692734
2.336,2.306445063274573,0.02955493672542664
2.017,1.6676039974294654,0.3493960025705345
2.239,2.0957402786789765,0.14325972132102338
2.331,1.7439826522092283,0.5870173477907716
4.169,2.9305256836937197,1.23847431630628
4.471,2.5155215233207597,1.9554784766792404
5.00001,3.319728106698319,1.6802818933016805
4.265,2.624966031772006,1.6400339682279936
4.302,2.9196900784984656,1.382309921501534
4.452,2.5347360917969803,1.9172639082030196
5.00001,3.158214141523649,1.8417958584763507
5.00001,2.635591319292181,2.3644186807078187
4.767,1.7657050348685548,3.0012949651314456
2.481,1.971375611664954,0.509624388335046
2.715,2.3560088927156295,0.35899110728437034
2.754,2.1729316591718777,0.5810683408281223
2.724,2.0091257682772845,0.7148742317227157
2.395,1.7131258111362022,0.6818741888637978
2.487,1.8379610321573043,0.6490389678426958
2.738,2.471065115899748,0.2669348841002521
2.726,2.5148944374371487,0.2111055625628513
2.571,2.1244863602976674,0.4465136397023328
2.836,2.390937390180008,0.4450626098199919
2.567,2.0419522315025405,0.5250477684974597
2.601,1.9990215925932775,0.6019784074067225
2.353,2.235917365889856,0.1170826341101443
2.489,2.3454434266258186,0.14355657337418126
2.522,2.2115926283204246,0.3104073716795752
2.743,2.215893834997671,0.527106165002329
2.625,2.1969028469934346,0.42809715300656537
2.659,2.464543425398745,0.19445657460125476
2.581,1.8229051903100872,0.7580948096899127
2.516,2.332401559308212,0.18359844069178788
1.981,1.613489689674021,0.36751031032597914
2.024,2.2510236015824523,-0.22702360158245227
2.088,1.755843551664078,0.33215644833592206
2.072,2.176454850196049,-0.10445485019604872
2.068,2.0599847532475466,0.008015246752453464
1.83,2.0487648539247654,-0.2187648539247653
1.733,2.2352380389975672,-0.5022380389975671
1.86,1.7181722434942537,0.14182775650574642
1.464,1.9154885409816544,-0.4514885409816545
1.918,1.9337708672900165,-0.015770867290016533
1.752,2.0455385445616128,-0.29353854456161277
1.7,1.5818214994398485,0.11817850056015144
1.809,1.7306801611522409,0.07831983884775906
1.696,1.6011960891713668,0.09480391082863315
1.763,1.87581739397538,-0.11281739397538004
1.792,1.9694276979227532,-0.17742769792275315
1.814,2.028324312073113,-0.2143243120731131
1.663,1.885939140329097,-0.222939140329097
1.953,2.088312875322965,-0.13531287532296488
1.663,2.0161161214708807,-0.3531161214708807
1.759,1.5470642529953567,0.21193574700464324
1.736,2.2454354126069322,-0.5094354126069323
1.817,1.8001485039686227,0.016851496031377255
1.851,2.3022693030003163,-0.4512693030003163
1.642,1.5120009162712909,0.12999908372870905
1.592,1.9122723644165598,-0.3202723644165597
1.628,1.8554231725246177,-0.22742317252461786
1.313,1.7551604905672653,-0.44216049056726536
1.388,1.3970376384909364,-0.009037638490936528
1.435,1.6876499129564717,-0.25264991295647166
1.592,1.590648113517359,0.0013518864826411736
1.805,1.6709693708846298,0.13403062911537011
1.891,1.9546845896364609,-0.06368458963646084
2.015,1.914680369465092,0.10031963053490811
2.119,1.9239506904786088,0.19504930952139143
2.071,1.7650180048435042,0.30598199515649593
2.146,1.6974284185794073,0.4485715814205926
1.831,1.8866594342222665,-0.05565943422226649
1.844,1.5726703004832818,0.27132969951671826
1.52,1.9097051599016261,-0.38970515990162613
1.621,1.547778271562967,0.0732217284370329
1.74,2.187227268199697,-0.44722726819969716
1.731,1.5857944828777082,0.1452055171222919
1.826,1.656881095110653,0.1691189048893471
1.554,1.6289230041387102,-0.07492300413871011
1.668,1.3840852435376156,0.2839147564623843
1.563,1.4737750815931152,0.08922491840688473
1.706,1.5883766390431244,0.11762336095687553
1.352,1.4588015987851373,-0.10680159878513718
1.578,1.6274805590014574,-0.049480559001457314
1.534,1.5072670232781653,0.026732976721834723
1.542,1.9305429562527041,-0.3885429562527041
1.761,1.849965531096867,-0.08896553109686711
1.745,1.4959018404751,0.2490981595249
1.625,1.6365089646238364,-0.011508964623836437
1.42,1.7949503820366313,-0.37495038203663134
1.739,1.6462801379322307,0.09271986206776939
1.659,1.433353917712758,0.22564608228724192
1.993,1.9465141898133167,0.04648581018668341
2.055,1.9190270957188873,0.13597290428111286
1.686,1.6622970695168937,0.023702930483106233
1.568,1.5990859707170766,-0.031085970717076528
1.622,2.0233288065355373,-0.40132880653553715
1.603,1.6199933515611376,-0.01699335156113757
1.514,1.5860279017607153,-0.07202790176071527
1.375,1.7872837976963944,-0.41228379769639445
1.606,1.7637102182832687,-0.1577102182832686
1.651,1.9156365176951002,-0.2646365176951002
1.612,2.2655577224677104,-0.6535577224677103
1.75,1.6386608775366522,0.11133912246334776
1.738,1.5691356066874944,0.16886439331250558
1.563,1.7185784250932337,-0.15557842509323372
1.575,1.6947958272989807,-0.11979582729898075
1.423,2.071053783803064,-0.6480537838030638
1.617,1.4919240419811326,0.1250759580188674
1.67,1.487382852117992,0.182617147882008
1.658,1.8576923677948098,-0.19969236779480992
1.581,1.6802177536556697,-0.09921775365566976
5.00001,4.574055091724127,0.42595490827587223
4.548,3.611422346907715,0.9365776530922849
3.261,2.696418986684288,0.5645810133157121
3.26,2.801212559900435,0.45878744009956485
4.5,3.600115423924735,0.899884576075265
4.833,4.427356458683152,0.40564354131684777
4.441,4.084592872855046,0.35640712714495404
3.594,3.1872857323593413,0.40671426764065854
2.955,3.1760879159092834,-0.22108791590928334
3.039,2.490768126373147,0.548231873626853
2.741,2.9811958594830825,-0.24019585948308242
2.34,2.876720048030127,-0.5367200480301273
2.402,2.628472445287281,-0.22647244528728105
2.422,1.834485160117114,0.5875148398828862
2.01,2.4819397403559305,-0.47193974035593067
2.074,2.557215195709166,-0.48321519570916616
2.103,2.0286688224180804,0.07433117758191976
1.821,2.2923748227962752,-0.4713748227962753
1.842,2.396059298070939,-0.5540592980709391
2.389,2.7564418077524193,-0.3674418077524195
1.616,1.9223091850386245,-0.30630918503862437
1.607,2.058192389610157,-0.45119238961015706
1.779,2.3071590459346507,-0.5281590459346508
1.76,2.137159487317211,-0.37715948731721105
2.417,2.891071092287808,-0.47407109228780797
5.00001,4.452164013286839,0.5478459867131606
5.00001,3.8781272527483535,1.1218827472516462
4.159,4.223173682269488,-0.06417368226948827
4.837,3.5230365010963984,1.3139634989036013
5.00001,3.1239995684624224,1.8760104315375772
5.00001,3.7406692757797155,1.259340724220284
4.439,3.3048200424163925,1.1341799575836076
4.508,2.4258372519503864,2.0821627480496137
5.00001,3.9254660551671847,1.074543944832815
5.00001,4.193205751481998,0.8068042485180014
5.00001,3.3737411278178353,1.6262688721821643
4.318,2.9827674410119847,1.335232558988015
5.00001,3.0475437615812364,1.9524662384187632
5.00001,3.3950107342100795,1.6049992657899201
5.00001,6.725779311394849,-1.7257693113948491
5.00001,6.653675909313843,-1.653665909313843
5.00001,6.6513428025085855,-1.6513328025085858
5.00001,4.23168744056852,0.7683225594314793
5.00001,4.390626243964281,0.6093837560357187
1.421,1.5455638615295038,-0.12456386152950372
1.275,1.4735319338719866,-0.19853193387198664
1.361,1.3517348305630623,0.00926516943693767
1.357,1.729975122318238,-0.37297512231823804
1.638,1.951993890827172,-0.313993890827172
2.188,1.6824077272873361,0.505592272712664
1.549,1.9590019571534727,-0.41000195715347276
1.492,1.5184961626137945,-0.026496162613794505
1.535,2.0894892407208543,-0.5544892407208544
1.667,2.305721423142905,-0.6387214231429048
1.731,2.235162350483713,-0.5041623504837129
2.34,2.2203342413725413,0.11966575862745854
2.265,2.0043926495833975,0.26060735041660266
2.37,2.0570657143187634,0.3129342856812367
1.631,1.5668401342915599,0.06415986570844012
3.009,2.962389710977532,0.046610289022468
3.76,2.9179924201283325,0.8420075798716673
3.527,3.059519398439587,0.46748060156041316
3.109,3.2721418651622693,-0.16314186516226936
2.796,2.5020433408982083,0.2939566591017915
2.681,1.9951312914477102,0.6858687085522899
2.616,2.6588537902246507,-0.042853790224650634
2.346,1.9001997838917108,0.44580021610828924
2.306,2.0912585236041368,0.21474147639586327
3.091,2.9181715057854785,0.17282849421452173
2.25,1.550507646861648,0.6994923531383519
3.154,2.137800866591466,1.0161991334085339
2.615,2.176401312460657,0.43859868753934306
1.75,2.2663803305559287,-0.5163803305559287
1.731,2.290340380378867,-0.559340380378867
1.668,1.8076325720795965,-0.13963257207959656
1.544,2.046139505319807,-0.502139505319807
1.467,1.5351515400538807,-0.06815154005388058
1.488,1.6464430518089972,-0.1584430518089972
1.813,0.8701043814210987,0.9428956185789013
1.466,1.5080481989356875,-0.042048198935687564
1.784,1.3217050623364293,0.46229493766357077
1.554,2.018962680505898,-0.46496268050589795
2.307,2.25719229421098,0.04980770578902005
2.618,3.076047208681071,-0.4580472086810712
5.00001,3.073617736165935,1.9263922638340647
2.63,3.4895017463248283,-0.8595017463248285
1.535,1.7848824333318483,-0.24988243333184834
1.875,1.551683915718895,0.3233160842811049
5.00001,1.4466606203221717,3.5533493796778277
1.625,1.510517990379408,0.11448200962059207
1.375,1.7285694442265331,-0.35356944422653314
1.58,1.548072829526272,0.03192717047372806
1.423,1.4629144728584231,-0.03991447285842309
1.486,1.1653107911573504,0.3206892088426496
1.464,1.0652596130784824,0.3987403869215176
2.0,2.026823249593596,-0.026823249593595833
1.563,1.7159548866317336,-0.15295488663173362
2.057,1.8363342278087764,0.22066577219122352
1.767,1.6118958451594902,0.15510415484050966
1.417,1.753957990906976,-0.336957990906976
5.00001,1.5822254452959132,3.4177845547040864
1.75,0.8777804209667495,0.8722195790332505
2.154,1.6281542453821811,0.5258457546178188
1.886,1.710544650829846,0.17545534917015382
1.695,1.6223314184403599,0.07266858155964018
1.556,1.6220064504451575,-0.0660064504451574
1.688,1.4851805696907652,0.20281943030923477
1.714,1.7993584425426146,-0.0853584425426146
1.731,1.7837636489120068,-0.05276364891200669
1.25,1.678297975665622,-0.428297975665622
2.879,2.5852365222705616,0.29376347772943845
2.504,2.2990938678947552,0.20490613210524478
2.279,2.1789651178936875,0.1000348821063124
2.15,1.7959003692084887,0.3540996307915112
2.693,2.28450985446102,0.40849014553898
2.837,2.2759329330328066,0.5610670669671936
3.005,1.9980627780822977,1.0069372219177022
2.226,1.9590703897964623,0.26692961020353767
3.256,2.733092869551056,0.5229071304489437
3.203,2.3338342983908156,0.8691657016091843
2.399,2.076422359996927,0.3225776400030731
1.961,1.7696846214730375,0.19131537852696257
1.841,2.038868116912896,-0.19786811691289619
1.982,2.062649019674465,-0.08064901967446514
2.419,2.7634584418060477,-0.3444584418060477
3.302,2.773603979548774,0.5283960204512259
1.99,1.7871169012453998,0.2028830987546002
1.775,1.5472922585086022,0.22770774149139772
2.424,2.4254112045415654,-0.001411204541565514
2.375,1.718890187897803,0.6561098121021971
2.05,2.1886913222177022,-0.13869132221770242
2.601,2.366081072359741,0.2349189276402588
3.211,2.5747421614385546,0.6362578385614452
3.975,3.0700413594493363,0.9049586405506638
3.694,2.1700068818995097,1.5239931181004902
2.092,2.0239765967963628,0.06802340320363731
2.604,1.987649377025358,0.616350622974642
5.00001,0.8251140450710015,4.174895954928998
2.187,1.9071174047281183,0.27988259527188153
4.708,3.0489891672218397,1.6590108327781605
5.00001,3.8384279992455888,1.1615820007544109
5.00001,3.462256402912388,1.5377535970876117
2.811,2.2303185515564268,0.5806814484435732
3.738,2.720025578217256,1.017974421782744
2.109,1.8787702567658386,0.23022974323416134
3.244,2.1193914485438,1.1246085514562
3.587,2.9925727159122784,0.5944272840877218
2.132,2.071929265425755,0.060070734574245055
4.348,2.267125180397792,2.080874819602208
4.904,2.9652426244446755,1.9387573755553245
2.179,1.854473024966112,0.3245269750338877
4.932,2.5453279210908595,2.386672078909141
2.109,1.9890709808940743,0.11992901910592568
1.639,1.9849305954142353,-0.3459305954142353
2.25,2.108539210803458,0.14146078919654181
2.823,1.745752644644408,1.077247355355592
2.583,2.2244264985132576,0.3585735014867426
0.55,1.788647184885448,-1.238647184885448
1.875,1.504915418143383,0.37008458185661697
5.00001,3.8434927480179333,1.1565172519820663
5.00001,3.624349478509372,1.3756605214906275
5.00001,5.390001468939677,-0.3899914689396775
4.778,3.829514411758928,0.9484855882410717
3.63,3.0547703277863096,0.5752296722136903
3.609,3.7118823508802037,-0.1028823508802037
5.00001,2.4347760426151868,2.565233957384813
3.147,2.6691943670011273,0.47780563299887246
5.00001,3.7002782758464488,1.2997317241535509
5.00001,3.820034139735376,1.1799758602646238
5.00001,4.976618189132221,0.023391810867778418
2.511,2.4840607804937958,0.02693921950620437
4.797,2.745980785804004,2.0510192141959958
2.15,2.1801646801256833,-0.030164680125683407
5.00001,5.300220235512818,-0.300210235512818
5.00001,4.893147872825393,0.10686212717460641
5.00001,5.301381112765069,-0.3013711127650698
5.00001,6.646623025059207,-1.6466130250592075
5.00001,4.759238437235615,0.24077156276438494
5.00001,4.326753745029107,0.6732562549708927
5.00001,3.9853787226840858,1.0146312773159138
5.00001,5.685722862083384,-0.6857128620833848
5.00001,4.533588405934024,0.4664215940659755
5.00001,3.7004890398396406,1.299520960160359
5.00001,3.1350743707166298,1.8649356292833699
5.00001,5.315828211809413,-0.3158182118094137
5.00001,6.737350719656856,-1.7373407196568564
3.967,2.9270422825964353,1.0399577174035648
3.25,2.8001108617923336,0.4498891382076664
3.427,2.7080679011116207,0.7189320988883794
3.599,2.7918346901922027,0.8071653098077975
2.512,1.8751560343902278,0.6368439656097722
2.285,1.9544179200901426,0.33058207990985755
2.799,2.28629452084563,0.5127054791543699
2.726,2.291460084296392,0.43453991570360806
2.641,2.0806688610884505,0.5603311389115495
2.705,2.2094330063554706,0.4955669936445295
2.707,2.6782180204047425,0.0287819795952573
2.25,2.030446187054764,0.2195538129452359
2.572,2.205596882567925,0.3664031174320752
2.853,2.8655975718391966,-0.012597571839196409
2.146,1.8428716650559949,0.30312833494400504
3.168,2.39686971350608,0.77113028649392
4.148,3.1668026919275274,0.9811973080724723
2.8,2.1563048517101406,0.6436951482898592
3.514,3.330175310977827,0.18382468902217264
3.522,3.2588753461718887,0.2631246538281111
2.929,2.7646194153044448,0.16438058469555505
3.596,2.6592973542776654,0.9367026457223346
2.826,2.3717119836853287,0.4542880163146714
3.063,2.249656055827959,0.8133439441720411
1.975,1.5823610748079533,0.3926389251920468
1.882,1.7350069401671835,0.1469930598328164
2.141,1.8701712504492933,0.2708287495507067
2.087,1.7702609014643922,0.316739098535608
3.511,2.5220406311193893,0.9889593688806109
2.524,1.862592997343464,0.661407002656536
2.584,1.9095164952076549,0.6744835047923452
4.445,2.760640507081263,1.684359492918737
4.191,2.311088942823304,1.8799110571766957
4.691,3.6901179321459563,1.0008820678540435
3.648,2.242137420319985,1.405862579680015
3.528,2.486939371786025,1.041060628213975
3.197,2.2479797530021384,0.9490202469978617
3.5,2.2886621351045755,1.2113378648954245
2.045,2.1839625998918963,-0.1389625998918964
5.0,3.0781390436611042,1.9218609563388958
4.351,2.8948236383485053,1.4561763616514947
3.547,2.3924489838254703,1.1545510161745298
3.093,2.1224563255120814,0.9705436744879186
3.649,2.065679444242685,1.583320555757315
3.644,2.2427185588718856,1.4012814411281145
2.636,2.2455979942342936,0.3904020057657065
2.789,2.1873608786014174,0.6016391213985828
3.814,2.5460711302653123,1.2679288697346878
4.773,3.6823312292148884,1.0906687707851113
2.31,1.849214981563229,0.460785018436771
1.928,1.7264121814152318,0.20158781858476815
2.258,2.543799083133259,-0.28579908313325886
2.24,2.1216096149525048,0.11839038504749544
2.293,1.8940482984458638,0.3989517015541364
2.056,1.9906874247122046,0.06531257528779544
1.992,2.117822680821332,-0.12582268082133208
2.188,1.7469033456054475,0.4410966543945527
2.19,1.84691222128989,0.34308777871010987
1.7,1.6890888717788957,0.010911128221104294
1.917,1.6199705759128624,0.2970294240871376
2.178,1.7506628531128903,0.42733714688710966
2.204,2.2262118001138154,-0.022211800113815183
2.266,2.0019097828444403,0.2640902171555597
1.884,1.921799433395409,-0.03779943339540903
1.917,2.013271310739924,-0.09627131073992401
2.19,1.7056831211504082,0.48431687884959174
2.284,1.6984140101286807,0.5855859898713192
2.017,1.669518987136342,0.34748101286365785
1.831,1.7121168021771818,0.1188831978228182
1.885,1.5295773381305833,0.35542266186941673
2.58,2.4079079100341727,0.17209208996582737
2.346,2.1148870180778916,0.2311129819221085
1.925,1.9089043821569873,0.01609561784301272
2.109,1.5594656557526025,0.5495343442473974
2.598,1.9876470350411761,0.6103529649588237
2.12,2.003380344541355,0.11661965545864517
1.875,1.883420710983854,-0.008420710983854107
2.141,1.960924608831155,0.18007539116884508
2.132,1.9864326880402479,0.14556731195975225
2.104,2.100980764276401,0.0030192357235989675
2.052,2.2113272901020347,-0.1593272901020346
2.114,1.8854424955709457,0.2285575044290542
2.24,1.8755531037643585,0.36444689623564175
2.356,1.74589709603429,0.6101029039657098
2.06,1.8390183429556457,0.22098165704435435
2.183,1.965347784779738,0.2176522152202618
2.273,2.6308498520582715,-0.35784985205827136
2.081,1.6358078149742497,0.4451921850257503
2.046,1.6720674372632574,0.37393256273674247
2.383,2.1972873289998307,0.1857126710001693
2.432,1.9984375859812074,0.4335624140187926
2.01,1.8631462002142487,0.14685379978575108
2.448,2.5439553458282695,-0.09595534582826959
2.444,2.8716827323515655,-0.4276827323515655
2.08,1.6974109999948475,0.3825890000051526
2.457,2.9304067779723466,-0.47340677797234676
2.682,1.9878331917346534,0.6941668082653465
2.271,1.72693344862844,0.5440665513715599
2.539,1.896978093162181,0.6420219068378192
2.23,1.7244057318211845,0.5055942681788155
2.349,1.9663117883568728,0.3826882116431274
2.205,1.839320525842303,0.36567947415769697
2.125,1.9829917508210657,0.1420082491789343
2.156,1.5070988559147362,0.6489011440852639
2.118,1.5009699801813365,0.6170300198186633
1.839,1.0250341470392037,0.8139658529607963
1.922,1.5698182323383953,0.3521817676616046
1.816,1.5547480060137304,0.26125199398626964
2.023,1.4754704407689148,0.5475295592310854
1.923,1.4550424384145517,0.4679575615854483
2.35,2.3292452893981217,0.02075471060187839
2.457,2.1174930287955225,0.33950697120447737
2.538,2.5494311833034953,-0.011431183303495462
2.344,1.9817557065329363,0.36224429346706355
2.207,1.7210851504975,0.48591484950249986
2.415,2.2109762416773044,0.2040237583226956
2.546,2.130018229715238,0.4159817702847617
2.427,1.8449830366656867,0.5820169633343133
2.043,2.026932087029052,0.016067912970948228
3.151,2.9779239945315137,0.17307600546848612
3.011,2.8251727446032384,0.1858272553967617
3.411,1.8810241862129957,1.5299758137870043
3.058,2.0625273752673707,0.9954726247326291
2.933,2.125011842408427,0.8079881575915726
1.985,1.7620491260596738,0.2229508739403263
2.372,1.8794269081093584,0.49257309189064147
2.684,2.1639578158380997,0.5200421841619005
2.364,2.192029081124706,0.17197091887529403
1.972,1.6870434793349323,0.2849565206650677
2.333,1.5537230155249513,0.7792769844750489
2.147,1.8720935830082641,0.2749064169917357
2.147,1.4655626254276313,0.6814373745723685
1.637,1.5970099098675896,0.039990090132410394
1.603,1.6964016400614668,-0.09340164006146678
1.993,1.7298522318971725,0.2631477681028276
1.842,1.9228233859601134,-0.08082338596011329
1.821,1.5366398777393138,0.2843601222606862
1.768,1.6517392336751244,0.11626076632487559
1.866,2.0218725275184983,-0.15587252751849823
1.703,1.6997217556341035,0.003278244365896521
1.85,1.6656037485386057,0.18439625146139438
1.708,1.818190982793069,-0.11019098279306894
2.037,1.6000767029027376,0.4369232970972623
1.832,1.8514192550899067,-0.019419255089906606
1.885,1.5034224326742704,0.38157756732572956
1.794,1.6976190482535818,0.09638095174641825
1.716,1.7326931978867604,-0.01669319788676038
1.851,2.3501795237409784,-0.4991795237409784
1.856,1.500871020393757,0.3551289796062431
1.788,1.81370055170652,-0.02570055170651986
1.792,1.9831172900150675,-0.1911172900150675
1.875,1.6832166176190562,0.19178338238094383
1.99,1.8686615372582256,0.1213384627417744
1.833,2.061542544181464,-0.22854254418146414
1.523,1.6927289782684896,-0.16972897826848965
1.685,1.9886447755533128,-0.3036447755533127
2.726,3.052265110345982,-0.32626511034598193
2.667,2.839977963096727,-0.1729779630967272
2.58,2.61176715535394,-0.03176715535393981
2.476,2.045903735468761,0.43009626453123895
2.549,3.0663504606219276,-0.5173504606219277
2.273,2.0060692167669734,0.26693078323302677
2.205,1.9187041131938134,0.2862958868061867
2.115,2.3202428497666956,-0.20524284976669538
2.033,1.5005713189437233,0.5324286810562766
2.093,2.08849677813122,0.004503221868779939
1.988,2.1456635381655964,-0.15766353816559642
2.432,1.606495171503762,0.8255048284962379
2.137,2.053285848380164,0.08371415161983586
2.114,2.4582670263254016,-0.34426702632540174
2.353,2.4593657759262686,-0.10636577592626839
2.469,2.2287904141549824,0.2402095858450175
5.00001,3.335067882809584,1.6649421171904155
3.793,3.0885251634652247,0.7044748365347755
5.00001,3.7509971967519693,1.2490128032480303
4.419,3.2926033952940346,1.126396604705965
2.824,3.0114171087645687,-0.18741710876456885
2.588,2.653057756412288,-0.06505775641228784
4.986,4.681334393622892,0.3046656063771076
4.01,3.2355782807831055,0.7744217192168943
2.967,2.636320944961315,0.3306790550386851
4.538,4.188840476069505,0.34915952393049565
5.00001,4.624030021976511,0.3759799780234889
3.75,1.350122126783198,2.399877873216802
4.037,2.775672252083998,1.261327747916002
1.888,2.5763203441999263,-0.6883203441999264
1.551,2.1680592506382577,-0.6170592506382577
1.71,2.138081885233217,-0.4280818852332171
1.768,1.8884869394760915,-0.12048693947609146
1.581,1.9642053885162623,-0.3832053885162623
1.438,1.7807194206255093,-0.3427194206255093
1.509,1.9014550189156532,-0.39245501891565326
1.502,1.7489470549631245,-0.24694705496312452
1.442,1.5686568291505807,-0.12665682915058074
1.764,1.6851709863737643,0.07882901362623573
1.476,1.981332192808762,-0.505332192808762
1.506,2.1313060286469745,-0.6253060286469745
1.141,1.5368613685618953,-0.39586136856189524
1.495,2.3532781764882986,-0.8582781764882985
1.606,1.8246598086455097,-0.2186598086455096
1.625,2.2962578216764133,-0.6712578216764133
1.726,2.0645957514686106,-0.33859575146861065
1.752,2.0618976502167254,-0.30989765021672544
1.625,1.9892621378054982,-0.3642621378054982
1.903,1.6974529947395958,0.20554700526040426
1.658,2.2271696961159853,-0.5691696961159853
1.578,2.107750150165517,-0.5297501501655171
1.607,2.054579343413081,-0.44757934341308103
1.779,2.1057504759016465,-0.32675047590164663
1.707,2.0547909690617683,-0.3477909690617682
1.62,1.6280628068304241,-0.00806280683042404
1.639,1.8777011184752066,-0.2387011184752066
1.663,1.050360833656033,0.612639166343967
1.649,2.4134530199329824,-0.7644530199329824
1.633,1.8779426788599993,-0.24494267885999932
1.533,2.0336554109766487,-0.5006554109766488
1.692,2.011514562973483,-0.319514562973483
1.78,2.2926502454715343,-0.5126502454715343
1.869,2.8591311755177653,-0.9901311755177653
1.726,1.934929281517555,-0.20892928151755497
1.776,2.4666467051858456,-0.6906467051858456
2.198,2.1065328022966474,0.09146719770335254
1.673,2.308665036856616,-0.6356650368566159
2.634,2.6652151633865078,-0.03121516338650787
1.986,1.9193401930363736,0.06665980696362639
1.824,2.205791315091103,-0.381791315091103
1.862,2.4198150319234926,-0.5578150319234925
1.661,2.2168739946460807,-0.5558739946460807
1.744,1.9817841578939042,-0.23778415789390417
1.88,2.460573748202769,-0.5805737482027693
1.632,1.9864621412759331,-0.35446214127593323
1.375,1.6077806451835879,-0.23278064518358788
1.553,1.8611665003854383,-0.30816650038543836
2.792,2.536250029746997,0.2557499702530026
2.438,1.9923068088355202,0.4456931911644799
2.368,1.854556536504834,0.5134434634951659
1.633,1.9006596409332759,-0.2676596409332759
1.656,1.4580187180684112,0.1979812819315887
1.821,1.5510645831838774,0.26993541681612254
1.971,2.232109726165421,-0.26110972616542094
3.327,3.9562759328599686,-0.6292759328599686
2.385,2.181346425420198,0.2036535745798016
3.138,2.9686775294516377,0.16932247054836225
2.908,2.953719171368163,-0.04571917136816328
3.726,2.8602898790426328,0.8657101209573672
2.735,2.6436112055375927,0.09138879446240722
2.447,2.3990045748010855,0.04799542519891453
2.197,2.4620416767477167,-0.2650416767477166
2.324,2.5154509955813262,-0.1914509955813264
2.243,2.5110209753818347,-0.2680209753818348
1.962,1.939889082824576,0.022110917175423905
1.679,1.8157616316926988,-0.13676163169269873
1.625,1.7189131410211587,-0.09391314102115866
1.775,1.7026526453784878,0.0723473546215121
1.92,1.6310122011965165,0.28898779880348346
1.689,2.3632985508950335,-0.6742985508950334
1.812,2.2561332785811534,-0.44413327858115337
1.714,2.271528176206595,-0.5575281762065951
1.646,1.8932278185109426,-0.24722781851094267
1.732,2.138324216601843,-0.40632421660184304
1.778,2.2375013779407595,-0.4595013779407595
1.785,2.119036537358712,-0.3340365373587122
1.54,1.9021425755698138,-0.3621425755698138
1.488,2.0680943927028395,-0.5800943927028395
1.603,1.880051131280893,-0.277051131280893
1.582,1.8991041435690303,-0.3171041435690303
1.728,2.156374165183385,-0.4283741651833852
1.54,2.1294427259476016,-0.5894427259476016
1.592,2.332640793638676,-0.7406407936386761
1.678,1.8826511005456932,-0.20465110054569324
1.698,2.2110956187379207,-0.5130956187379208
1.758,2.18353231158386,-0.42553231158386007
1.707,1.8610224414065766,-0.1540224414065765
1.632,2.2919769858404786,-0.6599769858404787
1.556,1.610947260158039,-0.05494726015803897
1.471,1.7231479639917355,-0.25214796399173545
1.562,2.664974852703029,-1.102974852703029
1.667,2.168987667390415,-0.5019876673904149
1.612,2.468613112961706,-0.8566131129617061
1.633,2.0025136641572714,-0.3695136641572714
1.695,2.1337111979555257,-0.4387111979555256
1.66,2.3284513475848,-0.6684513475848
1.643,2.1227125552906236,-0.4797125552906236
1.635,1.8335781145991499,-0.19857811459914987
1.567,2.038517130759599,-0.4715171307595989
1.722,1.8852147209799037,-0.16321472097990375
1.52,2.107471603697911,-0.5874716036979111
1.666,2.1457878130324795,-0.4797878130324795
1.472,2.0555870959772164,-0.5835870959772165
1.697,1.9051827275437831,-0.20818272754378309
1.632,2.00274295141213,-0.3707429514121301
1.666,2.457171858601563,-0.791171858601563
1.601,2.3508063452175976,-0.7498063452175976
1.625,2.268764323915082,-0.6437643239150819
1.425,1.8310201953266998,-0.40602019532669975
1.921,2.2513737970443444,-0.33037379704434433
1.731,2.1125651175981166,-0.3815651175981165
1.606,2.5541796779160073,-0.9481796779160072
1.628,1.848490562093914,-0.22049056209391416
1.65,2.197607072334831,-0.5476070723348312
1.654,2.4275440744696715,-0.7735440744696715
1.63,1.6546795943917119,-0.024679594391711968
1.708,1.9826781188932794,-0.2746781188932794
1.834,2.1917566944555267,-0.3577566944555266
1.834,2.4862070886739107,-0.6522070886739106
1.754,2.1690617704641837,-0.4150617704641837
1.714,1.5654290341035333,0.14857096589646668
1.719,2.6947910129650126,-0.9757910129650125
1.739,2.3729087923989365,-0.6339087923989364
1.74,2.4527016220703515,-0.7127016220703515
1.708,2.0266174400518246,-0.3186174400518247
1.49,1.3926848006696457,0.09731519933035426
1.618,1.9479559336554266,-0.3299559336554265
1.415,2.1186204391733354,-0.7036204391733354
1.5,1.9240660667296088,-0.4240660667296088
1.547,1.950407426123598,-0.40340742612359803
1.647,2.119911194139013,-0.47291119413901295
1.648,2.147299836561941,-0.499299836561941
1.583,1.8231215475212754,-0.24012154752127546
1.67,2.0590113974207744,-0.3890113974207745
1.519,2.3339521216733994,-0.8149521216733995
1.535,2.016244491433463,-0.48124449143346326
1.441,2.3797990953377,-0.9387990953377001
1.562,1.991557715832186,-0.42955771583218594
1.938,2.1603178019937923,-0.22231780199379236
1.795,2.671395379786699,-0.876395379786699
1.798,2.3249590815703662,-0.5269590815703662
1.772,1.9515725402556952,-0.17957254025569513
1.644,2.3364562042611525,-0.6924562042611526
1.69,2.0340802375785847,-0.34408023757858475
1.811,2.355805944120407,-0.544805944120407
1.798,2.4110907840033042,-0.6130907840033042
1.795,2.2620034599112397,-0.4670034599112398
1.81,2.463619518336114,-0.653619518336114
1.922,2.660943336526351,-0.7389433365263509
1.918,1.933012091846398,-0.015012091846398068
1.739,1.961900848319273,-0.22290084831927293
2.262,2.1927516599799746,0.06924834002002545
2.325,2.9943150197339237,-0.6693150197339235
2.081,1.9915805032770706,0.08941949672292937
2.14,2.320991204765222,-0.1809912047652218
2.123,2.120292497026417,0.0027075029735832423
2.144,2.135679012588588,0.008320987411412073
2.037,2.679876570652691,-0.6428765706526911
1.887,2.526925284065221,-0.639925284065221
1.748,2.2542196629471687,-0.5062196629471687
1.744,2.396836041901579,-0.6528360419015791
1.847,2.0463874000547335,-0.19938740005473354
1.758,2.5270112572642884,-0.7690112572642884
1.739,2.56635260299603,-0.8273526029960301
1.899,1.8686834181739087,0.030316581826091316
1.85,2.6237361730534006,-0.7737361730534005
1.744,2.0373101759468937,-0.2933101759468937
2.051,2.6484444329265684,-0.5974444329265682
1.876,2.7137248722645126,-0.8377248722645128
1.853,2.776438008886641,-0.923438008886641
2.896,2.830024603062288,0.06597539693771193
2.852,2.736163283065049,0.11583671693495079
2.104,2.269172424071799,-0.1651724240717991
2.154,2.122548929034228,0.03145107096577204
2.198,2.554405880087473,-0.3564058800874732
2.227,2.145912562985936,0.08108743701406373
2.572,2.391433280182929,0.18056671981707106
2.028,2.842891381598493,-0.8148913815984931
1.997,2.0577863158687326,-0.06078631586873251
2.008,2.563371537212746,-0.5553715372127459
2.133,2.5868347590091405,-0.4538347590091405
2.098,2.3092320860632953,-0.21123208606329547
2.063,2.349862865373557,-0.286862865373557
2.01,2.4792545435138313,-0.46925454351383156
2.034,2.405411158309943,-0.3714111583099431
2.128,2.171839978182244,-0.04383997818224383
1.887,2.16403207413851,-0.27703207413851016
2.052,2.8367468624061067,-0.7847468624061067
2.029,2.407856600665911,-0.3788566006659111
2.029,2.407749078033536,-0.3787490780335361
1.982,2.6453320582451876,-0.6633320582451876
2.187,1.851566192586966,0.33543380741303386
2.214,2.331662532102011,-0.11766253210201105
2.117,2.6858178555868792,-0.5688178555868793
2.167,2.7781247284799786,-0.6111247284799788
2.099,2.0878480537701543,0.011151946229845944
2.024,2.1099770316790782,-0.08597703167907822
2.137,2.634604349690309,-0.4976043496903091
2.107,2.4619489470508276,-0.35494894705082736
1.601,1.8697605811361093,-0.26876058113610934
1.641,2.2485556935944437,-0.6075556935944437
1.711,2.7131838812161884,-1.0021838812161883
1.625,0.883240621534386,0.741759378465614
2.768,2.631858843666464,0.13614115633353574
2.502,2.2403509180335535,0.2616490819664463
2.086,1.9413756119844747,0.14462438801552513
2.799,2.416470912867233,0.3825290871327671
3.189,2.535749804268527,0.6532501957314731
2.658,1.7452717054265956,0.9127282945734043
3.08,2.658764005092513,0.42123599490748687
1.892,1.7171430404996262,0.17485695950037372
1.833,1.1754294995236547,0.6575705004763452
1.958,2.0504186869317174,-0.0924186869317174
1.894,1.8825004453823584,0.011499554617641516
2.102,2.1774378876141673,-0.07543788761416748
1.96,1.7364410238390517,0.22355897616094822
2.056,1.6452909385141374,0.4107090614858626
2.245,1.4485571231095935,0.7964428768904066
2.082,1.8547291852327064,0.2272708147672935
1.851,1.7607663065134114,0.0902336934865886
1.893,1.6174130165662697,0.27558698343373034
1.92,1.652979214521241,0.26702078547875896
1.729,1.9355066080810026,-0.20650660808100252
1.783,1.8321465433849753,-0.04914654338497537
2.011,2.31923500918617,-0.30823500918616986
1.922,1.8012845562224618,0.12071544377753818
1.805,1.7121513930388907,0.09284860696110919
1.506,1.9403119892136138,-0.4343119892136138
1.588,1.4220599295784024,0.16594007042159764
1.416,1.966241258038009,-0.5502412580380092
1.864,1.6736256931908864,0.1903743068091137
1.893,1.878556007058816,0.014443992941183925
1.946,2.2507781644308253,-0.3047781644308254
1.625,2.2208797847461956,-0.5958797847461956
1.563,2.014595116552492,-0.45159511655249207
1.819,1.1533374200881252,0.6656625799118747
1.45,1.7870059580879785,-0.3370059580879785
1.344,0.98818232081914,0.35581767918086005
1.255,1.6121040579796433,-0.3571040579796434
1.297,1.3712535314135126,-0.07425353141351265
1.411,2.2624070152370295,-0.8514070152370294
1.238,1.4768865726871367,-0.23888657268713676
1.218,1.8981276765063126,-0.6801276765063127
1.092,1.8372940458051739,-0.7452940458051738
1.319,1.75728436472642,-0.4382843647264201
1.426,1.7349609245840605,-0.30896092458406055
0.982,1.0268058432336993,-0.044805843233699294
1.161,1.6466617578809526,-0.48566175788095256
1.403,1.8111678786230603,-0.40816787862306025
1.33,1.4865312273243423,-0.15653122732434221
1.192,1.5265362901355721,-0.3345362901355722
1.352,1.7840858754740045,-0.43208587547400445
1.229,1.6828336900690597,-0.4538336900690596
1.265,1.7928395290077797,-0.5278395290077798
1.231,2.1409223042728778,-0.9099223042728777
1.151,2.2204220418152882,-1.0694220418152882
1.29,1.3811058017377564,-0.0911058017377564
1.417,2.0342378521034497,-0.6172378521034496
1.469,1.8779730124603362,-0.4089730124603361
1.317,1.7207677934711507,-0.40376779347115077
1.222,1.714547190206091,-0.49254719020609095
1.339,1.5001348347333214,-0.16113483473332146
1.5,1.8191044254526116,-0.31910442545261164
1.458,1.9013083434841112,-0.4433083434841112
1.34,1.445061682798042,-0.10506168279804196
1.14,1.9405314450296636,-0.8005314450296637
1.26,2.080811833774999,-0.820811833774999
1.241,1.8170363098944435,-0.5760363098944434
1.505,1.8793626917389288,-0.3743626917389289
1.438,1.132547198419243,0.30545280158075694
1.534,1.350525898223295,0.18347410177670498
1.576,1.5800960597632923,-0.0040960597632921925
1.533,1.5974122627225809,-0.06441226272258094
1.25,1.7435217045239897,-0.4935217045239897
1.213,1.6256113830263996,-0.41261138302639955
1.342,1.5767083368241286,-0.2347083368241285
1.456,1.5758186052735836,-0.11981860527358368
1.428,1.5303355671459062,-0.1023355671459063
1.507,1.603277318977161,-0.09627731897716107
1.322,1.6061727427817996,-0.2841727427817995
1.375,1.702481187404995,-0.327481187404995
1.425,1.7940022153324287,-0.3690022153324286
1.367,1.4276248260394109,-0.060624826039410884
1.25,1.9755807825764946,-0.7255807825764946
1.339,1.8195085314068562,-0.48050853140685623
1.273,1.724474708303787,-0.4514747083037871
1.408,1.6088615594335134,-0.20086155943351347
1.524,1.752174018156777,-0.22817401815677707
1.2,1.9809311621086683,-0.7809311621086683
1.375,1.7130341377841214,-0.3380341377841214
1.406,1.782102912639457,-0.37610291263945705
1.45,1.443726220262112,0.006273779737888008
1.438,1.6023557620009679,-0.1643557620009679
1.125,1.4533222523237708,-0.32832225232377077
1.45,1.84431628628007,-0.39431628628007
1.434,1.7352688535738316,-0.3012688535738317
1.492,1.569940626783617,-0.0779406267836169
1.66,1.526369741764113,0.1336302582358868
1.388,1.9281781220572283,-0.5401781220572284
1.32,1.7989029736155686,-0.47890297361556855
1.396,1.5247548469790027,-0.12875484697900275
1.543,1.696982082082736,-0.153982082082736
1.519,1.8244424009692772,-0.30544240096927733
1.569,1.8015437110548447,-0.23254371105484473
1.589,1.4865360076265652,0.10246399237343473
1.375,1.6537593655831402,-0.2787593655831402
1.739,1.6475699553008787,0.09143004469912142
1.533,1.8973669584768331,-0.3643669584768332
1.806,1.7845115410975791,0.021488458902420904
1.535,1.556786328309793,-0.02178632830979299
1.537,2.021110341855504,-0.48411034185550417
1.455,1.3742925533432915,0.08070744665670859
1.568,1.7815210130645678,-0.21352101306456772
1.565,1.7772379367943136,-0.2122379367943137
1.618,1.8355167878015597,-0.21751678780155959
1.511,1.5648678440872623,-0.05386784408726242
1.543,2.0463723834378023,-0.5033723834378023
1.9,1.7434529736376723,0.15654702636232765
1.738,1.716862657541204,0.02113734245879595
1.646,1.6735489802279662,-0.027548980227966258
1.663,1.427146997179162,0.2358530028208381
1.693,1.8076214729024844,-0.11462147290248437
1.938,1.673475693986675,0.2645243060133249
1.937,1.7909515507432698,0.14604844925673022
1.787,1.7050285272783987,0.08197147272160121
1.625,1.48668309492292,0.13831690507708005
1.768,1.7305842644999672,0.037415735500032854
1.91,1.5897437851332938,0.3202562148667061
1.781,2.1599208799755045,-0.3789208799755046
1.375,1.59606573075887,-0.22106573075886993
1.625,1.6452947059620369,-0.020294705962036863
1.456,1.4679327301546867,-0.011932730154686766
1.753,1.9028353902662551,-0.14983539026625525
1.505,2.240039007525763,-0.7350390075257631
1.308,1.9604221692866481,-0.6524221692866481
1.428,1.4184180511892017,0.009581948810798213
1.493,1.8377349402394887,-0.3447349402394886
1.488,1.7883693296041732,-0.3003693296041732
1.125,2.0959308069126115,-0.9709308069126115
3.5,1.4595529267356802,2.04044707326432
1.125,1.8637184521330403,-0.7387184521330403
1.632,1.8301915886973434,-0.19819158869734355
1.432,2.296278742994156,-0.8642787429941561
1.863,1.749326820538664,0.11367317946133593
1.75,1.8027009602077224,-0.052700960207722414
1.232,1.823624367994228,-0.5916243679942279
1.906,1.7251112906600954,0.18088870933990453
1.833,1.741642268237654,0.09135773176234596
1.65,2.3895279658401045,-0.7395279658401046
1.506,1.5965473884401482,-0.0905473884401482
0.964,1.6828095706671515,-0.7188095706671516
1.154,1.4424835415919621,-0.2884835415919622
1.188,1.6834075609988755,-0.4954075609988755
1.003,1.3840976857696634,-0.3810976857696635
0.929,1.4022236604794145,-0.47322366047941444
1.167,1.8126199411340238,-0.6456199411340238
1.125,1.563515961971762,-0.438515961971762
1.051,1.5707284892495244,-0.5197284892495244
0.972,1.5880072566460317,-0.6160072566460317
1.219,1.5203355863624997,-0.3013355863624996
1.25,1.7947656027413952,-0.5447656027413952
1.089,1.6961139829733556,-0.6071139829733556
1.25,1.6983347430945628,-0.4483347430945628
1.107,2.0184162349885977,-0.9114162349885977
1.699,1.5930355046592832,0.10596449534071684
1.663,2.013992983707347,-0.3509929837073471
1.844,1.7628925711351267,0.08110742886487343
1.482,1.6396797524656388,-0.1576797524656388
2.55,1.2192365480676086,1.3307634519323912
1.288,1.467811791102856,-0.17981179110285606
1.5,1.7316809366730688,-0.23168093667306877
1.631,1.53851002419592,0.09248997580408003
1.713,1.6186771127828266,0.09432288721717352
1.69,2.073340456645556,-0.38334045664555605
1.646,1.8521798180009665,-0.20617981800096663
1.615,1.7600205689494826,-0.14502056894948256
1.542,1.728328681201059,-0.18632868120105894
1.417,1.6618450737781276,-0.2448450737781276
1.423,1.7679532735166257,-0.34495327351662564
1.573,2.1912812149824132,-0.6182812149824133
1.58,1.9583925085730451,-0.37839250857304507
1.575,2.1118270495839155,-0.5368270495839156
1.563,1.9747398731373758,-0.4117398731373758
1.547,2.0597973063569848,-0.5127973063569848
1.6,1.769009165286639,-0.169009165286639
1.547,1.85509423817907,-0.3080942381790701
1.567,1.8082967435260426,-0.2412967435260427
1.478,1.7880644664908867,-0.3100644664908867
1.546,1.4966604579928742,0.04933954200712587
1.594,1.7070011145640371,-0.11300111456403705
1.896,1.4605012786928437,0.43549872130715617
1.813,1.4509250192280396,0.3620749807719603
1.784,1.7174655300387074,0.06653446996129264
1.721,1.5889666514955207,0.13203334850447934
1.727,1.5403016996113905,0.18669830038860957
1.585,1.6152185471010383,-0.03021854710103833
1.546,1.7051467518344765,-0.15914675183447646
1.548,1.7875479403888124,-0.23954794038881233
1.618,1.456395704874652,0.16160429512534802
1.644,1.829485516317679,-0.18548551631767918
1.62,1.596612146177074,0.023387853822926186
1.561,1.7116209332668384,-0.15062093326683845
1.708,1.6953291677821618,0.012670832217838157
1.321,2.0296506461189616,-0.7086506461189617
1.59,1.740881815800095,-0.15088181580009485
1.682,1.6223478789157006,0.05965212108429929
1.636,1.9778195486776882,-0.34181954867768827
1.56,1.8598244730973403,-0.2998244730973403
1.654,2.036955239970771,-0.3829552399707712
1.694,1.621777927184585,0.07222207281541504
1.894,1.557643091389922,0.33635690861007794
2.063,1.8358663871006509,0.2271336128993493
1.786,1.7563677192995861,0.029632280700413904
1.656,1.6271677482990308,0.028832251700969147
1.581,1.737382833840076,-0.15638283384007612
1.705,1.648491331606661,0.05650866839333912
1.578,1.5911583419816933,-0.013158341981693189
1.76,1.5715036079211318,0.18849639207886826
1.56,1.7451978740402299,-0.1851978740402298
1.77,1.8355097095307997,-0.06550970953079971
1.438,1.5705623518323928,-0.13256235183239284
1.815,1.5590809554266847,0.25591904457331527
1.608,1.5446015167345488,0.06339848326545128
1.5,1.8225254983556165,-0.3225254983556165
1.625,1.8850765548737662,-0.26007655487376624
1.766,1.6770165653782896,0.08898343462171043
1.906,1.5270597238880077,0.3789402761119922
1.911,1.7549870811126238,0.15601291888737623
1.75,1.2896409377409874,0.4603590622590126
1.554,1.9453850612472345,-0.3913850612472345
1.5,1.731390573620954,-0.23139057362095405
1.609,1.7571327362021971,-0.14813273620219714
1.642,1.6259606040055044,0.016039395994495553
1.875,1.6715203524111528,0.20347964758884718
1.642,1.6114094016521165,0.030590598347883358
1.465,1.7153672132893505,-0.2503672132893504
1.375,1.1808504524752617,0.19414954752473834
1.42,1.476997352946516,-0.05699735294651598
1.545,1.5627219540209776,-0.01772195402097765
1.463,1.511360158414338,-0.04836015841433783
1.662,1.815632864632632,-0.15363286463263215
1.743,1.578407007164947,0.16459299283505313
1.717,2.1075869925582293,-0.39058699255822926
1.69,1.7485041369133247,-0.05850413691332479
1.706,2.432888744562284,-0.726888744562284
1.661,2.0026017861805676,-0.3416017861805676
1.676,2.111885102671417,-0.4358851026714172
1.661,1.8651865683888325,-0.20418656838883242
1.629,1.915088959258763,-0.286088959258763
1.693,1.919524790037095,-0.22652479003709503
1.482,2.0861700695217715,-0.6041700695217715
1.713,2.486002071955484,-0.7730020719554838
1.833,2.0764202698025573,-0.24342026980255738
1.114,1.583094134321888,-0.46909413432188796
1.185,1.6704100733563851,-0.4854100733563851
1.118,1.6524393419648926,-0.5344393419648925
1.151,1.701420163624861,-0.5504201636248609
1.125,1.7712081614012183,-0.6462081614012183
1.148,1.4508527190649154,-0.3028527190649155
1.026,1.5132192982853843,-0.48721929828538424
1.087,1.2639379783302624,-0.17693797833026248
0.988,1.6455591525942594,-0.6575591525942595
1.172,1.822352092540545,-0.650352092540545
1.051,1.4837408863753272,-0.43274088637532726
1.12,1.6953842053491006,-0.5753842053491005
1.125,1.6053233641953981,-0.4803233641953981
1.066,1.5401841044673192,-0.4741841044673192
1.006,1.5690015099250205,-0.5630015099250205
0.929,1.467736475210795,-0.538736475210795
0.988,1.7387889409709159,-0.7507889409709159
0.981,1.4672584850909707,-0.4862584850909707
0.955,1.1928889812574202,-0.2378889812574202
0.981,1.530496383335176,-0.5494963833351759
0.948,1.5885278644471537,-0.6405278644471537
1.091,1.3874815056224117,-0.2964815056224117
1.099,1.5328289847819088,-0.4338289847819088
0.973,1.8660529478000596,-0.8930529478000596
1.059,1.4465698249123151,-0.3875698249123152
0.934,1.5840037690158613,-0.6500037690158612
0.99,1.157341308899454,-0.16734130889945398
0.914,1.0010063974126808,-0.08700639741268079
1.689,1.6430267139456607,0.04597328605433937
1.553,1.6685181138172251,-0.11551811381722521
1.709,1.776006078606381,-0.06700607860638086
1.642,1.5461103508825955,0.09588964911740439
1.588,1.8800960454877647,-0.2920960454877646
1.618,1.9425395467518451,-0.32453954675184504
1.54,1.5201265266354365,0.019873473364563576
1.604,1.9357251429848685,-0.33172514298486844
1.509,2.077043376413475,-0.5680433764134749
1.516,1.9039826067517613,-0.3879826067517613
1.528,1.7984444364951535,-0.2704444364951535
1.434,1.9134461105230978,-0.4794461105230978
1.535,2.0719297706433895,-0.5369297706433895
1.538,2.212683847499171,-0.674683847499171
1.446,2.2490187285206136,-0.8030187285206136
1.616,1.6889232823245868,-0.07292328232458667
1.613,1.9644561569710068,-0.35145615697100685
1.67,2.067491240972625,-0.397491240972625
1.646,1.9758017593731394,-0.3298017593731395
1.593,1.7409677785664361,-0.14796777856643617
1.455,1.4196536694745296,0.035346330525470426
1.651,1.5647970883397715,0.08620291166022853
1.515,1.719247232679489,-0.20424723267948908
1.653,1.6640509752510195,-0.011050975251019501
1.552,1.7055997556917193,-0.15359975569171924
1.534,1.7531457360146336,-0.2191457360146336
1.608,1.585373367775573,0.022626632224427068
1.542,2.175984857531964,-0.6339848575319638
1.575,2.467256369056093,-0.8922563690560932
1.438,1.793063599235783,-0.3550635992357831
1.561,1.9350699486335523,-0.37406994863355236
1.791,2.017368859076889,-0.22636885907688908
1.608,2.0909872706060395,-0.4829872706060394
1.681,2.167753369847856,-0.4867533698478561
1.648,1.9912136822071316,-0.34321368220713167
1.481,1.8077285978157123,-0.3267285978157122
1.693,2.1798764781063675,-0.48687647810636747
1.718,2.296029034464324,-0.5780290344643242
1.597,1.8424456090246746,-0.2454456090246746
1.518,1.9119704641106063,-0.3939704641106063
1.621,1.9573099393276951,-0.33630993932769515
1.786,2.5888535396125807,-0.8028535396125807
1.798,2.173768732339939,-0.3757687323399388
1.836,2.080991098581198,-0.24499109858119783
1.522,1.99786325771482,-0.4758632577148201
1.675,2.208444401327017,-0.533444401327017
1.65,1.849176651204334,-0.19917665120433403
1.655,2.339090971703807,-0.6840909717038068
1.819,1.4418532626208014,0.37714673737919857
1.718,2.4666415321709483,-0.7486415321709483
1.668,1.9598834117412647,-0.29188341174126475
1.613,2.1952570083084937,-0.5822570083084937
1.622,1.96411486596145,-0.3421148659614499
1.71,1.9992349326774077,-0.28923493267740774
1.364,2.0647489249763,-0.7007489249762997
1.369,1.6473386286710476,-0.27833862867104764
1.398,1.5353221699533102,-0.13732216995331026
1.229,1.5662359111809185,-0.33723591118091845
1.472,1.7657855758199195,-0.2937855758199195
1.443,2.115204084498828,-0.6722040844988277
1.464,2.033665144727172,-0.5696651447271721
1.494,2.1268835615772175,-0.6328835615772175
1.457,2.0422036811881314,-0.5852036811881314
1.394,2.0002838958711417,-0.6062838958711418
1.388,2.0072620958033354,-0.6192620958033355
1.465,2.0813049482549033,-0.6163049482549032
1.625,1.6989052261622224,-0.07390522616222239
1.411,1.8720584814333925,-0.46105848143339245
1.521,1.5241953883929562,-0.0031953883929563
1.311,1.6956889473369894,-0.38468894733698944
1.327,1.7053421158168662,-0.3783421158168663
1.457,1.806193662862021,-0.3491936628620209
1.388,1.8629608235605382,-0.47496082356053826
1.21,1.8812798649552365,-0.6712798649552365
1.089,1.8475869765489827,-0.7585869765489828
1.3,2.0132175515109267,-0.7132175515109267
1.154,1.8865819268523158,-0.7325819268523159
0.951,1.187132825278218,-0.2361328252782181
0.932,1.5062813216889241,-0.5742813216889241
1.25,1.6803076320218888,-0.4303076320218888
1.181,1.7456115439137037,-0.5646115439137036
1.327,1.7716537505713217,-0.4446537505713217
1.173,2.0268620406738505,-0.8538620406738504
1.319,1.544780464807248,-0.22578046480724812
1.25,2.1670811162798604,-0.9170811162798604
1.054,1.188090357729151,-0.134090357729151
0.967,1.4650637245305482,-0.49806372453054826
1.072,1.156620065162674,-0.08462006516267384
0.906,1.6509215965077686,-0.7449215965077686
0.974,1.9167325775180677,-0.9427325775180677
1.064,1.6309964908708863,-0.5669964908708862
0.9,1.8800125674721684,-0.9800125674721684
0.831,2.003866389100765,-1.172866389100765
1.018,1.6531164959935132,-0.6351164959935132
0.965,1.6155060963625987,-0.6505060963625987
0.959,1.7925132543883846,-0.8335132543883846
0.926,1.5527679633426956,-0.6267679633426956
1.046,1.5253780615156285,-0.47937806151562845
1.208,1.7819471453594042,-0.5739471453594043
0.933,1.462147572936114,-0.5291475729361139
1.068,1.7896135733552372,-0.7216135733552371
1.1,1.938825914434282,-0.838825914434282
1.054,1.9459530713805184,-0.8919530713805184
1.011,1.7904978252014143,-0.7794978252014144
1.241,1.7381827923681137,-0.4971827923681136
1.106,1.0950044914730663,0.010995508526933762
1.381,2.523691858503956,-1.1426918585039558
1.814,2.285917941966424,-0.4719179419664239
0.895,1.77533753405223,-0.8803375340522299
1.119,2.3776436817265187,-1.2586436817265187
1.107,1.4723601291113582,-0.3653601291113582
1.244,2.2908394595522905,-1.0468394595522905
1.193,1.9049577441658276,-0.7119577441658276
1.131,1.7180856133112263,-0.5870856133112263
1.095,2.048587492058279,-0.953587492058279
1.019,1.7545214505771627,-0.7355214505771628
0.928,1.8280206789812472,-0.9000206789812472
0.931,1.5790042474938855,-0.6480042474938854
0.882,1.375667727117544,-0.4936677271175439
1.029,1.418739162511482,-0.3897391625114821
1.036,1.8049246175025857,-0.7689246175025857
0.943,1.4137363912161898,-0.4707363912161898
0.961,2.082515330198221,-1.1215153301982212
1.038,1.1693754452813447,-0.1313754452813447
0.882,1.5537135243755484,-0.6717135243755484
0.889,1.8178095605690312,-0.9288095605690312
0.903,2.034082136389335,-1.131082136389335
0.891,1.8891504316517485,-0.9981504316517484
0.893,1.511146383052498,-0.618146383052498
0.892,1.7874615068464783,-0.8954615068464783
0.847,1.607056805934316,-0.760056805934316
0.988,1.3230119055543448,-0.3350119055543448
1.0,1.663836524077133,-0.6638365240771329
1.053,1.7136568552967602,-0.6606568552967602
1.102,1.3850629525386111,-0.283062952538611
1.104,2.185422990911861,-1.081422990911861
1.032,1.3014928828750518,-0.2694928828750518
1.05,1.5509535153736773,-0.5009535153736773
1.046,1.5673151286165357,-0.5213151286165356
1.023,1.5579074445666805,-0.5349074445666806
1.056,1.3136020578489238,-0.25760205784892376
1.156,1.4091224224726218,-0.25312242247262184
1.304,2.2282867160315516,-0.9242867160315515
1.412,2.0666253458412402,-0.6546253458412403
1.556,1.983771046687253,-0.42777104668725285
1.33,1.8683895556752634,-0.5383895556752634
1.512,2.086927911243149,-0.5749279112431491
1.154,2.0688309694512284,-0.9148309694512284
1.281,1.9798224933013662,-0.6988224933013663
1.344,1.4843275396373055,-0.14032753963730538
1.281,1.8373674680996956,-0.5563674680996957
1.174,1.851238270576398,-0.677238270576398
1.158,2.101117467157432,-0.9431174671574323
1.324,1.5823305909043826,-0.2583305909043825
1.184,2.1828353053752747,-0.9988353053752748
1.051,1.8190167942617617,-0.7680167942617617
1.181,1.8719342509515808,-0.6909342509515808
1.048,1.6675537571121875,-0.6195537571121874
1.056,1.7255504326719797,-0.6695504326719797
1.129,1.5212726833454655,-0.3922726833454655
0.995,1.5253319400393524,-0.5303319400393524
1.073,1.570156633342895,-0.49715663334289495
1.051,1.765697905949708,-0.7146979059497081
1.032,1.6847190192729555,-0.6527190192729555
1.136,1.9637828781115514,-0.8277828781115515
1.079,1.8502140272698395,-0.7712140272698396
1.162,2.472165118263006,-1.310165118263006
1.139,1.8755666043667771,-0.7365666043667771
1.207,1.6628510574124984,-0.4558510574124983
1.188,1.9883637966299317,-0.8003637966299317
1.107,2.1470865356776123,-1.0400865356776123
1.194,2.0357147654172074,-0.8417147654172075
1.268,1.5552569586590064,-0.28725695865900636
1.381,1.638516977089655,-0.25751697708965504
1.202,1.6427389356154123,-0.44073893561541233
0.952,1.9051612444117756,-0.9531612444117756
1.266,1.728606701196844,-0.462606701196844
1.334,1.4007700644800005,-0.06677006448000045
1.009,1.7738690132816641,-0.7648690132816642
1.031,1.8738252450442283,-0.8428252450442284
0.984,1.4772807534259274,-0.49328075342592737
0.979,1.794363543196644,-0.8153635431966441
1.008,1.4107851967289253,-0.4027851967289253
0.968,1.3428796211811131,-0.3748796211811132
0.888,1.6880384182886794,-0.8000384182886794
1.125,2.1177222076987516,-0.9927222076987516
1.03,1.6644384579363525,-0.6344384579363525
0.936,1.6783318051543783,-0.7423318051543782
0.926,1.1479325933510791,-0.22193259335107907
1.062,1.4859105338346592,-0.42391053383465915
0.98,1.883990951380663,-0.903990951380663
1.058,2.047744639518577,-0.9897446395185769
0.915,1.740682078128105,-0.8256820781281049
0.983,1.5705527334944172,-0.5875527334944172
1.117,1.6982246396416465,-0.5812246396416465
1.158,2.218455052972126,-1.060455052972126
1.041,1.7689062580925519,-0.7279062580925519
1.096,1.807738102085191,-0.711738102085191
1.207,2.0877215479801103,-0.8807215479801103
1.11,1.6851902289554146,-0.5751902289554145
0.986,1.577819486781594,-0.591819486781594
1.032,1.9187734540580772,-0.8867734540580772
1.055,2.052702207213292,-0.997702207213292
1.052,1.9905212007004838,-0.9385212007004837
1.085,1.9913170290986557,-0.9063170290986557
1.365,2.979289817748725,-1.6142898177487248
1.019,1.6390547484962164,-0.6200547484962164
1.025,1.4894470951723746,-0.4644470951723747
0.951,1.6685553883840587,-0.7175553883840587
1.098,1.8431422523003906,-0.7451422523003906
1.137,1.9407740428021065,-0.8037740428021065
1.177,1.9562360861171397,-0.7792360861171397
2.035,2.57006304506962,-0.5350630450696197
1.933,2.9354495682222046,-1.0024495682222045
2.07,2.786699285114649,-0.716699285114649
2.131,2.5405206627283867,-0.40952066272838694
2.081,2.2453237951237153,-0.1643237951237153
1.692,2.2377243417852837,-0.5457243417852837
1.864,3.0012047123378895,-1.1372047123378894
2.07,2.5933422014420007,-0.5233422014420008
1.975,2.7129983574097087,-0.7379983574097086
1.67,2.4777423104434186,-0.8077423104434187
1.686,2.1463676746067852,-0.4603676746067853
1.966,3.2309136986071527,-1.2649136986071527
1.808,2.785337117007728,-0.9773371170077281
1.879,2.2909218649369834,-0.41192186493698335
1.944,2.065084091454216,-0.12108409145421595
1.629,2.0641831580499823,-0.4351831580499823
1.83,2.2099937011000135,-0.3799937011000134
2.18,2.8681022272792336,-0.6881022272792334
2.379,2.637544098975379,-0.2585440989753791
2.165,2.3671750881780045,-0.20217508817800445
2.051,2.418649109972609,-0.3676491099726089
2.188,2.0066703037991287,0.18132969620087147
2.182,2.740295628805459,-0.558295628805459
3.294,2.3514408905815882,0.9425591094184118
2.177,2.9487992638942573,-0.7717992638942572
2.124,2.7952609047424803,-0.6712609047424802
1.669,2.5774277081169243,-0.9084277081169243
1.735,2.5329057813632563,-0.7979057813632562
1.911,2.9968597711794907,-1.0858597711794906
1.14,2.2951986529473007,-1.1551986529473008
1.653,2.458560292667079,-0.8055602926670788
1.907,2.6364338191642673,-0.7294338191642673
2.003,2.4728990658521157,-0.4698990658521156
2.159,2.6510500989681267,-0.4920500989681269
2.086,2.221769762447358,-0.13576976244735794
1.757,2.5252153508908295,-0.7682153508908296
2.005,2.4236480009412436,-0.41864800094124366
1.869,2.0391708001771622,-0.17017080017716224
1.846,2.1731677677627053,-0.3271677677627052
2.019,2.4930925000792308,-0.47409250007923065
1.174,2.157376219727692,-0.9833762197276918
1.922,2.5082394724507684,-0.5862394724507685
1.663,2.153501300268566,-0.49050130026856587
1.683,2.44085361087229,-0.7578536108722898
1.603,2.461041596213745,-0.8580415962137449
1.602,2.6356494107524977,-1.0336494107524976
1.744,2.469996966009485,-0.7259969660094849
1.752,2.264165379062647,-0.5121653790626468
1.761,1.9828266254394946,-0.22182662543949472
1.719,2.0219214178461336,-0.30292141784613347
1.582,2.1218566947548827,-0.5398566947548826
1.58,2.1172245321359715,-0.5372245321359714
1.575,2.170155426198354,-0.5951554261983543
1.657,2.507828990274563,-0.8508289902745632
1.74,2.0941099440626036,-0.35410994406260365
1.668,2.1272159605820344,-0.4592159605820345
1.728,2.1042605640517804,-0.37626056405178043
1.651,2.000414165369425,-0.34941416536942493
1.711,2.4822714719852628,-0.7712714719852627
1.674,2.668132449123968,-0.9941324491239683
1.708,2.4197318173603994,-0.7117318173603995
1.686,2.8292928624867217,-1.1432928624867218
1.683,2.051137308160281,-0.368137308160281
1.753,2.2760817838368865,-0.5230817838368866
1.716,2.2541137700709193,-0.5381137700709193
1.745,2.397615947669577,-0.652615947669577
1.668,1.8966052173193977,-0.22860521731939776
1.513,2.325150275398013,-0.8121502753980132
1.566,2.2820599820987812,-0.7160599820987812
1.89,1.8738139724623646,0.016186027537635317
1.861,2.4662900486888737,-0.6052900486888737
1.969,2.158402516581176,-0.18940251658117613
2.043,2.4661535100439567,-0.4231535100439565
2.613,2.484082223438113,0.1289177765618872
4.536,2.987109301542918,1.5488906984570816
4.523,3.096811174583814,1.4261888254161859
4.0,3.312078351144592,0.6879216488554079
1.911,2.03205347792386,-0.1210534779238599
1.913,2.549243602415395,-0.636243602415395
2.616,2.3860699226350084,0.22993007736499171
2.91,2.9375623404286615,-0.027562340428661347
2.972,2.997453669275914,-0.02545366927591397
2.46,2.3422470397925985,0.11775296020740145
2.673,2.513830090587051,0.15916990941294884
1.974,1.8996456511928568,0.0743543488071432
2.519,2.457412764917766,0.06158723508223396
2.66,2.3951749689082478,0.26482503109175237
2.547,2.2551872377479696,0.29181276225203057
2.772,2.2676874046521003,0.5043125953478995
2.535,2.389651670599289,0.14534832940071096
2.416,2.760049413218711,-0.34404941321871085
3.266,2.216969055663807,1.049030944336193
2.941,3.523286502940109,-0.582286502940109
3.0,3.444087857069766,-0.44408785706976595
3.02,2.695831014162646,0.3241689858373542
2.821,2.073322542209697,0.7476774577903034
2.855,1.8520027443836287,1.0029972556163713
2.632,2.2840597703155234,0.3479402296844767
2.698,2.612011468785034,0.08598853121496575
3.238,2.715703649431695,0.5222963505683049
2.647,1.78421380226157,0.8627861977384299
2.65,2.1837715845315633,0.46622841546843663
2.3,1.9214356105692367,0.3785643894307631
2.835,2.1420828382122807,0.6929171617877192
2.449,2.4103016465981844,0.03869835340181549
2.554,2.609960442808378,-0.0559604428083782
2.713,2.0240155905532964,0.6889844094467037
2.83,2.4684051401617504,0.3615948598382497
2.966,2.6468966398826352,0.31910336011736495
1.625,1.9068930921552445,-0.2818930921552445
1.837,1.6929810597468378,0.1440189402531622
1.875,1.9026147813674839,-0.027614781367483854
1.772,1.705434654500198,0.06656534549980209
2.024,2.138647246393375,-0.11464724639337476
2.015,2.3073092918639495,-0.2923092918639494
2.182,1.9677411297942287,0.21425887020577128
2.239,2.0319788147763074,0.2070211852236925
2.264,2.456258345222012,-0.19225834522201213
2.073,2.524604361106735,-0.45160436110673485
1.919,1.986424093764552,-0.06742409376455205
1.958,1.6414253106438363,0.3165746893561636
1.966,1.9195119088077552,0.04648809119224473
2.265,2.2656407992362437,-0.0006407992362436055
2.424,2.31195572720175,0.1120442727982498
1.997,1.994994360889232,0.0020056391107681204
2.09,1.87996012368599,0.2100398763140099
2.383,2.1347420609193892,0.24825793908061078
2.559,2.1284672575103176,0.43053274248968254
2.329,2.1920827410389894,0.1369172589610108
2.123,2.7325939131004526,-0.6095939131004524
2.205,2.0450664666304204,0.15993353336957972
2.189,2.4066507692568426,-0.21765076925684257
1.905,2.3215608272464276,-0.4165608272464276
1.842,2.481106038025051,-0.6391060380250511
1.984,2.4892987773971442,-0.5052987773971442
1.612,1.6901213495687049,-0.07812134956870476
1.828,1.724603988379815,0.10339601162018508
1.969,1.8450942533328194,0.12390574666718068
1.738,2.5108245642251332,-0.7728245642251332
1.839,2.1670378829383092,-0.32803788293830927
1.975,2.09009252526342,-0.11509252526342006
1.838,2.6419102310987657,-0.8039102310987656
2.22,2.588531556308567,-0.3685315563085667
1.823,2.4551677871121416,-0.6321677871121416
1.878,1.9514799487081937,-0.07347994870819385
1.676,2.6723053128215737,-0.9963053128215738
1.758,2.342841021302103,-0.5848410213021031
1.676,2.1200781546483243,-0.44407815464832434
1.6,2.6423064359315394,-1.0423064359315393
1.867,2.587120700380778,-0.7201207003807779
1.537,2.270355992259943,-0.7333559922599431
1.644,1.663794579734486,-0.019794579734486062
1.594,2.146210130325956,-0.5522101303259561
1.411,2.0354576184484787,-0.6244576184484787
1.622,2.2489824608830937,-0.6269824608830936
1.662,2.153949275331396,-0.4919492753313959
1.65,2.7112030295242233,-1.0612030295242234
1.681,2.71441129313615,-1.03341129313615
1.599,1.1501135935746407,0.44888640642535926
1.587,2.2281554295357178,-0.6411554295357178
1.646,2.3666816147189693,-0.7206816147189694
1.597,1.9353436702530211,-0.33834367025302114
1.656,1.8766829862555068,-0.22068298625550686
1.592,1.9254787159570732,-0.3334787159570731
1.469,1.7328821178667067,-0.26388211786670657
1.577,2.212148858638256,-0.6351488586382561
1.807,1.885305241009225,-0.07830524100922509
1.733,2.539198424874404,-0.8061984248744039
1.577,2.280872223053283,-0.703872223053283
1.199,1.447028246500612,-0.24802824650061184
1.55,1.925681656039063,-0.375681656039063
1.58,2.5007204963399743,-0.9207204963399742
2.205,2.5347617508073954,-0.32976175080739534
1.853,2.397804749508062,-0.5448047495080621
1.608,1.7837705862185895,-0.17577058621858943
1.203,1.9507987993848843,-0.7477987993848842
1.234,1.8956230419378508,-0.6616230419378508
1.149,2.049275865905823,-0.9002758659058228
1.536,2.043729902187586,-0.5077299021875858
1.641,2.283623336508633,-0.6426233365086329
1.627,2.3074142490874965,-0.6804142490874965
1.692,2.6218412750261932,-0.9298412750261933
1.683,2.4377978784646888,-0.7547978784646887
1.611,2.1529516987397614,-0.5419516987397615
1.535,2.3677634130875154,-0.8327634130875154
1.763,1.9036617091081007,-0.14066170910810083
1.66,2.468538503262685,-0.8085385032626851
1.746,2.4901611269816413,-0.7441611269816413
1.675,2.1867966561177625,-0.5117966561177625
1.715,2.1569641533558026,-0.4419641533558025
1.644,2.40736955176812,-0.7633695517681203
1.666,1.9299715076403394,-0.2639715076403395
1.856,2.452012635910724,-0.5960126359107238
1.619,2.577622599891764,-0.9586225998917641
1.564,2.144606776811237,-0.5806067768112371
1.821,2.5453501477960967,-0.7243501477960967
1.78,2.1087377058735255,-0.32873770587352547
1.846,2.4539121750150787,-0.6079121750150787
1.96,1.9998405454416324,-0.0398405454416324
2.047,2.3460892836416987,-0.2990892836416985
2.76,2.0670833069239736,0.6929166930760262
2.365,2.013665846268708,0.3513341537312922
1.78,2.752529082286551,-0.9725290822865509
1.831,2.7931309574524743,-0.9621309574524743
1.931,2.2661231273062192,-0.3351231273062192
2.074,2.0501762475045404,0.023823752495459427
2.166,1.8046916947360945,0.36130830526390545
1.916,2.5869416997097296,-0.6709416997097297
1.906,2.3643459324779847,-0.45834593247798483
1.776,2.40837121610388,-0.6323712161038799
2.258,2.082066232543293,0.1759337674567072
1.808,1.9388685728747739,-0.13086857287477383
2.042,1.9650166239310867,0.07698337606891315
1.632,2.344525187408455,-0.712525187408455
1.474,1.916173032011949,-0.442173032011949
1.446,1.7668341764133473,-0.3208341764133473
1.567,1.7844389177030582,-0.21743891770305823
1.271,1.880682547632695,-0.609682547632695
1.44,1.959601949458833,-0.5196019494588331
1.333,1.9602232333679368,-0.6272232333679368
1.461,1.650435063105871,-0.189435063105871
1.44,1.771127641869412,-0.331127641869412
1.142,1.7516700089470392,-0.6096700089470393
1.458,2.23736233630167,-0.7793623363016702
1.623,2.2384271851911617,-0.6154271851911617
1.55,1.6573704091028794,-0.10737040910287932
1.464,2.1673545250873003,-0.7033545250873003
1.438,1.9006291974845397,-0.4626291974845398
1.509,1.943735988374137,-0.4347359883741371
1.404,1.9861435100005285,-0.5821435100005286
1.438,1.6147846719138883,-0.17678467191388836
1.458,1.2670335900057115,0.1909664099942885
3.5,3.8795548588598185,-0.37955485885981854
1.607,1.5565666168406258,0.05043338315937418
1.319,1.735023088113571,-0.41602308811357114
1.483,1.9775500632558676,-0.4945500632558675
1.46,1.6699151463140156,-0.20991514631401564
1.908,2.0606048701611197,-0.1526048701611198
1.909,2.1645903927498678,-0.2555903927498677
1.695,1.8888706160537223,-0.19387061605372224
2.084,2.0433899792848336,0.040610020715166506
2.049,1.8584980523908716,0.1905019476091283
1.834,1.9698876032171417,-0.13588760321714166
2.258,2.7555861859668496,-0.49758618596684956
1.958,2.1453223242151154,-0.1873223242151154
1.801,2.0359698049018915,-0.23496980490189157
2.027,2.176280285047821,-0.14928028504782098
2.065,1.840294369748748,0.224705630251252
1.708,1.840504136354424,-0.13250413635442393
1.809,1.804874697663361,0.004125302336638992
1.739,2.4443033331578747,-0.7053033331578746
2.438,1.8266043493596564,0.6113956506403437
1.919,2.0805778756712794,-0.16157787567127935
1.927,1.7054694888258641,0.2215305111741359
1.655,1.804705909950027,-0.14970590995002708
1.796,2.7122256755285847,-0.9162256755285847
1.955,2.557687903925716,-0.602687903925716
1.795,2.3283417802610558,-0.5333417802610558
1.75,2.3940045683438176,-0.6440045683438176
1.614,2.560388321822102,-0.9463883218221019
1.682,1.8064124994621138,-0.12441249946211386
1.982,2.075228407586245,-0.09322840758624484
2.397,2.2225507308730243,0.17444926912697545
2.318,2.499956147867448,-0.18195614786744807
2.408,2.4929905599260906,-0.08499055992609073
1.563,1.6904939977709832,-0.12749399777098325
2.184,1.897104712791766,0.2868952872082342
1.661,2.167798890352302,-0.506798890352302
1.946,1.9465661317990794,-0.0005661317990794945
1.714,1.9083151568433447,-0.19431515684334477
2.973,2.753719755652474,0.2192802443475257
2.858,2.9759012863642265,-0.11790128636422637
3.374,3.0178619368863293,0.3561380631136708
3.138,2.7558341771917423,0.3821658228082576
2.842,2.7282663465558885,0.11373365344411157
1.397,2.2631552379754374,-0.8661552379754374
3.447,2.894355809704087,0.5526441902959132
2.991,2.7431552735849634,0.24784472641503674
2.87,2.8179688958730793,0.0520311041269208
2.887,2.953787245630692,-0.06678724563069194
3.389,2.6615051430676657,0.7274948569323341
3.197,3.2644408287180133,-0.06744082871801327
2.937,2.438657932157016,0.49834206784298374
2.656,2.741617286604927,-0.08561728660492696
2.776,2.8111308289968076,-0.03513082899680775
2.751,2.752823257002338,-0.0018232570023379857
3.227,3.3764634054611244,-0.14946340546112458
3.504,2.9913897803802243,0.5126102196197757
4.374,2.774683209610825,1.5993167903891745
3.196,3.038877129240205,0.15712287075979514
2.681,2.3168144878132724,0.3641855121867277
2.865,3.0183047325920187,-0.1533047325920185
2.776,2.800549795619497,-0.024549795619497328
2.081,2.1222162822666837,-0.041216282266683724
1.953,2.1503952144128573,-0.19739521441285723
1.46,2.0627311125049284,-0.6027311125049284
1.457,2.2407963445680563,-0.7837963445680562
1.595,2.0961657879603974,-0.5011657879603975
1.201,2.0322040736206386,-0.8312040736206385
2.449,2.620656828398844,-0.17165682839884422
2.008,2.249951134024953,-0.24195113402495316
2.201,1.9770897999470245,0.22391020005297557
2.46,2.2474591220407616,0.21254087795923837
2.259,2.025989514269931,0.23301048573006877
1.897,1.9407326443337185,-0.043732644333718484
2.365,1.9101175424933456,0.45488245750665457
2.155,2.1061867417704265,0.048813258229573275
1.988,1.9865751555470914,0.0014248444529085802
1.704,2.1850361641929954,-0.48103616419299544
1.946,2.607092037303083,-0.6610920373030831
2.131,2.429335322543657,-0.29833532254365736
2.177,2.5030981193195077,-0.3260981193195076
1.913,3.0020916218044853,-1.0890916218044853
1.627,2.1830498949023602,-0.5560498949023602
1.533,2.034194088323781,-0.5011940883237811
2.109,2.5429194505699466,-0.43391945056994663
1.684,2.1889136240207767,-0.5049136240207768
2.282,2.8768747058713373,-0.5948747058713373
3.457,2.940970255789,0.516029744211
1.368,1.8130547110292021,-0.445054711029202
1.183,1.8052450737354775,-0.6222450737354774
1.429,1.5856279967031526,-0.15662799670315253
2.349,2.781314781779117,-0.43231478177911686
2.269,2.365021189681542,-0.09602118968154194
1.995,2.497892872082443,-0.5028928720824428
1.88,1.9875943931458835,-0.1075943931458836
1.984,2.643451489980015,-0.659451489980015
2.095,2.547126644637307,-0.4521266446373069
2.002,2.15815862819178,-0.1561586281917804
2.195,2.5182623009868097,-0.32326230098680986
2.089,2.752579520344909,-0.6635795203449089
2.134,2.595715879952813,-0.46171587995281316
2.183,2.7202951914569127,-0.5372951914569128
2.141,2.7513627269948175,-0.6103627269948175
1.941,2.696362550047587,-0.7553625500475871
2.138,2.416200908625017,-0.278200908625017
1.67,1.952834154065708,-0.282834154065708
1.818,1.9371741566727072,-0.11917415667270714
1.567,1.788520573736105,-0.221520573736105
1.703,1.4833473308459744,0.2196526691540257
1.667,1.950048511951213,-0.28304851195121294
1.627,2.0375220885827487,-0.41052208858274875
1.63,2.7260106025002915,-1.0960106025002916
1.677,2.736968656628911,-1.0599686566289108
1.61,2.044216582995311,-0.4342165829953111
1.841,1.7958451225789944,0.045154877421005546
1.783,1.9497904398384789,-0.16679043983847897
1.671,2.3058169547585035,-0.6348169547585034
1.567,2.260312218381063,-0.6933122183810629
1.554,1.9406315359875779,-0.3866315359875778
1.375,1.6971590396191445,-0.3221590396191445
1.536,2.092606240832681,-0.5566062408326808
1.602,1.8826943757119132,-0.28069437571191314
1.521,2.3312235863976936,-0.8102235863976937
1.473,2.464417034750162,-0.9914170347501619
1.369,2.1270694682163023,-0.7580694682163023
1.43,1.6461473391755592,-0.21614733917555928
1.382,2.0785080572701204,-0.6965080572701206
1.555,1.7378916080465197,-0.18289160804651972
1.582,2.3799081703613343,-0.7979081703613342
1.614,2.344859785140718,-0.7308597851407177
1.626,2.2620975321349626,-0.6360975321349627
1.623,2.049761335331825,-0.42676133533182514
1.628,2.0841033014171235,-0.45610330141712363
1.648,2.3902439695298963,-0.7422439695298964
1.659,2.0465586875415536,-0.38755868754155354
1.729,2.197517738413006,-0.4685177384130057
1.751,2.46883510899355,-0.7178351089935502
1.619,2.3148737062073153,-0.6958737062073153
1.563,1.6819227074375778,-0.11892270743757782
1.75,1.8248196158990206,-0.07481961589902064
1.73,2.019992927377362,-0.2899929273773618
1.698,2.3011149833721003,-0.6031149833721003
1.613,2.3320706873147703,-0.7190706873147703
1.608,1.7780743492269415,-0.17007434922694142
1.58,1.7822878682057308,-0.20228786820573075
1.954,2.3581452304556416,-0.40414523045564166
2.181,1.8504936446496467,0.33050635535035333
2.126,2.299739641270678,-0.1737396412706782
2.173,2.2687473051515332,-0.09574730515153318
2.09,1.65600844245873,0.43399155754126983
2.156,2.280019059456196,-0.12401905945619607
2.162,2.2649115093598247,-0.10291150935982474
2.016,2.7941334751945037,-0.7781334751945037
2.084,2.5638857165761806,-0.4798857165761805
2.128,2.1249242042758265,0.0030757957241736023
2.033,2.6746295523674246,-0.6416295523674247
2.108,2.7271276248618435,-0.6191276248618434
2.42,2.6592741993334683,-0.23927419933346838
2.28,3.0569373166488463,-0.7769373166488465
2.237,2.467967254576778,-0.23096725457677802
2.195,2.3078965054668465,-0.11289650546684671
2.163,2.532170417811421,-0.369170417811421
2.217,2.6562962001701242,-0.43929620017012416
2.136,2.66555299311329,-0.5295529931132901
2.199,2.392294893451664,-0.19329489345166406
2.182,2.5235432430510527,-0.34154324305105277
2.262,2.6722173515342647,-0.41021735153426464
2.258,2.4999778616099,-0.2419778616099002
2.252,2.2431155552406814,0.008884444759318377
2.181,2.8860266207036602,-0.7050266207036602
2.196,2.4547639065752187,-0.2587639065752185
2.197,2.6931912894187002,-0.49619128941870017
2.091,2.0591082399619594,0.03189176003804084
2.203,2.599497803245902,-0.39649780324590234
2.183,2.8852877215784782,-0.7022877215784784
2.16,2.443498022240234,-0.2834980222402339
2.2,2.6896547810680476,-0.4896547810680474
2.174,2.4997162511485023,-0.32571625114850233
2.189,2.5994766188879277,-0.41047661888792764
2.209,2.3272444402122043,-0.11824444021220426
2.213,2.5012123730004614,-0.2882123730004613
2.158,2.300446591223944,-0.1424465912239441
2.263,2.5965076700335246,-0.33350767003352466
2.132,2.1604986738087213,-0.028498673808721176
3.124,2.4615228032404937,0.6624771967595064
3.147,2.5026260413398216,0.6443739586601782
3.394,2.060244377785753,1.3337556222142473
3.074,3.2881568902558307,-0.21415689025583085
3.36,2.625503863364734,0.7344961366352658
2.549,2.5897216456762386,-0.040721645676238705
2.289,2.591101879670587,-0.302101879670587
4.813,3.642338980526141,1.170661019473859
2.241,2.551481667783724,-0.3104816677837241
2.213,2.115789469221805,0.09721053077819519
2.188,2.3197120275505245,-0.13171202755052436
2.11,2.0890716353729126,0.020928364627087248
2.146,2.270367551267385,-0.12436755126738497
2.195,2.678386861320298,-0.48338686132029807
2.005,2.4011195779354706,-0.3961195779354707
1.866,2.2172376542650265,-0.3512376542650264
2.087,1.8917446254261376,0.19525537457386255
2.192,2.8145267047000813,-0.6225267047000811
2.173,2.405783678707704,-0.23278367870770378
2.138,2.4199071761526403,-0.2819071761526404
3.156,1.9029652687747722,1.253034731225228
2.191,2.52272639445124,-0.3317263944512403
1.92,1.6287852629997595,0.2912147370002405
1.344,0.9869886710241134,0.3570113289758867
1.432,2.46603678695526,-1.03403678695526
1.519,1.6888068910634408,-0.16980689106344093
1.497,2.454953371884926,-0.957953371884926
1.503,2.2377599256667717,-0.7347599256667718
1.491,1.7338246182671775,-0.24282461826717738
1.582,1.8885434671579668,-0.30654346715796676
1.592,1.890651508615421,-0.2986515086154209
4.903,3.619842038312775,1.2831579616872246
4.442,3.327314502498463,1.114685497501537
4.063,2.8230060890730493,1.2399939109269504
2.777,2.71961642433432,0.0573835756656802
2.905,2.421006799734844,0.4839932002651559
3.218,2.8128901531741635,0.4051098468258365
3.717,2.4655713403403876,1.2514286596596125
4.255,2.099080685842031,2.155919314157969
4.186,2.3620177588043134,1.8239822411956865
2.522,3.1144722887407545,-0.5924722887407547
2.682,2.5373402032131827,0.14465979678681729
2.684,2.518288443197605,0.16571155680239524
2.54,2.3471211956411215,0.1928788043588785
2.075,2.580164226829411,-0.505164226829411
3.471,2.208406930692501,1.2625930693074991
2.9,2.1833541019985545,0.7166458980014454
2.722,2.4846848000880435,0.2373151999119565
1.989,2.969099389527668,-0.9800993895276677
1.563,2.453043786273544,-0.8900437862735442
1.985,2.502716933284529,-0.5177169332845291
1.94,2.812026855498874,-0.8720268554988739
2.048,1.7909885486332884,0.25701145136671166
1.813,1.9023693819228689,-0.08936938192286892
2.069,2.1750403409168366,-0.10604034091683667
2.121,2.682951409938948,-0.5619514099389482
2.099,2.990727266949316,-0.8917272669493159
1.393,1.909562357688626,-0.516562357688626
1.622,2.169409476276038,-0.547409476276038
1.607,2.0764353108133093,-0.46943531081330936
1.468,2.1952782470403474,-0.7272782470403474
1.463,2.2985217067939994,-0.8355217067939993
1.657,2.8618588194030683,-1.2048588194030683
1.625,2.5653047840735352,-0.9403047840735352
1.381,1.38460741870093,-0.003607418700930065
1.597,2.3022432619125714,-0.7052432619125715
1.579,2.4253931364404258,-0.8463931364404258
1.478,2.2246384628880302,-0.7466384628880303
1.569,2.3674582912630946,-0.7984582912630946
1.39,1.9731434549790334,-0.5831434549790335
1.508,2.1456921456397464,-0.6376921456397464
1.571,2.4075838675739765,-0.8365838675739765
1.651,2.3826271642991657,-0.7316271642991656
1.375,1.5716033297895762,-0.19660332978957618
1.418,1.8724012019030318,-0.4544012019030319
1.453,1.7125351504444009,-0.2595351504444008
1.431,2.5415697041456795,-1.1105697041456795
1.604,1.7011523749782462,-0.09715237497824614
1.375,1.5781731026380024,-0.20317310263800237
1.852,2.1233517595003026,-0.27135175950030255
1.904,2.090855534454534,-0.18685553445453396
1.927,2.1415869893654502,-0.21458698936545018
1.949,2.1416010351869703,-0.19260103518697025
1.906,2.125960612883148,-0.21996061288314794
1.975,1.8720142372549406,0.10298576274505944
2.102,2.4472038015445707,-0.34520380154457087
2.008,2.53973798013513,-0.5317379801351301
1.327,1.714652491979547,-0.387652491979547
1.418,1.782730271563651,-0.3647302715636511
1.28,1.5317744767693355,-0.2517744767693355
1.426,1.6384053569500958,-0.21240535695009588
1.306,1.6327353627793135,-0.3267353627793135
1.176,1.4791073664341057,-0.30310736643410574
1.0,1.4790092478213528,-0.4790092478213528
2.167,2.236994994070202,-0.06999499407020204
1.542,1.5299948932318483,0.012005106768151697
1.75,2.6872662580450637,-0.9372662580450637
1.991,1.9849328100559709,0.0060671899440292165
1.875,2.1427215018781096,-0.2677215018781096
1.481,1.864630754147738,-0.38363075414773795
2.259,2.779132244374574,-0.5201322443745742
2.228,2.770677327676152,-0.5426773276761518
2.26,2.397886552605672,-0.13788655260567229
2.245,2.01930908666462,0.22569091333537994
2.322,2.9849942373618736,-0.6629942373618736
2.286,2.442721778342406,-0.15672177834240575
2.276,3.022122255311784,-0.7461222553117843
2.225,2.6167410572822427,-0.3917410572822426
2.253,2.6556358924184087,-0.4026358924184086
2.219,2.221182960079711,-0.0021829600797111937
2.182,2.5983297235723715,-0.4163297235723715
2.231,2.372355012766627,-0.1413550127666272
2.252,2.619968697446473,-0.3679686974464733
2.273,3.018019397230112,-0.745019397230112
2.257,2.591932230024103,-0.33493223002410266
2.444,2.8174302247318073,-0.3734302247318073
2.344,2.812051124609491,-0.46805112460949116
4.025,3.5316085605573524,0.49339143944264796
2.398,2.7691960992223614,-0.3711960992223613
2.544,3.614017613006777,-1.070017613006777
2.453,2.0719919920028365,0.3810080079971634
2.46,2.7415933164571884,-0.28159331645718844
2.356,2.198199187189413,0.15780081281058678
2.328,2.379109381827491,-0.05110938182749125
2.548,2.771975293549512,-0.22397529354951207
2.182,2.478292061046809,-0.29629206104680916
2.246,2.521522446900071,-0.2755224469000712
2.285,2.3751345208938606,-0.09013452089386043
2.314,2.6762537791828986,-0.3622537791828986
2.239,2.456293355531713,-0.21729335553171314
2.254,2.8177734288997223,-0.5637734288997223
2.237,2.1168532840514716,0.12014671594852855
2.419,2.8543471699554352,-0.4353471699554352
2.271,2.560845876282603,-0.28984587628260305
2.336,2.4119049865715465,-0.07590498657154665
2.26,2.461763592939729,-0.201763592939729
2.23,2.458137872561562,-0.22813787256156193
2.198,2.0574660719097673,0.14053392809023268
2.492,2.6761407259466576,-0.18414072594665765
2.507,2.543430386649516,-0.0364303866495157
2.563,1.8458328610837524,0.7171671389162477
2.514,2.8029425522499225,-0.2889425522499227
2.35,2.4097169047460065,-0.05971690474600644
2.449,2.9512414775246216,-0.5022414775246218
2.57,2.9977616058074696,-0.4277616058074698
2.433,2.725553089134233,-0.29255308913423317
2.539,2.482975055872337,0.05602494412766301
2.448,2.526207645445819,-0.07820764544581893
2.316,2.8705386445733145,-0.5545386445733147
2.579,3.1803470733514407,-0.6013470733514406
2.396,2.9079266335997516,-0.5119266335997517
2.408,2.731681205762886,-0.32368120576288595
2.473,2.9640785371447183,-0.4910785371447184
2.518,2.9565581420798512,-0.43855814207985144
2.872,2.9335480326784893,-0.061548032678489406
2.494,2.766081640251347,-0.2720816402513466
5.00001,3.6568597124028814,1.3431502875971182
5.00001,2.469792134264053,2.5302178657359464
5.00001,2.2783139386872593,2.7216960613127403
4.806,2.8249537192063436,1.9810462807936564
2.324,2.5483071939843405,-0.22430719398434062
2.407,2.386523074600661,0.020476925399338874
2.362,2.7689120661353543,-0.40691206613535424
2.348,2.5667811590203464,-0.21878115902034656
2.125,2.620925740160942,-0.49592574016094204
2.429,2.2404531295922903,0.18854687040770957
2.039,2.1728584864486233,-0.1338584864486232
1.963,2.1317917150453902,-0.16879171504539014
2.094,2.155927775074631,-0.061927775074630986
2.154,2.181711963943425,-0.027711963943425122
2.179,2.108901681026954,0.07009831897304597
1.859,1.993127864224521,-0.13412786422452094
1.813,1.4962871841725733,0.3167128158274266
1.391,1.4829857785057556,-0.09198577850575562
1.527,1.6023362426489243,-0.07533624264892436
1.537,1.7567173283141737,-0.2197173283141738
1.64,1.9266170955439463,-0.28661709554394643
1.397,1.7873647891332867,-0.39036478913328665
1.159,1.610586598189582,-0.4515865981895819
1.297,1.4535335996412402,-0.15653359964124025
1.3,1.6412495037492751,-0.3412495037492751
1.183,1.554026576757265,-0.3710265767572649
1.625,1.1820817321734063,0.4429182678265937
1.563,1.7210930404617537,-0.15809304046175376
1.266,1.769114790406643,-0.5031147904066431
1.417,1.6389205055456781,-0.2219205055456781
1.375,1.9426242946228616,-0.5676242946228616
1.167,1.641103668544099,-0.4741036685440989
1.125,2.71985653754644,-1.5948565375464399
1.5,1.7308434804522357,-0.23084348045223568
1.042,1.5896968202180313,-0.5476968202180312
0.875,2.817465733282603,-1.942465733282603
2.188,1.3174529037838347,0.8705470962161654
1.875,1.3172002633754851,0.5577997366245149
1.75,1.7187433325857038,0.031256667414296224
1.688,1.7644890257644161,-0.07648902576441619
1.625,2.04754240300511,-0.42254240300511015
1.375,1.4725868349552838,-0.09758683495528375
1.313,1.5717698802143767,-0.25876988021437675
1.458,1.4195076490561114,0.03849235094388859
1.438,1.6516864181702893,-0.21368641817028933
2.0,2.1033278659932755,-0.10332786599327548
1.292,2.1632070212954613,-0.8712070212954612
1.063,1.9832757438497175,-0.9202757438497176
1.625,1.736182879233089,-0.1111828792330889
1.625,2.707934103644038,-1.082934103644038
2.0,1.7304103050516892,0.26958969494831075
1.55,1.5654047571843215,-0.015404757184321438
1.125,1.4094196886526094,-0.28441968865260936
1.375,1.4826191283392292,-0.10761912833922915
1.5,1.395699723414662,0.10430027658533803
1.525,1.2707910509758857,0.2542089490241142
1.0,1.583667757657234,-0.583667757657234
1.625,1.6916848192920058,-0.06668481929200576
1.625,1.4508153388106857,0.1741846611893143
1.625,1.8057894072736405,-0.18078940727364046
1.625,1.6989559305290007,-0.07395593052900074
1.75,1.801169292542057,-0.05116929254205704
1.402,1.5718461626223532,-0.1698461626223533
1.862,1.5908407392409978,0.2711592607590023
1.462,1.5823887222267348,-0.1203887222267348
1.475,1.7332767593706433,-0.2582767593706432
1.813,1.7855856015629776,0.027414398437022314
1.911,2.098958223260546,-0.18795822326054612
1.656,1.8791181167955875,-0.22311811679558757
1.804,1.783971915392998,0.020028084607002006
1.547,1.605786282086998,-0.05878628208699799
1.375,1.342149910263538,0.032850089736462085
1.594,1.9205566219652115,-0.3265566219652114
2.417,1.958333900843846,0.45866609915615375
3.1,2.5807244387825214,0.5192755612174786
2.188,2.2683032840283253,-0.0803032840283251
2.2,2.2774925641138055,-0.07749256411380534
3.25,1.836169872600808,1.413830127399192
1.938,1.9969808201397883,-0.05898082013978834
1.75,1.821892036808101,-0.07189203680810108
3.821,2.479285293527239,1.3417147064727613
5.00001,2.3516683436366455,2.648341656363354
3.063,2.378234676159241,0.6847653238407592
2.663,1.9535573529583985,0.7094426470416013
2.722,1.9027832121739006,0.8192167878260994
3.041,2.0005703656964826,1.0404296343035173
2.325,1.9283127348813838,0.3966872651186164
2.25,2.0416339271437067,0.20836607285629327
1.633,1.5231157835739748,0.1098842164260252
2.225,1.7916672228531918,0.4333327771468083
2.229,2.2766568416851234,-0.0476568416851233
1.797,1.5422396537845202,0.2547603462154797
2.078,1.9900511948877369,0.087948805112263
1.986,2.0783902130075464,-0.09239021300754646
2.5,2.3509712423280975,0.1490287576719025
2.333,2.2641705159281944,0.06882948407180578
4.345,3.856908753432294,0.48809124656770564
3.074,2.2752523471200274,0.7987476528799724
3.429,2.499220701198228,0.9297792988017717
3.939,2.661727105009155,1.277272894990845
3.398,2.7544392349602695,0.6435607650397306
2.711,2.2041151712230054,0.5068848287769945
4.325,2.3724970741180638,1.9525029258819364
5.0,2.289127096378344,2.710872903621656
5.00001,2.330995653020882,2.6690143469791177
3.618,2.3019082526528627,1.3160917473471372
3.81,2.820893522084812,0.9891064779151879
4.393,2.7538159972677034,1.6391840027322964
4.0,2.6560984245690333,1.3439015754309667
3.78,2.7669889729486536,1.0130110270513462
3.981,2.407872070241387,1.5731279297586127
4.083,2.3852818564120177,1.6977181435879825
5.0,3.2604055955961333,1.7395944044038667
4.188,2.757689105275044,1.4303108947249559
3.638,2.871016172036562,0.766983827963438
4.069,2.521094652842644,1.5479053471573558
4.615,2.361083883988452,2.253916116011548
5.00001,3.8283706467440313,1.1716393532559684
5.00001,3.6764482337697597,1.32356176623024
5.00001,2.5124181689307457,2.487591831069254
5.00001,2.9431634034054888,2.056846596594511
2.674,2.871883718926071,-0.19788371892607115
3.673,2.6462267820093164,1.0267732179906837
4.635,3.1081723531662147,1.5268276468337851
5.00001,4.651094750461381,0.34891524953861897
3.952,2.755227172010283,1.196772827989717
3.607,2.959627325476508,0.647372674523492
4.5,2.076799816820824,2.423200183179176
4.147,2.438502133410276,1.7084978665897244
3.0,2.740265271931062,0.25973472806893794
4.5,2.4954755450767365,2.0045244549232635
2.875,2.2084552307035947,0.6665447692964053
1.0,1.3620265940239542,-0.3620265940239542
0.996,1.3353335332617338,-0.33933353326173377
1.098,1.579926552906974,-0.48192655290697384
1.008,1.3323884692281303,-0.32438846922813025
0.969,1.5914065001829485,-0.6224065001829485
0.94,1.4119463669705112,-0.4719463669705113
1.086,1.442216177041622,-0.3562161770416219
1.149,1.8165760029197893,-0.6675760029197892
0.993,1.628962160303015,-0.6359621603030151
1.238,1.452444225005677,-0.21444422500567706
1.112,1.4486398501279762,-0.33663985012797615
0.992,1.2776412347844879,-0.2856412347844879
1.243,1.3902748401520615,-0.14727484015206138
1.28,2.0240468067679167,-0.7440468067679167
1.279,2.4566963339164056,-1.1776963339164057
1.267,2.2765371409623323,-1.0095371409623324
1.75,1.710086828540875,0.039913171459124985
1.458,2.000278994462616,-0.5422789944626161
1.538,2.2256466778038138,-0.6876466778038137
1.42,3.0083055344140965,-1.5883055344140966
1.503,2.6905317777703175,-1.1875317777703176
1.688,2.5480332084764417,-0.8600332084764417
1.721,2.4590102595685397,-0.7380102595685396
1.484,2.5374406600865393,-1.0534406600865394
1.56,3.155447195615822,-1.5954471956158218
1.599,2.4830571905680485,-0.8840571905680485
1.862,1.9908723237553472,-0.12887232375534707
1.838,2.512801947478391,-0.6748019474783908
1.89,2.2488090588426712,-0.35880905884267134
1.92,2.3353761294700766,-0.4153761294700766
1.375,1.6035557638812736,-0.22855576388127363
1.91,3.0144237759855743,-1.1044237759855744
1.835,2.008813339120028,-0.17381333912002805
1.898,2.3175721108908087,-0.4195721108908088
1.756,2.580845866975439,-0.824845866975439
1.698,2.7991902813644884,-1.1011902813644885
1.941,3.0880809062684142,-1.1470809062684142
1.649,1.9012355160921133,-0.25223551609211325
1.713,2.3588945443980567,-0.6458945443980566
1.665,2.229150402561718,-0.5641504025617179
1.571,2.5380316967964665,-0.9670316967964665
1.882,2.9654397720703387,-1.0834397720703388
1.892,1.718044943408635,0.173955056591365
1.982,1.66884247947387,0.3131575205261299
1.435,1.6950627193487202,-0.26006271934872016
1.594,1.705675902951452,-0.11167590295145202
1.281,2.059248168424959,-0.7782481684249591
1.434,1.8758539425437892,-0.4418539425437893
1.528,2.0562541437333866,-0.5282541437333865
1.708,2.3573588578466267,-0.6493588578466267
1.377,1.8828500752858761,-0.5058500752858761
1.378,2.107694868078207,-0.7296948680782072
1.366,2.3740676085455856,-1.0080676085455855
3.238,2.238380607798156,0.9996193922018439
1.575,1.2129714277596637,0.36202857224033624
1.643,1.998461816386022,-0.3554618163860219
1.477,1.8795015864618696,-0.4025015864618695
1.438,1.6832574571714591,-0.2452574571714592
1.375,2.0607241063627915,-0.6857241063627915
1.598,2.045351121779236,-0.4473511217792361
1.64,2.405279754420952,-0.7652797544209522
1.708,2.4410393434832174,-0.7330393434832174
1.469,1.851761410571611,-0.38276141057161084
1.7,1.9367998299603413,-0.23679982996034132
1.513,1.8323187175152893,-0.3193187175152894
1.772,1.9117947280966907,-0.1397947280966907
2.594,2.591453260135018,0.002546739864981884
2.463,2.9078100552961295,-0.4448100552961294
2.188,2.302177368146552,-0.11417736814655166
1.798,1.9544485418505153,-0.15644854185051527
1.958,2.2374560745056353,-0.27945607450563537
1.531,1.8697340829087006,-0.33873408290870066
1.609,1.9224688210993008,-0.31346882109930085
1.425,1.796107705430444,-0.3711077054304439
1.292,1.9357032802337617,-0.6437032802337617
1.773,2.3404520624970884,-0.5674520624970885
1.75,2.539819815474769,-0.7898198154747691
2.625,1.8236218791856347,0.8013781208143653
1.639,2.6141588939999427,-0.9751588939999427
1.775,2.0387022883696426,-0.2637022883696427
1.817,1.9657031856260725,-0.14870318562607254
1.74,2.599410121535331,-0.8594101215353309
1.568,2.286397907077052,-0.7183979070770521
1.485,1.8563083037321464,-0.3713083037321463
1.494,1.8295956247103984,-0.3355956247103984
1.7,1.9238762175414204,-0.2238762175414204
1.565,2.004692955862364,-0.4396929558623639
1.523,2.2912684716317524,-0.7682684716317525
1.539,1.809472047632148,-0.27047204763214805
1.469,1.4681664007954747,0.0008335992045254148
1.625,1.6607527976906542,-0.0357527976906542
1.706,1.7633753210103955,-0.05737532101039555
1.491,2.0293441872314353,-0.5383441872314352
1.422,1.9766494447028389,-0.554649444702839
1.504,1.8547113676093803,-0.35071136760938026
1.446,2.2652894350057506,-0.8192894350057507
1.475,1.7887429729237156,-0.31374297292371556
1.607,1.9667322592988792,-0.3597322592988792
1.523,2.133120649340631,-0.610120649340631
1.437,1.974794729584295,-0.5377947295842949
1.557,1.789005211071852,-0.232005211071852
1.677,2.088005369349307,-0.411005369349307
1.919,1.9983871724035958,-0.07938717240359572
1.928,2.2532905996529915,-0.32529059965299156
2.233,1.6323890333827749,0.6006109666172252
2.045,2.089291315019474,-0.04429131501947392
1.996,2.0934498121340885,-0.09744981213408854
2.397,1.9276087192959737,0.46939128070402614
2.0,2.338844418811468,-0.3388444188114681
2.293,1.9265204646362664,0.3664795353637338
2.268,2.4727570114407946,-0.20475701144079483
2.338,1.8431237191254997,0.4948762808745004
2.125,1.8812163650939944,0.24378363490600563
2.458,1.6417468361442182,0.816253163855782
2.183,2.6496176718135898,-0.46661767181358993
2.389,2.757636518569994,-0.368636518569994
2.427,3.0918225510852397,-0.6648225510852397
2.456,2.7656602739055276,-0.30966027390552764
2.463,2.6204310759810805,-0.15743107598108042
2.469,2.6604350105186003,-0.19143501051860046
2.025,2.086823084461528,-0.061823084461527955
2.225,2.379168769897697,-0.154168769897697
2.256,2.622723627469197,-0.3667236274691974
2.3,2.7673792740693304,-0.46737927406933055
2.319,2.9485055769886284,-0.6295055769886284
2.278,2.46534689300814,-0.18734689300814011
3.037,2.981440531042015,0.055559468957985025
2.948,2.9777164682709776,-0.029716468270977625
2.563,2.2646016134990075,0.2983983865009927
2.896,3.1201724689984616,-0.22417246899846166
2.313,1.8790798995655105,0.4339201004344897
2.65,2.2560014600953995,0.39399853990460043
2.414,2.4450139280495176,-0.031013928049517414
2.645,2.319555088823915,0.3254449111760849
2.728,1.9451127492746878,0.7828872507253124
2.37,2.0157403341669466,0.35425966583305346
2.697,2.516961846192935,0.180038153807065
2.44,2.737043830498171,-0.29704383049817107
2.354,2.3398983871301464,0.014101612869853675
2.431,2.5128850624786883,-0.08188506247868821
2.3,2.3526412023266663,-0.05264120232666647
2.304,2.188056151852465,0.115943848147535
1.854,2.139869014016793,-0.285869014016793
1.818,2.210777339320234,-0.39277733932023384
2.021,2.0258686771970678,-0.00486867719706785
1.833,2.3306710605583616,-0.49767106055836163
1.857,1.7510225252959835,0.10597747470401653
1.938,1.9773028593325606,-0.039302859332560613
1.923,1.8073901797272705,0.11560982027272959
1.927,1.6273248446524415,0.2996751553475585
1.779,2.3544025295360407,-0.5754025295360408
1.811,2.410013832529413,-0.5990138325294132
1.805,2.519173740595879,-0.7141737405958792
1.813,2.45536255344479,-0.6423625534447901
1.845,2.1451486309019985,-0.3001486309019985
1.813,2.6356053233119487,-0.8226053233119488
1.805,3.0573067279440047,-1.2523067279440048
1.88,2.246472751326812,-0.36647275132681223
1.464,2.6905130383554883,-1.2265130383554883
1.58,2.703482416768417,-1.1234824167684168
1.578,2.6874365129804425,-1.1094365129804424
1.528,2.621581743338644,-1.0935817433386439
1.372,1.5656140750566685,-0.1936140750566684
1.452,2.1938027362770907,-0.7418027362770907
1.555,2.825993187757979,-1.270993187757979
1.547,1.858141233613323,-0.311141233613323
1.694,2.127181316287796,-0.4331813162877962
1.551,2.014878660208992,-0.46387866020899193
1.726,1.9097378577243649,-0.1837378577243649
1.713,1.818755609382631,-0.10575560938263084
1.775,1.7299074864174098,0.045092513582590144
1.594,1.5517321697303754,0.04226783026962466
2.088,2.237777026348458,-0.1497770263484579
2.241,2.1151956489035717,0.1258043510964284
1.736,1.835644981195752,-0.09964498119575205
1.814,2.056157307157167,-0.242157307157167
2.078,2.1017917143827547,-0.023791714382754847
2.181,2.1918466621134605,-0.010846662113460415
1.984,2.3374887363876313,-0.35348873638763134
2.089,1.933699728199744,0.15530027180025607
2.182,2.5208555258699414,-0.3388555258699415
2.186,2.0751477295153773,0.11085227048462265
2.37,2.0366725566980355,0.3333274433019646
2.147,2.0000134805666225,0.14698651943337726
2.349,2.749665267668818,-0.4006652676688178
2.536,2.4027559968342733,0.1332440031657267
2.477,2.3569584731442514,0.12004152685574843
1.953,2.0963737547847723,-0.1433737547847722
2.421,1.9382281644919273,0.48277183550807257
2.423,2.3289587898783997,0.09404121012160038
2.38,2.2044772857668447,0.17552271423315524
2.375,1.7137256986347653,0.6612743013652347
1.947,2.185432454489951,-0.23843245448995098
2.206,2.332391514789954,-0.12639151478995414
2.315,2.4147417555185555,-0.09974175551855557
2.121,2.384622820646527,-0.263622820646527
2.103,2.5028178804846473,-0.39981788048464706
2.164,2.0477599345394664,0.11624006546053378
2.101,2.655669129680354,-0.5546691296803541
2.206,2.942117037211501,-0.7361170372115011
2.42,2.6155415660997665,-0.19554156609976658
1.639,1.8222892414450698,-0.18328924144506975
2.246,2.701695702868071,-0.4556957028680708
2.273,3.0208670582982258,-0.7478670582982256
2.427,2.6618895444931527,-0.2348895444931527
2.366,2.4351463958574535,-0.06914639585745341
2.269,2.468606413455287,-0.19960641345528707
2.308,2.9182928147691,-0.6102928147691
2.459,3.213708476134001,-0.754708476134001
2.445,2.9200218520997354,-0.4750218520997356
2.079,1.8609306230115026,0.2180693769884976
2.25,2.1862461332585927,0.06375386674140726
2.324,2.765734589145717,-0.44173458914571695
2.29,2.2571090119513793,0.032890988048620784
2.339,2.4899581308111505,-0.1509581308111505
2.05,2.114035737450008,-0.06403573745000823
2.203,2.143895491858574,0.05910450814142587
2.4,2.6011397426733334,-0.20113974267333345
2.28,2.2284056156161567,0.05159438438384312
2.276,2.9896857410051916,-0.7136857410051918
2.14,2.405458566746431,-0.26545856674643087
2.15,2.021504560477185,0.12849543952281506
2.368,2.5243754519841124,-0.1563754519841125
2.608,1.8315713956258737,0.7764286043741264
2.674,2.0754277667803667,0.5985722332196333
2.75,1.8626913224865873,0.8873086775134127
2.307,2.316509005755689,-0.009509005755689248
2.327,1.9957938489478062,0.33120615105219375
2.382,2.5831559868338987,-0.20115598683389857
2.333,2.2448802239369385,0.08811977606306165
2.258,2.6906871881055703,-0.4326871881055703
2.339,2.126442122542109,0.21255787745789112
2.375,2.1079137581264775,0.2670862418735225
2.55,1.8385120819897385,0.7114879180102613
2.705,2.3229883441058456,0.3820116558941544
2.472,3.0660337149602754,-0.5940337149602755
3.458,3.102329983251283,0.355670016748717
3.638,2.7006195516671085,0.9373804483328914
3.761,2.7055871447482236,1.0554128552517765
3.639,2.8413341126538283,0.7976658873461715
3.58,2.5609120455665417,1.0190879544334583
3.375,2.6367633204717267,0.7382366795282733
3.397,2.446442724480783,0.9505572755192166
3.58,2.9356567912151172,0.6443432087848828
2.75,2.3753004754433182,0.37469952455668176
3.613,2.3324441208362168,1.2805558791637832
3.46,2.826823512251809,0.6331764877481909
3.414,2.837430400347247,0.5765695996527533
3.822,2.6176646093285982,1.2043353906714018
5.00001,3.1992812462046976,1.800728753795302
5.00001,3.083433214956701,1.9165767850432984
4.922,3.7085578686259693,1.2134421313740305
5.00001,3.989294818305381,1.0107151816946187
4.721,4.31077507415052,0.4102249258494801
5.00001,3.873671640400703,1.1263383595992966
5.00001,3.6578084350317717,1.342201564968228
5.00001,3.044810745900975,1.9551992540990248
5.00001,3.4237594613814704,1.5762505386185293
5.00001,3.831192649497708,1.1688173505022914
5.00001,4.722061134158514,0.2779488658414859
5.00001,3.4766064700936523,1.5234035299063473
5.00001,3.471191379676883,1.5288186203231167
5.00001,2.9190686508013686,2.080941349198631
4.771,4.002669575597218,0.768330424402782
4.815,3.5143928837842324,1.300607116215768
5.00001,3.9885567831003947,1.0114532168996049
5.00001,4.031836422069576,0.9681735779304237
5.00001,3.8569666070352344,1.1430433929647652
3.793,3.477654553450572,0.3153454465494283
4.604,3.3270723753740556,1.2769276246259444
4.227,3.821150060282091,0.40584993971790917
4.381,3.7495712784205795,0.6314287215794208
3.292,2.751707202278684,0.5402927977213157
3.362,2.574925161383842,0.7870748386161579
3.24,2.613114218617884,0.626885781382116
3.426,2.8663483513394588,0.5596516486605414
3.594,2.9114332804555936,0.6825667195444063
3.568,2.982689083880621,0.5853109161193792
3.359,3.0839811734911784,0.2750188265088216
2.958,2.72050023892613,0.23749976107387027
2.93,2.7249677839150857,0.2050322160849145
3.042,3.1194985387463694,-0.07749853874636958
3.342,2.53915315328186,0.8028468467181402
3.169,2.6618480574857593,0.5071519425142408
3.455,3.011563848820977,0.44343615117902324
3.407,2.5215577226383963,0.8854422773616037
2.819,2.3629654213808533,0.45603457861914665
2.9,2.131273334317632,0.7687266656823679
3.386,2.66441930894139,0.7215806910586102
2.94,2.0851684041223923,0.8548315958776076
2.974,3.0797321672690883,-0.10573216726908807
2.959,2.8187452309129615,0.1402547690870386
3.059,3.0210726648074226,0.037927335192577516
3.24,2.438619118808221,0.8013808811917791
3.599,3.345418730050772,0.25358126994922836
2.929,2.811431458248351,0.11756854175164877
3.219,3.005077745093793,0.21392225490620698
3.379,3.017592544121695,0.36140745587830514
3.404,3.7188414991834535,-0.3148414991834536
3.655,3.160348069260158,0.4946519307398418
3.527,3.458025400709195,0.0689745992908053
3.338,3.2421754702475183,0.09582452975248179
3.293,3.7384923563239205,-0.44549235632392037
3.376,3.6085359351438977,-0.2325359351438978
4.561,2.7809917054702273,1.7800082945297726
4.537,2.7609896360842336,1.7760103639157663
4.743,3.826400959237244,0.9165990407627564
4.727,3.2604719347576436,1.4665280652423567
4.955,3.1540417991720915,1.8009582008279086
5.00001,4.074569071333642,0.9254409286663572
4.7,3.2008785981878796,1.4991214018121206
4.421,2.6634351637712035,1.7575648362287968
5.00001,3.70067117829811,1.2993388217018897
5.00001,4.489907351202038,0.5101026487979619
5.00001,3.8351116240146874,1.1648983759853122
5.00001,3.4221275079371836,1.577882492062816
5.00001,4.092682470929098,0.9073275290709013
5.00001,4.154865789725335,0.8451442102746647
5.00001,3.1830366222895763,1.8169733777104233
5.00001,3.794619895277709,1.2053901047222908
5.00001,3.7263171960194645,1.273692803980535
4.345,2.894086337700964,1.450913662299036
3.946,3.2475389303472966,0.6984610696527036
5.00001,3.887467114880675,1.1125428851193244
4.727,3.51499109981627,1.2120089001837302
4.795,3.567460977405937,1.2275390225940628
5.00001,2.9181802328171416,2.081829767182858
5.00001,3.6136846416412847,1.386325358358715
4.698,3.002218085265201,1.6957819147347992
5.00001,3.1923821821629907,1.8076278178370089
3.924,3.099795434614118,0.824204565385882
3.684,3.2972656746612694,0.38673432533873076
4.007,2.7973242825086873,1.2096757174913124
3.808,2.912842692325988,0.8951573076740118
4.3,3.197616825237666,1.1023831747623336
5.00001,2.9494872624467234,2.050522737553276
4.35,3.1628188263839006,1.187181173616099
3.781,2.7766943196714635,1.0043056803285366
3.846,3.08387252259808,0.7621274774019202
3.662,3.056482668957321,0.6055173310426789
3.364,2.663180688726637,0.7008193112733627
3.49,2.5029352252048804,0.9870647747951198
3.798,2.964104836437622,0.8338951635623779
3.848,2.51672999886493,1.3312700011350698
4.327,2.935682985796442,1.3913170142035578
3.553,3.2154865127523395,0.3375134872476604
3.486,2.8223936490590926,0.6636063509409076
4.202,2.927973515388622,1.2740264846113778
5.00001,3.240771434532343,1.7592385654676566
5.00001,2.792345242041914,2.2076647579580855
5.00001,2.885523762445725,2.114486237554275
3.812,2.6729157980532303,1.1390842019467695
4.392,2.9424470586721854,1.449552941327815
4.167,3.278555237859472,0.8884447621405278
4.272,2.6836285811395237,1.5883714188604765
2.607,1.7358444018627974,0.8711555981372028
2.719,2.8921667446488324,-0.17316674464883253
2.821,2.4659747571241453,0.3550252428758549
2.803,3.0066825824011456,-0.20368258240114567
2.69,3.413231314852288,-0.723231314852288
2.7,2.047941041983675,0.6520589580163252
2.833,2.194706786582685,0.6382932134173154
2.656,2.3784891371690815,0.27751086283091864
2.666,2.3178952491807547,0.3481047508192452
2.984,2.3547400022329064,0.6292599977670936
2.963,2.6533275567624557,0.3096724432375444
3.252,3.3453103007190195,-0.09331030071901969
2.917,2.620128779497528,0.2968712205024717
2.838,2.9832365584541654,-0.14523655845416528
2.559,2.6618437778786648,-0.10284377787866461
2.671,2.447417093902321,0.2235829060976786
2.781,3.3766444717161956,-0.5956444717161955
2.523,3.3777754406771288,-0.8547754406771286
2.554,3.2771091486938397,-0.7231091486938399
2.596,3.405792145101984,-0.809792145101984
2.486,2.432689684845079,0.05331031515492102
2.794,2.8157712060562163,-0.021771206056216297
2.859,2.959597129461956,-0.10059712946195587
2.865,2.8964348674477645,-0.03143486744776425
2.613,2.6590535365606938,-0.046053536560693775
2.796,2.959111695290858,-0.163111695290858
2.57,2.2628531077721274,0.3071468922278724
2.815,2.371531487184633,0.4434685128153668
2.713,2.5392700297059734,0.1737299702940267
3.097,3.2686456324152795,-0.17164563241527953
3.141,2.9270808224225355,0.21391917757746448
3.319,2.8393918482871676,0.47960815171283233
3.585,2.959567528039252,0.6254324719607478
3.509,3.2189855395695988,0.29001446043040113
3.307,3.0962364966481344,0.21076350335186556
3.542,2.70215862046148,0.83984137953852
3.482,2.9964607157479395,0.4855392842520607
3.344,2.6827811259866077,0.6612188740133922
3.326,2.898568190059418,0.42743180994058205
3.412,3.2274531607874177,0.1845468392125822
3.493,3.268488826164348,0.22451117383565178
3.953,3.0125881243788446,0.9404118756211552
3.547,2.217143497757731,1.329856502242269
3.613,2.323067641003951,1.2899323589960492
4.1,3.256220286665751,0.8437797133342486
3.79,2.8957825876539336,0.8942174123460664
3.42,3.2640470276998776,0.15595297230012228
3.536,2.879421792125482,0.6565782078745181
3.43,3.103738356977298,0.32626164302270233
3.428,2.761663205943686,0.6663367940563139
3.434,3.185955668089444,0.24804433191055608
3.502,3.0152374985090056,0.4867625014909942
3.534,2.640231094038408,0.8937689059615916
3.39,3.526964599894987,-0.13696459989498688
2.864,2.7724948872358213,0.09150511276417861
2.348,2.334221413652427,0.013778586347573007
2.707,2.5135118988075225,0.1934881011924774
3.189,2.5107660297683037,0.6782339702316964
3.761,1.6004765672950119,2.1605234327049883
2.25,2.4263656994250007,-0.1763656994250007
2.73,2.1685805642718163,0.5614194357281836
2.799,2.233916100862022,0.5650838991379779
3.1,2.7877568747388075,0.3122431252611926
3.237,2.465780720643241,0.7712192793567589
3.617,2.874211832969853,0.742788167030147
3.626,2.3035988916551022,1.3224011083448977
3.36,2.482551248879693,0.8774487511203071
3.821,2.4795605433103565,1.3414394566896437
3.795,3.484228722522081,0.3107712774779188
3.462,2.725277698316397,0.7367223016836033
3.57,2.5699475707933033,1.0000524292066966
4.178,3.3266721143615805,0.8513278856384194
4.468,2.7863426583123,1.6816573416876999
3.289,2.430683171953468,0.8583168280465321
3.39,3.312260227242411,0.07773977275758925
3.878,3.1304333382235043,0.7475666617764958
3.527,3.252261752872091,0.27473824712790895
3.669,3.28558949618395,0.38341050381605024
3.395,3.111392885563678,0.28360711443632214
3.608,2.166226060039822,1.441773939960178
3.3,3.3908677800291604,-0.09086778002916063
3.788,2.6147130939498098,1.17328690605019
3.599,2.813877869099459,0.7851221309005414
4.583,2.8151590348579747,1.7678409651420255
4.836,3.4136618462741186,1.4223381537258817
4.103,4.111417083545539,-0.00841708354553905
5.00001,2.9890106757094337,2.010999324290566
5.00001,3.2804155611631707,1.719594438836829
3.568,2.781160850354869,0.786839149645131
4.822,3.489325352721428,1.332674647278572
5.00001,3.5864347330746957,1.4135752669253039
4.885,3.2198282205346263,1.6651717794653735
5.00001,3.066076013491745,1.9339339865082548
4.875,2.214648218000639,2.660351781999361
5.00001,5.08786919314019,-0.08785919314018997
3.656,2.390364140865909,1.265635859134091
3.5,2.7832454475220274,0.7167545524779726
3.277,2.4944661487185233,0.7825338512814768
3.189,2.9299948567162106,0.25900514328378943
3.117,2.7915446384136366,0.32545536158636335
5.00001,3.0397853741131597,1.9602246258868399
3.089,2.229744253061063,0.859255746938937
2.858,2.424531183062892,0.43346881693710815
2.547,2.1837099367419026,0.36329006325809754
2.779,2.432657635850605,0.346342364149395
2.448,2.111747143761612,0.33625285623838774
2.799,2.40235149129684,0.39664850870315993
3.151,2.425590098631423,0.7254099013685766
2.864,2.0664740377378767,0.7975259622621231
2.5,2.240700992194737,0.25929900780526305
3.838,2.1050966178995334,1.7329033821004667
2.711,2.2357569355946096,0.4752430644053902
5.00001,3.942953911379055,1.0570560886209446
5.00001,4.05275704003602,0.9472529599639792
5.00001,4.0737090017158355,0.9263009982841641
5.00001,3.5960365012229465,1.4039734987770531
5.00001,4.857395116041653,0.14261488395834654
5.00001,4.076156620450461,0.9238533795495387
5.00001,5.552099550335854,-0.5520895503358547
5.00001,5.090651527875463,-0.09064152787546309
5.00001,5.871461748840462,-0.8714517488404621
5.00001,5.363257568186085,-0.36324756818608517
5.00001,4.678145932585471,0.3218640674145288
5.00001,4.989168825657972,0.010841174342028026
5.00001,4.045679337630959,0.9543306623690402
5.00001,4.787158724265508,0.2128512757344918
5.00001,4.573851902627496,0.4261580973725039
4.183,3.2765532869445595,0.9064467130554403
5.00001,3.8491771206619134,1.1508328793380862
5.00001,4.181148483586874,0.8188615164131257
5.00001,3.9971670314908208,1.0028429685091789
5.00001,6.8485403288740745,-1.8485303288740749
5.00001,4.748937448260451,0.2510725517395489
5.00001,3.7839384467167667,1.216071553283233
5.00001,3.856515408072547,1.1434945919274528
5.00001,4.589350298222831,0.4106597017771687
4.168,3.302482101344454,0.8655178986555461
4.147,3.305584855400188,0.8414151445998121
3.573,2.611845711101815,0.961154288898185
3.964,3.3047318610419056,0.6592681389580943
5.00001,4.7014432906053525,0.29856670939464713
5.00001,4.426739530830938,0.5732704691690618
5.00001,5.480516623703924,-0.48050662370392416
5.00001,4.711373555923673,0.28863644407632627
5.00001,3.5316142194506055,1.4683957805493941
2.0,1.8552320106071518,0.14476798939284818
2.889,1.4708866514290901,1.4181133485709096
2.667,2.034865868142272,0.6321341318577276
2.361,1.8578190467280513,0.5031809532719489
3.125,1.5137178365253638,1.6112821634746362
3.136,1.8846403583043654,1.2513596416956347
2.438,1.6425478470140398,0.7954521529859604
2.833,1.6013485668238543,1.231651433176146
3.0,1.9835255843056345,1.0164744156943655
2.0,1.893381192760493,0.1066188072395069
3.833,1.773867694702312,2.0591323052976884
3.833,2.132505209493808,1.700494790506192
3.0,2.0871705986964133,0.9128294013035867
5.00001,2.4616941624510695,2.53831583754893
2.25,2.122154172679605,0.12784582732039507
3.417,2.0012983814581538,1.415701618541846
4.0,3.054096714019428,0.945903285980572
3.125,1.8213102115821984,1.3036897884178016
4.314,2.1168297679685137,2.1971702320314863
3.353,1.9589138686830618,1.3940861313169384
4.308,2.3800623490063137,1.927937650993686
4.5,2.508354084854973,1.991645915145027
2.813,2.200396883479641,0.6126031165203591
2.729,1.8735417622993336,0.8554582377006665
3.625,2.2533319030337213,1.3716680969662787
4.25,2.578004984371559,1.671995015628441
3.75,2.018418461723759,1.7315815382762412
5.00001,6.739127893524547,-1.739117893524547
5.00001,6.69285742054118,-1.69284742054118
5.00001,6.917939726721447,-1.9179297267214475
5.00001,6.86488713735046,-1.8648771373504607
5.00001,6.699846693427447,-1.6998366934274474
5.00001,6.717043697383329,-1.7170336973833296
5.00001,6.778000091427828,-1.7779900914278288
5.00001,6.824035344085409,-1.8240253440854097
5.00001,6.91193151843923,-1.9119215184392306
5.00001,2.6917342049591744,2.3082757950408253
5.00001,2.514185097244086,2.4858249027559136
5.00001,3.1151060899700416,1.884903910029958
5.00001,2.3019189326413128,2.698091067358687
5.00001,1.9071881756669145,3.092821824333085
5.00001,2.1412024424828244,2.858807557517175
5.00001,3.4268078999772587,1.573202100022741
5.00001,4.100759421686669,0.8992505783133309
5.00001,3.972562448619069,1.0274475513809307
5.00001,2.352637978620783,2.6473720213792165
5.00001,3.022153645894227,1.9778563541057728
5.00001,2.197159005275684,2.8028509947243156
5.00001,2.487100414989526,2.5129095850104735
5.00001,2.461732185178562,2.5382778148214378
5.00001,4.290292636681212,0.7097173633187879
5.00001,3.4312693949420052,1.5687406050579944
5.00001,2.5049470714005824,2.4950629285994173
5.00001,3.1165620995236005,1.883447900476399
5.00001,2.4766044170394146,2.523405582960585
5.00001,4.58505999323182,0.41495000676817995
5.00001,6.459491519869911,-1.4594815198699118
5.00001,6.293653491615796,-1.2936434916157964
5.00001,4.037916854408408,0.9620931455915915
5.00001,7.016204626914357,-2.0161946269143574
5.00001,4.217754818531626,0.7822551814683738
5.00001,2.7874099678364535,2.212600032163546
4.351,2.49094079702275,1.8600592029772498
5.00001,5.459224833777732,-0.4592148337777324
5.00001,3.9773771493789893,1.0226328506210103
5.00001,3.969910852634144,1.0300991473658558
5.00001,3.5102800514345587,1.489729948565441
5.00001,2.3956234832415246,2.604386516758475
5.00001,2.86706634916366,2.1329436508363395
4.367,2.58519555495739,1.78180444504261
3.833,2.362631213029551,1.4703687869704494
4.833,2.197481073787408,2.635518926212592
2.917,2.0013750618953234,0.9156249381046764
3.5,2.174235640259262,1.325764359740738
5.00001,2.1108340921795317,2.889175907820468
4.421,2.6701239807279675,1.7508760192720327
4.5,2.3386465690606952,2.1613534309393048
4.708,2.4762678071226714,2.231732192877329
3.536,2.0111157168626783,1.5248842831373217
4.75,2.0439396623056023,2.7060603376943977
3.3,2.134957036461312,1.1650429635386876
5.00001,4.429129209286389,0.5708807907136109
5.00001,2.6359873661814595,2.36402263381854
5.00001,2.4260646658485108,2.573945334151489
5.00001,2.272571372912817,2.7274386270871824
3.5,2.6964309476910566,0.8035690523089434
3.479,2.2122712317431423,1.2667287682568578
3.818,2.3384829367221545,1.4795170632778456
2.906,2.3532472113936365,0.5527527886063637
3.405,2.2977497416692594,1.1072502583307404
3.1,1.273680209603229,1.8263197903967712
3.75,1.8728353627251293,1.8771646372748707
3.75,2.018657636982021,1.731342363017979
3.667,2.236820067818309,1.4301799321816908
3.273,1.9672684317141313,1.3057315682858688
3.25,2.083270323794004,1.1667296762059962
3.375,1.852344803050067,1.522655196949933
2.333,1.9766324492428615,0.35636755075713866
2.975,1.8846211947743572,1.090378805225643
2.5,1.5569654535361237,0.9430345464638763
3.325,1.6515190276331326,1.6734809723668675
3.308,1.7866576746573846,1.5213423253426153
2.938,1.9097886442519,1.0282113557481
4.5,1.5435426840005022,2.956457315999498
5.00001,1.8642907134553304,3.1357192865446692
5.00001,2.133978921538062,2.866031078461938
3.815,2.548153126838488,1.2668468731615121
3.7,2.293666409931244,1.4063335900687561
4.25,2.3190135945130925,1.9309864054869075
5.00001,2.1654655595434296,2.83454444045657
3.538,2.6674515971166493,0.8705484028833506
3.844,2.545545950329398,1.2984540496706019
3.405,2.1494373868122705,1.2555626131877293
4.5,2.414536737632966,2.085463262367034
5.0,2.3430122409190366,2.6569877590809634
5.00001,2.1614123025993024,2.8385976974006972
5.00001,2.1168864908885063,2.8831235091114933
4.444,1.992455449779844,2.451544550220156
4.708,2.86450637391105,1.84349362608895
4.629,2.6556632221853778,1.9733367778146218
3.983,2.495767423841882,1.4872325761581182
4.182,1.9285822117369664,2.253417788263034
5.00001,2.4956999492738228,2.504310050726177
5.00001,3.6551133511649962,1.3448966488350034
4.801,3.2848681314770083,1.5161318685229919
4.611,2.1643745581225624,2.4466254418774374
4.13,2.3642352732819916,1.7657647267180083
4.219,2.2864878670491,1.9325121329509005
4.934,3.368911760806517,1.565088239193483
4.562,2.188664462562157,2.373335537437843
4.73,3.3521846443533025,1.3778153556466979
4.054,2.9970025115477377,1.0569974884522626
1.964,1.5457328391988567,0.41826716080114323
2.664,2.466974749442469,0.19702525055753117
2.686,2.485020378574668,0.20097962142533188
2.794,2.3370784307972174,0.4569215692027826
3.145,2.3509951481621725,0.7940048518378275
3.041,2.5571696808417297,0.48383031915827024
3.406,1.6507414399861635,1.7552585600138366
3.229,2.5636121022409446,0.6653878977590555
3.551,2.3495304589935357,1.2014695410064644
3.563,2.971784868920479,0.5912151310795211
3.328,2.7735594468948293,0.5544405531051706
4.857,2.8310440717609686,2.0259559282390316
3.692,3.3247343601844026,0.36726563981559757
3.149,2.9650289314407683,0.18397106855923173
3.391,2.5264435770923575,0.8645564229076426
3.294,2.6679284129290983,0.6260715870709017
3.36,2.899266065634971,0.46073393436502874
3.281,3.1931113180836865,0.0878886819163136
3.267,2.9247299201257944,0.34227007987420555
3.443,2.675484244857083,0.767515755142917
3.516,3.1603260479624873,0.35567395203751273
3.335,2.6946492061223988,0.6403507938776012
3.31,2.9885258038833937,0.3214741961166063
5.00001,2.803225992566736,2.1967840074332634
3.025,2.8711645295146964,0.15383547048530355
2.853,2.0248757111337774,0.8281242888662228
3.05,2.0732555090399347,0.9767444909600651
2.714,1.7835478589292704,0.9304521410707296
3.298,2.8941741590400047,0.4038258409599953
2.75,2.4212891875727025,0.3287108124272975
3.25,2.1893374548180082,1.0606625451819918
3.143,2.42556380316252,0.7174361968374798
3.23,2.421588960162798,0.808411039837202
2.75,3.407889685715576,-0.6578896857155758
5.00001,3.0130035857942215,1.9870064142057782
2.283,2.630189361068571,-0.34718936106857123
4.391,4.126291968008019,0.26470803199198123
3.137,2.8388603029136386,0.29813969708636145
3.97,2.7608545102401467,1.2091454897598535
5.00001,3.261059002946504,1.7389509970534958
4.925,3.0260153291786023,1.8989846708213975
2.704,2.830192581666823,-0.1261925816668228
2.691,2.7835705220742213,-0.09257052207422145
2.871,2.496804461671438,0.374195538328562
2.689,2.6657090971032815,0.023290902896718535
2.221,2.182505296940509,0.0384947030594911
3.149,2.7333935382249344,0.41560646177506566
3.133,3.0737514185484933,0.05924858145150669
2.476,2.4419419973384926,0.03405800266150738
2.968,2.2796094835207694,0.6883905164792306
1.794,2.274919294498124,-0.48091929449812376
1.83,2.3033343497093175,-0.4733343497093174
3.72,3.4152679774454073,0.30473202255459286
4.72,4.199387144210142,0.5206128557898575
5.00001,3.4899066094933517,1.5101033905066479
4.07,3.4537680424430452,0.616231957556955
4.385,4.054302670258805,0.33069732974119503
3.8,3.753146241373382,0.046853758626618
4.333,2.4582377936858704,1.8747622063141298
5.00001,4.837350624342847,0.16265937565715305
5.00001,4.643657819440177,0.35635218055982243
4.481,3.1716146953784046,1.3093853046215953
5.00001,4.1717426256954475,0.8282673743045521
5.00001,2.1722949268063654,2.8277150731936342
5.00001,3.1019248463362388,1.8980851536637608
5.00001,3.2116057389972665,1.788404261002733
3.773,2.631192028837624,1.1418079711623763
3.185,2.7070481813552103,0.47795181864478975
3.992,3.639935997033629,0.3520640029663711
3.567,3.309367304559192,0.25763269544080813
3.461,2.5646049031645193,0.8963950968354806
5.00001,2.8577323837072983,2.1422776162927013
3.855,3.458076224914399,0.39692377508560117
5.00001,2.9053278678426526,2.094682132157347
5.00001,4.031503288809063,0.9685067111909369
5.00001,4.011725576234427,0.988284423765573
5.00001,3.91457399841879,1.0854360015812095
5.00001,4.151917518432988,0.8480924815670114
5.00001,3.5321242486804096,1.46788575131959
5.00001,4.2787902530410244,0.7212197469589752
5.00001,4.522706806411042,0.47730319358895734
5.00001,3.6954800110655643,1.3045299889344353
5.00001,4.297625724069414,0.7023842759305854
1.067,1.1697016934286033,-0.10270169342860336
1.151,1.4998824526841015,-0.34888245268410145
1.2,1.436249998592546,-0.23624999859254614
1.239,1.5608906474898494,-0.3218906474898493
1.048,1.3163024891737356,-0.26830248917373556
1.5,1.0775173863153518,0.42248261368464823
1.44,1.5490428500678823,-0.10904285006788239
1.401,2.0941684268505085,-0.6931684268505085
1.257,1.8974152982113792,-0.6404152982113793
1.315,1.8913615996876998,-0.5763615996876998
0.968,1.3397585700379322,-0.3717585700379322
1.026,1.8098830560977435,-0.7838830560977434
1.875,1.3841968196582681,0.49080318034173187
1.594,0.9599037946829523,0.6340962053170478
1.411,1.9121327971059743,-0.5011327971059742
1.385,1.0892985729073703,0.2957014270926297
1.375,1.0787641199538447,0.2962358800461553
1.04,1.176489953692371,-0.13648995369237094
2.25,0.9849730519423447,1.2650269480576553
1.3,1.7431799753821537,-0.4431799753821537
0.938,0.8238662590919956,0.11413374090800432
1.088,1.8105714655955065,-0.7225714655955064
1.135,1.6537862132268006,-0.5187862132268006
1.011,1.3601388797258374,-0.34913887972583746
1.003,1.6281085739505632,-0.6251085739505633
1.196,1.960511602661121,-0.764511602661121
1.265,2.111126633328431,-0.8461266333284312
0.854,1.37565593729765,-0.52165593729765
1.075,1.5339141143371924,-0.4589141143371924
1.109,1.6441362743795533,-0.5351362743795534
1.469,1.582156718416959,-0.11315671841695885
2.472,1.9746945979367785,0.4973054020632215
1.181,1.9031962483139027,-0.7221962483139026
1.172,1.8298180286335226,-0.6578180286335227
1.014,1.7245859625875268,-0.7105859625875268
0.93,1.4110412631746188,-0.4810412631746187
0.869,0.7093081952416189,0.15969180475838107
0.977,1.3189419552343438,-0.3419419552343438
0.984,1.240581563859642,-0.25658156385964204
1.021,0.7401605604481243,0.2808394395518756
1.163,1.8389806200195655,-0.6759806200195655
1.277,2.2177510300816388,-0.9407510300816389
1.268,1.8746739909820063,-0.6066739909820063
1.0,1.702684897819477,-0.7026848978194771
0.949,1.3490057523097647,-0.40000575230976476
1.636,2.092426455315766,-0.4564264553157662
1.464,0.9254990722126031,0.5385009277873969
1.634,1.9213402575079632,-0.2873402575079633
1.719,1.693748384483576,0.025251615516424186
1.856,2.707877897842544,-0.8518778978425441
1.679,2.0215396394336476,-0.3425396394336475
1.403,1.89055891760449,-0.4875589176044899
1.268,1.9176050011724295,-0.6496050011724295
1.732,2.3446655420780145,-0.6126655420780145
1.797,1.999641613530858,-0.20264161353085797
1.382,1.5409358302455471,-0.15893583024554725
1.524,2.135206716680726,-0.611206716680726
1.401,1.4189428369307975,-0.017942836930797457
1.363,1.623410452072932,-0.260410452072932
1.854,1.6326787916038081,0.22132120839619196
2.184,1.5755437349204238,0.6084562650795764
2.649,2.3628107208977234,0.28618927910227665
1.489,2.095327645684919,-0.6063276456849189
1.567,2.4960616648136758,-0.9290616648136758
1.516,1.950797752616318,-0.43479775261631803
1.375,1.2044847825851428,0.1705152174148572
1.256,1.038072233203962,0.21792776679603798
1.327,1.231421171906618,0.09557882809338203
1.358,1.5996036466478027,-0.24160364664780265
1.41,1.617935006399277,-0.2079350063992771
1.357,1.754867511871565,-0.3978675118715651
0.992,1.1771402792347165,-0.18514027923471654
0.969,1.1946771485047463,-0.2256771485047463
2.281,1.8108171617498277,0.4701828382501725
2.922,2.847050914070774,0.07494908592922611
2.044,2.513303248000784,-0.46930324800078393
0.945,1.3380904739128752,-0.3930904739128752
1.114,1.8767527597893423,-0.7627527597893422
1.541,1.9723711094570495,-0.4313711094570496
2.621,2.011078170478231,0.609921829521769
2.224,2.101343532161058,0.12265646783894235
1.811,2.5592553434100105,-0.7482553434100105
1.026,1.0706244569751737,-0.0446244569751737
1.135,1.814943115792932,-0.6799431157929321
1.676,1.5946180919633846,0.08138190803661538
1.485,1.635647799132178,-0.15064779913217796
1.035,1.663941495396498,-0.628941495396498
1.069,1.3731697765920208,-0.3041697765920208
1.381,1.416033825286158,-0.03503382528615795
1.429,1.8122319935323232,-0.3832319935323232
1.466,1.651872584846263,-0.185872584846263
1.074,1.8826886415847393,-0.8086886415847392
1.093,1.8202066079160715,-0.7272066079160715
1.163,1.377420384944714,-0.21442038494471394
1.455,1.701231274532217,-0.24623127453221683
1.372,1.9289250741746646,-0.5569250741746645
1.543,1.6192623461880118,-0.07626234618801186
1.513,1.969077399136516,-0.4560773991365161
1.374,1.678748800382658,-0.30474880038265795
1.418,1.8555069418183858,-0.4375069418183859
2.399,2.052015604217343,0.34698439578265683
2.252,2.6372677524024084,-0.3852677524024086
5.00001,4.3427285113142915,0.6572814886857081
3.333,2.649734977301188,0.6832650226988122
3.116,2.7733989620216617,0.3426010379783384
3.404,1.983144954387596,1.4208550456124038
2.94,2.1521218682784817,0.7878781317215182
3.191,2.0749264773181424,1.1160735226818574
1.508,1.4950216915000383,0.012978308499961733
1.594,2.130927373260755,-0.5369273732607549
1.65,1.4465363875867863,0.20346361241321365
1.953,2.1524473763468657,-0.1994473763468656
2.202,2.8056192649265306,-0.6036192649265306
2.518,2.572409320708545,-0.054409320708545206
1.875,1.7485593591076514,0.12644064089234863
2.394,2.5510463811753983,-0.15704638117539815
1.85,2.571881033521568,-0.721881033521568
2.332,2.456078848571224,-0.12407884857122431
1.855,2.6108876594995385,-0.7558876594995385
2.178,2.789607473054358,-0.6116074730543581
2.362,2.713615792845018,-0.35161579284501787
2.201,2.59721295666331,-0.39621295666331013
2.537,2.746512184598478,-0.20951218459847798
1.695,2.3312503895214802,-0.6362503895214802
3.59,3.461028034312489,0.1289719656875108
1.879,2.2655001427873316,-0.3865001427873316
1.996,2.5612957796445794,-0.5652957796445794
2.134,2.220828027311622,-0.08682802731162198
2.29,2.488513870078249,-0.19851387007824917
2.385,1.75250261193066,0.6324973880693399
1.83,2.5430455376180308,-0.7130455376180307
2.183,2.848271996284987,-0.6652719962849871
1.946,1.99084421525456,-0.04484421525456006
2.377,2.8586659255816382,-0.48166592558163845
4.5,1.3610870083761655,3.1389129916238345
1.671,2.000451515100755,-0.3294515151007549
2.363,2.492048049346721,-0.12904804934672098
1.55,1.9523337649962569,-0.40233376499625684
1.546,1.6652304408110883,-0.11923044081108825
2.852,2.573311353545618,0.27868864645438185
2.281,2.033273302568245,0.24772669743175513
1.361,1.876034325400174,-0.5150343254001739
2.621,3.1386489238234017,-0.5176489238234017
3.112,2.5194268461985825,0.5925731538014176
3.337,2.082275470962979,1.2547245290370213
3.237,3.5548041852339547,-0.3178041852339546
5.00001,2.680631488543795,2.3193785114562044
2.781,3.1567150693212698,-0.37571506932126963
2.026,2.47960837567773,-0.45360837567773027
2.651,2.731768942738824,-0.08076894273882429
2.829,3.0336275946769513,-0.20462759467695113
3.209,2.639448143589398,0.5695518564106021
3.233,3.125208734917325,0.10779126508267511
3.295,2.91452675517786,0.38047324482213973
0.14999,2.535261088178467,-2.385271088178467
1.625,2.132391723326702,-0.5073917233267018
1.917,1.6177588617365684,0.2992411382634317
1.83,2.3690621614884955,-0.5390621614884954
3.75,2.4165933097801267,1.3334066902198733
1.795,0.6142520265649898,1.1807479734350101
2.143,1.247958953400328,0.8950410465996719
1.146,0.8786995156247082,0.26730048437529175
0.956,0.8549200673681159,0.10107993263188408
1.063,1.2180871792390766,-0.15508717923907667
1.065,1.071153196388591,-0.00615319638859102
1.241,0.6912974150920046,0.5497025849079955
1.198,0.8055169103360602,0.39248308966393974
1.037,0.7261508356395234,0.3108491643604765
1.223,0.5870369908831858,0.6359630091168142
1.044,0.8073278905641277,0.23667210943587236
1.375,0.6635769713001807,0.7114230286998193
1.478,0.7554779647456775,0.7225220352543225
0.944,1.2516713915275073,-0.30767139152750733
0.807,1.1743815605538783,-0.3673815605538783
0.961,0.7887982146447716,0.17220178535522834
1.136,1.285015651376985,-0.14901565137698514
1.231,0.7503110957786803,0.4806889042213198
1.125,1.1347943648788865,-0.009794364878886519
0.463,1.4614978598506463,-0.9984978598506462
0.917,1.3863259714489353,-0.4693259714489353
0.792,0.8275897581224367,-0.0355897581224367
0.759,1.0626051580457876,-0.3036051580457876
0.505,0.6891973188760305,-0.18419731887603052
0.507,0.7182066000490526,-0.21120660004905256
0.523,0.9568893756582171,-0.43388937565821706
0.57,1.0004221314323487,-0.43042213143234875
0.815,1.203766580263141,-0.38876658026314104
0.588,0.9774675615999702,-0.3894675615999702
0.638,1.327732811482574,-0.6897328114825739
0.839,1.3001843633401506,-0.46118436334015067
0.619,0.914147970880995,-0.295147970880995
0.643,0.9144629043384465,-0.27146290433844644
0.633,1.0170382563586684,-0.3840382563586684
0.652,0.988186790647307,-0.33618679064730694
0.922,1.0895748261282447,-0.1675748261282447
1.563,1.2730196209000133,0.28998037909998664
0.953,1.5356557470651013,-0.5826557470651014
0.958,0.6935249332316009,0.26447506676839905
0.746,1.2892958003973454,-0.5432958003973454
0.849,1.281538054791307,-0.4325380547913069
0.885,0.9939954777665783,-0.10899547776657825
0.816,1.3953827619482242,-0.5793827619482242
0.96,0.9808942930872284,-0.020894293087228455
0.539,0.8350548561365583,-0.29605485613655824
0.985,1.5309446955472907,-0.5459446955472907
1.024,1.6152804150871702,-0.5912804150871702
1.012,1.652623363668298,-0.6406233636682981
1.118,1.505624368615495,-0.387624368615495
0.596,0.9848634587418248,-0.3888634587418248
0.604,0.5369560493513479,0.0670439506486521
0.618,0.9868094488633183,-0.36880944886331835
0.471,0.770282091598367,-0.29928209159836705
0.528,0.9068374534553054,-0.3788374534553054
0.48,0.8075928090844942,-0.3275928090844942
0.965,1.5379127002886628,-0.5729127002886628
0.942,1.4697347082896972,-0.5277347082896973
0.909,1.8719750475988837,-0.9629750475988836
1.194,1.5879144736472754,-0.3939144736472755
0.738,1.3553462134963838,-0.6173462134963839
0.707,1.1633973518518448,-0.4563973518518448
0.55,0.819241020863414,-0.26924102086341395
0.617,0.7690063436154193,-0.15200634361541931
0.523,0.8617168657616112,-0.3387168657616112
0.525,0.8996771096343052,-0.3746771096343052
0.614,0.9602170973001072,-0.3462170973001072
0.661,1.2148204472718074,-0.5538204472718073
0.652,0.7544167310117493,-0.1024167310117493
0.516,0.8499432554072648,-0.33394325540726477
0.518,0.6368262089760641,-0.11882620897606411
0.483,0.7578271428234395,-0.27482714282343956
0.623,1.0669403178106271,-0.44394031781062715
1.213,1.6228132346323632,-0.4098132346323631
0.65,1.3812439320394885,-0.7312439320394885
0.617,1.1591592986597372,-0.5421592986597372
3.07,2.9025425491296204,0.16745745087037944
3.921,3.524649113277067,0.39635088672293284
2.556,2.687175908772871,-0.131175908772871
3.349,3.1142022940777623,0.23479770592223792
2.909,2.6879231473013467,0.22107685269865307
4.232,3.456941655996668,0.7750583440033321
2.153,2.111820969667685,0.04117903033231496
2.286,2.20662426451528,0.07937573548471999
2.879,3.018535099448217,-0.13953509944821718
3.095,2.547236757405737,0.5477632425942631
2.016,2.1716485614134458,-0.15564856141344574
3.015,2.747498304270797,0.2675016957292029
2.792,2.866122660808359,-0.07412266080835916
3.687,3.271410701742459,0.41558929825754065
2.763,2.5686250685803036,0.1943749314196963
2.856,2.8900171619656945,-0.0340171619656946
3.45,3.19473526855867,0.2552647314413301
2.098,2.3825458395979044,-0.2845458395979046
2.953,2.678682067323269,0.2743179326767309
3.508,2.075251138349579,1.432748861650421
4.359,2.9753137162822227,1.3836862837177772
1.188,1.9151709357686424,-0.7271709357686424
0.675,2.0295997385010285,-1.3545997385010284
1.792,2.372551691883152,-0.5805516918831521
2.527,2.5234680256726985,0.003531974327301679
3.109,2.931955970131628,0.1770440298683722
2.742,2.306634793782494,0.4353652062175062
4.0,3.8802595557406594,0.1197404442593406
2.932,3.182745039352127,-0.2507450393521271
3.877,3.2231147802760782,0.6538852197239216
3.248,3.390965541047035,-0.14296554104703496
3.973,3.9915026585283107,-0.01850265852831079
3.14,3.006780125696827,0.13321987430317295
2.395,2.5637051015688472,-0.16870510156884722
3.615,3.261264859345235,0.3537351406547651
3.422,3.208911941340868,0.21308805865913216
2.77,2.1393466057977646,0.6306533942022354
3.011,2.423260421566551,0.5877395784334492
4.44,3.7506439833252307,0.6893560166747696
3.242,2.040111458106797,1.201888541893203
3.719,3.2443103661165824,0.47468963388341745
3.199,2.7531855470136515,0.44581445298634836
5.00001,4.220318384643167,0.7796916153568327
3.375,2.180854785742346,1.194145214257654
4.333,2.9493040592525728,1.3836959407474274
4.878,3.179142375060482,1.6988576249395182
3.294,2.2791950383517037,1.0148049616482964
4.392,3.58749467219438,0.8045053278056202
5.00001,5.505644758179391,-0.505634758179391
4.208,3.436895093212717,0.7711049067872833
4.517,3.2810002758415666,1.2359997241584337
2.0,2.0322872261617135,-0.032287226161713534
2.708,2.175240913353338,0.5327590866466623
2.875,2.090558292190931,0.7844417078090689
3.521,3.1707068501141107,0.3502931498858892
2.313,2.18565526602054,0.12734473397946022
2.638,2.3926557516140448,0.24534424838595514
3.31,2.9469652396700496,0.3630347603299504
2.688,2.398515075151202,0.2894849248487983
5.00001,3.378047910348352,1.6219620896516478
2.908,2.510357058069533,0.3976429419304668
1.875,2.3198897941646583,-0.44488979416465835
2.125,3.203169470369472,-1.0781694703694722
1.875,1.9702830149134534,-0.09528301491345337
2.92,3.1881860640286637,-0.26818606402866374
2.667,2.3824551306137733,0.2845448693862265
2.554,2.7026263714914154,-0.14862637149141555
3.091,2.705233126173585,0.38576687382641506
3.054,3.0253560954922376,0.02864390450776222
2.752,2.8812062330600487,-0.12920623306004897
2.896,2.7182554288448535,0.1777445711551464
3.167,4.188659139566303,-1.021659139566303
3.02,2.5095729686733415,0.5104270313266586
2.466,2.437108945876563,0.028891054123437065
4.143,3.2308111421398866,0.9121888578601132
3.201,2.932466624613169,0.2685333753868311
3.369,2.5136004954158517,0.8553995045841485
3.55,2.8778697352507914,0.6721302647492085
3.163,2.880781052668767,0.28221894733123287
2.922,3.0301742865150736,-0.10817428651507344
3.457,2.854144529867053,0.6028554701329467
3.989,2.8835649937248884,1.1054350062751115
3.821,2.411114747605938,1.4098852523940621
5.00001,3.689681352917929,1.3103286470820708
5.00001,4.659932996221274,0.34007700377872574
5.00001,3.2608176198482854,1.7391923801517142
5.00001,5.041937286295088,-0.04192728629508835
5.00001,4.745432626184176,0.2545773738158239
5.00001,4.967395334608374,0.03261466539162594
5.00001,2.5961921672538777,2.403817832746122
4.357,3.17372745929987,1.18327254070013
4.688,3.9341363037934927,0.7538636962065071
2.713,2.317846429418296,0.3951535705817042
4.705,4.1826148867221224,0.5223851132778776
3.932,3.590818416069432,0.3411815839305681
4.318,3.09171892553861,1.2262810744613897
4.352,2.732957855387368,1.6190421446126324
4.055,2.928204096819433,1.1267959031805668
5.00001,3.026778315887348,1.9732316841126516
2.0,2.8287592820905645,-0.8287592820905645
3.339,2.8884094453349136,0.45059055466508635
3.75,2.393329943624917,1.356670056375083
5.00001,6.852495889587028,-1.8524858895870286
4.105,3.149565948566579,0.9554340514334214
3.103,2.5846062633689577,0.5183937366310425
3.908,2.5667498575870566,1.3412501424129433
3.178,3.4400013201409747,-0.26200132014097477
3.492,3.2516763749195623,0.2403236250804377
3.009,2.9864084330469964,0.02259156695300346
3.862,3.2579262435731127,0.6040737564268874
3.1,3.3849755328216293,-0.28497553282162924
3.18,2.3099069343965,0.8700930656035002
5.00001,4.4780924495853105,0.5219175504146891
5.00001,5.557015548803909,-0.5570055488039092
5.00001,4.8229334042574035,0.17707659574259615
4.411,3.042292132032401,1.3687078679675988
5.00001,3.4040627639610603,1.5959472360389393
5.00001,3.6642016938888187,1.335808306111181
5.00001,4.3664864591589225,0.6335235408410771
4.746,2.7630438219237936,1.9829561780762068
4.583,2.2156735400430776,2.3673264599569226
5.00001,4.1180120637950015,0.8819979362049981
3.272,2.5219926733982874,0.7500073266017124
3.7,2.7793961931043,0.9206038068957003
4.89,3.232878948002717,1.6571210519972825
5.00001,3.4176434242056133,1.5823665757943863
4.029,3.072867294519059,0.956132705480941
4.176,2.4105315869201958,1.7654684130798044
2.671,2.619167531213799,0.051832468786200625
3.892,2.4771214662087266,1.4148785337912733
4.534,4.085138129246236,0.44886187075376416
4.635,4.544850778429269,0.09014922157073091
5.00001,3.958265672155835,1.0417443278441647
5.00001,4.5044568592836685,0.49555314071633116
4.6,2.373318521938571,2.226681478061429
4.131,3.597745644918263,0.5332543550817372
4.144,3.5747280739007903,0.5692719260992098
4.0,3.962178954008146,0.037821045991853985
3.086,2.667343144211358,0.41865685578864165
4.024,3.597017174949798,0.42698282505020213
4.244,3.3176131729964755,0.9263868270035243
4.004,3.2326519364095225,0.771348063590477
3.625,2.8746744346290276,0.7503255653709724
2.584,1.9993401101852855,0.5846598898147146
1.404,2.090657311013856,-0.6866573110138563
3.461,3.3906438901933544,0.07035610980664542
5.00001,3.707799430037625,1.2922105699623745
4.42,2.9845372248279394,1.4354627751720606
5.00001,3.615184641405612,1.3848253585943877
5.00001,3.6784666357462568,1.3215433642537429
5.00001,5.830394265364516,-0.8303842653645166
2.75,2.7713220376814145,-0.021322037681414496
4.938,3.7563642862826843,1.1816357137173155
4.786,2.327569340811419,2.4584306591885805
3.5,2.7580692940539384,0.7419307059460616
4.958,2.690790980367712,2.267209019632288
2.387,2.765757017049152,-0.3787570170491521
2.426,2.144471968803729,0.2815280311962711
2.615,2.8215092901755234,-0.20650929017552322
2.707,2.4719832887761206,0.23501671122387924
2.0,2.405565206929147,-0.4055652069291469
4.3,3.028750415096322,1.271249584903678
1.635,1.8531625726694654,-0.21816257266946537
2.409,2.055581539164619,0.353418460835381
2.388,2.2415539887989877,0.1464460112010122
2.531,2.382674361397361,0.14832563860263903
0.713,0.6829939008090933,0.030006099190906688
1.131,0.8604468944696002,0.2705531055303998
1.038,0.29805324587620685,0.7399467541237932
0.915,0.5728114887382265,0.3421885112617735
1.05,0.8074644167008631,0.24253558329913694
0.875,0.6159823479991684,0.2590176520008316
1.208,1.0589698559340202,0.1490301440659798
0.702,1.1757046190512215,-0.4737046190512215
0.881,0.7133838750389712,0.16761612496102885
0.938,1.424188782186859,-0.4861887821868591
0.924,0.7124384568883249,0.2115615431116752
1.12,0.9092712058394994,0.21072879416050072
1.042,0.7656510404712806,0.2763489595287194
1.219,0.9138144096504326,0.3051855903495675
0.96,0.7504259842660859,0.2095740157339141
1.111,0.836138712397128,0.274861287602872
0.559,1.1823923164969332,-0.6233923164969332
1.646,1.5306036110268404,0.11539638897315951
0.7,1.5611736060009578,-0.8611736060009578
0.579,0.9963618545924144,-0.4173618545924145
0.603,0.7594487155639624,-0.15644871556396245
0.792,1.4808682833707008,-0.6888682833707007
0.698,1.3259063249704561,-0.6279063249704562
1.458,1.1985726501522638,0.2594273498477362
1.0,1.5089521501544572,-0.5089521501544572
0.715,1.2920205148648565,-0.5770205148648565
1.407,1.7875223951823866,-0.3805223951823866
1.573,1.5644279789907785,0.008572021009221498
1.503,1.8171974972984726,-0.3141974972984727
1.65,1.7620771781492728,-0.11207717814927287
1.104,1.9432365576609552,-0.8392365576609551
1.316,1.9491302074461068,-0.6331302074461067
0.95,1.706107980817265,-0.756107980817265
1.133,2.342429688178601,-1.2094296881786009
0.936,1.5581141451873175,-0.6221141451873174
1.058,1.8877195943722573,-0.8297195943722573
1.162,1.9065294923552232,-0.7445294923552233
1.5,1.4190047921631417,0.08099520783685832
0.966,1.1819060100911045,-0.21590601009110455
1.044,1.660330815447004,-0.616330815447004
0.926,1.4070440378213935,-0.4810440378213935
1.246,1.5258824919941159,-0.27988249199411586
0.772,1.3137213677968491,-0.5417213677968491
0.96,1.9152703700400286,-0.9552703700400287
0.769,1.8907964803444812,-1.1217964803444813
0.718,1.339305768801075,-0.621305768801075
0.715,1.1016395181187202,-0.3866395181187202
0.84,1.39405113400534,-0.5540511340053401
1.05,1.0992590610010953,-0.04925906100109523
1.471,1.8796212860011547,-0.40862128600115466
1.542,1.5782957411571108,-0.03629574115711076
1.375,1.6864111004608444,-0.3114111004608444
1.342,1.9857687688843986,-0.6437687688843985
1.429,1.657156272256962,-0.2281562722569619
1.445,1.635200787423131,-0.19020078742313085
1.75,1.3166792658100617,0.43332073418993833
1.493,1.3944810099733123,0.09851899002668785
1.188,1.9059556849598065,-0.7179556849598066
1.054,1.4727798433422588,-0.4187798433422587
1.514,1.9523550808072292,-0.4383550808072292
1.405,1.9684176512435207,-0.5634176512435207
2.77,1.8895816991617123,0.8804183008382878
2.132,1.9264317867052838,0.2055682132947163
2.25,2.146131126040743,0.10386887395925681
1.588,1.7502628818563801,-0.16226288185638005
1.656,2.0158570769736133,-0.35985707697361335
0.953,1.6870804870599958,-0.7340804870599958
1.761,2.0582187180707745,-0.2972187180707746
1.01,1.629072346774163,-0.619072346774163
1.094,2.1282999508006317,-1.0342999508006316
1.154,1.8700083100079583,-0.7160083100079584
1.421,1.5063583176567321,-0.08535831765673207
1.311,1.8214771166465027,-0.5104771166465027
1.598,1.9891531986214726,-0.39115319862147246
1.152,2.0850344916799854,-0.9330344916799855
1.546,1.9758877730252673,-0.42988777302526726
1.44,2.164107848336062,-0.7241078483360619
1.221,2.072012389253209,-0.8510123892532091
1.129,1.7766587218817962,-0.6476587218817962
1.146,1.830852283611598,-0.684852283611598
1.274,2.145038096113212,-0.871038096113212
0.823,1.2221776349194262,-0.39917763491942626
1.096,1.6075000374485753,-0.5115000374485752
0.962,1.4249029487982847,-0.46290294879828475
1.256,1.451391148021043,-0.19539114802104307
1.089,1.3377498573340363,-0.24874985733403632
1.092,1.2408682854281197,-0.14886828542811958
0.844,1.2119433915432651,-0.36794339154326516
1.0,1.2778223516399922,-0.27782235163999225
1.161,2.078431558532041,-0.9174315585320412
2.149,2.6917558240407127,-0.5427558240407127
1.619,2.3136029173931107,-0.6946029173931108
0.947,1.3362848462451753,-0.38928484624517534
1.208,1.6863427078446513,-0.4783427078446514
0.7,1.5945041676305451,-0.8945041676305452
0.958,1.6785231508069476,-0.7205231508069476
0.949,1.696457918402606,-0.7474579184026061
0.831,1.1270056532472115,-0.2960056532472115
0.663,1.1909278828804624,-0.5279278828804623
1.232,1.6456166661858016,-0.4136166661858016
0.905,1.2134575234867113,-0.3084575234867113
0.728,1.201896061373043,-0.47389606137304296
0.807,1.281292271404612,-0.47429227140461194
0.859,1.138362371068056,-0.27936237106805595
0.738,1.452300009595873,-0.7143000095958729
0.727,1.4233017932267862,-0.6963017932267862
1.375,1.6399993810723057,-0.2649993810723057
0.813,1.1058700050426293,-0.2928700050426294
0.888,1.2489186395725147,-0.3609186395725147
0.644,1.183136575586001,-0.539136575586001
0.673,1.1370767649594868,-0.4640767649594868
0.729,1.3423748163031144,-0.6133748163031144
0.714,1.2164279661283193,-0.5024279661283193
1.038,1.0902812248433995,-0.052281224843399476
1.139,1.370223831880443,-0.23122383188044293
1.645,1.7813350652548134,-0.13633506525481343
1.094,1.483113432753456,-0.389113432753456
1.031,1.2442500076908853,-0.21325000769088542
0.942,1.0340473336635874,-0.09204733366358742
0.704,1.1416369463625249,-0.4376369463625249
0.846,1.096337686905928,-0.25033768690592806
1.076,1.8244101769074696,-0.7484101769074696
0.728,0.9581937582284539,-0.2301937582284539
0.691,1.2352980361017563,-0.5442980361017563
0.746,1.26155320638899,-0.51555320638899
1.301,1.814104984445701,-0.513104984445701
0.869,1.4000560149037538,-0.5310560149037538
1.102,1.6802334543802937,-0.5782334543802936
0.71,0.8198131018109152,-0.10981310181091519
0.835,1.427763769742083,-0.5927637697420831
1.021,1.5047402569612494,-0.48374025696124945
0.873,0.8960239900049869,-0.023023990004986894
0.661,1.1677012970790375,-0.5067012970790374
0.75,1.1482245386175738,-0.3982245386175738
0.692,0.7866671182073419,-0.09466711820734197
1.463,1.7395443830492778,-0.27654438304927775
0.689,1.1539810535832267,-0.4649810535832267
0.875,0.8982973967749563,-0.023297396774956347
1.013,1.4242945953437334,-0.41129459534373347
0.886,1.348680492093879,-0.46268049209387907
0.88,1.469450566753903,-0.5894505667539031
0.675,1.08089312035087,-0.40589312035087
1.25,0.9219526513450687,0.32804734865493135
1.414,1.3321468249283959,0.08185317507160406
0.83,0.8846983654084521,-0.05469836540845219
0.797,0.9541977333495086,-0.1571977333495086
0.958,0.9375144138369076,0.020485586163092373
0.896,0.9904334384201272,-0.09443343842012719
1.183,1.2080989087870793,-0.02509890878707921
0.832,1.1093543649254907,-0.2773543649254907
0.853,0.9203981039237403,-0.06739810392374035
1.306,0.9659720427228364,0.3400279572771636
1.216,1.1288502941208176,0.08714970587918236
1.08,1.3952116681377256,-0.3152116681377255
1.276,1.7656056079078533,-0.48960560790785324
1.172,1.3767733381432186,-0.20477333814321863
1.253,2.0342350688218467,-0.7812350688218468
1.178,1.9045126794960705,-0.7265126794960706
1.014,1.3502071276579155,-0.3362071276579155
1.382,2.368585203042245,-0.9865852030422453
0.988,1.335276832789677,-0.3472768327896769
1.262,2.0716055984175523,-0.8096055984175523
1.335,1.5119628677103256,-0.17696286771032566
0.953,1.48003103747575,-0.52703103747575
0.756,1.2450605433533712,-0.48906054335337124
0.818,1.2995174723026297,-0.48151747230262976
0.724,1.1791389519460183,-0.4551389519460183
0.885,1.0323172851994848,-0.14731728519948484
0.67,1.087901025656091,-0.417901025656091
0.609,1.1051419050425493,-0.4961419050425493
0.952,1.2701310852503136,-0.31813108525031364
0.878,1.2601225789796664,-0.3821225789796664
0.75,1.137048074333477,-0.387048074333477
0.683,1.1777774909392194,-0.4947774909392193
0.798,0.7808675787293864,0.01713242127061365
0.632,1.0148525569651825,-0.3828525569651825
0.576,0.9703155469230467,-0.3943155469230467
0.627,0.5277840339349951,0.09921596606500493
0.609,0.6242848038071254,-0.01528480380712538
0.604,0.8166752781239337,-0.21267527812393372
0.733,0.7603987428153844,-0.027398742815384458
0.571,0.8025087325858169,-0.23150873258581695
0.811,0.9606035943391802,-0.14960359433918013
1.015,0.7345999670671897,0.28040003293281024
0.723,1.1356897521248264,-0.4126897521248264
2.122,2.1724290002681825,-0.050429000268182644
0.894,0.7475673087197847,0.1464326912802153
1.036,1.0325351243401624,0.003464875659837663
0.596,1.1863313418466501,-0.5903313418466501
0.559,0.8807332932685461,-0.32173329326854605
0.576,0.8056339741106202,-0.22963397411062025
0.563,0.6454433065830187,-0.0824433065830188
0.599,0.9825004978830536,-0.3835004978830536
0.938,1.487801545488593,-0.549801545488593
0.875,1.0991741300372535,-0.2241741300372535
0.976,1.6457515805633374,-0.6697515805633374
0.774,1.2388352263763327,-0.4648352263763327
0.962,1.378889989667873,-0.41688998966787305
0.975,1.4097063055954329,-0.4347063055954329
1.234,1.7116526860454846,-0.4776526860454846
0.972,1.8093592668971452,-0.8373592668971452
1.125,1.2707504321474077,-0.14575043214740768
1.177,1.6044500622566074,-0.4274500622566073
1.563,1.7854726642355252,-0.22247266423552525
0.972,1.7425662657465524,-0.7705662657465524
1.478,1.83794208900158,-0.3599420890015801
0.863,1.3048927036277223,-0.44189270362772226
1.0,1.2932866595634265,-0.2932866595634265
0.785,0.7974811596682922,-0.012481159668292219
0.82,1.121987702272905,-0.30198770227290506
0.886,1.870903976543721,-0.984903976543721
1.042,1.4292264071793466,-0.38722640717934653
1.406,1.6315212903417493,-0.2255212903417494
1.655,2.279231447487962,-0.624231447487962
0.55,1.3719491733315583,-0.8219491733315583
1.202,1.3164826150817872,-0.11448261508178725
1.406,1.0630477234876787,0.3429522765123212
1.5,1.2148263470435459,0.28517365295645414
0.675,1.0349849854515731,-0.3599849854515731
0.875,1.6514209254630507,-0.7764209254630507
0.495,0.99436783593426,-0.49936783593426004
0.613,1.0820455628629873,-0.46904556286298726
0.757,1.1782746445442167,-0.4212746445442167
0.694,1.1631740702237054,-0.4691740702237055
0.875,0.6834006551560394,0.19159934484396057
0.44,-0.4486000550169118,0.8886000550169117
0.575,-0.2650171593098287,0.8400171593098287
0.346,-0.6757857362494626,1.0217857362494627
0.691,-0.6143033167930101,1.30530331679301
0.475,-0.948136791458698,1.423136791458698
0.561,-1.0170532980867577,1.5780532980867576
0.526,-0.6807522799060717,1.2067522799060717
0.479,-0.8735908340543075,1.3525908340543076
0.957,0.09535186862870804,0.8616481313712919
0.978,-0.1557858237953984,1.1337858237953984
1.148,0.471989220628487,0.6760107793715129
0.825,0.8388390967900008,-0.013839096790000838
1.607,0.8442900743391495,0.7627099256608505
1.3,0.562023765177879,0.737976234822121
1.078,-0.040938136369174316,1.1189381363691744
1.593,0.9548845727947284,0.6381154272052716
2.427,0.9100719693245489,1.5169280306754511
2.214,2.1428437251934427,0.07115627480655728
1.698,1.3986292559650944,0.2993707440349056
1.955,2.2407636804442683,-0.28576368044426825
1.889,0.776317587042064,1.112682412957936
1.625,0.9699866679425249,0.6550133320574751
0.875,1.5049652587265698,-0.6299652587265698
1.375,1.4567356774368503,-0.08173567743685028
2.318,1.248129554228247,1.0698704457717532
1.599,2.491163593957031,-0.8921635939570309
1.529,2.45620578478173,-0.9272057847817301
1.778,2.547540803123943,-0.769540803123943
1.654,2.971051551706119,-1.3170515517061192
1.425,2.594262001161381,-1.1692620011613808
1.481,2.196395144864843,-0.715395144864843
1.575,2.2873407047932997,-0.7123407047932997
1.581,2.3342684429683014,-0.7532684429683014
1.603,2.0577792678964855,-0.4547792678964855
1.561,1.8059742207053888,-0.24497422070538888
1.085,1.883705501346082,-0.798705501346082
1.276,2.2636941672590716,-0.9876941672590716
1.305,2.099427460459124,-0.7944274604591242
1.185,1.6904192206162303,-0.5054192206162302
1.192,2.118462548153677,-0.9264625481536772
1.29,2.2863034256637302,-0.9963034256637302
1.352,2.0652424165103427,-0.7132424165103426
1.304,2.0256429300411174,-0.7216429300411173
1.375,2.282927813208587,-0.9079278132085871
1.125,2.1287682646022943,-1.0037682646022943
2.481,2.9338411031995504,-0.4528411031995505
2.142,2.275484876821008,-0.13348487682100796
2.21,2.4966414756819386,-0.28664147568193865
1.696,2.3058067210210864,-0.6098067210210865
1.232,1.8428584535182422,-0.6108584535182422
1.475,1.2754905963808176,0.19950940361918246
1.923,2.3357829592361727,-0.4127829592361727
1.931,2.323909897662125,-0.39290989766212503
1.897,2.3883346009437743,-0.49133460094377424
2.225,2.4371249018948964,-0.2121249018948963
2.023,2.926913888881917,-0.9039138888819167
1.683,2.229655323627492,-0.546655323627492
1.689,2.3301825410452315,-0.6411825410452314
1.5,2.081275377738346,-0.5812753777383461
2.938,2.173122961417001,0.7648770385829993
1.369,1.9839954932451267,-0.6149954932451267
2.538,2.554777691178844,-0.0167776911788442
3.229,2.751204758831193,0.4777952411688071
2.535,2.9437890334699874,-0.4087890334699873
2.11,2.359089373717387,-0.24908937371738693
1.757,2.779013189162985,-1.022013189162985
1.77,2.3808608930973816,-0.6108608930973816
2.063,2.3873532508065636,-0.3243532508065634
2.319,2.78942416786172,-0.47042416786172003
2.451,2.5474456154915313,-0.09644561549153119
1.853,2.125473291208801,-0.27247329120880104
2.453,2.481522848285466,-0.02852284828546603
2.299,2.120324449553081,0.17867555044691885
2.21,2.6249340135840247,-0.4149340135840247
2.387,2.7390493130214457,-0.3520493130214457
2.225,2.3318346574117927,-0.10683465741179266
1.557,2.563767057732632,-1.006767057732632
2.272,2.097887278512803,0.1741127214871967
1.21,2.030164186211816,-0.8201641862118159
1.353,2.301677872036036,-0.948677872036036
1.324,2.144102844401861,-0.820102844401861
1.75,2.529779425096614,-0.7797794250966139
2.552,2.565522357796909,-0.013522357796909024
2.865,2.725542611229332,0.13945738877066827
2.275,2.6307359694639505,-0.3557359694639506
1.528,2.1299419673481945,-0.6019419673481945
2.526,2.3864458810916247,0.1395541189083751
1.655,2.678391438118444,-1.0233914381184441
2.017,2.0985543960652304,-0.08155439606523052
1.357,1.823248307204375,-0.46624830720437505
0.729,1.7807931874021126,-1.0517931874021125
2.449,3.3208835262611767,-0.8718835262611768
2.831,2.789686026410521,0.04131397358947897
2.918,3.1714488873925184,-0.25344888739251825
2.7,3.1438106919409066,-0.4438106919409064
3.366,3.9777214975122126,-0.6117214975122125
3.901,4.106614430989737,-0.20561443098973697
1.298,1.8228997202140893,-0.5248997202140893
1.147,2.325649704489005,-1.1786497044890052
1.125,1.7981802094121149,-0.6731802094121149
1.341,1.958542833824322,-0.6175428338243221
2.107,1.7797210146361655,0.3272789853638347
2.746,2.9018583419712543,-0.15585834197125426
3.77,3.264633917627264,0.5053660823727362
2.791,2.723468484952872,0.06753151504712784
2.884,2.4475876526385134,0.4364123473614865
2.306,3.0014423046239407,-0.6954423046239406
4.058,3.4402592183019416,0.6177407816980582
1.027,1.9395895223645314,-0.9125895223645315
0.766,2.1464075380144076,-1.3804075380144076
1.143,1.9490169152782248,-0.8060169152782248
1.091,2.2297895404300134,-1.1387895404300135
1.906,2.5165749531249824,-0.6105749531249824
0.924,2.2204487005408,-1.2964487005407999
1.005,1.9676835691161365,-0.9626835691161366
2.063,1.9858373401298581,0.07716265987014204
1.255,2.1379741540596613,-0.8829741540596614
1.646,1.9540919963975847,-0.3080919963975848
0.762,1.8932159556257155,-1.1312159556257155
1.379,2.258973618657437,-0.879973618657437
0.958,1.773700591558351,-0.8157005915583511
1.137,2.413952475052195,-1.276952475052195
1.632,2.0598052265061337,-0.42780522650613384
1.0,1.8169904158567547,-0.8169904158567547
1.35,2.4023952437197242,-1.0523952437197241
1.469,2.5196326178169115,-1.0506326178169114
2.0,2.5016996980012447,-0.5016996980012447
1.146,2.2392382208999018,-1.0932382208999019
0.875,1.832343115820322,-0.957343115820322
2.5,3.162676386617787,-0.6626763866177869
2.1,2.734900582544077,-0.634900582544077
3.625,2.3328501459495072,1.2921498540504928
4.5,2.7799561394557832,1.7200438605442168
3.875,3.069699017333725,0.8053009826662749
3.788,3.3413609466340524,0.44663905336594745
4.26,5.130577735118367,-0.870577735118367
3.574,3.624292157468549,-0.05029215746854909
5.00001,3.4109358038965443,1.5890741961034553
3.944,2.9196881729857047,1.0243118270142952
3.988,3.4134127678360384,0.5745872321639616
4.68,2.6742677317457186,2.005732268254281
3.691,3.5883393247551183,0.10266067524488154
4.871,2.625164103921776,2.2458358960782245
3.64,2.4488758734242158,1.1911241265757844
4.658,2.746409237192077,1.9115907628079234
4.528,2.696601868531383,1.8313981314686165
5.00001,2.6448739626764595,2.35513603732354
4.078,3.5424858209694343,0.535514179030566
3.865,3.029631852479968,0.8353681475200321
4.699,3.9969318076179734,0.7020681923820264
4.171,3.290269581672886,0.8807304183271141
5.0,3.6603082935924656,1.3396917064075344
5.00001,6.907418225181826,-1.9074082251818263
2.257,2.7718591216201336,-0.5148591216201335
2.538,2.4029630045877517,0.13503699541224812
2.78,2.6173097133596332,0.16269028664036655
2.68,2.3827797983294117,0.2972202016705885
2.538,2.838426995206092,-0.30042699520609206
2.365,3.075761415974637,-0.7107614159746367
2.417,2.8140178125316933,-0.39701781253169344
2.493,2.5337307198723558,-0.04073071987235588
2.401,2.6521893191029378,-0.25118931910293796
2.346,2.442067698067646,-0.09606769806764603
2.354,2.3600185580227064,-0.006018558022706344
2.545,2.7667336706000953,-0.2217336706000954
2.583,2.206250337258521,0.37674966274147925
2.479,2.5242988336969834,-0.04529883369698329
2.402,3.058772618529746,-0.6567726185297458
2.864,2.435126919762207,0.4288730802377927
2.9,2.948786562701284,-0.04878656270128401
2.438,2.8743049405632473,-0.4363049405632471
2.792,2.1290225817397133,0.6629774182602866
3.139,2.5476360429337563,0.5913639570662435
3.198,2.4036274841783514,0.7943725158216486
3.111,2.54457089534001,0.5664291046599903
2.875,2.967365831247338,-0.0923658312473381
3.391,2.5354320681212448,0.8555679318787552
2.173,2.4050525358990913,-0.23205253589909125
2.171,2.3608216154834816,-0.18982161548348175
2.346,2.4724045676274664,-0.12640456762746632
2.264,2.88474031182222,-0.6207403118222201
2.438,2.1217631687618717,0.3162368312381285
2.365,2.2931054275122023,0.07189457248779796
2.25,2.415506493924034,-0.16550649392403383
2.603,2.4119735993410742,0.19102640065892595
3.01,3.0979514450033676,-0.08795144500336782
2.893,2.5094978704148003,0.38350212958519947
2.913,2.9351332792788645,-0.02213327927886466
3.295,3.312324282094783,-0.017324282094782983
3.391,3.475281299752287,-0.08428129975228682
2.25,2.444936950180517,-0.19493695018051715
5.0,1.6651851260205022,3.334814873979498
1.781,2.2963173674410484,-0.5153173674410485
1.795,2.309953504202816,-0.5149535042028162
1.5,2.558036665483424,-1.058036665483424
5.00001,3.8139875179072202,1.1860224820927794
4.5,2.6547480475188086,1.8452519524811914
3.477,3.235964513745059,0.24103548625494087
5.00001,3.5647314030452115,1.435278596954788
2.788,2.8357513689037575,-0.04775136890375764
1.953,2.432923772225822,-0.47992377222582205
1.563,2.3258850258720143,-0.7628850258720143
1.912,2.603091735570093,-0.691091735570093
2.18,2.1757328906661155,0.004267109333884633
1.863,2.5870505442028016,-0.7240505442028016
2.213,2.86343189800553,-0.6504318980055301
1.421,2.316572643331895,-0.8955726433318951
1.85,2.793791605365069,-0.9437916053650688
1.289,2.169640093051008,-0.8806400930510081
1.918,2.5520410578227173,-0.6340410578227174
1.128,1.974860061328282,-0.8468600613282822
1.223,1.797693011499425,-0.5746930114994249
1.691,2.4821785628655286,-0.7911785628655286
1.331,2.44711196033404,-1.11611196033404
1.312,2.3572712624311913,-1.0452712624311913
1.624,2.4890547666097675,-0.8650547666097674
1.618,2.245311569045173,-0.6273115690451727
1.404,2.2333227565024747,-0.8293227565024748
1.25,1.845111114890857,-0.595111114890857
1.083,2.3604134553514506,-1.2774134553514507
1.5,1.9499669581166743,-0.4499669581166743
1.188,1.6289992811204725,-0.4409992811204726
1.622,2.1524214757890157,-0.5304214757890156
1.683,2.2039011313579637,-0.5209011313579637
1.9,2.994735671040381,-1.094735671040381
1.948,2.3153934855669367,-0.36739348556693674
1.748,2.328702904859537,-0.5807029048595369
1.625,1.3863302003871227,0.23866979961287726
1.469,1.5539312757780368,-0.08493127577803672
1.546,1.6570068506473097,-0.11100685064730964
1.546,2.071045714819577,-0.5250457148195771
1.833,1.4574520094973002,0.3755479905026997
1.402,1.484151941949563,-0.0821519419495631
1.631,1.8014630006476962,-0.17046300064769615
1.54,1.9389064061883687,-0.3989064061883687
1.561,1.649739003107756,-0.08873900310775595
1.342,2.0493680000041663,-0.7073680000041662
2.181,3.000945168941472,-0.8199451689414721
1.53,1.7658995107688495,-0.23589951076884952
1.425,1.4622210008562773,-0.03722100085627722
3.25,1.2891119868720635,1.9608880131279365
1.527,1.792109253890735,-0.26510925389073514
1.583,2.268326319948028,-0.6853263199480282
1.362,1.7884436136915585,-0.42644361369155837
2.811,2.5796671803002953,0.23133281969970465
2.068,1.4307449214416126,0.6372550785583875
1.552,1.8091590136902826,-0.2571590136902826
1.945,1.809237126067209,0.13576287393279096
1.532,1.6469554905536685,-0.1149554905536685
1.532,1.5237748022750073,0.00822519772499275
1.375,2.0249133782973505,-0.6499133782973505
1.629,1.5817112029200149,0.04728879707998512
1.667,1.5454972453916658,0.12150275460833426
1.398,1.672241012888589,-0.27424101288858904
1.398,1.781904873694141,-0.38390487369414106
2.104,2.1753169405371113,-0.07131694053711124
1.833,1.856443422170244,-0.023443422170243977
1.836,2.1286081879275205,-0.2926081879275204
1.747,2.0041004463376377,-0.2571004463376376
1.615,1.9884001873137198,-0.3734001873137198
2.093,2.304447781451928,-0.21144778145192822
2.026,2.407410004508157,-0.3814100045081572
2.387,2.6589973738249704,-0.27199737382497036
1.644,2.1891234822792716,-0.5451234822792717
1.381,1.8930714957148596,-0.5120714957148595
1.752,2.537661947297951,-0.7856619472979511
2.589,2.772854973402495,-0.18385497340249524
1.873,2.0800679239530946,-0.2070679239530946
1.755,2.0866725864111273,-0.3316725864111274
1.26,2.2013182775863007,-0.9413182775863007
1.779,1.462734870543267,0.3162651294567329
2.699,2.395977139199012,0.3030228608009877
1.397,1.541543953262416,-0.14454395326241598
1.421,1.849654599594501,-0.42865459959450103
1.587,1.927070391616441,-0.3400703916164409
1.944,2.276479183566953,-0.33247918356695294
1.302,1.9227420948850864,-0.6207420948850864
1.634,2.13114353158225,-0.4971435315822501
2.693,2.3011826617484403,0.39181733825155973
1.875,2.51642631849194,-0.64142631849194
2.75,3.7710757591501336,-1.0210757591501336
1.486,2.3173088306053313,-0.8313088306053313
1.213,2.315394264016171,-1.102394264016171
2.167,1.39579890162411,0.7712010983758899
1.067,1.6751316192271202,-0.6081316192271202
1.304,2.0893001867079084,-0.7853001867079084
2.408,3.3963178669954455,-0.9883178669954455
1.951,2.403064521260821,-0.45206452126082075
2.431,2.6164443748229704,-0.18544437482297038
2.286,2.4954605878568903,-0.20946058785689026
2.425,2.069821477416799,0.3551785225832007
2.875,2.285330504219311,0.5896694957806892
2.676,1.4873944541482436,1.1886055458517566
1.852,2.6153918273390784,-0.7633918273390783
1.75,1.990217661365889,-0.24021766136588907
2.012,1.2928821518980058,0.7191178481019942
2.167,2.8392624240404913,-0.6722624240404915
3.313,2.4263817151043234,0.8866182848956767
3.611,2.3624372503728255,1.2485627496271747
3.048,3.040653087536665,0.007346912463335187
3.04,2.077659253593721,0.9623407464062792
3.988,3.448948184996765,0.5390518150032348
3.392,2.8190201713021263,0.5729798286978736
3.259,2.7151588701468885,0.5438411298531114
2.808,2.996045570529466,-0.18804557052946613
3.367,2.6076726730412663,0.7593273269587337
3.482,2.3881471547135895,1.0938528452864107
2.485,2.426150188750018,0.05884981124998179
1.875,1.888356993098244,-0.013356993098244008
1.969,1.9405030004751056,0.028496999524894484
2.476,1.9929442377197306,0.48305576228026936
2.765,2.273933190294832,0.49106680970516825
2.145,2.1795254809656335,-0.03452548096563346
1.844,1.2990734560358095,0.5449265439641906
2.484,1.799706009078418,0.6842939909215819
1.597,1.8870187128700828,-0.29001871287008285
1.894,1.7550732944121026,0.13892670558789733
3.033,2.6286217236553906,0.4043782763446093
2.566,2.2945949773238548,0.2714050226761451
2.758,2.013074611613896,0.744925388386104
0.984,1.5260952086932231,-0.5420952086932231
1.528,1.2531157177071015,0.2748842822928985
1.425,2.2197329913993205,-0.7947329913993204
1.469,1.7040935889879827,-0.2350935889879826
3.0,1.9227994150093428,1.0772005849906572
2.45,2.573011613860435,-0.12301161386043491
2.25,1.3023892979323675,0.9476107020676325
1.958,2.047189191970417,-0.08918919197041686
1.831,1.6106678331108006,0.22033216688919932
1.857,1.9911626382378678,-0.13416263823786778
1.434,0.46051005522491284,0.9734899447750871
1.431,0.6717412016703761,0.759258798329624
1.444,0.5492450631320116,0.8947549368679883
1.388,0.4627705222412568,0.9252294777587431
1.635,1.0857124498671484,0.5492875501328516
1.851,1.172719775324326,0.6782802246756741
1.645,1.0199141615500673,0.6250858384499327
1.559,1.0430204858907004,0.5159795141092995
1.702,0.7520958378438678,0.9499041621561322
2.017,0.8276231386467121,1.1893768613532878
1.625,0.6510686283585834,0.9739313716414166
2.096,1.0999414311092046,0.9960585688907955
1.821,0.8894342550578631,0.9315657449421368
2.064,1.2103568509520395,0.8536431490479606
1.952,0.9940908101811701,0.9579091898188299
1.948,1.2124057640018562,0.7355942359981438
3.619,1.631727397910379,1.9872726020896212
1.872,0.9594484415458819,0.9125515584541182
1.568,0.8156530848936661,0.752346915106334
1.804,1.104058628874617,0.699941371125383
1.715,1.6712912160108995,0.04370878398910061
1.704,0.6176046461493574,1.0863953538506426
1.615,1.1655383009026576,0.44946169909734235
1.627,0.9799999221060667,0.6470000778939333
1.403,0.9997150718869297,0.4032849281130704
1.859,1.1441234854341213,0.7148765145658786
1.882,1.0899533752114257,0.7920466247885742
1.75,0.8854476444305208,0.8645523555694792
2.261,1.1249181264230799,1.1360818735769203
2.133,1.5223416464985435,0.6106583535014565
1.388,0.6143801967177511,0.7736198032822488
1.52,0.7414995152435968,0.7785004847564032
1.518,0.32594494545236197,1.192055054547638
1.283,0.6714815909613887,0.6115184090386112
1.444,0.614450815460962,0.8295491845390379
1.451,0.3342923580272279,1.1167076419727722
1.625,0.7901151244878342,0.8348848755121658
1.138,0.4886552590434161,0.6493447409565838
1.257,0.6584469475029393,0.5985530524970606
1.549,0.13976958800369887,1.409230411996301
1.327,0.37928879531789805,0.9477112046821019
1.097,0.8470453270825669,0.24995467291743312
1.092,0.7731277361235871,0.318872263876413
1.211,0.8126075407019862,0.3983924592980139
1.052,0.48471255349790976,0.5672874465020903
1.118,0.47382332759326484,0.6441766724067353
1.167,0.6212841605495045,0.5457158394504955
0.906,0.35494555199272915,0.5510544480072709
1.25,0.03582594686221219,1.2141740531377878
1.125,0.48421861256334875,0.6407813874366513
1.231,0.8654005216919152,0.3655994783080849
1.083,0.7701980295095847,0.31280197049041525
1.039,0.730452369160995,0.30854763083900494
1.171,0.7932298039103782,0.3777701960896218
1.538,1.0675907195276284,0.4704092804723716
1.601,0.7958413165555491,0.8051586834444509
1.917,0.9687755736108461,0.9482244263891539
1.825,0.5752402176309614,1.2497597823690385
1.568,0.7625188584402789,0.8054811415597212
1.649,0.9231317394637717,0.7258682605362283
1.554,0.7892495846607726,0.7647504153392275
1.53,0.9770461721848389,0.5529538278151611
1.632,0.7511276547687402,0.8808723452312597
1.443,0.9463474594213397,0.4966525405786604
1.495,0.8060401837506772,0.6889598162493229
1.55,1.0647876360171247,0.48521236398287537
1.431,0.7604681881819275,0.6705318118180725
1.361,0.6498083337803942,0.7111916662196058
1.554,0.6030681059521905,0.9509318940478095
1.718,0.7517703351344311,0.9662296648655688
1.574,0.7905820224506188,0.7834179775493813
1.728,1.0182976477681156,0.7097023522318844
1.551,0.8112806524461109,0.739719347553889
1.792,0.8617468431774222,0.9302531568225778
0.795,0.20731568841193937,0.5876843115880607
0.85,0.5511066062656491,0.29889339373435087
1.289,0.637292130963016,0.651707869036984
0.857,0.026779043064289798,0.8302209569357102
0.839,0.7646825030166822,0.0743174969833178
1.109,0.7676878215714884,0.3413121784285116
1.095,0.6968443717188257,0.39815562828117423
1.557,0.014833031026244115,1.5421669689737558
1.198,0.5389350516147589,0.6590649483852411
1.163,-0.5417303912833704,1.7047303912833704
1.173,0.7503304561495219,0.42266954385047817
1.248,0.746998335442375,0.501001664557625
1.381,1.302532360950571,0.078467639049429
1.221,0.6822781089809644,0.5387218910190357
0.958,1.7219483183358848,-0.7639483183358848
1.456,0.7972116461697716,0.6587883538302284
1.625,0.7803333173768687,0.8446666826231313
1.808,0.4611807801082275,1.3468192198917726
1.523,0.6640698456705392,0.8589301543294607
1.984,0.5074238685632109,1.4765761314367891
1.875,0.9925685839708047,0.8824314160291953
1.741,0.8069964007904931,0.934003599209507
2.641,2.5046224048895502,0.13637759511044978
2.289,2.5025295554190325,-0.2135295554190324
2.17,2.1960255632606485,-0.026025563260648532
2.558,2.734433041350803,-0.17643304135080307
2.157,2.1882995356443478,-0.03129953564434773
2.02,2.3099955176435074,-0.2899955176435074
1.94,2.45848130051045,-0.5184813005104503
2.328,1.9576761507737142,0.3703238492262857
1.926,2.1019915215942144,-0.1759915215942145
1.852,1.6145688054309986,0.23743119456900152
1.625,2.2177871578717205,-0.5927871578717205
1.86,2.148395928439919,-0.2883959284399189
1.661,1.4797868813591524,0.18121311864084766
1.619,1.939391823325392,-0.32039182332539196
1.613,1.6811908867634482,-0.0681908867634482
1.754,2.3589251096381827,-0.6049251096381827
2.413,2.7789613152924186,-0.3659613152924188
1.981,2.1684071354307592,-0.18740713543075915
2.514,1.6708152969497485,0.8431847030502513
2.15,1.8688776881477478,0.2811223118522521
1.536,1.93948085943148,-0.40348085943148004
1.452,1.8630335514029488,-0.41103355140294884
1.782,2.123031750861987,-0.3410317508619869
1.413,2.1757877248012436,-0.7627877248012436
1.655,2.4253697205247065,-0.7703697205247064
1.37,1.728273095962897,-0.3582730959628968
3.038,2.4619774849649447,0.5760225150350551
2.411,2.330459585057701,0.08054041494229924
2.679,2.3183740185188895,0.36062598148111036
1.45,1.4691163918690062,-0.019116391869006266
2.45,2.812067381592263,-0.3620673815922628
2.247,2.199800457168733,0.04719954283126704
1.844,2.038183296041653,-0.19418329604165296
2.677,2.53388256216815,0.14311743783185005
1.982,2.3161505814671077,-0.33415058146710774
1.744,2.253997924526982,-0.5099979245269821
1.375,1.793417145973384,-0.4184171459733841
1.396,1.4539766780041075,-0.05797667800410755
1.663,1.856115376013132,-0.1931153760131319
2.917,2.7824521881356468,0.13454781186435305
3.505,2.7828103680063867,0.7221896319936132
2.27,2.338783031231094,-0.06878303123109397
3.067,3.3461080004756623,-0.2791080004756621
2.474,1.8213115195589693,0.6526884804410309
1.903,2.6023659870732403,-0.6993659870732403
2.676,2.8212885844067466,-0.1452885844067464
2.083,2.493785559703425,-0.4107855597034247
1.964,2.0006673326346975,-0.03666733263469757
2.217,2.519379266141985,-0.30237926614198507
2.302,2.2049035821032335,0.0970964178967666
2.671,2.3985985861779233,0.2724014138220765
1.704,2.107382313544873,-0.4033823135448731
2.165,1.9653543741963053,0.19964562580369472
1.954,1.9536226010018325,0.00037739899816746636
1.595,1.8409508272307429,-0.2459508272307429
1.25,1.382273870694493,-0.13227387069449303
2.887,2.9280626378875674,-0.041062637887567366
2.582,3.570733224644197,-0.9887332246441973
1.935,2.4261889774560625,-0.4911889774560625
2.266,2.3871680111828573,-0.12116801118285725
2.016,2.2605263389516064,-0.24452633895160636
3.021,2.5046853771779207,0.5163146228220792
3.369,2.85556350871693,0.5134364912830702
4.118,4.186854890410867,-0.06885489041086679
2.935,4.202050737714258,-1.2670507377142584
4.0,2.5706057785434995,1.4293942214565005
3.379,2.929841077075789,0.449158922924211
3.646,2.5337135305405165,1.1122864694594834
3.496,3.122110263191639,0.37388973680836113
3.754,4.010317758523605,-0.2563177585236054
4.676,5.605833953706236,-0.9298339537062361
1.618,2.4865167691553083,-0.8685167691553082
2.695,2.7929936687630277,-0.09799366876302784
3.815,3.194700664395855,0.6202993356041451
3.726,3.09841491511053,0.62758508488947
3.469,2.8856971413908314,0.5833028586091684
1.468,2.405170822919085,-0.9371708229190849
3.413,2.8017599734519547,0.6112400265480451
3.49,2.972433088772359,0.5175669112276413
3.341,2.271721463963268,1.069278536036732
3.13,2.6517628865464484,0.47823711345355147
5.00001,4.396867598808639,0.6031424011913602
4.596,3.200410968912471,1.3955890310875292
3.651,2.663531451281508,0.9874685487184918
5.00001,4.298368300312795,0.7016416996872046
1.888,1.9501258071387029,-0.06212580713870297
1.587,2.2225801997344443,-0.6355801997344444
1.375,2.302995576513357,-0.9279955765133572
2.058,2.2532765906043934,-0.19527659060439362
1.692,2.1274266397388053,-0.43542663973880535
1.617,2.1117935717832235,-0.4947935717832235
1.743,2.076460576134561,-0.3334605761345608
1.417,2.043785651499646,-0.6267856514996459
1.849,2.123099540060309,-0.27409954006030923
1.832,2.249387397668612,-0.41738739766861177
1.875,2.052788193101911,-0.17778819310191096
1.935,2.4011423076635783,-0.4661423076635782
1.914,2.659820420874231,-0.745820420874231
1.9,1.9484929942789955,-0.04849299427899556
2.56,2.865771298248638,-0.3057712982486378
1.849,2.27877630352263,-0.42977630352262985
1.852,2.435691239661576,-0.5836912396615761
0.55,1.3282871577447068,-0.7782871577447068
1.675,2.11483062426534,-0.4398306242653398
1.758,2.5733901625771147,-0.8153901625771147
2.75,2.012007596646847,0.7379924033531529
1.947,2.421747753020962,-0.47474775302096184
1.975,1.621278633675082,0.35372136632491813
1.957,2.6438777065696892,-0.6868777065696892
1.821,2.431572594868622,-0.610572594868622
1.84,2.1699964542087535,-0.32999645420875345
1.831,2.464649952422509,-0.633649952422509
1.856,2.533743095283016,-0.6777430952830159
2.4,2.7455754674314496,-0.34557546743144973
1.375,1.1878716492041628,0.18712835079583723
1.87,2.325411712684424,-0.4554117126844237
2.393,2.2736558095696933,0.11934419043030653
1.911,1.6195911108861425,0.29140888911385754
1.625,1.8350565916943657,-0.21005659169436575
1.821,1.7688613274495255,0.05213867255047444
2.417,2.4100050883535804,0.0069949116464194105
2.935,3.4197163404144164,-0.48471634041441636
2.325,2.334536212010288,-0.009536212010287759
2.356,2.5726851295609734,-0.21668512956097352
2.436,2.636174006947213,-0.2001740069472131
3.187,2.5941895854699366,0.5928104145300632
3.519,3.546776630946916,-0.027776630946915848
2.304,2.6568529728222092,-0.3528529728222094
2.154,2.394752323767944,-0.2407523237679441
2.186,1.7655442227779763,0.42045577722202365
1.952,1.9438656450537513,0.0081343549462487
1.438,1.6177903068508188,-0.17979030685081887
1.773,2.001787069881346,-0.2287870698813459
1.191,2.0933210659214763,-0.9023210659214762
1.733,2.1650302703480966,-0.4320302703480965
1.625,1.8088368151762557,-0.18383681517625572
1.75,1.3579858136158482,0.39201418638415175
2.296,2.636546794550168,-0.3405467945501681
2.434,2.7363092855592486,-0.3023092855592484
1.882,1.903955982509548,-0.02195598250954811
2.021,1.845495611522518,0.17550438847748184
1.909,2.8383566169122956,-0.9293566169122955
1.489,1.9027961836645422,-0.41379618366454207
1.68,2.0624568963501586,-0.38245689635015867
1.55,1.7856551870041761,-0.2356551870041761
1.866,1.8604479392070796,0.005552060792920477
1.825,2.8880098474391387,-1.0630098474391387
1.625,1.3909527549892085,0.23404724501079155
1.938,2.000868646804566,-0.06286864680456605
1.658,1.5655836807239427,0.0924163192760572
1.339,2.0151454432951152,-0.6761454432951153
1.578,1.8610503089662573,-0.28305030896625727
1.763,2.03642700114064,-0.2734270011406399
2.773,2.8977836519816167,-0.12478365198161656
1.144,1.9331971355010606,-0.7891971355010607
2.184,1.7129804183113144,0.47101958168868574
2.655,2.0628902093147805,0.5921097906852193
2.701,3.2182921078751194,-0.5172921078751194
2.708,2.8421460413991326,-0.13414604139913244
2.852,2.972897991103715,-0.12089799110371535
2.992,3.1747486797018634,-0.18274867970186337
2.803,3.0408581986148957,-0.23785819861489577
2.898,2.9516269521299665,-0.053626952129966377
2.745,3.0274055380739258,-0.28240553807392565
2.75,2.865774772120043,-0.11577477212004306
2.014,1.9096525510942397,0.10434744890576009
1.717,1.6164181240005744,0.1005818759994257
1.846,1.9727688642367174,-0.1267688642367173
1.569,1.7382242453691947,-0.16922424536919478
1.839,1.8921808736705645,-0.053180873670564566
1.907,1.9795927090232668,-0.07259270902326675
2.043,2.028429117307757,0.01457088269224327
2.54,2.3234030464142026,0.21659695358579745
3.5,2.8499660042970696,0.6500339957029304
1.875,2.358516171714749,-0.4835161717147489
2.623,2.7703518999423284,-0.14735189994232822
2.885,3.215206678591727,-0.33020667859172725
2.722,2.8940025288498132,-0.17200252884981326
3.019,2.5505546798004533,0.4684453201995469
2.605,2.5723558891902374,0.032644110809762594
2.422,2.4725889528342457,-0.05058895283424558
2.269,2.687877650250491,-0.41887765025049095
2.406,2.638177019313266,-0.23217701931326573
1.453,1.8290324698150278,-0.3760324698150277
3.244,1.6684344124332595,1.5755655875667407
1.624,2.2802041514438116,-0.6562041514438115
1.585,1.439900114473743,0.14509988552625686
2.971,1.76957936922735,1.20142063077265
2.16,2.6708789208444963,-0.5108789208444962
2.0,1.6246462869695066,0.37535371303049336
1.428,1.9594524205670611,-0.5314524205670612
1.139,1.736978407284532,-0.597978407284532
2.979,2.6678267904684105,0.31117320953158956
3.275,3.1527038727399215,0.12229612726007844
2.383,2.3006961016685454,0.08230389833145457
3.717,2.4780221204695825,1.2389778795304176
2.789,1.928883917514043,0.8601160824859571
2.461,2.0187271655257595,0.4422728344742404
2.637,2.8190205169577425,-0.18202051695774246
2.728,2.9610449187135313,-0.23304491871353106
2.996,3.0747541101504186,-0.07875411015041855
2.457,2.1725205276250543,0.28447947237494553
2.594,2.7361285660432357,-0.14212856604323587
2.643,3.0504597628710473,-0.40745976287104746
2.317,3.13910990157865,-0.8221099015786497
2.803,2.812192012505858,-0.009192012505858216
2.439,2.4183542026854687,0.02064579731453131
4.613,3.9523320846393117,0.6606679153606887
2.335,2.718716570522728,-0.3837165705227279
2.061,2.1165469099673926,-0.055546909967392644
2.35,1.8847287756311892,0.46527122436881085
3.03,2.8585187798751823,0.17148122012481748
3.088,2.644264987927115,0.4437350120728851
3.718,3.3417318328044328,0.3762681671955672
2.724,2.772500592571247,-0.04850059257124695
3.064,2.85271949447814,0.21128050552185984
2.775,2.1202234224973124,0.6547765775026875
3.579,3.020897854586791,0.5581021454132093
2.526,2.7198748710357394,-0.19387487103573964
1.696,2.435963785268661,-0.7399637852686609
3.019,2.8367152008486745,0.18228479915132567
2.682,2.820613491369105,-0.13861349136910528
2.593,3.423944804948452,-0.830944804948452
3.549,3.379497898532768,0.169502101467232
3.663,3.0696276194078678,0.593372380592132
3.078,2.880477889230919,0.19752211076908077
4.102,3.3619009189495457,0.7400990810504546
4.153,3.6665732152732877,0.48642678472671186
2.33,2.5904222954768286,-0.2604222954768285
2.359,2.767641983560229,-0.40864198356022907
2.135,2.430667008041248,-0.295667008041248
3.049,2.5954964766739606,0.4535035233260394
4.543,4.359436265855837,0.18356373414416272
4.601,4.4838215224169575,0.11717847758304245
3.653,3.6414792484891625,0.011520751510837535
3.356,3.112053571604885,0.2439464283951147
2.66,2.7131227878921376,-0.053122787892137424
2.882,3.017532533774638,-0.1355325337746378
3.8,3.457506051649325,0.34249394835067504
4.17,4.153140523146972,0.016859476853028355
2.314,2.0522055343433707,0.26179446565662934
2.832,2.9349485130260655,-0.10294851302606567
3.531,3.22363452130073,0.30736547869927033
4.105,3.737644347141496,0.36735565285850447
2.705,2.890027192939342,-0.1850271929393421
3.007,2.828384267668147,0.17861573233185313
2.664,2.9291517578895307,-0.2651517578895306
5.00001,4.249237671993625,0.7507723280063745
3.883,3.418844480809842,0.46415551919015785
3.14,2.9228519577503382,0.2171480422496619
4.137,3.839552994851127,0.29744700514887246
5.00001,2.826618262828448,2.1733917371715514
2.307,2.8874097608220093,-0.5804097608220093
2.046,2.1725285810836046,-0.12652858108360476
3.887,3.7239770061775928,0.16302299382240726
2.903,3.019979760740564,-0.11697976074056404
2.42,2.3345958186896296,0.08540418131037031
2.371,2.3953329773751797,-0.0243329773751797
2.869,3.635593259603793,-0.766593259603793
2.566,2.8495685391015244,-0.2835685391015246
2.274,2.7803792514799994,-0.5063792514799994
2.484,2.7349151065630375,-0.2509151065630375
2.74,3.203133060831061,-0.46313306083106065
2.796,3.1008332201751627,-0.3048332201751629
2.781,3.4086306153622443,-0.6276306153622442
2.432,2.8846645769764465,-0.4526645769764466
1.431,2.052597531263594,-0.621597531263594
2.574,2.811341458233005,-0.23734145823300512
2.022,2.1893743609033702,-0.16737436090337043
1.864,2.536961569697229,-0.6729615696972291
2.725,2.7657338720986964,-0.04073387209869628
2.66,3.1041705417750958,-0.44417054177509563
2.881,3.442804567065569,-0.5618045670655691
3.148,3.2581642557333215,-0.11016425573332134
3.156,3.2716761431693553,-0.11567614316935515
2.803,3.4804194840205094,-0.6774194840205094
2.866,3.4974598480932086,-0.6314598480932085
1.972,1.922355738529781,0.04964426147021905
2.827,2.8475891835342195,-0.02058918353421957
2.48,2.7157971959661276,-0.23579719596612758
2.362,2.019839967559349,0.3421600324406513
3.039,3.0737010656659236,-0.03470106566592346
2.348,2.5829243094184333,-0.23492430941843345
2.508,3.048774315428351,-0.5407743154283509
1.641,2.4839223562422488,-0.8429223562422488
2.379,2.7903793672555963,-0.4113793672555963
2.519,2.991101853092909,-0.4721018530929091
3.513,3.622172749067812,-0.10917274906781227
2.948,3.3072119634140575,-0.3592119634140576
2.233,2.6157993770121624,-0.38279937701216227
2.887,3.3202391958870052,-0.4332391958870052
4.841,4.0850590184273035,0.7559409815726967
4.366,3.749778350285476,0.6162216497145239
2.932,2.841259633593008,0.09074036640699212
2.166,2.544692015237785,-0.3786920152377853
1.967,1.7668391879956091,0.20016081200439095
2.38,1.9277869333460604,0.45221306665393946
2.75,2.819470963768577,-0.06947096376857687
1.848,1.7365674952590109,0.1114325047409892
2.578,2.782070145872375,-0.20407014587237526
2.787,2.810549878591304,-0.023549878591304196
2.479,2.6178702437023147,-0.1388702437023146
3.161,2.4476708737723265,0.7133291262276735
3.48,3.338546170663686,0.14145382933631412
3.576,4.091127095249421,-0.5151270952494209
1.956,2.2113398483367837,-0.2553398483367837
3.314,3.3034738761730322,0.010526123826967826
2.142,2.6459967367476644,-0.5039967367476645
3.379,3.411859769362044,-0.032859769362044045
1.708,2.287687398736241,-0.579687398736241
1.818,2.3646088565876062,-0.5466088565876062
2.223,1.913265209072041,0.30973479092795886
1.844,2.3033492835574383,-0.4593492835574382
2.86,2.6873539980071417,0.17264600199285818
3.632,3.174841723061743,0.45715827693825695
4.474,2.2581621330935087,2.2158378669064915
3.782,4.293205366186535,-0.5112053661865348
4.954,4.579285700001632,0.3747142999983675
3.02,2.8255879948421554,0.19441200515784463
2.798,3.1074618101632803,-0.3094618101632802
4.833,5.157145949060657,-0.3241459490606564
1.678,2.3670206254460466,-0.6890206254460467
2.15,2.3812604348261264,-0.23126043482612646
1.903,2.666505399486037,-0.763505399486037
2.608,2.642868618203105,-0.03486861820310505
1.519,2.1738805053576216,-0.6548805053576217
2.339,2.7031672772875934,-0.36416727728759346
2.849,2.9175465123379674,-0.06854651233796716
2.04,2.2432631536206746,-0.2032631536206746
1.828,2.0082622141365247,-0.18026221413652466
5.00001,1.8215680992852505,3.1784419007147493
2.19,2.6953013523952336,-0.5053013523952337
5.00001,4.34789994831595,0.6521100516840495
5.00001,2.157657466732272,2.8423525332677277
5.00001,2.5250015939855763,2.4750084060144233
4.029,3.0564375933279204,0.9725624066720795
2.82,2.281103046639872,0.538896953360128
3.092,2.36788170416291,0.7241182958370902
2.942,2.7782120636021164,0.1637879363978838
3.635,2.4683756746943226,1.1666243253056772
3.108,3.2979485142906557,-0.18994851429065562
2.207,2.2673122746342873,-0.060312274634287455
3.873,2.770020828652966,1.1029791713470343
3.255,2.9993907339428736,0.2556092660571263
2.494,1.930128402934255,0.5638715970657453
2.841,2.4597857679803097,0.3812142320196905
2.471,1.9105320217503718,0.5604679782496282
2.31,2.0748111171043755,0.23518888289562456
2.313,1.7941844965994527,0.5188155034005475
3.708,2.077202419760084,1.6307975802399164
2.406,2.267655045953787,0.13834495404621316
1.875,1.7966923524248017,0.07830764757519826
1.906,1.9483041972714097,-0.04230419727140977
3.1,2.0576340419836354,1.0423659580163647
2.438,2.7033951838688064,-0.26539518386880623
3.413,2.175025640634744,1.2379743593652557
2.521,2.237712822074583,0.2832871779254167
2.46,2.578481179924295,-0.11848117992429508
2.806,2.390209358565509,0.4157906414344912
3.465,2.059551748602422,1.4054482513975777
4.14,2.3883093894028007,1.751690610597199
3.462,2.9375896547053046,0.5244103452946955
3.588,2.997251154621466,0.5907488453785339
5.00001,1.1826299594008156,3.817380040599184
2.778,2.484490609606922,0.2935093903930781
5.00001,3.2747527709316375,1.725257229068362
3.0,2.582491035307355,0.4175089646926451
2.881,2.5861304052635705,0.29486959473642926
3.127,2.62807215944226,0.49892784055774
5.00001,1.5034548294434842,3.4965551705565154
2.488,2.2572704748607872,0.23072952513921274
2.716,2.554884850200085,0.16111514979991526
4.022,2.5206140292537498,1.5013859707462505
5.00001,5.500504981107469,-0.5004949811074697
3.536,3.2096376144277303,0.3263623855722697
2.56,2.8825012529583893,-0.3225012529583893
2.773,2.878876179584029,-0.10587617958402884
2.759,2.7548206531268615,0.004179346873138368
2.393,2.6203800312884535,-0.22738003128845374
5.00001,4.8497436536342065,0.15026634636579317
3.812,2.825434310384947,0.9865656896150528
5.00001,3.735439333133884,1.2645706668661156
4.206,3.4304068191100847,0.7755931808899157
2.448,2.361151164510451,0.08684883548954891
2.513,2.472377817778295,0.04062218222170477
3.24,2.474880961556616,0.7651190384433844
5.00001,2.785548915204388,2.2144610847956114
5.00001,4.382650177043201,0.6173598229567983
2.959,2.857856124936474,0.10114387506352607
2.881,2.7932662679863887,0.08773373201361112
2.659,3.0601846721205415,-0.40118467212054165
2.27,2.573658345619609,-0.3036583456196089
2.169,1.7453480845573692,0.4236519154426308
2.795,1.7324202547508851,1.0625797452491148
3.32,2.811546437791899,0.5084535622081008
3.481,3.421558095078904,0.05944190492109591
3.14,3.8438848406822745,-0.7038848406822744
3.3,3.290123101196101,0.009876898803898637
5.00001,6.264970947174639,-1.2649609471746395
5.00001,4.408282286539258,0.5917277134607417
2.856,2.8055070776012387,0.05049292239876113
2.314,2.4258707930533387,-0.11187079305333869
2.145,2.0823003706401666,0.06269962935983342
1.063,1.6441124489140455,-0.5811124489140456
1.833,1.3086302696643226,0.5243697303356774
2.5,3.729258869400473,-1.2292588694004731
4.808,2.9057525266728614,1.9022474733271384
2.943,2.940763111192,0.0022368888079999927
2.885,2.9334143937895973,-0.048414393789597554
3.056,2.812573609670607,0.24342639032939317
1.896,2.0890634644684916,-0.19306346446849165
1.863,2.200593518759881,-0.33759351875988086
1.204,2.160722789055244,-0.9567227890552441
1.264,1.9532439927726883,-0.6892439927726883
1.844,1.6410720028684578,0.2029279971315423
3.0,2.1248451328178,0.8751548671822
3.208,2.2859058857121477,0.9220941142878525
3.056,2.0716793818569585,0.9843206181430415
2.438,2.0711611251972872,0.36683887480271293
3.5,2.114712202741,1.385287797259
5.00001,1.9797667610860237,3.020243238913976
3.155,2.819969818503731,0.33503018149626884
3.414,3.305207760206517,0.10879223979348307
3.228,2.645834256115148,0.5821657438848522
3.183,3.01928730801406,0.16371269198593996
2.72,3.063922960475166,-0.3439229604751657
2.829,2.818075967135062,0.010924032864938038
3.25,1.9607822708898455,1.2892177291101545
2.79,2.9467103481041717,-0.15671034810417162
2.782,2.170796551692656,0.6112034483073439
2.885,2.7595768608524804,0.12542313914751935
3.409,2.900173132634057,0.5088268673659426
4.87,5.655358438683818,-0.7853584386838177
5.00001,2.8831815116439516,2.116828488356048
5.00001,4.336914231081648,0.6630957689183514
3.842,3.508877491108372,0.33312250889162787
2.743,2.719695432228816,0.023304567771183837
3.547,3.417990025020153,0.129009974979847
2.621,3.2652126959880996,-0.6442126959880996
2.985,2.9804450391317507,0.004554960868249136
1.833,2.1564785569614218,-0.3234785569614218
1.385,1.8286974635264646,-0.44369746352646455
4.538,4.401536472632141,0.1364635273678596
3.183,3.3431277887150532,-0.1601277887150534
1.875,2.2655728077405466,-0.3905728077405466
1.199,2.0550310230518725,-0.8560310230518724
2.26,2.0566743620470618,0.203325637952938
1.443,2.4578005889375842,-1.0148005889375842
2.685,2.829360443019148,-0.14436044301914785
1.73,2.3300443754243556,-0.6000443754243556
2.454,2.631673106628929,-0.17767310662892877
3.977,3.806394582290748,0.17060541770925175
4.347,3.7938644587294954,0.553135541270505
3.367,3.0376695934056235,0.3293304065943765
3.403,2.85407196450931,0.54892803549069
3.685,3.092767230212143,0.5922327697878571
4.541,2.4866423479451347,2.0543576520548656
3.457,2.689208294772733,0.7677917052272667
1.625,1.5730648219534042,0.051935178046595754
3.551,3.634149268394994,-0.08314926839499392
1.583,1.6635165782197592,-0.08051657821975922
3.449,3.470482448004102,-0.02148244800410204
3.371,3.229860207880291,0.14113979211970884
2.075,2.6023817005612786,-0.5273817005612784
1.375,1.9259936166350053,-0.5509936166350053
2.746,2.723356225853195,0.02264377414680485
3.074,3.659688770953434,-0.5856887709534342
3.556,2.7605678205293147,0.7954321794706853
3.089,3.428071768899745,-0.3390717688997449
2.206,2.751873486664867,-0.5458734866648669
2.418,2.2946413366728953,0.12335866332710488
2.197,1.8322782958046657,0.36472170419533434
2.868,2.4608327597749255,0.40716724022507433
0.675,1.2806430612387187,-0.6056430612387187
2.256,2.4094503028530734,-0.1534503028530736
2.417,2.6088800933987066,-0.19188009339870682
2.428,2.7482244459336447,-0.32022444593364474
3.861,4.5171382840644245,-0.6561382840644243
3.687,3.418282667021873,0.26871733297812694
3.625,3.806562752759432,-0.18156275275943212
1.484,2.344413765589029,-0.8604137655890289
1.083,1.9090044701335025,-0.8260044701335025
0.875,2.092524820497924,-1.2175248204979239
3.505,3.519736627955579,-0.014736627955579173
2.257,3.0634119088952048,-0.8064119088952046
3.092,2.6426035553951013,0.4493964446048988
2.374,2.245919234436241,0.12808076556375925
2.399,2.6968320620605892,-0.2978320620605892
2.434,2.8586103987578717,-0.42461039875787154
5.00001,1.1305154587742778,3.8694945412257216
3.02,3.303761790204347,-0.283761790204347
3.266,3.5731180313374495,-0.3071180313374495
2.738,2.422839896332543,0.31516010366745695
2.158,2.713344186940324,-0.555344186940324
2.62,3.1019961624525605,-0.4819961624525604
1.625,1.441205567275321,0.183794432724679
2.728,3.0133447103372513,-0.28534471033725106
2.613,1.1799284403178958,1.4330715596821042
2.014,2.367476367174133,-0.353476367174133
3.024,3.2946543518732416,-0.2706543518732416
2.765,3.095387256303571,-0.3303872563035708
1.872,2.617313075753509,-0.7453130757535089
1.841,2.0776983899140062,-0.23669838991400627
1.54,2.545472180400424,-1.005472180400424
0.55,1.2376650762370156,-0.6876650762370156
2.389,2.4291627619644816,-0.040162761964481763
3.156,2.711376311818296,0.44462368818170406
2.955,2.750157434078593,0.20484256592140726
3.255,3.1457034044772927,0.10929659552270721
3.139,2.638736480642077,0.5002635193579228
3.261,3.1353180349609193,0.1256819650390808
3.067,2.2115798796076866,0.8554201203923135
2.51,2.115342473451403,0.39465752654859676
3.28,3.608436544154505,-0.3284365441545054
2.25,1.8750112734809123,0.37498872651908766
2.741,3.1561161171167114,-0.41511611711671126
3.429,3.4983477155016,-0.06934771550160024
2.425,2.2627197673951422,0.16228023260485758
1.996,2.4962716261723292,-0.5002716261723292
2.75,3.260923651951346,-0.5109236519513458
2.966,3.3681619611870324,-0.4021619611870322
1.922,2.511236481985677,-0.589236481985677
2.343,2.8728937273706454,-0.5298937273706454
2.368,2.3030480726936946,0.06495192730630528
3.115,3.2703949966799972,-0.155394996679997
2.356,2.1207479415869503,0.23525205841304953
2.659,2.69623860302535,-0.03723860302534998
3.753,3.882071319453746,-0.12907131945374584
2.4,2.7239728279860627,-0.32397282798606275
3.025,3.665515120089114,-0.6405151200891139
3.291,3.041555808027428,0.24944419197257206
4.5,1.2497607658399852,3.2502392341600146
5.00001,2.170729411504882,2.8292805884951178
3.606,3.8970857529050855,-0.29108575290508565
3.336,3.511190043919203,-0.17519004391920312
2.907,2.8871127715617364,0.019887228438263627
1.845,2.1520453299249014,-0.3070453299249014
3.58,2.8943858396791526,0.6856141603208474
1.602,2.3419296177726885,-0.7399296177726884
2.787,2.9128991076958917,-0.12589910769589174
3.047,3.42227741185009,-0.37527741185008967
3.798,3.4750322080160174,0.3229677919839826
3.757,3.2702682612370673,0.48673173876293285
2.278,2.5824907582458243,-0.3044907582458243
3.312,3.216904365790642,0.09509563420935763
1.954,2.297890052521659,-0.34389005252165883
2.913,3.2010148131812253,-0.28801481318122546
2.339,2.4520432671700694,-0.1130432671700694
2.471,2.961210860914016,-0.4902108609140159
2.832,2.8069499814956655,0.025050018504334304
3.134,3.1139985311667013,0.020001468833298564
2.395,2.200451404553485,0.19454859544651493
1.94,2.611605789710852,-0.6716057897108523
2.277,2.4746933626687286,-0.1976933626687285
2.448,3.0536717277307486,-0.6056717277307486
3.4,3.7961953953434215,-0.39619539534342163
3.333,1.8308963504690117,1.5021036495309885
4.333,2.5203844426541457,1.8126155573458544
5.00001,3.8365613862253998,1.1634486137745998
5.00001,5.073165387504458,-0.0731553875044586
5.00001,3.121735079852537,1.8782749201474624
2.375,2.3531507266799645,0.0218492733200355
5.00001,2.5553560668828044,2.4446539331171953
4.5,1.8022779353886977,2.6977220646113023
4.521,2.3862350604327447,2.134764939567255
3.782,2.534959751258972,1.247040248741028
5.00001,2.50380314821005,2.4962068517899496
4.991,3.2187739013319083,1.7722260986680913
1.944,2.3704654829560377,-0.4264654829560377
4.5,2.131733041023191,2.368266958976809
3.5,1.5585996683870835,1.9414003316129165
2.75,2.107934884556021,0.6420651154439789
2.728,3.1279388170635256,-0.3999388170635254
2.917,2.7706954059448745,0.1463045940551253
2.69,3.0625633494928834,-0.3725633494928835
2.234,2.046242811118101,0.18775718888189896
3.839,4.4805749311948215,-0.6415749311948216
2.742,2.828420397811937,-0.08642039781193711
2.784,3.0178484715724627,-0.2338484715724629
1.983,1.425649773330004,0.5573502266699961
5.00001,3.7050290942736326,1.294980905726367
5.00001,3.924495338985225,1.0755146610147746
5.00001,4.674475131529211,0.32553486847078883
5.00001,4.094985323399386,0.9050246766006138
5.00001,3.555476064367577,1.4445339356324225
5.00001,4.501744755358294,0.49826524464170596
5.00001,4.698105783997888,0.3019042160021117
5.00001,3.545626077888344,1.4543839221116555
5.00001,6.555413042288706,-1.555403042288706
5.00001,2.6108460801511573,2.3891639198488424
5.00001,3.4080467270661092,1.5919632729338904
4.664,3.280625094113898,1.3833749058861016
3.737,2.5055945762215033,1.2314054237784968
3.847,2.1040878222483537,1.7429121777516463
5.00001,2.3437016901525665,2.656308309847433
4.261,3.8153792899004233,0.4456207100995768
3.919,3.9782393776471086,-0.059239377647108515
5.00001,4.951251639647792,0.04875836035220793
4.456,2.827005301166545,1.6289946988334556
5.00001,3.475333479341235,1.5246765206587645
1.618,2.704804973674063,-1.0868049736740628
2.314,2.714048823104767,-0.40004882310476697
1.823,2.6292772216208977,-0.8062772216208978
1.1,1.8037534258344619,-0.7037534258344618
1.058,1.6450988997904017,-0.5870988997904016
0.803,1.5420191142751254,-0.7390191142751253
1.625,1.093590390281538,0.531409609718462
0.869,1.5762959916801422,-0.7072959916801422
1.868,2.490251999338906,-0.622251999338906
2.417,2.0433407288607244,0.37365927113927544
2.298,1.9725457823319612,0.32545421766803884
1.808,1.94276976417401,-0.13476976417401
1.865,1.7867533472769295,0.07824665272307052
2.556,2.4714599281851233,0.08454007181487677
2.276,1.7842244044796742,0.49177559552032557
1.206,1.5416919833612117,-0.33569198336121175
3.226,2.0784772364057753,1.1475227635942247
0.743,1.493603863597239,-0.7506038635972391
2.298,1.8663080237529024,0.43169197624709765
0.748,1.5071365800574514,-0.7591365800574514
0.804,1.5868259138186693,-0.7828259138186693
0.811,1.5716542319277695,-0.7606542319277695
0.741,1.6667746639604146,-0.9257746639604146
0.723,1.5247697104677402,-0.8017697104677403
0.725,1.6850939111529588,-0.9600939111529588
0.806,1.6156463435888218,-0.8096463435888217
0.771,1.8071209793481973,-1.0361209793481971
1.909,2.106075021946077,-0.19707502194607707
2.304,2.3460861090700753,-0.042086109070075484
2.316,2.007977170852053,0.308022829147947
2.25,1.3653760286644188,0.8846239713355812
2.962,3.6577585018712715,-0.6957585018712713
1.875,2.250583879302425,-0.3755838793024249
2.504,2.047924227933618,0.45607577206638217
3.875,3.0966351060247908,0.7783648939752092
4.104,3.6206121224784558,0.48338787752154433
3.625,2.909128234187734,0.715871765812266
2.708,2.1886682012337206,0.5193317987662796
4.504,3.979150360742687,0.5248496392573125
4.93,4.916751802213617,0.013248197786382754
5.00001,4.381650953407961,0.6183590465920386
4.421,4.922391313712599,-0.5013913137125989
5.00001,5.306739829907918,-0.3067298299079182
5.00001,4.369872474289908,0.6301375257100919
5.00001,3.229942777741873,1.7700672222581266
5.0,2.879281344607338,2.120718655392662
5.00001,3.396444805459174,1.6035651945408258
5.00001,2.825897134358027,2.174112865641973
5.00001,3.381805158571084,1.6182048414289154
4.829,2.5807389438662582,2.2482610561337415
5.00001,3.8637987848623165,1.136211215137683
5.00001,2.460325720881489,2.539684279118511
5.00001,2.694146140011624,2.3058638599883756
5.00001,2.9735406550456758,2.026469344954324
5.00001,3.5590403101065764,1.4409696898934232
5.00001,2.1907159242477805,2.809294075752219
5.00001,2.1323461635740304,2.8676638364259692
5.00001,5.2137001019959985,-0.21369010199599892
5.00001,4.858870992003032,0.14113900799696744
5.00001,4.859416684380502,0.14059331561949762
5.00001,5.2557094558876285,-0.2556994558876289
3.454,2.5880824274513348,0.8659175725486654
0.938,1.8613409169625326,-0.9233409169625326
3.922,3.944198042712977,-0.02219804271297665
5.00001,5.925519413572611,-0.9255094135726116
3.5,3.2571768952239757,0.2428231047760243
5.00001,3.274525159738504,1.7254848402614957
5.00001,2.85658758574252,2.1434224142574796
5.00001,2.928314494203126,2.071695505796874
5.00001,3.139603419080354,1.8604065809196455
5.00001,2.588723458152314,2.4112865418476854
5.00001,2.2224179771536665,2.777592022846333
5.00001,4.634261608890217,0.36574839110978274
5.00001,2.6377498436455005,2.362260156354499
5.00001,4.8883631082686705,0.11164689173132913
5.00001,6.570711392859589,-1.570701392859589
5.00001,4.4541120320202605,0.5458979679797391
4.773,2.843008160770595,1.9299918392294049
5.00001,4.550819935205288,0.4491900647947116
1.063,2.326513258399214,-1.263513258399214
4.507,3.00275894606978,1.5042410539302198
4.55,1.937960576133834,2.6120394238661655
5.00001,3.3986029894611693,1.6014070105388303
2.954,2.0079987673707507,0.9460012326292495
2.652,2.3693926231998645,0.2826073768001356
2.26,2.0530156605990073,0.20698433940099248
2.455,2.4616633998142294,-0.006663399814229365
2.531,2.9240145576798664,-0.39301455767986626
4.411,3.300132068812723,1.1108679311872764
3.398,2.218992936995331,1.179007063004669
2.618,2.783898702015014,-0.165898702015014
2.723,2.475814438153173,0.24718556184682683
2.179,1.9172885712016234,0.2617114287983764
2.841,2.0514709729312615,0.7895290270687387
2.768,1.5264122227999528,1.241587777200047
2.684,2.3776477971107597,0.3063522028892405
3.109,2.6877060390147607,0.4212939609852393
3.254,2.549206969280516,0.7047930307194838
3.261,2.0860722315246067,1.1749277684753934
3.111,1.7322119062820467,1.3787880937179535
3.179,2.7060151754807595,0.4729848245192403
3.357,2.6424797699416827,0.7145202300583176
2.688,1.977251482035803,0.7107485179641972
3.076,1.928998589346213,1.1470014106537871
2.364,2.215398597087098,0.14860140291290191
4.07,2.09244984351099,1.9775501564890101
4.713,2.8254062087183005,1.8875937912816996
4.908,3.8587357897567696,1.0492642102432308
4.585,3.3906693478249803,1.1943306521750197
5.00001,3.101092866683345,1.8989171333166546
5.00001,2.484485612745727,2.5155243872542727
5.00001,4.3952070438737145,0.6048029561262851
3.125,3.0075105581645794,0.11748944183542065
5.00001,2.626744758647253,2.3732652413527466
4.846,3.1021672316298323,1.7438327683701678
4.391,3.4490272573690435,0.9419727426309565
5.00001,3.145834418570791,1.8541755814292085
4.714,2.9850913715481857,1.7289086284518147
3.667,2.344516095458654,1.322483904541346
5.00001,3.650009989832073,1.3500000101679266
5.00001,2.135507449826799,2.8645025501732007
2.221,2.879489204141656,-0.6584892041416559
2.152,2.457512432029103,-0.30551243202910294
1.854,1.831619525538326,0.022380474461674016
2.72,1.6213202257942538,1.0986797742057464
1.929,1.700590038448424,0.228409961551576
1.887,1.9616447745607082,-0.07464477456070817
2.25,1.307708212849882,0.942291787150118
1.778,1.796491139754747,-0.01849113975474692
3.588,3.045550630354587,0.5424493696454129
3.815,3.1328300309876704,0.6821699690123295
2.263,2.499974865114234,-0.23697486511423405
2.716,2.204933003917098,0.5110669960829024
2.134,2.3266077941699157,-0.1926077941699158
2.25,1.7026554494704413,0.5473445505295587
1.825,2.140418135620859,-0.31541813562085896
2.25,2.2123985746270396,0.037601425372960406
1.813,1.5960929946071538,0.21690700539284613
2.254,1.163733822401035,1.090266177598965
2.115,2.3904564115979428,-0.27545641159794254
2.2,1.9749688721198435,0.22503112788015667
2.75,1.894124477242889,0.8558755227571111
2.446,2.493523615957568,-0.047523615957568044
3.365,3.7395644803827053,-0.37456448038270507
3.67,3.702787343971231,-0.03278734397123095
2.241,2.822495383448593,-0.5814953834485928
2.097,2.724141573104207,-0.6271415731042072
2.201,2.3630404070261566,-0.16204040702615652
2.638,2.4676716109156995,0.17032838908430037
2.61,3.1552764485229354,-0.5452764485229356
2.456,2.4607374536525892,-0.004737453652589263
2.642,2.603201918470096,0.03879808152990405
3.742,3.382449662385538,0.3595503376144622
4.309,2.320809649335664,1.9881903506643361
4.147,4.23431322689601,-0.08731322689600951
2.13,1.9637506025298679,0.166249397470132
2.295,2.633911424763009,-0.3389114247630092
2.184,2.051736303258484,0.13226369674151606
2.492,2.4077531442726747,0.08424685572732526
2.661,2.9791672671578544,-0.31816726715785437
2.603,2.5692876291493176,0.03371237085068257
2.759,3.1844842933849207,-0.4254842933849208
2.535,2.401293998298387,0.13370600170161318
2.433,2.3098247201590856,0.12317527984091425
1.809,2.296453966519859,-0.48745396651985895
1.938,2.0309140237653787,-0.09291402376537872
1.61,1.9174615325563238,-0.3074615325563237
1.926,3.127497335873054,-1.2014973358730539
3.166,2.565841895711757,0.6001581042882429
2.75,2.105083288599551,0.644916711400449
1.813,1.9392619579105574,-0.1262619579105575
2.331,2.586360647362898,-0.255360647362898
1.528,1.7849134615354363,-0.25691346153543626
1.575,2.037000478760276,-0.46200047876027583
1.555,2.4750695010521735,-0.9200695010521736
2.625,2.0249269117142337,0.6000730882857663
2.664,2.438542576029196,0.22545742397080426
2.46,2.524961194405806,-0.06496119440580594
1.849,2.1624142961235555,-0.31341429612355554
1.852,2.0061672889013455,-0.15416728890134546
2.45,1.9774593658322093,0.4725406341677909
2.258,2.6535910700205583,-0.39559107002055827
1.167,2.0750064564624764,-0.9080064564624764
2.405,2.611206575572047,-0.20620657557204725
2.054,2.0840536318117193,-0.030053631811719494
1.375,2.2520933026788503,-0.8770933026788503
1.821,2.469729798875864,-0.6487297988758642
1.807,2.425646250766889,-0.6186462507668891
1.552,2.0044288938273844,-0.4524288938273844
1.978,2.404494879971173,-0.42649487997117297
1.835,2.062116201987859,-0.22711620198785898
1.775,2.3992926763951736,-0.6242926763951737
1.653,2.3036014800887865,-0.6506014800887865
1.7,2.152703141591317,-0.4527031415913172
2.605,2.848289451585972,-0.24328945158597204
2.024,2.4056781892870425,-0.38167818928704245
2.333,2.3501733039388712,-0.017173303938871065
2.52,2.9414146613918586,-0.42141466139185857
2.663,2.833101975925555,-0.17010197592555532
3.052,2.7959590449058362,0.2560409550941638
1.617,2.238810450885123,-0.621810450885123
1.457,2.0574221933237435,-0.6004221933237435
1.292,1.9353766043557243,-0.6433766043557243
1.908,2.429768946249301,-0.5217689462493009
1.625,2.5293980516178283,-0.9043980516178283
1.505,2.090178508293254,-0.5851785082932541
1.577,1.5557286244520492,0.021271375547950777
1.659,2.1232334635183845,-0.46423346351838446
1.74,2.230000468228445,-0.4900004682284449
1.506,2.182157899125907,-0.6761578991259072
1.591,2.068061595050457,-0.4770615950504571
1.15,1.7079019510969127,-0.5579019510969128
1.75,1.5746656245679955,0.17533437543200447
1.214,1.8998920481990291,-0.6858920481990292
1.346,1.9030785832612591,-0.557078583261259
1.125,2.0009468063636358,-0.8759468063636358
1.315,1.7084793369321885,-0.3934793369321885
1.542,1.0938003219080454,0.4481996780919546
1.734,1.4704034296557813,0.2635965703442187
1.232,1.7010858851399517,-0.46908588513995175
1.175,1.7928542637832776,-0.6178542637832776
1.598,1.6862163470544216,-0.0882163470544215
1.714,1.6533317914613392,0.06066820853866073
1.653,1.9066842009583647,-0.25368420095836464
1.759,2.2877183793189837,-0.5287183793189838
1.708,1.586552540203205,0.12144745979679494
1.774,2.167082764646513,-0.3930827646465129
1.821,2.0844099561875478,-0.2634099561875478
1.802,1.6635355659111082,0.13846443408889186
1.585,1.7550997357624976,-0.1700997357624976
1.77,2.1203109125237103,-0.35031091252371027
1.725,2.1713019260838293,-0.44630192608382924
1.656,2.134252560919256,-0.47825256091925605
1.591,2.003551319610184,-0.412551319610184
1.625,1.700509500695937,-0.07550950069593698
1.774,1.9896054914215946,-0.21560549142159458
1.641,2.218410792891278,-0.577410792891278
1.664,2.310824136718073,-0.6468241367180732
1.635,1.9775099151335822,-0.3425099151335822
1.705,2.1319217324930135,-0.42692173249301346
1.392,2.2588953419193176,-0.8668953419193177
1.584,1.8068948628284376,-0.2228948628284375
1.606,1.8845275487706523,-0.2785275487706522
1.595,1.9556588446286587,-0.3606588446286587
1.804,1.4323057989916614,0.3716942010083386
1.667,1.4441273155743106,0.22287268442568942
1.832,1.7731461481610464,0.05885385183895364
1.799,2.513717110461591,-0.7147171104615913
1.785,2.218784956719237,-0.4337849567192371
1.11,1.7869489417108577,-0.6769489417108576
1.731,2.462023615892898,-0.7310236158928978
1.517,1.9352837495128263,-0.41828374951282643
1.59,2.1722577361168574,-0.5822577361168573
1.544,2.548859121296166,-1.0048591212961662
1.639,2.189010742567963,-0.5500107425679628
1.518,1.123528825464832,0.3944711745351681
1.519,1.9000832372701693,-0.38108323727016935
1.594,1.8700194410131243,-0.27601944101312426
1.403,1.8148726963654518,-0.41187269636545176
1.589,1.6610752812074634,-0.07207528120746343
1.485,1.5790162777659784,-0.09401627776597832
1.635,1.8843634803625253,-0.2493634803625253
1.833,1.4576611056452182,0.37533889435478174
1.444,1.6634412026926015,-0.2194412026926016
1.625,1.7765203935608256,-0.15152039356082558
1.58,2.2251316451826018,-0.6451316451826017
1.375,1.1175205781576618,0.2574794218423382
1.025,1.0732371274938508,-0.048237127493850895
3.5,1.3335261887810708,2.1664738112189292
2.355,2.0554116678822263,0.2995883321177737
2.053,1.2461443572594106,0.8068556427405893
1.954,2.4986219384636303,-0.5446219384636304
1.872,1.7380943915075253,0.1339056084924748
1.768,2.133218651771089,-0.3652186517710889
1.63,2.1386981399505034,-0.5086981399505035
1.772,2.182748587655107,-0.4107485876551069
1.701,1.9384902340556804,-0.23749023405568037
1.875,2.0687036316074083,-0.19370363160740833
2.888,3.250470858117936,-0.3624708581179359
2.374,1.8704663990203494,0.5035336009796507
1.95,2.4280318446016347,-0.4780318446016347
1.896,2.156954164612478,-0.2609541646124782
1.927,2.573093728668184,-0.646093728668184
3.203,3.9413874088023277,-0.7383874088023279
3.113,2.1977299263846906,0.9152700736153094
2.403,2.3707599507891426,0.032240049210857435
2.053,2.44873466917318,-0.39573466917318
2.188,2.3487117458727775,-0.16071174587277737
2.047,1.737254341288328,0.30974565871167226
2.157,2.6755074743188656,-0.5185074743188656
2.194,1.962884017593668,0.23111598240633202
1.395,2.211004698375039,-0.8160046983750391
2.138,2.3524197471883017,-0.2144197471883018
2.065,2.203135135280075,-0.13813513528007526
2.331,2.115099199111086,0.21590080088891384
2.491,1.8291301624540366,0.6618698375459635
2.296,2.2678295887804305,0.028170411219569313
2.964,2.4662756915765076,0.49772430842349236
2.365,2.384221004854229,-0.01922100485422895
1.465,1.6836629649960861,-0.21866296499608606
1.378,1.8421319143044268,-0.4641319143044269
2.102,2.014231885967671,0.08776811403232898
2.522,2.4771849228605554,0.04481507713944444
2.472,2.557732001396724,-0.08573200139672421
2.528,1.9813866640641566,0.5466133359358434
2.169,1.890030449448691,0.278969550551309
1.406,1.7281479863339693,-0.32214798633396935
2.342,2.3576094420814853,-0.01560944208148518
1.37,2.2658224650444136,-0.8958224650444135
2.25,2.478419224193025,-0.22841922419302518
2.23,2.586164007944689,-0.35616400794468905
1.836,1.8159598407918338,0.020040159208166264
1.604,2.028742009941258,-0.42474200994125777
3.668,3.0870027172704577,0.5809972827295424
4.872,4.838841411447758,0.03315858855224185
5.00001,5.860871065711783,-0.8608610657117834
5.00001,4.150150733880714,0.8498592661192852
2.866,2.6093959236037363,0.2566040763962638
2.902,3.149677169944758,-0.24767716994475775
2.278,1.9763330076259487,0.30166699237405137
4.513,3.7349284264679845,0.7780715735320154
4.39,2.9926886263983397,1.39731137360166
5.00001,4.94353767519044,0.05647232480955999
4.815,4.2852156753061,0.5297843246939005
3.74,3.4939953607626544,0.24600463923734583
5.00001,4.698982668374805,0.30102733162519435
3.246,3.2255920268515577,0.020407973148442338
2.032,2.19286445127274,-0.16086445127274018
2.854,2.147605899591595,0.7063941004084051
2.878,2.993545174683177,-0.11554517468317682
3.592,3.185741559531441,0.4062584404685592
2.656,3.019570564372199,-0.3635705643721989
2.818,2.738657100748496,0.07934289925150395
3.495,3.905197673755151,-0.4101976737551509
3.346,3.308154102160727,0.03784589783927306
4.771,4.212973782930929,0.5580262170690711
3.776,3.5930848450151815,0.18291515498481825
2.314,1.9176918860603898,0.3963081139396103
1.656,2.029873382975071,-0.3738733829750711
2.181,2.386169527791209,-0.20516952779120912
2.223,2.232282847177336,-0.009282847177336073
2.21,2.8155753488720445,-0.6055753488720446
1.96,2.100711596127376,-0.14071159612737594
2.357,2.681098104844307,-0.3240981048443068
2.201,1.7598315866648726,0.44116841333512746
1.996,1.5499053773753055,0.44609462262469446
2.292,2.282768028044303,0.009231971955697027
2.48,2.233679996169321,0.2463200038306792
2.119,1.9477575086575998,0.17124249134240044
3.185,2.926773329893658,0.25822667010634204
2.705,2.6661621958322317,0.038837804167768386
2.747,2.573343719202557,0.17365628079744289
5.00001,5.2001986100853355,-0.20018861008533584
5.00001,4.721769676350309,0.2782403236496904
5.00001,3.5630126307084113,1.4369973692915883
4.318,3.834802624954464,0.4831973750455356
5.00001,4.618488941649979,0.38152105835002104
4.569,4.19672900458402,0.3722709954159802
2.676,2.640428882616547,0.0355711173834532
1.5,2.0680527098114387,-0.5680527098114387
2.256,1.690330388850613,0.5656696111493869
2.44,2.5366324850375337,-0.09663248503753374
2.342,2.606531710918075,-0.2645317109180749
2.367,2.865394484276885,-0.49839448427688504
2.0,2.090782102928839,-0.09078210292883915
2.368,2.2094629554707432,0.15853704452925665
1.464,1.9216100785068846,-0.4576100785068846
2.11,2.3650304734759073,-0.25503047347590746
2.121,1.973238575368435,0.14776142463156505
2.15,1.8468925341515732,0.30310746584842674
2.25,2.3795060156398393,-0.12950601563983932
2.364,1.7143788011395165,0.6496211988604834
1.875,2.1827434481336496,-0.3077434481336496
1.788,1.6451362937353453,0.14286370626465472
1.685,2.3101356782216778,-0.6251356782216777
1.735,2.376397954614318,-0.641397954614318
1.86,2.204916425215865,-0.34491642521586496
1.904,2.005657101833882,-0.1016571018338821
1.945,2.2820612158055047,-0.33706121580550463
2.199,2.237490291818436,-0.038490291818435995
1.903,2.6792624496581037,-0.7762624496581036
1.938,1.6991817975046806,0.23881820249531938
1.979,1.9539032985685238,0.025096701431476243
2.717,2.9830632727498347,-0.26606327274983466
1.594,1.662722026728253,-0.0687220267282529
2.473,2.457116493860509,0.015883506139490855
2.324,2.6691967890950483,-0.3451967890950485
2.271,2.564781977408273,-0.29378197740827305
2.194,2.276307480857126,-0.08230748085712625
1.531,1.827398729978594,-0.2963987299785942
2.481,2.4829819408423752,-0.0019819408423753515
2.345,2.1293721969621116,0.21562780303788864
2.167,2.0453015483603467,0.1216984516396531
1.941,2.372732200567479,-0.4317322005674791
2.449,2.066180150347606,0.3828198496523938
2.221,2.2536734112872683,-0.032673411287268195
2.306,1.8914702739056675,0.4145297260943326
2.309,3.022793429776397,-0.713793429776397
2.512,2.2930092705797507,0.21899072942024933
2.326,2.473622264057855,-0.14762226405785484
1.828,2.064772069046925,-0.23677206904692505
2.008,2.728442314379409,-0.720442314379409
2.118,2.109958342979692,0.008041657020307902
1.791,2.4251015520391555,-0.6341015520391555
1.875,3.242030189121345,-1.367030189121345
2.162,2.453012422570727,-0.2910124225707271
1.405,2.0380281728183465,-0.6330281728183464
2.801,1.8273982257648518,0.9736017742351484
2.354,2.6143633302409013,-0.2603633302409012
2.385,1.9152739191073702,0.46972608089262957
2.238,2.0821745527965403,0.1558254472034597
2.31,2.6611522851172658,-0.3511522851172657
2.412,2.9858257194147577,-0.5738257194147578
2.667,3.108510676100341,-0.4415106761003411
2.25,2.2088053280136966,0.041194671986303444
2.32,2.9022314610429514,-0.5822314610429515
2.494,2.7394628809457204,-0.24546288094572022
2.239,2.00444526014496,0.23455473985504005
2.247,2.2248584975484023,0.022141502451597628
2.139,2.9413974250294257,-0.8023974250294259
2.25,2.531882778236012,-0.28188277823601204
1.871,2.359438875169126,-0.488438875169126
1.935,1.9819770464464372,-0.04697704644643719
2.73,1.9931953244273253,0.7368046755726747
1.862,1.8680622779513265,-0.006062277951326411
2.013,1.8479409583728073,0.16505904162719265
1.874,2.028513398072153,-0.1545133980721527
1.951,1.7571030874372697,0.19389691256273034
2.25,1.5859249610819193,0.6640750389180807
2.627,2.049837846548598,0.5771621534514018
2.373,2.3524841091826887,0.020515890817311533
2.314,2.174157399342154,0.13984260065784593
1.39,2.3058080616804704,-0.9158080616804705
2.492,2.4145946330857844,0.07740536691421562
2.541,2.17326258464296,0.36773741535703985
1.585,2.436273469055044,-0.8512734690550441
1.661,1.6447626528077937,0.016237347192206375
2.23,2.554589300742421,-0.3245893007424212
1.701,1.9893986547050775,-0.2883986547050774
1.567,1.7679126176247548,-0.20091261762475487
1.754,1.865664792709178,-0.11166479270917806
1.8,1.7481859416685626,0.051814058331437485
1.625,1.7755329447647004,-0.15053294476470036
1.181,1.4245066968132059,-0.2435066968132058
1.686,1.8895527715944982,-0.20355277159449825
1.784,1.8056891423935295,-0.02168914239352948
1.839,2.237075733880999,-0.39807573388099904
1.639,2.3484353792704935,-0.7094353792704935
1.969,1.8670779614390027,0.10192203856099735
1.862,2.3852467108071567,-0.5232467108071566
1.899,1.8425966007704941,0.05640339922950588
2.035,2.074104485905898,-0.03910448590589777
1.892,2.154051793259932,-0.262051793259932
1.829,2.1484895806747493,-0.3194895806747493
1.857,2.561327291394699,-0.704327291394699
1.837,2.2029936661862517,-0.36599366618625173
1.734,2.045086413932026,-0.31108641393202596
1.8,1.9298665159704433,-0.1298665159704433
1.354,1.7921076370913973,-0.4381076370913972
1.821,2.203651644162256,-0.38265164416225583
1.815,2.395193450186497,-0.5801934501864969
1.911,2.179059597015288,-0.2680595970152879
1.896,2.6454250534703356,-0.7494250534703357
1.707,2.7409223310805255,-1.0339223310805254
1.863,2.044041669343019,-0.1810416693430188
1.868,2.522687855532847,-0.654687855532847
1.902,2.646134124663329,-0.7441341246633291
1.917,2.2801745412008865,-0.36317454120088644
2.19,1.5514730471080203,0.6385269528919797
2.555,2.5438565427269078,0.011143457273092405
1.875,1.9130734659689965,-0.03807346596899652
2.207,2.4007307832940175,-0.1937307832940176
1.858,1.9486404256328476,-0.09064042563284747
2.047,1.9385997673438393,0.10840023265616083
2.259,2.230635581821175,0.028364418178824735
2.023,1.712787552545588,0.3102124474544121
2.196,1.5831913736987677,0.6128086263012325
1.961,2.199867960756373,-0.23886796075637284
2.125,1.4530202675686947,0.6719797324313053
2.248,2.2903329783590873,-0.042332978359087114
1.99,1.9719909562237838,0.01800904377621615
2.521,1.8952599673977195,0.6257400326022804
1.914,2.6986809999655965,-0.7846809999655966
2.155,2.2791852566702784,-0.12418525667027858
2.285,1.9466032555017296,0.3383967444982705
2.0,2.5370023348522084,-0.5370023348522084
2.181,2.8143377951409008,-0.6333377951409007
2.308,2.9937775346319717,-0.6857775346319719
2.009,2.141112433153993,-0.1321124331539929
2.052,1.7549907281001342,0.2970092718998658
1.977,2.1607989132384002,-0.18379891323840014
1.974,1.994848263688102,-0.020848263688101998
1.375,2.0961273318893503,-0.7211273318893503
2.989,2.899377846220054,0.08962215377994598
1.714,2.0036345568055767,-0.2896345568055767
3.5,1.8601092141301943,1.6398907858698057
2.178,2.4661643696325477,-0.28816436963254777
2.154,2.017916000360061,0.136083999639939
1.969,1.977549929745186,-0.008549929745185869
2.132,2.095801559521628,0.036198440478372174
2.167,2.651791547756214,-0.48479154775621414
2.208,3.0639251979067517,-0.8559251979067515
2.109,2.0708812765802795,0.038118723419720446
1.863,1.6137076180367864,0.24929238196321357
1.872,2.290280047310588,-0.4182800473105879
2.081,1.619678917415756,0.461321082584244
2.286,2.6016592274592747,-0.31565922745927466
1.988,1.7826553926866586,0.20534460731334137
2.2,1.9273667950880566,0.27263320491194354
1.713,1.5516069938920953,0.16139300610790475
2.019,1.9891564736230423,0.029843526376957863
2.871,2.863417327198351,0.007582672801648815
2.825,1.9556761467721449,0.8693238532278553
3.5,1.5699847662214121,1.9300152337785879
1.647,1.7509708578182226,-0.10397085781822257
1.75,0.9479826684838977,0.8020173315161023
2.125,0.9905241563874423,1.1344758436125577
1.654,1.1215965832822867,0.5324034167177132
1.681,1.8220442204702318,-0.1410442204702318
1.606,2.2385941415557573,-0.6325941415557572
1.614,1.9275635507629971,-0.313563550762997
1.793,2.6113604580834737,-0.8183604580834738
1.664,2.20113764377875,-0.5371376437787501
1.708,1.7044308084497894,0.0035691915502105154
1.669,1.6564237541513191,0.01257624584868089
1.524,2.467236399620182,-0.943236399620182
1.846,1.8059459987814952,0.04005400121850489
1.829,1.5430857058391703,0.2859142941608297
1.531,1.6209683019614114,-0.08996830196141148
1.796,2.1032586074823123,-0.30725860748231226
1.663,2.392124057325117,-0.729124057325117
2.051,2.831245708079286,-0.7802457080792857
2.18,2.2886230540995927,-0.1086230540995925
1.595,2.3304314057928908,-0.7354314057928908
0.45,1.7078526212902743,-1.2578526212902743
1.575,1.59640639645753,-0.021406396457529953
3.5,1.8853860454862814,1.6146139545137186
2.125,2.3167662631670476,-0.1917662631670476
2.38,2.2610961778797063,0.1189038221202936
2.143,1.9789491770498442,0.1640508229501556
2.274,2.882046402921679,-0.608046402921679
2.432,2.278872224189405,0.1531277758105949
2.548,2.475004360890573,0.07299563910942686
1.722,2.1014808001897856,-0.3794808001897856
2.319,2.415100795409665,-0.0961007954096651
2.087,2.201664661864885,-0.114664661864885
2.247,2.248171424719108,-0.0011714247191081384
1.834,2.0938091988629988,-0.2598091988629987
1.974,2.129895257988005,-0.15589525798800508
1.952,2.4673993248145285,-0.5153993248145285
1.774,2.667431919176995,-0.893431919176995
1.825,2.5527753008618355,-0.7277753008618355
1.8,2.4499627157487045,-0.6499627157487045
1.804,2.0957166861088248,-0.29171668610882473
2.094,1.9417633526445441,0.15223664735545572
1.952,2.603878276235421,-0.6518782762354212
1.839,2.3873629000043106,-0.5483629000043106
2.407,2.088786766228557,0.31821323377144317
2.018,2.3457110397407868,-0.32771103974078697
1.747,2.035945796876991,-0.28894579687699085
1.771,2.3638038653294187,-0.5928038653294188
2.028,1.7980528451514297,0.2299471548485703
1.538,2.1397346129566803,-0.6017346129566803
1.463,1.977029551143999,-0.514029551143999
1.625,2.17018271274823,-0.5451827127482298
1.965,1.7726900527101166,0.1923099472898835
1.896,1.756170339169349,0.13982966083065085
1.829,1.5521395037356989,0.2768604962643011
1.531,1.59670806945274,-0.0657080694527401
1.625,2.3945273350352037,-0.7695273350352037
1.818,1.6419154825259183,0.17608451747408171
1.831,2.053077281905094,-0.22207728190509402
2.156,2.6713948093391426,-0.5153948093391425
2.063,1.7892710220655186,0.2737289779344816
1.806,2.380432296834208,-0.5744322968342082
1.808,1.8637850912131015,-0.05578509121310149
1.69,2.316271591086651,-0.6262715910866512
1.905,1.9218931498479452,-0.01689314984794521
1.678,2.239832427826067,-0.5618324278260669
2.275,2.771915024177831,-0.4969150241778313
1.797,2.307437957124161,-0.5104379571241611
1.914,2.3590333100804797,-0.44503331008047975
2.256,2.741064929435315,-0.4850649294353153
2.114,2.0905037512353557,0.02349624876464418
1.435,1.9228510479413083,-0.4878510479413083
2.13,1.9519879066717085,0.17801209332829138
2.133,1.949423395630604,0.18357660436939605
1.875,2.187125715186019,-0.31212571518601884
2.242,2.214289486603744,0.027710513396256076
1.739,1.796052858015776,-0.057052858015775865
2.038,2.1984419379469244,-0.16044193794692463
1.802,1.8837771107629997,-0.08177711076299965
2.313,2.039360969295393,0.27363903070460704
2.218,2.712820539215491,-0.4948205392154912
2.18,2.7227736595798264,-0.5427736595798263
1.884,2.302046939910866,-0.41804693991086594
2.183,2.8285660853206323,-0.6455660853206324
1.91,2.185216303634864,-0.27521630363486405
2.145,1.5066652969272978,0.6383347030727022
2.292,3.1189358834582137,-0.8269358834582139
2.143,1.7382596291938337,0.4047403708061661
1.906,2.3711486782276197,-0.46514867822761974
2.146,2.421498428656126,-0.27549842865612595
2.157,2.6073559942226368,-0.4503559942226367
2.365,2.4510859102253573,-0.08608591022535705
2.313,2.307603571681588,0.005396428318412028
1.992,2.504716831370319,-0.512716831370319
1.908,2.189556153347965,-0.28155615334796513
1.934,2.659049062546526,-0.7250490625465262
1.905,2.3505969118432573,-0.4455969118432572
1.987,1.9563648116745784,0.03063518832542167
1.843,1.704631967399774,0.1383680326002259
1.703,2.306736689448947,-0.6037366894489471
1.779,2.22348915446738,-0.44448915446738013
1.823,2.0882839087172327,-0.26528390871723273
1.903,2.1036549760030616,-0.2006549760030616
1.84,1.8211387765702731,0.01886122342972696
1.865,1.9870105130863007,-0.12201051308630073
1.338,1.7346409784548715,-0.39664097845487145
1.708,2.4247167645635153,-0.7167167645635153
1.759,2.018859388443315,-0.2598593884433149
1.711,2.0591688165507813,-0.34816881655078125
1.661,1.9243534378658753,-0.2633534378658753
1.907,2.4591904142463394,-0.5521904142463394
2.361,1.6407231843397645,0.7202768156602357
1.885,2.208491278942053,-0.323491278942053
2.693,2.471651151851815,0.2213488481481849
1.818,2.382489623004509,-0.5644896230045089
1.809,2.106765947706003,-0.29776594770600284
2.228,2.2954538858657467,-0.06745388586574652
1.622,1.6881640801463242,-0.06616408014632413
3.5,1.8789693359256157,1.6210306640743843
1.796,1.6868173628722298,0.10918263712777021
1.609,1.9616900132403026,-0.3526900132403026
1.698,1.9588849239216606,-0.2608849239216606
1.94,1.7887881212546053,0.15121187874539466
1.742,2.201739206495703,-0.4597392064957031
1.969,2.362265377272321,-0.39326537727232114
1.875,2.5066785195723917,-0.6316785195723917
1.895,2.31484879502163,-0.41984879502162986
1.939,2.088797072832544,-0.14979707283254395
1.761,1.6566932419609068,0.10430675803909306
1.88,2.252835161840069,-0.37283516184006915
1.842,2.276777345821165,-0.434777345821165
1.762,2.1888627084462415,-0.4268627084462415
1.914,2.3088856563688087,-0.3948856563688088
1.867,2.22073120677605,-0.35373120677604986
2.373,2.294342987871235,0.0786570121287653
1.963,1.6838118321253168,0.27918816787468326
2.761,3.0370320937235364,-0.2760320937235363
2.314,2.5794615186537864,-0.2654615186537863
1.839,2.1774314951658362,-0.33843149516583626
1.907,2.1868923131746887,-0.27989231317468866
1.904,2.04305793901911,-0.13905793901911023
1.741,2.241946665299001,-0.5009466652990011
1.628,2.359020186515429,-0.7310201865154291
1.416,1.993966126446227,-0.577966126446227
1.618,1.8734948970112493,-0.25549489701124917
1.779,2.1999389337328963,-0.42093893373289637
1.375,1.8455959372177522,-0.47059593721775217
1.475,2.2246131098072333,-0.7496131098072332
1.948,2.282234259218568,-0.33423425921856786
1.823,2.170712937510803,-0.34771293751080323
1.904,1.856824358501815,0.047175641498184984
1.674,2.057044910302773,-0.3830449103027731
1.743,1.71983079456511,0.023169205434890205
2.151,1.7450829566046107,0.40591704339538914
1.563,1.645871085171172,-0.08287108517117203
1.428,1.9054471082444564,-0.47744710824445646
1.6,1.7249647000291486,-0.1249647000291485
1.426,2.121520954967725,-0.6955209549677253
1.53,1.9366635434882966,-0.4066635434882966
0.875,1.8556494759010551,-0.9806494759010551
1.865,1.854658415539207,0.01034158446079303
1.597,1.4810017060966842,0.11599829390331573
1.625,1.9201078285607214,-0.2951078285607214
1.893,2.3025933422684792,-0.4095933422684792
1.795,2.2506736447254045,-0.4556736447254046
2.072,2.2402648055878136,-0.16826480558781354
2.114,2.6104697820429488,-0.4964697820429489
2.012,2.014800489600475,-0.0028004896004749646
2.252,2.7196799990380938,-0.467679999038094
2.719,2.8356311735226605,-0.11663117352266061
1.605,2.197656095849845,-0.5926560958498448
2.3,2.4130524348088076,-0.11305243480880778
2.188,2.143980643816895,0.04401935618310526
2.296,2.5702445598485344,-0.2742445598485346
2.248,3.028496265283733,-0.7804962652837326
2.738,2.4209032240765334,0.31709677592346663
2.307,2.4534754208068197,-0.14647542080681974
2.192,1.4603789693332248,0.7316210306667754
1.521,2.286159597794678,-0.7651595977946779
2.609,2.8114125481588466,-0.20241254815884657
2.304,2.543820338442678,-0.23982033844267825
2.65,2.4897328254521067,0.1602671745478932
2.392,2.8022530102140633,-0.41025301021406335
2.528,1.9579405777516068,0.5700594222483932
1.373,1.905690764492217,-0.532690764492217
3.724,3.80276844030156,-0.07876844030155983
3.298,3.1364306141672547,0.16156938583274538
3.374,3.50279259197903,-0.12879259197903004
1.979,2.1466932615332217,-0.16769326153322162
2.113,2.2706874508878174,-0.15768745088781744
2.949,3.1077358688406065,-0.15873586884060664
1.375,2.3262836218833507,-0.9512836218833507
1.392,2.2646277767110816,-0.8726277767110817
2.62,1.9199188179338178,0.7000811820661823
2.225,2.7906240968799474,-0.5656240968799473
2.242,2.507721558631108,-0.26572155863110813
2.3,2.274163529600206,0.025836470399793754
3.476,3.0255714077902707,0.4504285922097293
3.018,3.3013450002906386,-0.2833450002906388
2.734,2.693696087677015,0.040303912322984914
2.88,2.839389716546799,0.040610283453200946
3.182,3.1873151754491684,-0.0053151754491684855
2.956,3.081608756634279,-0.12560875663427895
3.195,3.406969167190737,-0.2119691671907371
2.058,2.208796413766443,-0.15079641376644304
2.258,2.124081594330401,0.13391840566959923
2.742,2.5909168561179947,0.15108314388200528
3.426,2.8060673249970116,0.6199326750029885
2.909,2.0317286267156436,0.8772713732843562
3.045,2.1419542662978865,0.9030457337021134
3.065,2.8585250372172153,0.20647496278278465
2.765,2.8348355796888036,-0.0698355796888035
1.588,2.2429976224150145,-0.6549976224150145
2.845,2.8483643969499735,-0.0033643969499732584
2.846,3.2460954832450937,-0.4000954832450936
2.319,2.5567130845986705,-0.23771308459867058
3.502,3.242844711516208,0.25915528848379177
2.92,3.155412778829751,-0.2354127788297511
3.905,3.4270130063353013,0.47798699366469855
2.793,2.652381523218944,0.14061847678105632
2.896,2.39467512463181,0.5013248753681898
2.904,2.833704878474552,0.0702951215254477
3.167,3.5102910827765896,-0.3432910827765898
2.78,3.0220205863992087,-0.24202058639920887
2.646,2.7807147162092485,-0.13471471620924858
2.529,2.6585131543741176,-0.1295131543741177
2.861,2.7869512793386457,0.07404872066135448
2.294,2.14811399839777,0.14588600160222986
2.392,2.2123464726933673,0.17965352730663264
2.13,2.0732483472156567,0.05675165278434324
2.472,2.8101478588412765,-0.3381478588412765
2.651,2.8391103902880053,-0.18811039028800547
2.815,2.8267503260373035,-0.011750326037303527
3.821,3.1148933243601893,0.7061066756398109
3.333,3.381845114021229,-0.04884511402122893
3.506,3.1516908113125965,0.35430918868740324
3.393,2.603440922951911,0.7895590770480889
3.44,2.962406971313269,0.4775930286867309
2.898,2.8025503150246274,0.09544968497537276
3.433,3.7045949620768925,-0.2715949620768927
3.631,2.287326748147954,1.3436732518520458
3.839,3.204618998295708,0.6343810017042921
2.698,2.9629556687320324,-0.26495566873203247
2.197,2.04918922854041,0.1478107714595902
2.404,3.0552858567443715,-0.6512858567443716
2.431,2.7088511879095645,-0.2778511879095644
2.647,2.863473354866762,-0.21647335486676234
2.794,3.01190612245246,-0.21790612245245988
3.307,3.2193883318701886,0.08761166812981136
1.803,1.6477666737978074,0.15523332620219255
3.691,3.3562135369831623,0.33478646301683757
2.819,2.993817152595045,-0.17481715259504504
3.329,3.144761531314068,0.18423846868593197
3.908,3.3188271132273703,0.5891728867726296
2.321,2.827682866603286,-0.5066828666032857
4.477,2.9001546506764337,1.5768453493235666
3.976,2.6406847492779777,1.3353152507220223
4.292,2.421915885443981,1.8700841145560188
4.427,2.406817515559285,2.020182484440715
4.083,2.1077068044840517,1.9752931955159485
2.736,2.4650278817302604,0.27097211826973977
1.869,2.037996447963063,-0.1689964479630628
2.346,2.2504541379134406,0.09554586208655946
2.167,2.016599078835938,0.15040092116406178
2.822,2.457222928394542,0.36477707160545814
3.5,2.1475326559476793,1.3524673440523207
2.625,2.0772527536269227,0.5477472463730773
2.529,1.9438999357943292,0.5851000642056707
3.531,2.6369202231447577,0.8940797768552424
2.688,1.7480445856181086,0.9399554143818916
2.714,2.3092421629487254,0.40475783705127455
4.777,4.446511683222627,0.3304883167773731
2.854,3.147324335062817,-0.29332433506281674
3.878,2.6027318135292212,1.2752681864707789
2.797,2.192637884915216,0.604362115084784
2.375,1.7429351504105226,0.6320648495894774
2.167,1.764531191264834,0.4024688087351658
3.319,2.736660810204735,0.582339189795265
2.857,3.027803321466773,-0.17080332146677257
2.678,2.3484531301289207,0.3295468698710793
3.025,3.1537264967019336,-0.1287264967019337
3.369,2.625307717793378,0.7436922822066223
2.61,2.660750396522164,-0.05075039652216429
2.378,2.4533544066833217,-0.0753544066833216
2.509,2.11230692844382,0.39669307155618005
3.428,3.083639777958525,0.344360222041475
2.208,1.9624480471754493,0.2455519528245509
2.557,2.7215062113645585,-0.16450621136455856
1.348,2.3567179096348574,-1.0087179096348573
1.885,2.0687614924501103,-0.1837614924501103
2.956,2.4925941509990017,0.46340584900099824
3.027,3.4284593795975877,-0.4014593795975876
5.00001,4.966785260447177,0.033224739552822236
2.488,2.430404103122429,0.05759589687757094
2.164,2.7087960758175287,-0.5447960758175285
3.5,1.326951141072478,2.173048858927522
2.878,2.924314143713971,-0.04631414371397069
3.953,3.4848392608526835,0.4681607391473164
2.714,3.003609122965304,-0.28960912296530417
4.379,4.308525043000046,0.07047495699995387
1.694,2.54536873420727,-0.85136873420727
1.889,2.332518179216398,-0.443518179216398
1.825,2.2783996307287953,-0.4533996307287953
2.951,2.961849473421924,-0.010849473421923772
3.969,3.0370486243824866,0.9319513756175133
3.8,3.278496795730606,0.5215032042693939
4.0,2.8049877991612258,1.1950122008387742
3.464,3.170037130457498,0.29396286954250206
5.00001,2.885211333096785,2.114798666903215
4.222,2.779129893794586,1.4428701062054143
3.905,2.6954765402055445,1.2095234597944553
4.955,2.6789444211332043,2.2760555788667958
4.571,2.732378183212715,1.8386218167872848
5.00001,2.9027956851755814,2.0972143148244182
5.00001,2.525557171178039,2.4744528288219607
4.85,2.740683469613408,2.1093165303865917
5.00001,2.877499724644817,2.1225102753551828
5.00001,4.278073909906032,0.7219360900939673
5.00001,2.958984178476135,2.041025821523865
4.616,4.08342177573481,0.5325782242651895
5.00001,4.403767972409721,0.5962420275902787
4.017,4.577967490927248,-0.560967490927248
5.00001,6.590059118501032,-1.5900491185010326
5.00001,4.741273017137438,0.25873698286256186
3.407,3.515843164471767,-0.10884316447176712
2.661,2.629147509579663,0.031852490420337
2.261,2.8449608266278466,-0.5839608266278464
1.745,2.199713577672001,-0.4547135776720008
0.62,1.460066087049181,-0.8400660870491811
0.875,1.5115635442668398,-0.6365635442668398
0.675,1.640398027523545,-0.965398027523545
0.685,1.468590017042421,-0.783590017042421
0.469,1.3380797677107976,-0.8690797677107976
0.585,1.4384381308390035,-0.8534381308390036
0.613,1.432405325242034,-0.8194053252420339
0.543,1.3825984836952885,-0.8395984836952884
0.467,1.3495346824414538,-0.8825346824414537
0.713,1.601566863536588,-0.8885668635365881
0.675,1.4043509975398762,-0.7293509975398762
1.76,1.8222047458332176,-0.062204745833217556
1.86,2.510556887388494,-0.6505568873884939
1.375,1.8085920476121768,-0.43359204761217685
3.167,2.929117515688775,0.23788248431122483
2.148,2.326650286282957,-0.17865028628295665
2.312,2.817461620489063,-0.5054616204890632
2.219,2.903137999006111,-0.6841379990061109
3.388,3.1792533758433454,0.20874662415665446
2.356,2.563644369522685,-0.20764436952268506
2.358,2.7007691912335887,-0.3427691912335886
2.482,2.99260532724165,-0.5106053272416498
2.341,2.7741235956849315,-0.4331235956849313
2.649,2.932420441141532,-0.2834204411415322
1.8,2.1045600799533113,-0.30456007995331125
1.996,2.0485409207093648,-0.05254092070936478
1.844,1.9583846672684184,-0.11438466726841834
2.075,2.492533565400501,-0.4175335654005008
2.4,2.362911933968057,0.03708806603194281
3.047,2.277511158397322,0.7694888416026782
2.481,2.2808194074557964,0.2001805925442035
2.849,3.1227072999662253,-0.2737072999662251
2.024,1.8712298046012306,0.15277019539876946
1.974,2.2161479280380876,-0.2421479280380876
1.909,2.0179668607473595,-0.1089668607473595
1.777,1.3876741681860558,0.3893258318139441
1.918,1.957563340031316,-0.03956334003131601
1.5,1.5784261715538208,-0.07842617155382081
1.925,2.3998545924597403,-0.47485459245974027
2.106,2.6179844029504062,-0.5119844029504064
2.075,2.6629075081667324,-0.5879075081667322
2.115,2.5770766433606154,-0.46207664336061516
1.958,2.103602855593656,-0.14560285559365593
2.041,2.7877781945292117,-0.7467781945292118
2.175,2.9432340194218147,-0.7682340194218149
1.919,2.170978300010071,-0.2519783000100708
1.777,1.6045918768840195,0.17240812311598042
1.928,1.9299863462743962,-0.001986346274396311
1.942,1.9085264403935722,0.03347355960642773
2.117,2.0338955422205087,0.08310445777949127
1.792,1.7719954461198009,0.020004553880199172
2.088,1.7793162788859438,0.3086837211140563
2.212,1.8176942880419706,0.39430571195802955
1.813,2.566309258145546,-0.7533092581455458
2.189,2.766740745105089,-0.5777407451050891
2.559,2.7986425338605345,-0.23964253386053436
2.235,2.6247553798786294,-0.3897553798786295
2.949,3.3078778889851694,-0.3588778889851696
2.376,2.904222695986704,-0.5282226959867042
2.166,2.3152147076080754,-0.14921470760807543
2.232,2.7287228170533995,-0.49672281705339927
2.289,2.770997348361895,-0.4819973483618947
2.074,2.913513219414847,-0.8395132194148474
2.575,2.5060035210979907,0.06899647890200944
2.331,2.92990481530963,-0.5989048153096301
2.701,3.1559171752322617,-0.4549171752322616
2.594,2.8401088597446953,-0.24610885974469543
2.471,2.805957535070002,-0.3349575350700018
3.694,3.029576252602979,0.6644237473970209
3.845,3.443009343567789,0.4019906564322113
3.762,3.63372066686248,0.12827933313751982
3.427,3.128350530285049,0.2986494697149511
3.624,2.9247088225023354,0.6992911774976647
3.601,3.214867494686088,0.38613250531391197
3.72,2.8114570931083005,0.9085429068916997
3.647,3.3109145889691307,0.3360854110308691
3.401,2.599574247059272,0.8014257529407276
2.404,2.945785456483514,-0.5417854564835141
2.58,2.8006218527347864,-0.2206218527347863
1.938,2.877709043051033,-0.9397090430510329
3.596,3.793519279608875,-0.19751927960887494
2.195,2.5859855332762023,-0.39098553327620245
3.909,3.8840984577423736,0.024901542257626197
3.535,2.8286251231277832,0.7063748768722169
3.591,3.1127833398221205,0.47821666017787967
3.556,3.3895485719969227,0.16645142800307733
2.451,2.6238240301869507,-0.17282403018695058
1.969,2.5836430415079055,-0.6146430415079054
3.207,3.0429312591042414,0.1640687408957584
2.125,2.320511754147833,-0.19551175414783284
1.953,2.091007487548787,-0.1380074875487869
1.931,2.03933285939023,-0.10833285939022996
2.774,1.784823002652289,0.9891769973477109
2.56,2.306259245986555,0.2537407540134451
3.297,3.1619427081898848,0.1350572918101154
3.207,2.3582712578159755,0.8487287421840244
2.739,2.830493936412189,-0.09149393641218895
2.019,2.184528294880464,-0.16552829488046372
1.596,2.615502246236888,-1.019502246236888
1.909,2.3688439756386277,-0.45984397563862767
2.63,2.6138995407569268,0.01610045924307313
3.988,3.8615104308900197,0.12648956910998033
2.182,2.241724271161988,-0.059724271161988085
2.375,1.959510830984236,0.41548916901576405
2.444,2.7715309227392266,-0.3275309227392267
2.453,2.0115882269268077,0.4414117730731921
3.185,2.924391638261192,0.2606083617388082
2.583,2.3614804637462505,0.22151953625374965
2.6,1.9722099391689627,0.6277900608310374
1.984,2.349045948537293,-0.365045948537293
2.296,2.36257479505558,-0.06657479505558017
1.328,1.935755236776138,-0.6077552367761379
2.264,2.3777642626216005,-0.11376426262160066
2.867,2.7547847532535545,0.11221524674644545
3.439,2.4140047401953675,1.0249952598046326
3.867,3.824364712482925,0.042635287517074794
1.638,2.1748150653527203,-0.5368150653527204
2.134,2.360098380476587,-0.22609838047658704
2.41,2.7939808676449034,-0.38398086764490325
2.161,2.841965957371854,-0.6809659573718538
2.346,2.655242799182336,-0.3092427991823361
2.374,2.773120003100293,-0.39912000310029283
2.893,2.280576325753182,0.6124236742468177
2.792,2.7010811670893338,0.09091883291066605
3.159,2.7365213710914067,0.4224786289085931
3.131,2.850026544371187,0.2809734556288128
3.285,3.444797698845848,-0.15979769884584805
3.444,2.0343541790698465,1.4096458209301534
2.086,2.609205700944087,-0.5232057009440871
2.156,2.134371369272856,0.02162863072714405
1.96,2.25169501693891,-0.2916950169389101
2.176,1.9158899115755104,0.2601100884244898
2.045,2.0992819112717975,-0.0542819112717976
1.923,2.2057189410653604,-0.28271894106536033
1.901,2.312451245063716,-0.4114512450637158
2.009,2.662370537536105,-0.6533705375361052
2.207,2.765654595131036,-0.5586545951310362
2.13,2.7047730834802706,-0.5747730834802707
2.037,2.2206525127789103,-0.18365251277891037
2.241,2.132628697622057,0.10837130237794312
2.093,2.1944327852605316,-0.10143278526053168
1.952,2.4500587856508336,-0.4980587856508336
1.88,2.4262333567548886,-0.5462333567548887
1.942,1.93418220499341,0.007817795006589856
2.021,2.4143460536587007,-0.3933460536587008
2.134,2.665162211805274,-0.5311622118052739
2.141,2.3312256682095014,-0.19022566820950138
2.264,2.76662883210772,-0.5026288321077201
1.872,1.9908652985600408,-0.11886529856004069
2.126,2.5052863479544856,-0.3792863479544857
1.972,2.2535979985262147,-0.2815979985262147
2.03,2.054603308146464,-0.024603308146464276
1.926,2.6629013388749345,-0.7369013388749346
2.07,2.592725576835127,-0.5227255768351271
1.951,2.2354127414926923,-0.28441274149269224
1.651,1.758755238236348,-0.10775523823634803
1.857,1.8853738625258731,-0.02837386252587315
1.78,1.7798610292841974,0.0001389707158025999
2.681,2.406976342887007,0.27402365711299304
2.696,1.9833396668275975,0.7126603331724026
1.594,2.258274843636138,-0.6642748436361379
1.611,2.281291723707365,-0.6702917237073651
1.708,1.6794979093604259,0.028502090639574096
1.74,1.8649925631346902,-0.1249925631346902
1.656,1.7301720692402416,-0.07417206924024167
2.17,1.694247635069311,0.47575236493068895
1.619,2.153806791405558,-0.5348067914055579
1.761,1.7603332081685497,0.0006667918314502419
3.937,3.2393169996376736,0.6976830003623262
2.406,3.110013278778199,-0.704013278778199
1.605,2.294547631827297,-0.6895476318272968
3.478,3.8860101334893344,-0.40801013348933424
1.818,2.4976339887597323,-0.6796339887597322
1.375,1.679046897417271,-0.304046897417271
1.851,2.469006138166277,-0.6180061381662769
2.185,2.8746811252237268,-0.6896811252237267
3.674,4.007817852039918,-0.333817852039918
3.216,2.745817158501303,0.47018284149869727
4.628,4.535648264191242,0.09235173580875777
1.438,0.32335046552427915,1.1146495344757208
1.24,0.44347062434242335,0.7965293756575766
1.7,-0.491515952837525,2.191515952837525
2.0,0.7736213774628327,1.2263786225371673
1.719,0.4788910985796606,1.2401089014203395
1.278,0.911759569005274,0.36624043099472603
1.469,0.8353532588165631,0.633646741183437
1.458,0.5690999090732767,0.8889000909267233
1.766,2.0903382692533397,-0.32433826925333964
2.833,0.7819581917423417,2.0510418082576587
1.792,0.6331197572799296,1.1588802427200704
3.6,0.8439897066202069,2.756010293379793
2.132,0.5591977273788475,1.5728022726211526
1.969,0.29345851739882756,1.6755414826011725
1.583,0.9595848716814377,0.6234151283185623
1.533,0.582662875872973,0.9503371241270269
1.469,1.0757568705448515,0.3932431294551486
1.695,1.0156193060188448,0.6793806939811553
1.635,0.5108322145039441,1.124167785496056
1.238,0.3406640876085727,0.8973359123914273
1.545,1.5001392018369155,0.044860798163084414
0.993,0.05769000733412444,0.9353099926658756
0.936,0.5347863145696479,0.4012136854303522
2.25,0.23033377631267093,2.019666223687329
1.393,0.3620987222547405,1.0309012777452595
1.468,0.9400094331231768,0.5279905668768232
1.01,0.857405925877385,0.15259407412261505
1.182,0.4929188098907331,0.6890811901092668
0.977,0.5584549477345002,0.41854505226549976
1.43,0.682055718776998,0.7479442812230019
1.384,0.7468252552329222,0.6371747447670777
1.843,1.2995328823613312,0.5434671176386687
1.39,0.9807949994221119,0.409205000577888
1.222,0.6804259067510152,0.5415740932489848
2.394,1.7496317668500656,0.6443682331499345
2.165,0.9910561029717879,1.1739438970282121
1.281,1.1061085778652526,0.1748914221347473
1.931,1.4270749573485328,0.5039250426514672
2.201,2.008816580595482,0.19218341940451822
2.371,1.6465588988888138,0.7244411011111862
2.878,2.1175050157969713,0.7604949842030289
2.766,3.209520428303495,-0.4435204283034948
2.365,1.3273135620448877,1.0376864379551125
2.33,1.6906312386888886,0.6393687613111114
2.175,1.3905316934604142,0.7844683065395857
2.778,2.1107125751749924,0.6672874248250076
2.201,1.7689133806620108,0.4320866193379893
2.392,0.9761078835248185,1.4158921164751814
2.644,1.2804507353749903,1.3635492646250098
3.94,2.135965141096527,1.804034858903473
3.348,2.685049693550326,0.662950306449674
2.731,2.167887007119265,0.5631129928807348
2.476,1.6036258292907526,0.8723741707092474
2.296,1.7558824323339361,0.5401175676660637
2.037,1.633403649113364,0.4035963508866358
1.549,0.9566547046885656,0.5923452953114343
1.721,1.8148630486899173,-0.09386304868991724
1.359,1.1502153544336347,0.20878464556636533
2.674,1.8127488266585319,0.8612511733414681
1.987,2.0013645331267567,-0.014364533126756562
1.794,1.432465326190856,0.36153467380914406
1.285,0.8993695847840875,0.38563041521591246
1.347,1.5383490112670257,-0.19134901126702575
1.392,1.2111081169680464,0.18089188303195347
2.201,1.0937197447441727,1.1072802552558274
1.863,1.45066721846679,0.41233278153321007
1.292,1.3075353350372563,-0.015535335037256237
0.863,1.1067452528284119,-0.24374525282841186
0.838,0.8807046781374723,-0.04270467813747236
0.879,1.051287422517754,-0.17228742251775397
1.693,1.3141957488878044,0.3788042511121956
1.019,0.9544127008450274,0.06458729915497252
0.853,1.244693400240772,-0.3916934002407719
1.875,2.0600429904135673,-0.1850429904135673
2.014,1.9303901588381254,0.08360984116187442
1.479,1.210896126955184,0.2681038730448162
1.411,1.106808953555806,0.3041910464441939
1.365,0.18644093501838555,1.1785590649816144
1.426,0.6085044436903795,0.8174955563096205
2.18,2.1542521937965615,0.02574780620343864
2.173,1.6177712800029198,0.5552287199970802
1.887,1.8118557456030935,0.07514425439690653
1.732,1.2541466673760238,0.4778533326239762
1.102,1.051728067253905,0.05027193274609498
0.92,0.8636289961606387,0.05637100383936133
1.248,1.1474296470448186,0.10057035295518135
2.094,2.110040878535799,-0.016040878535799052
1.519,1.1286320376851375,0.39036796231486237
1.394,1.3513821171538187,0.042617882846181177
1.244,0.8535527387568265,0.3904472612431735
1.627,1.4387878341728069,0.18821216582719313
1.264,1.2447079149277063,0.01929208507229374
0.821,0.7462675305265334,0.07473246947346657
1.926,1.5194142934879111,0.4065857065120888
1.914,1.4825232434780933,0.43147675652190665
1.087,1.2570679620689225,-0.1700679620689225
0.936,0.9680424174428608,-0.03204241744286074
1.108,0.9876127348154848,0.12038726518451526
0.993,1.1080748385448582,-0.11507483854485823
0.913,1.2384193130004415,-0.32541931300044147
1.113,0.8354424165195047,0.2775575834804953
2.12,1.4066300011528021,0.713369998847198
1.355,0.9332305043005262,0.42176949569947375
1.905,1.2720803053294873,0.6329196946705127
1.25,0.3668382695089205,0.8831617304910795
1.64,1.3619800128934423,0.2780199871065576
1.588,1.0347557441890374,0.5532442558109627
2.206,1.2950690948532786,0.9109309051467214
1.963,1.4246713751510454,0.5383286248489547
1.586,0.37073060962215987,1.2152693903778402
0.553,0.6239704457047535,-0.07097044570475342
2.128,1.3678828284573221,0.760117171542678
2.019,1.3602271805529322,0.6587728194470679
1.919,1.5931687485580937,0.3258312514419064
1.923,1.6120547163917396,0.31094528360826046
1.561,0.7106188758354828,0.8503811241645172
1.677,0.5408891886612404,1.1361108113387597
1.507,1.4560845343481739,0.05091546565182603
1.532,0.8326304377348162,0.6993695622651839
1.668,0.47339990628497475,1.1946000937150252
1.629,1.0293170866553125,0.5996829133446875
1.743,1.5500848543816454,0.19291514561835466
1.854,1.0869420842233466,0.7670579157766535
3.125,3.8999494584631034,-0.7749494584631034
1.427,1.2645060864173945,0.16249391358260556
1.289,0.6768685315847927,0.6121314684152073
1.188,0.8767279788585132,0.3112720211414868
1.75,1.2701304915008953,0.4798695084991047
1.413,0.2871570429233503,1.1258429570766497
2.44,0.5103851683974248,1.9296148316025752
1.391,0.6129425593390254,0.7780574406609746
1.48,0.7739573254049483,0.7060426745950517
1.515,0.7001585474719854,0.8148414525280145
0.878,0.05651402637733405,0.821485973622666
0.835,0.33531732026327044,0.49968267973672953
0.709,0.00706343852274971,0.7019365614772503
0.819,0.3493655456688103,0.46963445433118967
0.966,0.5241299203916361,0.4418700796083639
1.188,0.338136092766431,0.849863907233569
1.025,0.46606735068955185,0.5589326493104481
0.882,0.11313331198622567,0.7688666880137743
1.02,-0.07405668446057234,1.0940566844605724
1.305,0.13709611012159617,1.1679038898784038
1.265,0.9323259887558588,0.3326740112441411
0.83,0.5590147040727973,0.27098529592720266
0.888,0.36313714197632674,0.5248628580236733
0.719,0.11671116336369103,0.6022888366363089
1.0,-0.08055108017102253,1.0805510801710225
0.559,-0.011959806455597466,0.5709598064555975
0.759,-0.12414504742105281,0.8831450474210528
0.928,-0.23435871940409747,1.1623587194040974
0.825,0.09587313015065302,0.7291268698493469
0.892,-0.041016251541780235,0.9330162515417803
0.696,-0.013615123007941765,0.7096151230079417
0.58,-0.176290649395634,0.756290649395634
0.75,0.3266637029262909,0.4233362970737091
0.894,0.24057360651642634,0.6534263934835737
0.675,3.603680324614543,-2.928680324614543
0.936,0.740736274655267,0.19526372534473302
0.771,0.02562361863702023,0.7453763813629798
1.938,1.2210889612297784,0.7169110387702216
1.375,0.2653639707763633,1.1096360292236367
1.438,0.7236047100937621,0.7143952899062378
1.134,0.5752645183795368,0.558735481620463
1.115,-0.12767085775101883,1.2426708577510188
1.452,0.375040033790073,1.076959966209927
0.878,1.3220723162355539,-0.4440723162355539
0.929,1.5591280369000202,-0.6301280369000202
0.889,1.2711944076213437,-0.3821944076213437
0.906,1.606971503504401,-0.700971503504401
1.051,1.4527811252631455,-0.4017811252631456
1.242,1.4998329730620694,-0.2578329730620694
1.238,1.6590955904581912,-0.4210955904581912
1.417,1.466436397932724,-0.04943639793272392
1.016,1.3546744504713,-0.33867445047129996
1.691,1.553195121819746,0.1378048781802541
1.25,1.4080565921795232,-0.15805659217952317
0.967,1.3348009752197891,-0.36780097521978916
1.55,0.9666459168248782,0.5833540831751218
1.625,1.0082210940690848,0.6167789059309152
0.958,0.9057941628186017,0.05220583718139826
1.142,1.082831125634815,0.05916887436518481
0.823,1.3001873343941341,-0.4771873343941342
0.924,1.2480748830562463,-0.3240748830562462
0.799,0.8741774637028303,-0.0751774637028303
0.848,1.1029350476852318,-0.2549350476852318
1.25,1.3784319784122276,-0.12843197841222764
1.125,1.4087991736386756,-0.2837991736386756
0.859,1.0643213451542242,-0.20532134515422418
1.225,1.4625610242571447,-0.23756102425714465
0.822,1.3562733664735358,-0.5342733664735358
0.807,1.2746730550593641,-0.4676730550593641
2.166,3.073513990554657,-0.9075139905546572
2.352,3.3898941644041205,-1.0378941644041206
2.048,3.1458653312097256,-1.0978653312097255
2.196,2.6306925199427247,-0.4346925199427245
3.152,3.3065999818216585,-0.15459998182165835
1.362,2.1190145411354018,-0.7570145411354017
1.5,1.4274918463757607,0.07250815362423935
1.293,1.6966157138073596,-0.4036157138073597
1.255,1.8393358566487,-0.5843358566487
1.179,1.7287348377094753,-0.5497348377094753
1.489,2.3172493981547366,-0.8282493981547365
1.348,1.8001350652577637,-0.4521350652577636
1.188,1.2504851431323463,-0.06248514313234632
1.234,1.7816407413254551,-0.5476407413254551
1.578,1.930239522921395,-0.3522395229213948
1.125,5.5668476360408015,-4.4418476360408015
1.165,1.7325687727949166,-0.5675687727949166
1.153,1.791663569798696,-0.638663569798696
1.115,1.6565811292359154,-0.5415811292359154
1.173,1.357261034478176,-0.18426103447817588
1.321,1.441107801741888,-0.12010780174188795
1.239,1.469942313204724,-0.23094231320472391
1.108,1.3993229808254406,-0.2913229808254405
0.981,1.3875511957342,-0.40655119573419995
1.127,1.3680976891097112,-0.2410976891097112
1.338,1.6368495734917885,-0.2988495734917884
1.229,1.5705867882197553,-0.3415867882197552
1.207,1.921644650423913,-0.714644650423913
1.214,0.9593373245497672,0.2546626754502328
1.144,2.044719828333554,-0.900719828333554
1.426,1.9079426314295342,-0.4819426314295343
1.401,1.7590491063920335,-0.35804910639203347
1.368,1.6667476413756708,-0.29874764137567067
1.279,2.094955170201535,-0.8159551702015353
1.091,1.8206492694143364,-0.7296492694143364
0.827,1.5196761871325706,-0.6926761871325706
0.813,1.186756970008997,-0.3737569700089971
0.893,1.9315726874297607,-1.0385726874297607
1.12,1.749760030390015,-0.6297600303900148
1.16,1.5749270139345493,-0.41492701393454934
1.176,1.528892491330091,-0.35289249133009104
1.125,1.6216668560501435,-0.4966668560501435
1.256,1.583960083713747,-0.3279600837137471
1.185,1.2790317709713555,-0.0940317709713554
1.135,1.7319089098670384,-0.5969089098670384
1.139,1.964534629221845,-0.8255346292218451
1.045,1.9717885765708207,-0.9267885765708208
1.133,2.0797166243899494,-0.9467166243899494
1.293,1.156122370046457,0.13687762995354302
1.094,1.2832198022338397,-0.1892198022338396
1.16,2.1427013640779737,-0.9827013640779738
1.037,1.017358381343461,0.019641618656538906
1.141,1.8719797430533052,-0.7309797430533052
1.269,1.7854926538728642,-0.5164926538728642
1.187,1.9378374926774693,-0.7508374926774692
1.299,2.021775929204057,-0.7227759292040572
1.139,1.5651418610387504,-0.4261418610387504
1.108,1.570359294432644,-0.462359294432644
1.214,1.7470810895411628,-0.5330810895411628
1.133,1.2869953467873394,-0.1539953467873394
1.137,1.1425707523373556,-0.0055707523373556
3.141,1.562754224310263,1.578245775689737
1.487,1.8734939270508342,-0.3864939270508341
1.38,1.8213671249727161,-0.44136712497271624
1.938,3.028747297895517,-1.0907472978955173
0.878,1.2503179952742718,-0.3723179952742718
0.92,1.2378972511234352,-0.31789725112343514
0.978,1.4532071070809942,-0.47520710708099423
1.628,1.6341032231410657,-0.006103223141065817
0.868,0.9509782412203003,-0.08297824122030029
0.762,1.1737510274609957,-0.4117510274609957
0.834,1.1651359460462591,-0.3311359460462592
1.522,1.7790737411401274,-0.2570737411401274
1.195,1.338805012346001,-0.14380501234600085
0.952,1.3023408518225106,-0.3503408518225106
0.983,1.539403832602372,-0.556403832602372
0.886,0.8596019743347436,0.026398025665256397
0.966,1.4860519680177888,-0.5200519680177889
1.169,1.900514119481387,-0.731514119481387
1.713,1.778921868762998,-0.06592186876299788
1.285,1.826721139357439,-0.541721139357439
1.164,2.1805779620612165,-1.0165779620612165
1.15,1.5336484253406981,-0.3836484253406982
1.606,2.0565080344557582,-0.45050803445575816
1.387,1.8457752700568906,-0.45877527005689056
1.581,1.964215974024609,-0.38321597402460905
1.211,1.9540043713233126,-0.7430043713233125
1.082,1.8206697051508243,-0.7386697051508242
1.424,2.0167428055192977,-0.5927428055192978
1.353,1.1347330460316865,0.21826695396831353
1.455,1.5688967410951782,-0.11389674109517811
1.247,1.6220892105155025,-0.37508921051550237
1.829,2.13204562166315,-0.3030456216631501
1.41,1.8173029958291438,-0.40730299582914387
1.41,1.9360576805897274,-0.5260576805897275
1.375,1.7642001388061126,-0.3892001388061126
3.75,2.086871290174881,1.663128709825119
1.531,1.5856853347752309,-0.054685334775230965
0.75,1.227578004652975,-0.47757800465297495
2.032,1.8403051774250474,0.19169482257495263
1.639,2.0720671968081996,-0.4330671968081996
1.643,0.7735833523764353,0.8694166476235647
2.571,2.7818751039320198,-0.21087510393201958
2.719,2.910119807255249,-0.19111980725524935
2.294,2.44125089303217,-0.1472508930321701
2.034,2.204595528185906,-0.17059552818590618
1.376,1.6523902363971361,-0.2763902363971362
1.917,1.2809169852098359,0.6360830147901642
1.648,2.4791588463726986,-0.8311588463726987
2.208,2.139043525340721,0.06895647465927901
2.51,3.0675558037706145,-0.5575558037706148
1.543,1.9345217149815166,-0.39152171498151667
1.633,2.198271833354407,-0.5652718333544069
1.988,1.5792630966766923,0.4087369033233077
2.335,2.446668039359699,-0.11166803935969893
2.464,2.560272658537716,-0.09627265853771583
2.146,2.321037340735725,-0.17503734073572508
2.442,3.2823709279122637,-0.8403709279122635
1.356,1.9189874399412292,-0.5629874399412291
1.391,1.475386028293948,-0.08438602829394792
1.156,1.5375598438985856,-0.38155984389858566
1.468,2.034589279049334,-0.5665892790493339
1.691,2.0757801708232764,-0.3847801708232763
0.996,1.780444560793576,-0.7844445607935759
1.246,1.8322696375626903,-0.5862696375626903
1.392,1.8340566213798335,-0.4420566213798336
1.434,2.162726457057042,-0.7287264570570422
0.858,1.0029793946144838,-0.14497939461448384
0.885,1.6616558042955258,-0.7766558042955258
1.129,1.4102544689789585,-0.28125446897895845
1.173,1.5915344519108037,-0.41853445191080363
1.271,1.8478451163549212,-0.5768451163549213
1.147,1.3909993694842304,-0.2439993694842304
1.328,1.6429478786210545,-0.31494787862105444
1.211,1.6323452568565398,-0.4213452568565397
1.105,1.7392837355381368,-0.6342837355381368
1.056,1.6266836550967907,-0.5706836550967906
1.054,1.7240746233921627,-0.6700746233921626
1.22,1.3874064433528401,-0.16740644335284016
1.261,1.6687313188418549,-0.407731318841855
1.246,1.856573969632899,-0.6105739696328989
1.273,1.137317325996119,0.135682674003881
1.448,1.5060779780295859,-0.05807797802958592
1.499,2.01015573026036,-0.5111557302603598
1.591,1.6021588165415963,-0.01115881654159634
1.411,1.9152159871585734,-0.5042159871585734
3.341,2.6748641176222856,0.6661358823777146
1.58,1.8028298091773676,-0.2228298091773675
1.238,1.9562280747821092,-0.7182280747821093
1.025,1.3720782464240608,-0.34707824642406093
0.91,1.6011567014792587,-0.6911567014792587
2.398,1.9810104482324011,0.416989551767599
0.962,1.5256106069512199,-0.5636106069512199
1.079,1.229379002623654,-0.150379002623654
1.088,1.214073998025094,-0.126073998025094
1.382,1.3689718819169476,0.013028118083052265
1.13,1.3639294913601754,-0.2339294913601755
1.194,1.424856346419391,-0.23085634641939112
1.106,1.4082732927311155,-0.30227329273111536
1.135,1.1558933904976825,-0.020893390497682462
1.17,1.2536295124127332,-0.08362951241273331
1.07,1.3636416722408333,-0.29364167224083326
1.161,1.301825987893109,-0.14082598789310907
1.228,1.4795450565171555,-0.25154505651715553
1.65,2.3563538521718375,-0.7063538521718375
1.639,2.2048312936102707,-0.5658312936102707
1.443,1.6607929252122071,-0.21779292521220706
1.421,1.7772485916274532,-0.35624859162745315
1.953,2.0145095837088047,-0.06150958370880466
3.393,2.4075714585895063,0.9854285414104935
1.951,2.183173781962949,-0.23217378196294902
2.167,1.6233599014924507,0.5436400985075491
5.00001,1.700874756074288,3.2991352439257113
2.214,2.1749899146994722,0.03901008530052774
1.771,2.337326628282961,-0.5663266282829609
1.371,1.822094449935335,-0.4510944499353351
2.048,2.4298516748395858,-0.3818516748395857
1.503,1.948258706866829,-0.445258706866829
1.61,2.333077347589931,-0.7230773475899308
1.381,1.643463865783166,-0.26246386578316594
2.579,2.5507394974325965,0.028260502567403645
1.11,1.72769223370644,-0.6176922337064399
1.898,2.0082215285770624,-0.11022152857706247
1.956,2.2540441978457313,-0.29804419784573133
1.608,2.0639502348661525,-0.4559502348661524
2.15,2.17262910068861,-0.022629100688610126
1.898,1.856372207008055,0.041627792991944856
1.878,1.8644637833133337,0.013536216686666158
2.113,2.1598574019620265,-0.04685740196202648
2.679,1.9727966719749797,0.7062033280250202
2.405,1.9803092483778806,0.4246907516221192
1.1,1.3584875370182412,-0.2584875370182411
1.613,2.015840247898983,-0.402840247898983
1.279,1.2595221990372272,0.01947780096277274
1.18,1.0141446855950187,0.16585531440498125
2.952,1.7141733932692467,1.2378266067307533
2.491,1.876079942849273,0.6149200571507272
2.236,2.1756743902175675,0.06032560978243273
1.232,1.1053949920943293,0.12660500790567064
1.739,1.9970247340070828,-0.2580247340070827
1.527,1.2318268432654718,0.29517315673452815
1.845,1.8082049047563715,0.03679509524362845
1.445,1.6686500321343019,-0.2236500321343018
2.365,2.970001188071007,-0.6050011880710069
2.145,2.2028593537255,-0.05785935372550011
2.165,2.042490869076607,0.122509130923393
1.625,1.3043687201789824,0.3206312798210176
1.625,0.06334495332582346,1.5616550466741765
1.016,1.4495543146583767,-0.4335543146583767
1.034,0.8325504304446603,0.20144956955533977
1.335,1.960795808560917,-0.625795808560917
1.403,1.6122513226105206,-0.2092513226105206
1.606,1.7171517306902906,-0.1111517306902905
0.953,1.2567797775906255,-0.3037797775906256
0.854,1.2135090400835167,-0.3595090400835167
1.299,1.8595604155737173,-0.5605604155737174
1.326,1.873873608207891,-0.547873608207891
1.42,1.4234893085239924,-0.0034893085239924293
1.387,1.586223455519579,-0.1992234555195791
1.633,1.9150297964143597,-0.28202979641435966
1.555,1.8919480268239908,-0.33694802682399083
2.232,2.24993326125182,-0.017933261251819932
1.977,1.9774607900687673,-0.00046079006876720285
1.357,0.517635372478416,0.839364627521584
0.869,1.1755900421966086,-0.30659004219660857
1.272,1.311763628397307,-0.03976362839730707
1.648,1.0693622962599791,0.5786377037400208
1.139,0.8132950942324491,0.32570490576755096
1.132,1.3440947084504302,-0.21209470845043032
1.376,1.6417034976308789,-0.26570349763087897
1.246,1.6619130269983218,-0.4159130269983218
1.272,1.566831601640206,-0.29483160164020594
1.366,1.581473616093582,-0.21547361609358195
1.142,1.269500736623192,-0.12750073662319217
1.17,1.3222649539477855,-0.1522649539477856
1.309,1.4979312053351306,-0.18893120533513064
1.526,1.796282219242465,-0.270282219242465
1.435,1.7999182455286937,-0.3649182455286937
1.215,1.5546887199671269,-0.3396887199671268
2.444,1.0381991297354367,1.4058008702645632
1.43,1.4709636022227974,-0.04096360222279749
5.00001,0.9016978679994798,4.09831213200052
1.363,1.1366476043341667,0.22635239566583332
1.875,1.740552969058242,0.13444703094175803
1.613,1.5179974822013804,0.09500251779861957
1.0,1.5762620254515947,-0.5762620254515947
1.221,1.5463123897589335,-0.3253123897589334
1.137,1.3631752017389103,-0.22617520173891026
0.979,1.0292432973497019,-0.0502432973497019
1.101,1.0523699602538261,0.04863003974617386
0.986,0.9122060693599583,0.0737939306400417
0.833,1.0787901630336774,-0.2457901630336774
0.924,1.0863470495463692,-0.16234704954636914
0.835,0.9874706238647777,-0.15247062386477772
1.364,1.7667593684899916,-0.4027593684899915
2.289,2.117251986275516,0.17174801372448423
1.134,1.515319122045089,-0.3813191220450891
1.259,1.6329316134770235,-0.37393161347702364
1.172,1.3623910880270165,-0.19039108802701654
1.773,1.556708267041297,0.21629173295870285
1.458,0.9730583132907888,0.4849416867092111
1.396,1.5324778422969763,-0.13647784229697635
1.612,1.6916502402476632,-0.0796502402476631
1.482,1.4936529067790758,-0.011652906779075822
1.693,0.6406503086974435,1.0523496913025565
0.961,0.985926107964223,-0.02492610796422301
1.554,1.0539957496548917,0.5000042503451083
1.092,1.084641379391293,0.007358620608707067
1.453,1.091812516078418,0.36118748392158206
1.488,1.254586048277833,0.23341395172216695
1.265,1.569133473559441,-0.3041334735594412
0.905,0.8539710359202242,0.05102896407977586
1.125,1.180869238793436,-0.05586923879343608
0.713,0.9696400315457077,-0.2566400315457077
1.115,1.2525016558730173,-0.13750165587301733
1.407,1.061087807498025,0.345912192501975
0.893,1.102385212084303,-0.20938521208430294
0.815,0.9515175365123856,-0.13651753651238563
0.83,0.8718896501601558,-0.04188965016015589
1.183,1.0646861028702383,0.1183138971297617
1.733,1.7209515336891064,0.012048466310893735
1.465,1.0568078398913077,0.4081921601086924
1.042,1.187468857956782,-0.145468857956782
1.292,1.066236072237978,0.22576392776202203
1.013,0.9435261396526009,0.069473860347399
1.1,1.3005919718015582,-0.20059197180155808
1.146,0.9755458754813895,0.17045412451861042
1.687,2.1611861964743184,-0.47418619647431837
1.238,1.4480082957076337,-0.21000829570763369
1.543,1.3791195727058567,0.1638804272941432
1.574,1.3273315309892486,0.24666846901075146
1.113,1.4057498886295692,-0.2927498886295692
1.006,1.1285275610960281,-0.12252756109602814
1.25,1.951160899342452,-0.7011608993424521
1.318,1.5359603355631988,-0.21796033556319871
1.326,1.2139050116866876,0.11209498831331244
1.092,1.3662245391237366,-0.27422453912373657
1.622,1.5583759351069602,0.06362406489303996
1.636,1.2629748571637398,0.3730251428362601
4.656,4.016907663267716,0.6390923367322836
1.593,1.4963538652489115,0.09664613475108852
1.556,1.5550926059812988,0.0009073940187012131
2.107,1.3662335197933975,0.7407664802066027
1.509,1.4774103116125297,0.03158968838747023
1.743,1.8049362164810643,-0.06193621648106418
2.153,1.8595257863829373,0.2934742136170627
1.456,1.702075114290354,-0.2460751142903541
1.873,1.4901669100208592,0.3828330899791408
1.475,1.6090312704813052,-0.13403127048130514
3.477,1.863620935736999,1.6133790642630008
3.921,1.6350376329516472,2.2859623670483527
3.076,1.699725327227954,1.376274672772046
3.372,1.2647079536056838,2.107292046394316
2.219,1.6524104780914728,0.5665895219085271
4.933,2.880255157063888,2.0527448429361117
1.875,1.4176508946445987,0.4573491053554013
5.00001,2.9764605125396617,2.023549487460338
1.911,1.6547543362518802,0.25624566374811986
2.123,1.7862016625500947,0.3367983374499055
1.742,1.8756534367413844,-0.1336534367413844
0.43,1.4759403755710627,-1.0459403755710628
1.83,1.6001423016436926,0.22985769835630743
4.29,2.1989383127389726,2.0910616872610275
5.00001,2.0200414824344555,2.979968517565544
1.347,1.1407548219601065,0.2062451780398935
1.897,1.212219362863108,0.6847806371368921
2.013,2.0287203098415847,-0.01572030984158479
1.739,1.6456921704163312,0.0933078295836689
0.938,0.9960277792307104,-0.05802777923071045
1.438,1.2634566650763126,0.17454333492368734
0.978,0.8007063105032153,0.1772936894967847
1.279,0.8635103579369974,0.41548964206300254
0.858,0.9806276414961714,-0.12262764149617145
1.095,0.8246458210900913,0.27035417890990865
1.215,1.1393900725019757,0.07560992749802442
1.128,1.4232962175850812,-0.2952962175850813
0.894,1.0026723325767042,-0.10867233257670417
0.87,1.3101403691040792,-0.44014036910407917
0.945,1.2948679803166683,-0.3498679803166683
0.912,1.1123764953126658,-0.20037649531266577
1.189,1.7927447470950266,-0.6037447470950266
1.2,1.4161292815090079,-0.2161292815090079
1.323,1.4914379324472786,-0.16843793244727867
0.763,1.2938937786429991,-0.5308937786429991
0.862,0.974699472282917,-0.11269947228291699
0.775,0.6918772799575343,0.08312272004246568
0.77,0.6927279355218723,0.07727206447812773
0.857,0.8515773300156599,0.005422669984340045
0.769,0.9648521333957241,-0.19585213339572405
0.876,0.9295980158170498,-0.053598015817049816
1.376,0.9166710785804368,0.45932892141956305
1.051,1.0147988387517828,0.03620116124821715
0.959,0.7174282076559142,0.24157179234408577
1.079,0.8092875363217953,0.2697124636782047
0.694,0.8926464996372956,-0.19864649963729564
0.944,1.036466184119483,-0.09246618411948315
1.125,0.7902731983016955,0.3347268016983045
1.131,0.8178288376293779,0.31317116237062215
1.207,1.031477322298687,0.17552267770131302
1.393,1.1246927216671663,0.26830727833283374
1.089,0.9069363945420346,0.1820636054579654
0.953,0.767836709928762,0.185163290071238
0.777,0.8057907422973458,-0.028790742297345795
0.83,0.8887156550453184,-0.05871565504531839
0.748,1.1613331557062523,-0.4133331557062523
0.74,0.8136153786206477,-0.07361537862064771
0.567,0.6857437657833463,-0.11874376578334633
1.308,0.8344592772929595,0.4735407227070405
1.4,0.637961382667704,0.7620386173322959
0.817,0.8290981866766598,-0.01209818667665985
1.234,0.8511549421985065,0.38284505780149347
1.707,1.030242110002118,0.6767578899978821
1.049,0.9951985428896561,0.05380145711034379
0.944,1.1472861803364118,-0.20328618033641188
1.321,1.373500056079137,-0.0525000560791371
1.959,1.7811290195275906,0.17787098047240946
1.188,0.832989738966756,0.35501026103324396
1.163,1.1169585237761441,0.046041476223855904
1.121,0.865896132101855,0.255103867898145
1.49,1.2673976919187373,0.2226023080812627
1.052,1.0241665374643039,0.027833462535696185
1.875,0.9142907695940143,0.9607092304059857
0.819,0.607035479673627,0.21196452032637292
1.475,1.2850437799084125,0.18995622009158764
0.58,0.7765153925511652,-0.19651539255116524
0.9,0.4077412498683324,0.49225875013166764
0.63,0.6138556760233995,0.016144323976600483
0.818,0.48841464276020874,0.3295853572397912
1.463,0.9738152225551451,0.489184777444855
0.55,0.6357425459500687,-0.0857425459500687
0.911,1.2248236569423325,-0.3138236569423325
0.898,1.3978549553156678,-0.4998549553156678
0.732,0.9725959113139437,-0.24059591131394376
0.912,1.27575179888496,-0.36375179888496
0.732,0.7327307034429973,-0.0007307034429973047
0.683,0.9834164660083484,-0.30041646600834837
0.986,1.4092063315360053,-0.4232063315360053
0.956,0.6988056282629005,0.25719437173709947
0.726,0.8351483576401773,-0.10914835764017727
0.55,0.7572192117368917,-0.20721921173689162
0.718,1.0430209303326916,-0.32502093033269164
1.938,2.1561641821055044,-0.21816418210550448
0.734,0.9429615554769653,-0.20896155547696527
0.546,0.7171480744653187,-0.17114807446531866
0.731,1.1860599728108872,-0.45505997281088717
0.81,0.988718509892653,-0.17871850989265292
1.434,1.5783187462207373,-0.14431874622073737
1.0,1.5256246619197107,-0.5256246619197107
1.505,1.4010270944956917,0.10397290550430816
1.611,1.6497261425280436,-0.03872614252804363
2.143,1.685841564615219,0.45715843538478085
1.635,1.418714482703698,0.21628551729630208
1.375,1.2797538414312737,0.09524615856872631
1.281,1.3677000061754188,-0.08670000617541884
1.229,0.982206359775132,0.24679364022486805
1.153,1.0323772323594693,0.1206227676405307
3.455,2.3643597586313865,1.0906402413686136
1.734,1.2588139417693294,0.4751860582306706
1.031,1.162057681904042,-0.1310576819040421
1.135,0.9278067510828862,0.20719324891711377
1.557,0.8006708938934262,0.7563291061065738
0.744,0.8457446842381171,-0.10174468423811711
0.663,1.020120081382736,-0.357120081382736
0.61,0.6995191792565234,-0.08951917925652342
0.681,1.1626547627052128,-0.4816547627052128
0.5,0.6432632433241623,-0.1432632433241623
0.766,1.4116982608135031,-0.6456982608135031
0.884,0.6565106604156945,0.2274893395843055
0.785,0.7379278126007494,0.047072187399250676
0.896,1.0464344134489627,-0.1504344134489627
0.611,0.4775351475852907,0.1334648524147093
0.682,0.8728451155617871,-0.19084511556178707
0.666,0.45331631911984793,0.2126836808801521
0.66,0.4851009836149218,0.1748990163850782
0.894,0.6575753248118181,0.2364246751881819
0.852,1.1117689048717856,-0.2597689048717856
0.81,0.7336252354383248,0.07637476456167525
1.464,1.3272471773309267,0.1367528226690733
1.0,1.4489253818555339,-0.4489253818555339
0.71,0.5780032385996217,0.1319967614003783
1.304,1.358764803202187,-0.05476480320218702
0.704,0.8719449938442616,-0.16794499384426165
2.302,1.3151867962069619,0.9868132037930382
1.109,1.1011567747238664,0.00784322527613357
5.00001,2.3331253623763573,2.6668846376236424
1.59,1.01826345345713,0.5717365465428701
1.125,1.1574387931072934,-0.03243879310729336
0.875,1.7790638404759607,-0.9040638404759607
0.659,1.0477769216600132,-0.3887769216600132
1.452,0.9438210822969464,0.5081789177030536
1.156,0.6811568991995518,0.4748431008004481
3.219,1.1798066848705375,2.039193315129462
0.9,1.5168633585837312,-0.6168633585837312
0.948,0.9802761508940918,-0.03227615089409186
1.622,1.2900955816869564,0.33190441831304374
1.241,0.9302114373734098,0.31078856262659027
1.994,1.1969381532827856,0.7970618467172144
1.489,1.564790492868454,-0.07579049286845385
1.839,0.897584108197317,0.9414158918026829
3.016,1.2927836654754692,1.7232163345245308
2.481,0.8828922867168982,1.5981077132831016
2.356,1.506357640467032,0.8496423595329679
2.205,0.852292801438433,1.352707198561567
1.252,1.5189790004483592,-0.2669790004483592
1.375,0.8099024910009982,0.5650975089990018
1.452,0.9927861194598413,0.45921388054015866
1.425,1.2860019476898004,0.13899805231019968
1.042,1.2552850144747083,-0.21328501447470827
0.909,0.7670500251235643,0.14194997487643568
1.364,0.7648404247146543,0.5991595752853458
1.151,1.1864558999796724,-0.035455899979672356
2.85,1.7579113247578375,1.0920886752421626
2.321,2.2434778803532955,0.07752211964670463
1.346,1.0354739825652108,0.31052601743478925
3.417,2.8773664076189864,0.5396335923810134
2.592,2.439024316840238,0.15297568315976218
0.991,1.2457435198119664,-0.2547435198119664
2.393,1.0427736942417432,1.3502263057582566
1.945,1.4359262277109885,0.5090737722890115
1.585,1.52483061450635,0.06016938549365003
1.319,1.1329600841145673,0.18603991588543267
0.55,0.8604957993990441,-0.31049579939904404
0.83,1.1524657286460338,-0.32246572864603384
1.225,1.6443065427036514,-0.4193065427036513
1.136,1.3998644977914472,-0.26386449779144727
1.345,1.4151488934438892,-0.0701488934438892
1.213,1.2031521947345278,0.009847805265472243
1.28,1.3458167718329586,-0.06581677183295853
2.581,1.7276535452414388,0.8533464547585612
2.388,2.6046916071695203,-0.2166916071695204
1.523,1.0900403895770399,0.43295961042296005
0.975,0.8599409453588822,0.11505905464111776
5.00001,1.31027498855883,3.6897350114411696
4.033,4.008532689995702,0.02446731000429825
1.688,1.224095867391181,0.4639041326088189
1.778,0.912919534062179,0.8650804659378211
1.383,0.7189957892423537,0.6640042107576463
3.181,3.0009210802256705,0.18007891977432955
3.531,2.7036413695764354,0.8273586304235647
2.313,1.9923058524663388,0.3206941475336613
1.375,0.9215525159220661,0.4534474840779339
0.934,0.8865487710140219,0.0474512289859782
0.918,1.0105452585871426,-0.09254525858714258
0.98,1.1225866626007677,-0.1425866626007677
1.026,1.5441455838443383,-0.5181455838443383
1.058,0.929506192533496,0.12849380746650407
0.929,0.9071140790258094,0.02188592097419062
1.247,1.1990150828871045,0.04798491711289565
0.967,1.7054420202591851,-0.7384420202591852
1.993,1.5948023182717463,0.39819768172825376
1.674,1.0270579140578153,0.6469420859421846
0.675,1.2038983506924787,-0.5288983506924787
0.5,0.8839702775081024,-0.3839702775081024
0.934,1.337591035856439,-0.40359103585643885
0.95,0.8818196331365538,0.0681803668634462
1.041,0.942889069682082,0.09811093031791795
0.694,1.1446155275048688,-0.4506155275048689
0.682,0.9999124877744334,-0.31791248777443337
0.689,0.8808203830979009,-0.19182038309790095
0.685,0.7585018907105643,-0.07350189071056423
0.721,0.9448755995121434,-0.22387559951214342
0.822,0.4723571407975631,0.3496428592024369
0.588,0.6630805306217376,-0.07508053062173758
0.606,0.8425279316078984,-0.23652793160789842
0.769,0.677755256044724,0.09124474395527604
0.9,0.8307029121504945,0.0692970878495055
1.125,0.9956242106113076,0.12937578938869243
0.847,0.6723282468927945,0.1746717531072055
0.654,0.4595811087004691,0.19441889129953094
0.963,0.8901633226153312,0.07283667738466881
1.009,1.293643485708801,-0.28464348570880116
1.0,0.663856436928651,0.33614356307134896
3.667,1.0288757944841427,2.638124205515857
3.824,3.8791905392847648,-0.05519053928476492
0.586,0.7676070232644161,-0.18160702326441613
1.0,0.6344943281167303,0.36550567188326966
0.664,0.6275089735615826,0.036491026438417395
0.689,0.6127102009571725,0.0762897990428274
0.614,0.5997302311816748,0.014269768818325201
0.659,0.7752616221561397,-0.11626162215613967
0.475,0.7933386179291597,-0.31833861792915974
0.675,0.4665907996992318,0.20840920030076826
0.667,0.6980381037617815,-0.03103810376178151
1.55,0.6575923151957417,0.8924076848042584
0.74,0.7250936308242961,0.01490636917570387
0.761,0.6510549031041903,0.10994509689580967
0.535,0.06986207184127857,0.46513792815872146
0.275,-0.36347110844820474,0.6384711084482048
0.717,0.8835511761263979,-0.16655117612639792
0.713,0.5734062613319457,0.13959373866805425
0.875,1.7553519835208855,-0.8803519835208855
0.949,0.37345713514925505,0.5755428648507449
0.444,-0.09741899143587762,0.5414189914358776
0.857,-0.1899767512996844,1.0469767512996844
0.734,0.43162409955999004,0.30237590044000995
0.655,-0.07830980973806856,0.7333098097380686
0.45,-0.013145108296817476,0.4631451082968175
0.584,0.16800501197149043,0.41599498802850954
0.615,-0.058293537176360655,0.6732935371763606
0.865,0.12889557586516798,0.736104424134832
0.74,0.4105584467096246,0.3294415532903754
2.75,-0.8283425260374893,3.5783425260374893
0.824,0.2708854144915185,0.5531145855084815
0.62,-0.18523300698134104,0.805233006981341
1.557,1.6427465740271372,-0.08574657402713726
1.637,1.749346014162992,-0.11234601416299195
1.614,1.610398445469568,0.003601554530432205
1.471,1.7531612119373112,-0.28216121193731114
1.42,1.659114086636019,-0.23911408663601907
1.645,1.746055884127052,-0.10105588412705191
1.488,1.3429872552192652,0.14501274478073478
1.539,1.5542728183231094,-0.01527281832310945
1.479,1.6172292576677447,-0.13822925766774463
1.816,1.8167484633202404,-0.0007484633202403668
1.098,1.0245528732995104,0.0734471267004897
1.151,0.9376754222522838,0.21332457774771618
1.375,1.2351912320341885,0.13980876796581154
1.093,1.4447657792432818,-0.3517657792432818
0.943,1.2025105213024954,-0.2595105213024954
1.406,1.0701773109793273,0.3358226890206726
0.903,1.0120954850707733,-0.10909548507077327
0.705,1.0519499746744434,-0.34694997467444344
0.85,0.5656812688302355,0.28431873116976447
1.688,1.1092513157253638,0.5787486842746361
1.625,0.3311456371000778,1.2938543628999222
1.25,1.2190290350576853,0.03097096494231466
0.775,1.3503561148228058,-0.5753561148228058
1.375,1.0232793636506008,0.3517206363493992
1.375,0.8566298964866779,0.5183701035133221
1.417,0.9943460231957333,0.42265397680426675
1.875,1.126766328594735,0.7482336714052651
0.938,1.2321608064884553,-0.29416080648845533
0.879,0.9199064414744909,-0.04090644147449085
1.5,1.1651479741217021,0.3348520258782979
1.239,1.1578631257722618,0.0811368742277383
1.141,1.026208256625118,0.11479174337488196
2.0,1.5874653628925781,0.4125346371074219
1.681,0.9070686096271643,0.7739313903728358
1.575,1.0727986463454022,0.5022013536545977
2.361,1.6298525064225613,0.7311474935774389
2.338,2.01129088754134,0.3267091124586603
1.118,1.484102297550335,-0.36610229755033497
1.4,1.6034983566981822,-0.20349835669818228
2.132,1.5208584235552094,0.6111415764447907
1.589,1.5256628937287264,0.06333710627127354
1.567,1.2138849783685184,0.35311502163148156
1.317,1.474750863177275,-0.15775086317727505
1.319,1.7087983563942077,-0.3897983563942078
1.394,1.3651681442276593,0.028831855772340598
1.259,1.2296824256862129,0.02931757431378701
1.378,1.4174671053707824,-0.03946710537078246
2.325,2.261416956842889,0.06358304315711116
1.738,1.8080308799927955,-0.07003087999279556
0.989,1.179164253138878,-0.19016425313887797
1.001,1.3006993831229887,-0.2996993831229888
0.776,0.6161628989302668,0.15983710106973326
1.228,1.6615148039333074,-0.43351480393330744
1.212,1.2774262198718742,-0.06542621987187425
0.97,1.4780075298313315,-0.5080075298313316
0.856,1.5023944229951964,-0.6463944229951964
1.04,1.1389798597011294,-0.09897985970112932
0.841,0.9810110909975438,-0.14001109099754383
0.685,0.7809457673867954,-0.09594576738679539
0.654,0.9611768133746366,-0.30717681337463654
0.859,1.1656080333962051,-0.3066080333962051
0.958,1.2085808238727975,-0.25058082387279756
0.881,1.0715896615614091,-0.1905896615614091
1.136,1.0584910446640547,0.07750895533594515
1.347,1.3936030158872925,-0.04660301588729254
1.143,1.0174020902572543,0.12559790974274576
0.875,0.7960726674763552,0.07892733252364481
0.869,1.0388109534804408,-0.16981095348044084
1.088,1.0585849163096261,0.029415083690373933
0.946,0.938339494983969,0.007660505016030994
0.875,1.1985915403097556,-0.32359154030975557
0.938,1.1757814506933908,-0.23778145069339085
0.8,0.8148252835790504,-0.01482528357905033
1.231,0.7296437457550944,0.5013562542449057
1.375,0.7604838198332016,0.6145161801667984
1.379,1.4026441812832984,-0.02364418128329837
1.372,1.325494970730577,0.046505029269423126
1.035,1.5493530024875002,-0.5143530024875003
1.511,1.6242737604132278,-0.1132737604132279
2.098,2.5398506497932045,-0.44185064979320465
1.378,1.8199837380243689,-0.44198373802436897
1.23,1.3836800338718378,-0.15368003387183782
4.058,3.4665932498857472,0.5914067501142526
2.241,2.1877019579170307,0.0532980420829694
2.368,2.2994090420963604,0.06859095790363945
1.798,1.6711367980731213,0.12686320192687872
2.287,3.074340211095924,-0.7873402110959242
1.625,2.031587387350069,-0.40658738735006894
0.943,1.2785418829373758,-0.33554188293737586
1.75,1.954139961975155,-0.20413996197515494
1.919,2.132761536299408,-0.21376153629940786
1.25,1.6130070450445917,-0.3630070450445917
0.654,0.8222387849749198,-0.16823878497491973
0.558,0.5241152435985663,0.033884756401433735
0.567,0.7680643740447595,-0.20106437404475952
0.67,0.607036917048533,0.06296308295146702
0.946,1.1316249468538855,-0.18562494685388553
0.56,1.384597721874562,-0.8245977218745619
0.583,0.8262540743006395,-0.2432540743006395
0.582,0.9764414582052887,-0.39444145820528875
0.57,0.9762773566834697,-0.40627735668346976
1.08,1.2594355928863106,-0.1794355928863105
0.927,1.3878793438272763,-0.46087934382727624
1.015,1.4492860812724633,-0.4342860812724634
0.924,1.2164306923921004,-0.2924306923921004
0.866,1.0291559932752226,-0.16315599327522257
0.876,0.8870067269561752,-0.011006726956175217
0.943,1.255557797463977,-0.31255779746397716
1.013,1.1746947662639462,-0.1616947662639463
0.936,1.4716271204380922,-0.5356271204380921
0.757,1.2368609083641573,-0.4798609083641573
0.79,1.34068135415463,-0.55068135415463
0.721,1.3488678323301313,-0.6278678323301313
0.712,1.2242887377014253,-0.5122887377014254
0.718,1.4527681819330442,-0.7347681819330443
0.827,1.3828791193434327,-0.5558791193434327
0.819,1.3272988896969913,-0.5082988896969913
0.806,1.1117923323773562,-0.30579233237735615
0.668,0.7998702440555099,-0.13187024405550984
0.878,0.7350275436521985,0.14297245634780154
0.726,1.1006632871220452,-0.3746632871220452
0.721,1.2017479207280664,-0.4807479207280664
0.783,0.7008624851132563,0.0821375148867437
0.766,1.221797107460437,-0.455797107460437
1.92,2.0941081555548027,-0.17410815555480275
1.143,1.5678568636604766,-0.4248568636604766
1.919,1.7797241007085147,0.13927589929148532
2.166,2.2314921715859684,-0.06549217158596843
0.591,1.1404825236855936,-0.5494825236855936
1.713,2.269155357900698,-0.5561553579006979
2.516,2.6675529982616846,-0.15155299826168456
1.814,1.7429498113071373,0.07105018869286273
1.016,1.1215316079190465,-0.10553160791904648
1.306,1.3962870361971436,-0.09028703619714351
0.784,0.8997007383535944,-0.1157007383535944
1.039,1.1478676561066812,-0.10886765610668125
0.964,1.3434260063879984,-0.3794260063879984
0.968,1.4705979938562885,-0.5025979938562886
1.242,1.568127163163525,-0.32612716316352497
0.735,1.062533884334555,-0.3275338843345551
0.623,0.9522061662720631,-0.3292061662720631
0.525,0.7510237832765361,-0.22602378327653605
0.544,0.8217529688402938,-0.27775296884029377
0.654,0.8861983128281063,-0.23219831282810632
1.529,1.3242029160928865,0.20479708390711338
0.845,1.4270098216245908,-0.5820098216245908
0.879,1.1827530358782408,-0.30375303587824076
0.985,1.5028511995223846,-0.5178511995223846
0.795,1.3625896734255858,-0.5675896734255858
1.648,1.6785759132138027,-0.03057591321380282
1.603,1.8592861504057867,-0.25628615040578673
1.712,1.5237030864363996,0.18829691356360034
1.569,1.3300107990111627,0.23898920098883725
1.583,1.6568937298756055,-0.0738937298756055
1.802,2.0188870021150636,-0.2168870021150635
2.168,2.5614523748145763,-0.3934523748145762
2.046,2.1735934811881514,-0.12759348118815161
1.836,1.632549920881128,0.20345007911887203
2.179,1.7024734171032305,0.4765265828967693
2.168,2.564745642032148,-0.396745642032148
1.789,1.3569268254317177,0.4320731745682822
1.844,1.9078071019020406,-0.06380710190204053
2.122,1.8261543753221752,0.2958456246778247
1.528,1.493302308498418,0.03469769150158197
1.745,1.9398415522139596,-0.1948415522139595
0.958,1.3825145497527522,-0.42451454975275227
0.723,1.0803451756329352,-0.3573451756329352
0.703,0.7586285463373326,-0.05562854633733261
0.777,1.1121162413011816,-0.33511624130118156
0.782,1.1655371657233398,-0.38353716572333973
0.834,1.4435515349297456,-0.6095515349297457
0.786,0.7840830490611805,0.001916950938819495
0.746,1.0943441997222707,-0.3483441997222707
0.788,0.9332577139887719,-0.14525771398877185
0.762,1.0693087966796626,-0.3073087966796626
0.68,0.9765768955065779,-0.29657689550657784
0.673,1.3506038431763716,-0.6776038431763716
0.605,0.8510518569858299,-0.24605185698582988
0.699,0.9100680047269918,-0.21106800472699183
0.754,1.0154634134716716,-0.26146341347167157
0.87,1.1279628280524696,-0.2579628280524696
0.639,0.9113797352062001,-0.27237973520620007
0.654,0.8713580674907297,-0.21735806749072972
0.557,0.7645294663764131,-0.207529466376413
0.668,0.7004427479335518,-0.03244274793355173
1.1,0.7222841878194441,0.37771581218055594
0.995,1.177943957951667,-0.18294395795166707
1.375,0.6889471227086701,0.6860528772913299
0.8,1.7040969304239864,-0.9040969304239863
0.604,0.9430547029649581,-0.3390547029649581
0.697,0.9236419871992576,-0.22664198719925766
0.759,0.9815003689998634,-0.22250036899986336
0.712,1.1667404830658823,-0.45474048306588233
0.703,1.208760187652412,-0.5057601876524122
0.721,0.9464921349251902,-0.22549213492519027
0.841,0.8437387272556112,-0.0027387272556111952
0.656,1.2657121170987597,-0.6097121170987597
0.824,0.9603396785538627,-0.13633967855386275
0.968,1.6593982519585695,-0.6913982519585695
0.975,0.6975762149775213,0.27742378502247866
0.904,0.9794670745418976,-0.0754670745418976
0.879,1.2306405731829124,-0.3516405731829124
1.079,0.9580788428958575,0.12092115710414242
1.098,1.5314813100198454,-0.43348131001984536
1.093,1.4236185472591594,-0.3306185472591594
1.031,1.2124593985278842,-0.18145939852788429
0.905,1.1635195320595324,-0.2585195320595324
1.098,1.0360003774120206,0.06199962258797953
0.987,1.4555716799590241,-0.46857167995902416
0.931,1.2912620983212293,-0.36026209832122924
1.03,1.258249935567524,-0.22824993556752404
1.16,0.7906046402235027,0.3693953597764972
1.063,1.2840767837256184,-0.22107678372561845
1.089,1.042082484804379,0.04691751519562093
0.92,0.7718450111737827,0.14815498882621736
0.55,0.6936574471265757,-0.1436574471265757
1.374,1.6441213753003372,-0.2701213753003371
1.337,1.5999589220359505,-0.2629589220359505
1.309,1.8601827837068814,-0.5511827837068815
1.262,1.4315601565987044,-0.16956015659870438
1.543,0.8113762218282097,0.7316237781717903
1.425,1.8961690993560487,-0.47116909935604867
1.563,0.8377620106540395,0.7252379893459604
1.424,1.1282647714285488,0.2957352285714512
0.675,0.4178941111191099,0.25710588888089014
0.821,0.573240608358125,0.247759391641875
0.675,0.943721476224685,-0.268721476224685
1.375,1.2489439066543426,0.12605609334565737
1.795,2.0329570328957995,-0.23795703289579961
3.87,2.0532962981040046,1.8167037018959955
3.387,3.3712377376766396,0.01576226232336042
2.976,2.237509576834917,0.7384904231650831
1.907,1.377983368751671,0.5290166312483291
3.278,2.7379223496453458,0.5400776503546543
0.896,0.8078607719048212,0.08813922809517882
1.028,0.8476316524893881,0.18036834751061193
1.114,1.5369106132323944,-0.4229106132323943
0.957,1.0505188857030723,-0.09351888570307232
0.55,1.133208791535576,-0.5832087915355759
1.055,1.4834110165257592,-0.4284110165257593
1.042,0.8663472404290857,0.1756527595709143
1.145,1.1206968408578566,0.024303159142143427
0.991,1.1175654846320007,-0.12656548463200068
1.414,1.3283592317294768,0.08564076827052314
1.366,1.3254495293323492,0.04055047066765094
1.188,1.0179527459975608,0.17004725400243914
1.364,1.718239495498851,-0.3542394954988508
1.03,1.2710268826720617,-0.24102688267206163
1.081,0.9809984833598129,0.10000151664018708
1.136,1.1872421649710336,-0.05124216497103373
1.246,1.0986446292289387,0.1473553707710613
1.568,0.7976892082216778,0.7703107917783223
0.987,1.3804564633159933,-0.39345646331599327
0.934,1.179131042289637,-0.245131042289637
4.483,2.57003405672019,1.9129659432798096
1.368,1.5284094464845261,-0.16040944648452604
2.833,2.2260047832253016,0.6069952167746986
4.464,2.6351443614651995,1.828855638534801
1.486,1.4346508787897891,0.051349121210210846
2.078,1.3695107357925238,0.708489264207476
2.804,2.9463663796358763,-0.1423663796358765
1.917,2.067587388934221,-0.15058738893422086
1.894,1.8217472098220857,0.0722527901779142
1.941,1.8978650523259781,0.04313494767402193
1.157,1.0815309680213665,0.07546903197863353
1.701,1.8680633643593028,-0.1670633643593027
1.33,1.8086626516661592,-0.4786626516661592
1.336,1.588670272515851,-0.25267027251585095
1.441,1.995500502772916,-0.554500502772916
2.657,2.0511385893640455,0.6058614106359546
2.257,1.9218649431502013,0.33513505684979883
3.44,3.2647091627620894,0.1752908372379105
3.202,3.2755279421140813,-0.07352794211408131
2.672,2.9700822337649444,-0.29808223376494425
2.259,2.2097369982233066,0.049263001776693294
3.8,3.1425138758437514,0.6574861241562484
1.752,2.0964455945294698,-0.34444559452946977
1.464,1.864428008264619,-0.400428008264619
1.64,1.338627081044695,0.30137291895530494
1.341,1.0950681110143181,0.24593188898568186
1.595,1.6095894296600317,-0.014589429660031739
1.33,1.298144732960516,0.03185526703948405
1.645,1.7314207106005015,-0.0864207106005015
1.393,1.7987620025378241,-0.40576200253782413
1.434,0.8343602419596059,0.599639758040394
1.207,1.1407066192131006,0.0662933807868995
1.411,1.9875144428099727,-0.5765144428099727
1.518,1.8103989354586365,-0.2923989354586365
1.661,0.6547716089494937,1.0062283910505063
1.165,1.036341487228054,0.12865851277194595
1.153,1.5258638409624274,-0.3728638409624274
1.156,1.3048960052495637,-0.1488960052495638
1.271,1.673704673923035,-0.4027046739230351
1.141,1.2732080861548158,-0.13220808615481583
1.269,1.2928081293207638,-0.023808129320763927
1.189,1.252847513943737,-0.06384751394373689
1.504,1.409378315617819,0.09462168438218099
1.569,0.9708168060465976,0.5981831939534024
1.705,1.02030443941976,0.6846955605802401
1.609,0.9342546867607404,0.6747453132392596
1.304,1.0858850340860406,0.2181149659139594
0.987,0.907120317345556,0.079879682654444
1.132,0.9761963658558082,0.15580363414419174
1.188,0.9070386806952069,0.28096131930479307
0.975,1.015730435609679,-0.04073043560967904
0.886,1.0322314207911791,-0.14623142079117912
0.844,0.9923037868385132,-0.1483037868385132
0.652,0.6807840935246676,-0.028784093524667598
0.649,1.0742766152013528,-0.42527661520135274
0.78,1.1625295149437491,-0.3825295149437491
0.67,0.8343026330244969,-0.16430263302449688
0.731,0.9842760981950067,-0.25327609819500674
0.73,1.0206606595247492,-0.2906606595247492
0.633,0.9093916809832554,-0.2763916809832554
0.668,1.0251477339186443,-0.3571477339186443
0.644,0.8471567838043892,-0.20315678380438917
0.605,0.9015290864756933,-0.2965290864756933
0.585,0.7839812224715732,-0.19898122247157324
0.498,0.8019446629961626,-0.30394466299616263
0.774,1.245826908054879,-0.4718269080548789
0.659,0.8515465581655368,-0.19254655816553679
0.705,0.49580144571029594,0.20919855428970402
0.621,0.4045099075342222,0.21649009246577777
1.222,1.5791024025736067,-0.3571024025736067
0.622,0.677752050221434,-0.055752050221434035
0.559,0.6851987969248503,-0.12619879692485025
0.71,0.8397441312481013,-0.12974413124810136
0.647,0.9378815011097636,-0.29088150110976363
0.61,0.7708376835483146,-0.16083768354831462
1.1,0.7955325279679015,0.30446747203209856
1.034,1.1299828870933886,-0.09598288709338854
0.926,1.3566728124364014,-0.4306728124364013
0.606,0.7630770073828868,-0.15707700738288677
0.67,0.5873577587553203,0.08264224124467978
0.676,0.5928170968089184,0.08318290319108168
0.517,0.6500887311576655,-0.1330887311576655
0.598,1.1292644173090831,-0.5312644173090831
0.631,0.8063791721897711,-0.17537917218977106
0.814,0.5205015382314744,0.29349846176852556
0.609,1.2633189433814018,-0.6543189433814018
0.609,0.8781056743307216,-0.26910567433072163
0.701,0.6245633975775622,0.07643660242243777
1.589,2.0520361567302956,-0.46303615673029563
0.7,0.7418030208258877,-0.041803020825887716
0.663,0.7137456055191991,-0.050745605519199044
1.356,0.9701775612990002,0.38582243870099986
0.675,0.5604195400955165,0.11458045990448351
0.693,0.9826812717756286,-0.28968127177562863
0.658,0.8047385737586874,-0.14673857375868737
0.675,0.8608195728585564,-0.18581957285855633
3.313,1.517773658999607,1.7952263410003932
1.788,1.455167047262088,0.33283295273791214
1.293,1.394992554685699,-0.10199255468569901
1.345,1.3714666846735322,-0.026466684673532193
2.25,1.0719119106150892,1.1780880893849108
1.17,1.1380415488353526,0.03195845116464735
1.297,1.4217479319161708,-0.12474793191617084
1.053,1.290014454654214,-0.2370144546542141
0.966,1.4292243168842118,-0.46322431688421184
0.894,0.8867514027390753,0.0072485972609247495
1.086,0.7900618396521559,0.29593816034784415
3.833,3.3395245085809697,0.49347549141903047
0.919,0.9504546346946148,-0.031454634694614736
1.355,1.8260118039087483,-0.4710118039087483
0.998,1.544666914420214,-0.5466669144202141
1.012,1.2981998799145527,-0.28619987991455265
0.962,1.4117754795749384,-0.44977547957493846
0.904,1.4928195162266171,-0.5888195162266171
0.939,1.58064455062539,-0.6416445506253902
0.962,0.9072926585974801,0.05470734140251987
0.944,0.7625356835153947,0.18146431648460526
1.122,1.4193755128665546,-0.2973755128665545
1.052,1.4409313091102036,-0.38893130911020357
0.949,1.171923786156616,-0.22292378615661612
0.892,0.8261720733681688,0.06582792663183124
1.03,1.1912524675984573,-0.16125246759845724
0.973,1.9910457162086699,-1.01804571620867
0.968,1.1710196713346053,-0.2030196713346053
0.913,1.4422977424298198,-0.5292977424298198
0.811,1.1480373063569824,-0.33703730635698237
1.205,1.3362155088729788,-0.13121550887297873
1.125,1.0679809632374866,0.05701903676251341
0.87,1.1491860743794826,-0.2791860743794826
0.842,1.2693107899019869,-0.4273107899019869
0.842,1.64784230411908,-0.80584230411908
0.834,1.2124286279739724,-0.3784286279739725
0.84,1.2634086590363458,-0.42340865903634584
0.844,1.0602587694303724,-0.21625876943037248
1.083,1.5991993065015988,-0.5161993065015988
0.802,1.0244454908895009,-0.22244549088950083
0.882,1.3209018327658204,-0.4389018327658204
0.729,0.9427358605118581,-0.2137358605118581
0.77,0.9718882400703877,-0.20188824007038764
0.938,0.7606261855695555,0.17737381443044442
0.788,0.8998479780570234,-0.1118479780570234
0.727,1.0254098454411187,-0.2984098454411187
0.784,1.0639496148999097,-0.27994961489990966
0.734,1.0238752630190362,-0.2898752630190362
1.125,0.7298583921674349,0.39514160783256513
0.95,1.2276167436262182,-0.27761674362621824
0.895,0.7815084154607197,0.11349158453928032
0.884,1.488410451080082,-0.604410451080082
0.882,1.3105322057307154,-0.4285322057307154
1.127,1.3524814207557074,-0.22548142075570743
1.143,1.314779622526234,-0.17177962252623402
1.2,1.559846426566712,-0.35984642656671206
0.986,1.2859700380444181,-0.29997003804441813
1.513,1.4008727772392717,0.11212722276072817
1.33,1.3420760802203793,-0.012076080220379204
1.07,1.2731077263352,-0.2031077263351999
0.933,1.3179160004800488,-0.3849160004800487
1.296,1.1839741719287444,0.1120258280712556
0.825,0.9089731680240227,-0.08397316802402277
1.166,0.7555868078973997,0.4104131921026002
0.86,0.8250983973353287,0.03490160266467124
0.965,1.0593627558801015,-0.09436275588010157
1.033,0.8767246744195218,0.15627532558047807
1.005,0.7125341545978041,0.2924658454021958
1.095,1.3931921888066658,-0.29819218880666587
0.993,1.5251097166454064,-0.5321097166454064
1.24,1.5878472831549741,-0.34784728315497415
1.185,1.5916461272706273,-0.4066461272706272
1.207,1.1858679010899378,0.02113209891006229
0.929,0.7664469642035998,0.16255303579640024
1.307,0.9486017849728894,0.35839821502711056
1.375,1.0444981162146487,0.3305018837853513
1.331,0.7666221393809438,0.5643778606190561
1.057,1.0315385639912402,0.02546143600875972
1.161,1.2997719215724335,-0.13877192157243345
1.597,1.4110697703555999,0.1859302296444001
1.079,1.2519252483566012,-0.17292524835660128
1.055,0.9717427889084282,0.08325721109157169
1.985,0.9909429248158257,0.9940570751841744
1.99,1.7008005904007004,0.2891994095992996
1.832,1.0705654558843922,0.7614345441156078
1.61,1.3971342420073551,0.21286575799264496
1.195,0.9681211264377771,0.22687887356222292
1.397,1.3454897764445302,0.05151022355546986
1.617,1.4062347628017964,0.21076523719820361
1.568,1.0318063955326346,0.5361936044673654
1.358,0.8344972861533355,0.5235027138466646
1.53,0.928176131139776,0.601823868860224
1.422,1.039692037547725,0.38230796245227494
1.661,0.7073873780821556,0.9536126219178445
1.48,1.016505958167172,0.46349404183282794
1.621,1.5010758276573988,0.11992417234260122
2.882,2.375236711068345,0.5067632889316549
2.13,1.211300396266446,0.918699603733554
1.5,1.2518606754025459,0.24813932459745414
1.505,1.11024119833635,0.39475880166364985
2.4,2.3786270970248555,0.02137290297514438
1.779,1.1803716885480737,0.5986283114519262
1.483,1.1076438856670672,0.3753561143329329
1.902,1.0741423838475075,0.8278576161524924
3.267,2.4892185395586486,0.7777814604413513
1.6,1.4353993605780706,0.16460063942192948
1.954,1.6244654476584186,0.32953455234158135
1.585,1.3076340596019762,0.27736594039802376
1.364,1.990687477868227,-0.626687477868227
1.405,1.7288975066290186,-0.3238975066290186
1.634,1.9424925811596148,-0.30849258115961486
1.436,1.3836098212981927,0.05239017870180729
1.577,1.1311972629623357,0.44580273703766427
1.657,1.9839764832671436,-0.32697648326714357
1.39,1.274659214621555,0.11534078537844494
1.392,1.54984117284743,-0.15784117284743004
1.443,1.5589008481114064,-0.11590084811140633
1.216,1.4059884204240398,-0.18998842042403985
2.323,1.8655343172699528,0.4574656827300472
1.96,1.9459121862255935,0.014087813774406488
2.494,1.8059079774204156,0.6880920225795846
2.129,1.627000965420093,0.501999034579907
1.695,1.718384793967401,-0.023384793967401007
2.503,2.1039746067719647,0.39902539322803543
2.161,1.3153224626932507,0.8456775373067493
1.696,1.8108099375030782,-0.11480993750307822
2.216,2.1746705228238126,0.04132947717618762
1.887,2.2089992396797165,-0.32199923967971644
1.898,1.509120136144697,0.3888798638553028
2.587,1.95802144052606,0.6289785594739401
2.706,1.60522683969856,1.10077316030144
1.598,1.1264512177856771,0.47154878221432295
2.135,1.5836895430438171,0.5513104569561826
2.174,1.9151366105181502,0.2588633894818497
1.733,1.98046514292498,-0.2474651429249799
1.473,1.4203942089676485,0.052605791032351634
1.862,1.8102114804430707,0.051788519556929424
3.5,4.095103269876052,-0.5951032698760521
2.421,1.3017834422242447,1.1192165577757551
1.171,0.9418095304465179,0.2291904695534821
1.129,1.0546805438516182,0.07431945614838176
1.135,1.4104606220644433,-0.27546062206444333
1.432,1.2725882654700154,0.15941173452998458
1.212,0.9024206034273683,0.30957939657263167
1.247,1.0758027162346595,0.1711972837653406
1.154,1.4227246086073704,-0.26872460860737046
1.245,1.2577864614282668,-0.012786461428266671
1.429,0.6554840017866632,0.7735159982133368
0.999,0.9520263396897075,0.04697366031029249
1.038,1.3919499502923984,-0.3539499502923984
1.319,0.6573942732868128,0.6616057267131872
1.222,1.3236784864022786,-0.10167848640227861
1.275,1.5582955185284653,-0.28329551852846535
1.02,1.6009332957723046,-0.5809332957723046
1.249,1.5332392340878955,-0.2842392340878954
1.184,1.1336123413863632,0.0503876586136367
1.26,0.9882992748102923,0.27170072518970767
1.178,0.8965261415288972,0.28147385847110273
1.227,1.634417103189619,-0.407417103189619
1.464,1.263724571357844,0.20027542864215597
1.306,0.9940624335424797,0.31193756645752035
0.916,1.154826040213202,-0.23882604021320197
1.357,1.5087571389974577,-0.15175713899745769
1.302,0.7410705121842944,0.5609294878157056
1.254,0.9083065747702723,0.3456934252297277
1.155,1.8615403010352387,-0.7065403010352387
1.145,1.601441961441032,-0.456441961441032
1.325,1.25847180919906,0.06652819080093986
1.349,1.3024178953601118,0.04658210463988821
0.825,0.7544929617523897,0.07050703824761029
1.343,1.3785890773720326,-0.03558907737203265
1.198,1.0819772733694464,0.11602272663055357
1.406,1.9331988326441791,-0.5271988326441792
1.43,1.774064470517734,-0.34406447051773403
1.171,1.2218885280660479,-0.05088852806604782
1.254,1.4787848409699524,-0.22478484096995244
1.453,1.5679887272674584,-0.11498872726745835
1.456,1.5645288207883465,-0.10852882078834658
1.33,0.97414326486712,0.3558567351328801
1.668,1.9632020950215094,-0.2952020950215095
1.444,1.4121723042286387,0.03182769577136124
1.37,1.8683761626289832,-0.4983761626289831
1.345,1.5399483578348008,-0.1949483578348008
1.128,1.5255786568909082,-0.3975786568909083
1.355,1.2591369356356494,0.09586306436435055
1.356,1.7273281780293424,-0.37132817802934226
1.674,1.7344795263850288,-0.06047952638502885
2.761,2.145260755746252,0.6157392442537479
2.443,1.4158767908409162,1.0271232091590838
1.418,1.4730297612163787,-0.055029761216378814
1.49,0.9836685189374705,0.5063314810625295
1.243,1.4567753898263351,-0.21377538982633504
1.116,1.0008469368764075,0.11515306312359264
1.287,1.40466772413816,-0.11766772413816007
1.473,1.2738325386785292,0.1991674613214709
1.6,1.9997893458090052,-0.39978934580900516
1.588,1.605936971166083,-0.017936971166082838
1.44,0.5675095168206559,0.8724904831793441
1.305,1.29698937743583,0.008010622564169845
1.627,1.6871164069836089,-0.06011640698360887
1.429,1.5097956852094592,-0.08079568520945912
1.434,1.4452890108343972,-0.011289010834397262
1.466,1.444017602621876,0.021982397378123908
2.432,1.942686528828022,0.489313471171978
3.908,0.8958555968148878,3.012144403185112
2.745,2.0810581525886036,0.6639418474113965
1.317,1.5186215968696506,-0.20162159686965064
1.375,0.9389857834700268,0.4360142165299732
1.39,1.1436133868918568,0.24638661310814314
2.147,1.496513317934761,0.6504866820652389
1.705,1.5891799400673943,0.1158200599326058
1.487,1.2850354376940034,0.2019645623059967
1.33,1.4429897060895174,-0.1129897060895173
1.317,1.443659008463833,-0.12665900846383304
1.438,1.118015385660578,0.31998461433942205
1.458,1.3359639621241728,0.12203603787582717
1.307,1.355126047446749,-0.04812604744674909
1.121,1.0670089461136056,0.05399105388639436
1.47,1.647248136092027,-0.17724813609202705
1.154,1.0271248887421147,0.1268751112578852
1.71,1.5798934430683362,0.13010655693166373
1.792,2.246961408250365,-0.4549614082503648
2.048,1.8339305228288776,0.21406947717112246
2.25,1.7613726290700058,0.4886273709299942
2.933,0.6795429117349294,2.2534570882650704
1.219,1.2059119378383722,0.013088062161627834
1.16,1.0208416685474175,0.13915833145258238
1.59,1.3448437282036578,0.24515627179634225
1.896,1.5859998884718587,0.3100001115281412
1.316,1.0304184880823763,0.2855815119176237
2.225,1.9862113815263411,0.23878861847365895
2.125,1.4826437057970479,0.6423562942029521
2.631,2.3528149934267466,0.2781850065732532
2.034,1.2398746485405292,0.7941253514594706
2.732,2.529414701885575,0.20258529811442516
0.55,0.8999713193335994,-0.3499713193335994
1.125,1.0393486470749589,0.08565135292504111
1.019,1.223617499293747,-0.20461749929374706
1.361,1.348611799967582,0.012388200032418029
1.237,0.9601986536233986,0.2768013463766015
1.327,1.4119614582645204,-0.0849614582645204
1.169,1.6228713865224262,-0.4538713865224262
1.034,1.3424999270291775,-0.3084999270291775
0.956,0.9966326954842721,-0.040632695484272174
0.961,1.0247685975934213,-0.06376859759342135
1.033,0.8810648218799342,0.15193517812006574
1.105,1.6617158302326556,-0.5567158302326556
1.156,1.040937111557761,0.11506288844223889
1.116,1.1334157083543253,-0.017415708354325155
1.125,1.1870420115851903,-0.06204201158519029
1.091,1.5830740531850296,-0.4920740531850296
1.275,1.8782921667409433,-0.6032921667409434
1.094,1.2008382013246388,-0.10683820132463873
1.011,1.4761608690455645,-0.46516086904556464
1.087,1.6527427613368113,-0.5657427613368113
1.044,1.1230123982530749,-0.07901239825307482
1.65,1.0504618186310601,0.5995381813689398
0.913,0.9792456347359022,-0.06624563473590217
0.907,0.9876662414551478,-0.08066624145514778
1.125,0.9211024541687252,0.20389754583127484
1.133,1.195669437994853,-0.06266943799485292
1.016,0.929362670612178,0.08663732938782198
1.5,0.8647603930071766,0.6352396069928234
0.925,1.1253377202189196,-0.2003377202189196
0.956,1.3433237847859034,-0.38732378478590346
0.896,0.8772154889928596,0.018784511007140403
0.924,1.1607400896356679,-0.23674008963566784
1.186,1.0846617039771431,0.10133829602285682
1.14,1.4675833974618675,-0.3275833974618676
1.163,1.3070438267435815,-0.14404382674358152
1.135,1.0610207311912858,0.0739792688087142
1.358,1.0313010615485279,0.32669893845147224
1.18,0.9319056422439624,0.2480943577560375
1.295,2.090373472835134,-0.7953734728351343
1.402,1.7158036343454495,-0.31380363434544956
1.341,1.8755722455041735,-0.5345722455041735
1.345,1.62546080744095,-0.28046080744095003
1.233,1.467493521916011,-0.23449352191601092
1.269,1.9021708766210406,-0.6331708766210407
1.188,1.070342180877779,0.11765781912222084
1.324,1.8693332506212623,-0.5453332506212623
1.38,1.9235033397980368,-0.5435033397980369
1.255,1.7076126304617465,-0.4526126304617466
0.325,0.8052226914662812,-0.4802226914662812
0.525,0.9999868732002901,-0.4749868732002901
1.575,1.5031275730257097,0.0718724269742903
1.577,1.6667263472432392,-0.08972634724323925
1.306,1.4699345996577464,-0.16393459965774637
1.459,1.5476379549614576,-0.08863795496145754
2.376,1.8709210643387748,0.5050789356612251
2.099,2.209537049501461,-0.1105370495014606
1.444,1.475067722288854,-0.031067722288854016
2.409,2.1134574333367926,0.2955425666632072
2.475,2.1968182944945376,0.2781817055054625
1.884,1.7626604926332086,0.12133950736679133
1.257,1.347852788983913,-0.09085278898391302
0.912,1.2863095938866458,-0.37430959388664575
1.504,1.6681886485415278,-0.16418864854152782
1.387,1.7033029212451152,-0.31630292124511517
1.544,1.820563940266961,-0.27656394026696085
1.435,2.3287629513662536,-0.8937629513662535
0.944,1.1909993893800175,-0.24699938938001753
1.444,1.6223948306471734,-0.17839483064717343
1.481,1.902313375440802,-0.42131337544080183
2.411,2.597567730477513,-0.18656773047751285
1.757,1.4093592950776326,0.3476407049223673
2.138,1.7178034847828312,0.4201965152171687
2.193,1.6891470128091945,0.5038529871908055
1.917,1.7564510468999497,0.16054895310005035
1.516,1.7240201173342888,-0.20802011733428882
1.578,1.540420056711783,0.03757994328821712
1.602,1.5438090051564444,0.05819099484355572
1.446,1.7545878975744338,-0.30858789757443383
1.567,1.8234358755126097,-0.2564358755126097
0.82,1.3242219263026196,-0.5042219263026196
1.701,1.7284135863680934,-0.027413586368093323
1.554,0.8155985213629311,0.738401478637069
1.046,1.3077197038946617,-0.2617197038946617
0.883,0.8234077664150292,0.05959223358497079
1.346,1.495097548710819,-0.14909754871081882
0.861,1.1782944101417203,-0.31729441014172033
1.212,1.4577057504754354,-0.2457057504754354
0.978,0.9886794674776362,-0.010679467477636262
1.003,1.5602944535780345,-0.5572944535780346
0.962,1.68100766542464,-0.71900766542464
0.959,1.6267722227462142,-0.6677722227462143
1.089,1.243510760188149,-0.15451076018814902
1.036,1.3587390221008682,-0.32273902210086813
1.537,1.7086499485682214,-0.17164994856822147
1.625,1.2202469466579329,0.4047530533420671
1.375,1.9530006458856182,-0.5780006458856182
0.729,1.0372428423484055,-0.3082428423484055
0.925,1.4807646256534146,-0.5557646256534146
1.368,1.4670720206579646,-0.0990720206579645
0.528,1.1207509503149704,-0.5927509503149704
1.625,1.265798500182807,0.35920149981719307
0.897,1.697863283294539,-0.800863283294539
3.742,2.8937089022492053,0.8482910977507947
2.938,2.275401811881972,0.6625981881180283
2.659,2.6952715662748767,-0.03627156627487693
1.936,1.8693267047624988,0.0666732952375011
2.1,1.7904654071629662,0.3095345928370339
2.415,2.684088502364068,-0.2690885023640681
3.633,2.383137052555359,1.2498629474446412
1.462,1.8754049269186388,-0.41340492691863884
2.25,2.0529222596109897,0.19707774038901027
1.459,1.8197249679761218,-0.36072496797612175
1.573,2.093773328423813,-0.5207733284238132
1.365,2.2098725191728485,-0.8448725191728486
1.553,2.172813740742737,-0.6198137407427371
1.922,2.2264168742399604,-0.30441687423996044
1.454,1.6027587963916932,-0.1487587963916932
1.924,2.0839801339237143,-0.15998013392371435
2.176,2.1849140360487604,-0.008914036048760288
2.43,2.012249437318654,0.41775056268134625
2.212,2.109424157051561,0.10257584294843936
2.16,2.4723564259031208,-0.3123564259031206
2.079,1.8386586503898639,0.2403413496101363
1.804,2.227258933455362,-0.4232589334553618
1.708,1.4716786580553287,0.23632134194467125
2.025,2.1584059674662477,-0.13340596746624778
2.905,2.5311788165031572,0.37382118349684257
3.368,2.2128236543439868,1.1551763456560131
1.0,1.4135385190531298,-0.41353851905312977
2.25,2.1888327495815836,0.06116725041841642
2.896,2.5219951326962047,0.37400486730379523
5.00001,3.2623973703160476,1.737612629683952
2.067,2.458022441151872,-0.3910224411518719
2.924,2.683171174933352,0.24082882506664793
2.549,2.4320408059053005,0.11695919409469946
1.878,2.242915683056024,-0.3649156830560243
1.372,1.770230756770328,-0.3982307567703278
2.522,2.6079324196747096,-0.08593241967470977
4.269,3.1409203121322733,1.1280796878677268
1.842,2.634190365876809,-0.792190365876809
1.402,1.411926680192738,-0.009926680192738013
1.073,1.7786484267223313,-0.7056484267223313
1.218,1.7290502237385614,-0.5110502237385615
1.343,1.3790485162921722,-0.036048516292172206
1.292,1.9568374786294218,-0.6648374786294218
1.425,2.1318801564353,-0.7068801564353
1.31,1.7969777961389708,-0.48697779613897074
1.36,1.8805512932008228,-0.5205512932008227
1.282,1.5263447358858255,-0.2443447358858255
1.393,1.6977477247677835,-0.30474772476778345
1.373,1.9499571735098329,-0.5769571735098329
1.284,1.8572020222370014,-0.5732020222370013
1.144,1.5899056406247172,-0.44590564062471727
1.44,1.3653224255919092,0.07467757440809075
1.5,1.3742161562403643,0.1257838437596357
0.953,1.2868825630437328,-0.33388256304373287
0.913,1.061726678595155,-0.14872667859515487
1.875,1.4408100183725496,0.43418998162745037
1.289,1.914764040636899,-0.6257640406368992
1.625,2.1252336626142707,-0.5002336626142707
1.604,1.6768240460583166,-0.0728240460583165
1.305,1.2396812034962008,0.06531879650379913
1.043,1.5430296057798343,-0.5000296057798344
1.07,1.8636205419644951,-0.793620541964495
1.826,1.748686263712235,0.07731373628776517
1.63,1.6228818200884838,0.007118179911516087
2.221,2.024759552035253,0.19624044796474704
2.318,1.3544440907341904,0.9635559092658097
1.618,2.450059430379701,-0.8320594303797011
2.368,2.8140752323849507,-0.44607523238495084
2.13,2.0133331771943497,0.11666682280565022
1.797,2.36196811777136,-0.5649681177713599
2.254,2.3496063843317216,-0.09560638433172164
1.116,1.4245447781648677,-0.3085447781648676
1.931,2.3940730227550078,-0.4630730227550077
1.577,1.6692655885606449,-0.09226558856064493
1.644,1.6111620990862183,0.03283790091378158
1.655,2.0556527875008577,-0.40065278750085764
1.243,1.52240206416987,-0.2794020641698698
1.625,1.683132368731183,-0.05813236873118299
1.235,1.5562493783943232,-0.3212493783943231
0.956,1.3053677418652159,-0.3493677418652159
2.135,1.8953035024012677,0.23969649759873213
3.601,3.6128191837465033,-0.01181918374650337
3.929,2.607891922937035,1.3211080770629646
2.863,2.6694121916911913,0.19358780830880873
2.77,2.7640159703441887,0.0059840296558113515
3.25,2.7911780204051277,0.45882197959487225
3.105,2.816626655868215,0.28837334413178484
3.955,3.2186384361720215,0.7363615638279786
3.54,3.5354024719596793,0.004597528040320764
3.454,3.1429426243429113,0.3110573756570889
3.041,3.054484689927912,-0.013484689927912186
3.071,2.525175326907794,0.5458246730922061
1.917,2.2349071820471504,-0.3179071820471504
2.541,2.478068192775421,0.06293180722457903
3.905,3.640325456627268,0.264674543372732
4.067,3.3593990226349253,0.7076009773650749
2.559,2.4798660606472067,0.07913393935279345
2.427,2.541558799266897,-0.11455879926689683
2.268,2.525619941351617,-0.25761994135161714
2.029,2.4111152254560975,-0.38211522545609755
1.766,1.7979249443289864,-0.031924944328986404
1.469,1.1828138029081654,0.2861861970918347
1.656,1.9172748538818427,-0.2612748538818428
1.193,1.2979363256059546,-0.10493632560595456
2.594,2.3719662669970156,0.22203373300298423
2.086,2.2859585069377557,-0.19995850693775585
2.511,2.4811837485403494,0.029816251459650722
2.305,2.2849408179920503,0.02005918200794987
2.39,2.8330400469610004,-0.4430400469610003
2.335,2.229345409415582,0.10565459058441817
1.375,1.4256274128928834,-0.05062741289288342
1.63,1.3666648603691218,0.26333513963087807
1.74,1.875646045270189,-0.1356460452701891
1.557,2.0076469271077277,-0.4506469271077278
1.364,1.7219912378862794,-0.3579912378862793
1.453,1.6948203895752079,-0.2418203895752078
1.5,1.3227957277964832,0.17720427220351676
1.06,1.3400073987405139,-0.28000739874051384
1.488,1.4825794924829685,0.005420507517031492
1.01,1.4650046181598013,-0.4550046181598013
1.663,1.6817908704429847,-0.018790870442984664
1.625,1.528508372963759,0.09649162703624103
1.515,1.5011159904826166,0.013884009517383333
1.456,2.013949118362474,-0.5579491183624739
1.588,2.171375207947665,-0.5833752079476651
2.439,2.624554972055509,-0.18555497205550875
1.928,2.0031446374682638,-0.07514463746826383
1.228,1.3367260561684473,-0.10872605616844733
1.141,1.2852993953377165,-0.14429939533771652
1.213,1.6370489113308881,-0.42404891133088807
1.163,1.5943248882036398,-0.4313248882036398
1.158,1.7009615935420292,-0.5429615935420293
1.393,1.5354965274795724,-0.14249652747957242
1.373,1.6189226857863064,-0.24592268578630638
1.372,1.5433757621478728,-0.17137576214787265
1.234,1.7620502227356718,-0.5280502227356718
1.35,1.074189253176679,0.2758107468233211
1.213,1.9248645011862464,-0.7118645011862463
1.664,2.121605216806945,-0.4576052168069451
1.449,1.7926053554223316,-0.3436053554223315
1.396,1.5831046169968401,-0.18710461699684022
1.149,1.2223901237036727,-0.0733901237036727
1.37,1.512128567716447,-0.142128567716447
1.381,1.3636929907826567,0.017307009217343294
1.41,1.5680588716758082,-0.15805887167580823
1.572,1.8113261653723225,-0.23932616537232243
1.304,1.6908794058271335,-0.3868794058271334
1.228,1.6972670334728381,-0.46926703347283816
1.443,1.8637025056955774,-0.4207025056955773
1.582,2.547803335750271,-0.9658033357502711
1.18,1.7410954396031881,-0.5610954396031882
1.226,1.3481941504356916,-0.1221941504356916
1.117,1.9538981365743395,-0.8368981365743395
1.067,1.7608644453480375,-0.6938644453480376
1.27,1.5275156617064096,-0.2575156617064096
1.163,1.4676127668122996,-0.30461276681229954
1.262,1.4459648251837607,-0.18396482518376067
1.32,1.8349449201814387,-0.5149449201814387
1.118,1.5861590251782334,-0.46815902517823327
1.36,2.0807245422020895,-0.7207245422020894
1.288,1.4267789816485859,-0.13877898164858582
1.355,1.9901821544361247,-0.6351821544361247
1.44,1.987382748394158,-0.547382748394158
1.587,2.0200287593011943,-0.43302875930119433
1.598,2.0803203734273032,-0.48232037342730316
1.132,1.0304424764748843,0.1015575235251156
1.172,1.3638222722941915,-0.19182227229419158
1.125,1.3629836201537096,-0.23798362015370955
1.289,1.3277292111884464,-0.03872921118844652
0.981,1.3043851526994867,-0.32338515269948676
1.112,1.5615637479273248,-0.4495637479273247
1.083,1.6463978743171261,-0.5633978743171262
1.104,1.429309274690226,-0.32530927469022597
0.918,1.0825505219874598,-0.16455052198745979
0.905,1.4442296073368452,-0.5392296073368452
0.792,1.2654327720762724,-0.4734327720762723
0.857,1.299501389023297,-0.44250138902329694
0.883,1.4302007401763288,-0.5472007401763288
1.04,1.3334501005217858,-0.2934501005217858
1.086,1.4034600703913753,-0.31746007039137525
1.136,1.6372460375873377,-0.5012460375873378
1.62,1.9584182230254765,-0.3384182230254764
1.476,2.066691401007602,-0.5906914010076019
1.475,1.6462283374544653,-0.1712283374544652
1.51,1.769078415047602,-0.259078415047602
1.599,1.8363431481970938,-0.2373431481970938
1.675,1.452009207734227,0.222990792265773
1.943,2.23197751836166,-0.28897751836165986
0.997,1.5208859540068191,-0.5238859540068191
1.865,1.8465620548256159,0.01843794517438413
1.591,1.9383548636119428,-0.3473548636119428
1.855,2.4537620501993036,-0.5987620501993036
1.785,2.147045958923214,-0.3620459589232141
2.079,2.810068010439794,-0.731068010439794
1.491,1.5951047467032695,-0.10410474670326941
1.0,1.4014778928670704,-0.40147789286707036
0.969,1.5701214156191587,-0.6011214156191588
0.957,1.2524018131980674,-0.29540181319806746
1.37,2.105507593978707,-0.7355075939787068
1.025,1.3564249550322887,-0.33142495503228875
1.591,1.788995915174297,-0.19799591517429693
1.58,1.7772422487721848,-0.19724224877218477
1.754,2.3150949801578955,-0.5610949801578955
1.951,2.1888299957007753,-0.23782999570077523
1.76,2.0622936592065835,-0.30229365920658346
1.641,2.1381526125176347,-0.49715261251763465
1.703,1.7100854712258797,-0.007085471225879658
1.604,2.2601513984060055,-0.6561513984060054
1.754,2.3367766251853332,-0.5827766251853332
1.036,1.5409382462739418,-0.5049382462739418
1.502,1.3324244634134157,0.1695755365865843
2.023,2.304570522617952,-0.2815705226179519
4.167,0.9026970844456392,3.2643029155543606
5.0,1.4570880187067232,3.542911981293277
2.75,3.124603824421719,-0.3746038244217189
1.813,1.1109729149631868,0.7020270850368131
2.011,2.2655329971452574,-0.25453299714525723
2.25,1.246076272162213,1.003923727837787
1.833,2.086091473365624,-0.2530914733656242
2.452,1.7371593452323908,0.7148406547676092
3.431,2.189965643978536,1.2410343560214638
2.252,2.2624807810908787,-0.01048078109087891
1.818,1.9647486491222579,-0.14674864912225782
1.315,1.6407217609613762,-0.3257217609613763
1.917,1.8889784305800328,0.02802156941996725
1.917,1.940490823103706,-0.02349082310370587
3.15,1.248705109304142,1.901294890695858
2.063,2.075864715646958,-0.01286471564695768
3.614,3.0173935355123556,0.5966064644876443
2.317,2.0506042283752377,0.26639577162476247
3.115,2.5245666362900714,0.5904333637099288
2.456,2.240417892785464,0.21558210721453586
1.646,1.8919402491906603,-0.24594024919066038
1.569,2.0155611983756296,-0.4465611983756297
1.696,1.5941642147623893,0.10183578523761061
1.576,1.986143299801608,-0.4101432998016079
1.557,2.10231819527327,-0.54531819527327
1.787,1.8982363901958468,-0.11123639019584686
1.813,1.6254400641655535,0.1875599358344464
1.326,1.5600737290233915,-0.2340737290233914
1.393,1.2693271118347935,0.1236728881652065
1.278,1.5762025205562982,-0.29820252055629815
1.008,1.1349947351346787,-0.12699473513467874
1.204,1.7412499356213027,-0.5372499356213027
1.188,1.5122422332637813,-0.3242422332637813
1.614,2.1480936429120945,-0.5340936429120944
1.525,2.0706282979884194,-0.5456282979884195
1.748,2.18789108626772,-0.4398910862677201
1.589,1.9509227668832845,-0.3619227668832845
1.164,1.4090036504657224,-0.24500365046572248
1.03,1.6210786450981838,-0.5910786450981838
1.419,1.759630902527208,-0.34063090252720807
1.341,1.1953677040777868,0.14563229592221316
1.19,1.5161771205276242,-0.32617712052762426
1.161,0.2490865636574222,0.9119134363425778
1.41,1.5743859985995619,-0.16438599859956193
0.935,1.4106239176582789,-0.4756239176582788
1.088,0.9886427750099069,0.09935722499009314
1.016,1.4498423611323852,-0.43384236113238517
0.992,1.7200605394736908,-0.7280605394736908
0.986,1.5342581221961584,-0.5482581221961584
0.906,1.321467492794492,-0.415467492794492
1.207,1.583613352384774,-0.3766133523847739
1.134,1.2528723039145562,-0.11887230391455628
1.174,1.8146305431560743,-0.6406305431560744
1.064,1.3968223757268972,-0.3328223757268971
1.125,0.8557914042955144,0.26920859570448563
1.431,1.3471447499661928,0.08385525003380723
1.956,1.8579868269316833,0.0980131730683167
1.25,1.370562364970354,-0.120562364970354
2.077,1.6674618312086142,0.4095381687913857
1.547,2.057032056054968,-0.5100320560549683
1.434,2.059542810161828,-0.6255428101618279
1.437,1.7009834613984394,-0.2639834613984393
1.473,1.6637312759161185,-0.19073127591611838
1.614,1.9056775597323479,-0.29167755973234777
1.492,1.7125082245852916,-0.22050822458529162
1.818,2.026715986582325,-0.20871598658232493
1.375,1.53695101539566,-0.16195101539566004
1.217,1.1321152877068696,0.08488471229313044
1.058,1.2167751366792208,-0.15877513667922072
0.911,0.8564902018776572,0.0545097981223428
1.119,1.5738908340618798,-0.4548908340618798
1.154,1.797402773463462,-0.643402773463462
0.995,1.7307702033359549,-0.7357702033359549
1.098,1.227775940251734,-0.129775940251734
0.899,1.368366804198594,-0.4693668041985939
0.951,1.261707260495529,-0.3107072604955291
0.974,1.1788445547419326,-0.20484455474193264
1.138,1.04176738594395,0.09623261405604988
1.164,1.5212366224701237,-0.3572366224701238
1.283,1.7597832436556162,-0.4767832436556163
1.277,1.5424976055128599,-0.26549760551285995
1.274,1.893044338175349,-0.619044338175349
1.202,1.1886397466709298,0.013360253329070204
1.275,1.2443282139474428,0.03067178605255716
1.217,1.0244086443777793,0.19259135562222074
1.135,1.4422077654103391,-0.3072077654103391
0.953,1.0855455449004265,-0.13254554490042658
1.055,1.1086221904292248,-0.05362219042922489
0.92,1.091584302565721,-0.171584302565721
1.054,1.626950673976497,-0.5729506739764969
0.956,1.6897355606927058,-0.7337355606927058
1.306,1.5250553975552532,-0.21905539755525316
1.02,1.3949485540131459,-0.37494855401314586
1.055,1.5936041615885896,-0.5386041615885897
1.281,1.693763330639106,-0.4127633306391061
1.389,1.8021404431501926,-0.4131404431501926
1.327,1.9636194769767734,-0.6366194769767735
0.963,1.493105251925684,-0.530105251925684
1.012,1.4740043461814822,-0.46200434618148223
1.038,1.0149124809696104,0.023087519030389636
1.125,1.0408642327905895,0.08413576720941052
1.198,1.6180812805271938,-0.42008128052719385
1.129,1.4420698244673078,-0.3130698244673078
1.185,1.5439371494337766,-0.3589371494337765
1.078,1.034755838094274,0.043244161905726
1.408,1.0958474035821983,0.3121525964178016
1.052,0.9945676296102794,0.0574323703897206
1.405,1.8268200500998382,-0.42182005009983814
1.276,1.353989951178199,-0.07798995117819896
0.955,1.437647648035892,-0.482647648035892
1.15,1.2325888847133304,-0.08258888471333048
1.126,1.5137691114306095,-0.38776911143060966
1.224,1.885503980173661,-0.6615039801736611
2.625,2.0078285834887897,0.6171714165112103
1.258,1.4804646539026871,-0.2224646539026871
1.332,1.6242260640667103,-0.29222606406671026
1.307,1.6822033690900466,-0.3752033690900467
1.227,1.5270621630271242,-0.3000621630271241
0.968,1.390659899317028,-0.4226598993170281
0.881,1.0738658233690566,-0.19286582336905655
0.861,1.2842701705977864,-0.4232701705977864
0.913,0.7858584691579193,0.12714153084208069
1.265,1.6345050734573219,-0.369505073457322
1.071,1.4478689981528388,-0.3768689981528388
1.182,1.6890711738868203,-0.5070711738868203
1.332,1.6247931042541723,-0.29279310425417227
1.32,1.4261756929896332,-0.10617569298963314
0.876,1.133837927746943,-0.25783792774694303
0.886,1.1262529115981152,-0.24025291159811524
0.928,1.6084968986148105,-0.6804968986148104
1.123,1.3779753718147765,-0.2549753718147765
1.016,1.6329758126737763,-0.6169758126737763
0.818,1.218567965686662,-0.400567965686662
0.964,1.2841782875934444,-0.32017828759344447
1.468,1.3835394057247943,0.08446059427520569
0.792,1.3012588985573108,-0.5092588985573108
0.727,1.0533387290359109,-0.3263387290359109
0.678,0.8204962005316565,-0.14249620053165646
0.666,0.876624496571178,-0.210624496571178
0.697,0.9738934188811998,-0.2768934188811999
0.816,1.1260981523943174,-0.3100981523943175
0.845,1.0634906802394253,-0.2184906802394253
0.734,1.1889401793062764,-0.4549401793062764
0.704,1.28600143727948,-0.58200143727948
0.705,1.12465237440298,-0.41965237440298
0.664,0.7975891404231386,-0.13358914042313852
0.69,0.7382198795434456,-0.04821987954344564
0.932,0.8510611015352885,0.08093889846471158
0.724,0.756841231406896,-0.03284123140689599
0.706,0.9349813943732457,-0.22898139437324572
0.703,0.4138159140054145,0.28918408599458545
0.681,1.1776137627843313,-0.4966137627843312
0.673,0.9164582292440602,-0.24345822924406013
0.704,1.0744796857290024,-0.3704796857290025
1.056,1.352203758453403,-0.29620375845340297
0.906,1.4494152799748041,-0.5434152799748041
0.884,1.3889315721496025,-0.5049315721496025
1.038,0.9921928992907372,0.04580710070926286
1.115,1.0534446075453485,0.06155539245465147
1.332,1.6188741290497468,-0.28687412904974674
2.213,2.263788768507415,-0.05078876850741487
1.643,2.056951936954929,-0.41395193695492893
1.55,2.4047087822094073,-0.8547087822094073
1.222,1.3346165239851389,-0.11261652398513888
0.868,0.8505329826419921,0.01746701735800793
0.883,1.4713669168236425,-0.5883669168236425
1.111,1.7472302472444077,-0.6362302472444077
0.897,0.9527958952539499,-0.0557958952539499
0.871,1.314910950831099,-0.443910950831099
1.065,1.4537561720134202,-0.3887561720134203
1.371,2.1302148954129736,-0.7592148954129736
1.09,1.7399671619905783,-0.6499671619905782
1.249,1.7086148411865723,-0.45961484118657214
1.199,1.1926484835602773,0.00635151643972276
1.063,1.4670207226308831,-0.4040207226308832
1.31,1.5603960145811886,-0.25039601458118854
1.222,1.3409656658397793,-0.1189656658397793
1.15,1.8719893003651904,-0.7219893003651905
0.88,1.2259539120520966,-0.3459539120520966
0.855,1.0416978269287163,-0.18669782692871628
0.89,0.9241413782741477,-0.03414137827414765
0.861,1.5143691872315956,-0.6533691872315956
0.894,0.9860201154550781,-0.09202011545507804
0.96,1.7367351501933888,-0.7767351501933888
0.908,1.7727085141617123,-0.8647085141617122
0.655,1.1571519539463813,-0.5021519539463812
0.648,1.0790030285684566,-0.4310030285684566
0.709,0.6962454130881681,0.012754586911831844
0.685,1.0246101508892294,-0.3396101508892293
0.664,1.4232273000329585,-0.7592273000329585
0.67,1.3322602018562006,-0.6622602018562006
0.64,0.8834647398522666,-0.24346473985226658
0.649,1.1290550547920648,-0.4800550547920648
0.641,1.1134343608142059,-0.47243436081420587
0.681,1.3398246975465005,-0.6588246975465004
0.634,0.9847933080809255,-0.35079330808092546
0.695,0.8374633573915726,-0.14246335739157268
0.788,1.4315172001368603,-0.6435172001368603
0.597,1.013600969879218,-0.41660096987921813
0.752,1.1641627551686708,-0.41216275516867085
0.737,0.929554538616121,-0.19255453861612104
1.597,2.5480043316380874,-0.9510043316380874
1.222,1.6094581057286583,-0.38745810572865835
0.974,1.6666454208117405,-0.6926454208117405
0.97,1.3936187588861697,-0.42361875888616973
0.991,1.3427218672213506,-0.35172186722135057
1.221,0.8808969718918673,0.34010302810813275
0.907,1.1734759682683817,-0.2664759682683817
1.35,1.4190776733279644,-0.06907767332796433
0.933,1.5925742897571316,-0.6595742897571315
0.973,1.8495449515845381,-0.8765449515845382
1.026,1.5610824156614895,-0.5350824156614895
0.819,1.2154551123405846,-0.3964551123405846
0.829,1.2581964284919118,-0.42919642849191186
0.976,1.4965802673370385,-0.5205802673370385
0.9,1.1859361115114189,-0.28593611151141884
0.881,1.0505315516940281,-0.16953155169402812
0.771,1.0376745826802731,-0.2666745826802731
0.768,0.9793786691362896,-0.21137866913628955
0.795,0.8144382617347503,-0.019438261734750273
0.779,0.9427629698122098,-0.16376296981220972
0.706,0.8321053304624724,-0.1261053304624724
0.658,0.7849766188523717,-0.12697661885237166
0.758,0.9454045794488954,-0.18740457944889544
0.715,0.9279555915119322,-0.21295559151193222
0.669,1.4514711079456237,-0.7824711079456237
0.661,0.9324663776222912,-0.2714663776222912
0.682,0.863832577351543,-0.1818325773515429
0.721,1.1482468820063663,-0.4272468820063663
0.635,1.3349010011535203,-0.6999010011535203
0.708,0.876744522504679,-0.16874452250467908
0.788,0.6333539393536789,0.15464606064632114
0.68,0.9836765225182391,-0.30367652251823907
0.695,0.9278775227791498,-0.23287752277914986
0.713,0.4511170984309052,0.2618829015690948
0.683,0.668003094491401,0.014996905508599001
0.75,1.269156032141176,-0.5191560321411759
0.908,1.2078045254185883,-0.29980452541858826
0.733,0.993723426055197,-0.26072342605519705
1.594,1.7516181814627163,-0.15761818146271622
1.166,1.5576679112900969,-0.3916679112900969
0.915,1.6691534488747428,-0.7541534488747428
0.976,1.4849040297498741,-0.5089040297498741
0.883,1.5074105603580974,-0.6244105603580974
0.98,1.5816752166875965,-0.6016752166875965
1.237,1.6346445623560364,-0.3976445623560363
2.5,1.6039290157129826,0.8960709842870174
0.888,0.9705415375258912,-0.08254153752589122
1.145,0.9718344164945534,0.17316558350544664
0.964,1.7909550132648173,-0.8269550132648174
0.976,1.899887987584414,-0.9238879875844139
0.953,1.4235184120585838,-0.4705184120585838
0.9,1.5576840985077447,-0.6576840985077447
0.834,1.3440935183019,-0.5100935183019001
0.721,1.0343626004329034,-0.3133626004329034
0.875,1.0545321954550293,-0.1795321954550293
0.788,0.9774956617532269,-0.18949566175322685
0.838,1.43026434956552,-0.5922643495655201
0.878,1.3870808378786483,-0.5090808378786483
0.882,1.0678061253369004,-0.18580612533690044
0.726,0.8107688187885036,-0.08476881878850362
0.708,1.2798463441894101,-0.5718463441894102
0.702,0.7121104897573098,-0.010110489757309882
0.875,0.7092384531383942,0.16576154686160582
0.677,0.7773485545004228,-0.10034855450042279
0.593,0.6990608635319946,-0.10606086353199462
0.629,1.0100396944472196,-0.38103969444721963
0.78,0.7709269592287638,0.009073040771236274
0.845,1.3402956730465645,-0.4952956730465645
0.867,1.4631786665529434,-0.5961786665529434
0.952,1.6967430946050652,-0.7447430946050653
0.892,1.245332529439457,-0.35333252943945703
0.905,1.2021493420951348,-0.29714934209513477
0.937,1.4581157894311565,-0.5211157894311564
0.994,1.508001281551839,-0.5140012815518391
0.753,1.1916223765480873,-0.43862237654808733
0.786,1.1514267021758249,-0.36542670217582485
0.855,1.2493911301402922,-0.39439113014029226
0.84,1.6459639986123364,-0.8059639986123365
0.769,1.185293638205989,-0.4162936382059891
0.635,1.231071901103575,-0.5960719011035749
0.731,0.7685326723649586,-0.03753267236495861
0.67,0.7107761108715716,-0.040776110871571514
0.682,1.3747745161770046,-0.6927745161770046
0.65,1.028403677589826,-0.37840367758982596
0.731,0.8929617632778801,-0.16196176327788014
0.746,1.0925720538199843,-0.34657205381998435
0.699,1.0982521089175328,-0.3992521089175328
0.709,1.1902616565881117,-0.4812616565881117
0.84,1.0957693281433918,-0.2557693281433918
0.815,1.082468385457027,-0.267468385457027
0.883,1.21184013130521,-0.32884013130521006
1.167,1.1148364589171988,0.05216354108280119
1.063,1.262725616070751,-0.199725616070751
1.346,1.9641718359406768,-0.6181718359406767
1.495,1.3392268939940777,0.15577310600592242
0.958,0.7573723013235867,0.20062769867641328
1.157,1.434263514896827,-0.277263514896827
1.115,1.8035020667892439,-0.6885020667892439
1.367,1.9455987725681705,-0.5785987725681705
1.231,1.8764723186045886,-0.6454723186045885
1.237,1.9709144839061628,-0.7339144839061627
1.224,1.6241548289716792,-0.4001548289716792
1.345,2.044389962223595,-0.6993899622235948
1.516,2.231890997348169,-0.7158909973481689
1.293,2.133828788646068,-0.8408287886460679
1.977,1.6373757074091146,0.33962429259088545
0.793,0.5722026613357518,0.22079733866424822
0.73,0.8441661437006074,-0.1141661437006074
0.858,1.1032658783359033,-0.2452658783359033
0.788,1.0791966552748886,-0.2911966552748886
0.821,0.9303387032053936,-0.10933870320539363
2.145,2.4404967756498337,-0.2954967756498337
1.611,1.818033516446001,-0.2070335164460011
1.382,1.5571403161119806,-0.17514031611198067
0.857,1.0050167489538044,-0.14801674895380446
0.93,0.9913424496517314,-0.0613424496517313
1.065,1.2972571382402835,-0.2322571382402836
2.239,2.9966202969402698,-0.7576202969402699
1.651,1.979721564260653,-0.3287215642606529
0.933,1.31034268600432,-0.37734268600431986
1.372,1.7629589009668294,-0.3909589009668293
1.294,0.9970638335524027,0.29693616644759735
1.075,1.252183091659532,-0.17718309165953205
1.284,1.7942509031292584,-0.5102509031292584
1.402,2.384796506299515,-0.982796506299515
1.407,1.980184435547839,-0.573184435547839
1.593,2.2813634048294986,-0.6883634048294986
1.732,2.980667293161673,-1.2486672931616731
1.6,1.2085156139901219,0.3914843860098782
1.448,2.0352765157444783,-0.5872765157444784
0.875,0.7151804591428452,0.15981954085715477
0.989,1.4031272359056202,-0.4141272359056202
0.816,0.9374833405701581,-0.1214833405701582
0.687,0.6789749564445513,0.008025043555448752
1.102,1.052208074001825,0.04979192599817517
1.267,1.2563873390428888,0.010612660957111109
0.825,1.2612092067545817,-0.43620920675458175
0.929,1.408637122364965,-0.4796371223649649
1.139,1.378459676436958,-0.2394596764369581
0.723,1.0668639348160314,-0.3438639348160314
0.732,1.0375129661326103,-0.30551296613261036
0.813,1.0163884076472516,-0.20338840764725163
0.735,0.8651750105842475,-0.13017501058424752
0.783,0.9884946988445831,-0.20549469884458305
0.772,1.1409357047477822,-0.36893570474778214
0.804,0.8661362771878931,-0.06213627718789305
0.909,1.65071363857742,-0.7417136385774199
0.894,1.3225983776857368,-0.42859837768573683
0.909,1.36201066136968,-0.45301066136968005
0.977,1.4360571221971128,-0.4590571221971128
1.431,1.2482378184001226,0.18276218159987745
1.292,1.2890046749306525,0.002995325069347521
1.644,1.856801229744602,-0.21280122974460203
1.625,1.2837967239370813,0.34120327606291867
1.739,2.1801842175837374,-0.44118421758373727
0.903,1.3057172741012346,-0.4027172741012346
0.847,1.1572680964072348,-0.31026809640723485
1.265,1.660149942343084,-0.3951499423430842
0.974,1.3072185120134687,-0.33321851201346875
0.753,0.9476634240252839,-0.19466342402528392
1.125,1.139439775867424,-0.014439775867423954
0.851,0.6304413266183357,0.22055867338166424
0.819,1.077053070191948,-0.2580530701919481
0.728,0.7880646912882057,-0.060064691288205685
0.725,1.0850275308662454,-0.3600275308662454
1.0,0.8736302832935516,0.12636971670644837
1.027,1.1707834050243329,-0.14378340502433296
1.223,1.1309053055533922,0.0920946944466079
1.493,1.3027271006165084,0.19027289938349168
1.407,2.138236577744406,-0.7312365777444061
1.37,1.331003214017922,0.03899678598207812
1.176,1.3884618937349784,-0.21246189373497848
1.178,1.4061387081033354,-0.22813870810333547
1.346,1.621726565415341,-0.2757265654153409
1.734,2.38988730462319,-0.6558873046231901
1.532,2.394694601850956,-0.862694601850956
2.247,2.376398631666076,-0.129398631666076
1.375,1.3433078282071151,0.03169217179288486
1.528,1.528701604788631,-0.0007016047886310162
1.524,1.993325846339016,-0.469325846339016
1.824,2.5425003489648494,-0.7185003489648494
3.818,4.48029444488029,-0.6622944448802897
1.358,1.7173663976391493,-0.35936639763914924
1.08,1.2360443828070993,-0.1560443828070992
1.381,1.72912532066646,-0.34812532066646007
1.298,2.0880999026964906,-0.7900999026964906
1.62,1.974167449367976,-0.35416744936797584
1.411,1.4719213391945174,-0.060921339194517365
1.274,1.638734516530508,-0.36473451653050804
2.041,2.4503879595857163,-0.4093879595857164
1.623,1.8223269132771818,-0.19932691327718177
1.499,2.361766594804424,-0.8627665948044241
1.215,1.7123682384685863,-0.49736823846858624
2.831,2.955333489042941,-0.12433348904294084
1.172,1.314483813822819,-0.14248381382281905
0.943,0.7606145624540406,0.18238543754595937
2.696,2.905720875222263,-0.20972087522226301
2.372,2.647545011774592,-0.2755450117745921
2.171,2.3626140174752024,-0.19161401747520257
2.306,2.5755234923208743,-0.26952349232087425
1.313,1.7375305460244896,-0.4245305460244897
1.03,1.008200554305653,0.021799445694347108
1.208,0.6549215497179675,0.5530784502820325
1.632,1.7917270626150716,-0.15972706261507175
0.869,1.3049757673923321,-0.4359757673923321
5.00001,1.3819161883645197,3.6180938116354797
1.466,1.9685641947645194,-0.5025641947645194
1.732,0.5931352971560637,1.1388647028439363
2.203,1.4720213558779762,0.7309786441220236
1.916,1.4901005190629173,0.42589948093708263
1.21,1.6284835033163918,-0.41848350331639184
1.352,1.7233045841832701,-0.37130458418327006
3.167,2.594003631058523,0.5729963689414768
1.118,0.8771095360514989,0.24089046394850122
0.96,1.0232203327996334,-0.06322033279963346
1.157,1.2234690357056994,-0.0664690357056994
1.228,1.282021794160371,-0.05402179416037112
1.163,1.1058645140137213,0.05713548598627871
1.067,1.0409568196922692,0.026043180307730784
1.167,0.9488310703477325,0.21816892965226753
1.035,0.6756048064940852,0.35939519350591476
1.046,0.6472157068644004,0.3987842931355996
1.262,0.6812998805079356,0.5807001194920645
1.135,1.2043903266388722,-0.06939032663887224
0.92,1.2291136373911642,-0.30911363739116415
0.983,1.115271384319624,-0.13227138431962404
0.404,1.0009514113297482,-0.5969514113297482
0.35,1.0039910332431385,-0.6539910332431386
1.402,1.3591547344168382,0.04284526558316171
1.388,1.2285637471773572,0.15943625282264273
1.196,1.4030897838519656,-0.20708978385196564
1.309,1.2275651237183471,0.0814348762816528
1.265,1.0837826368988717,0.18121736310112824
0.849,0.8642376191198162,-0.015237619119816248
0.695,0.5664842132503347,0.12851578674966524
0.579,0.6054361654864155,-0.026436165486415586
0.647,0.44733638692874544,0.19966361307125458
0.734,0.4667424217958356,0.2672575782041644
0.833,1.1104275835378927,-0.27742758353789276
0.913,0.970655984987566,-0.05765598498756597
1.671,1.5915411174713716,0.07945888252862843
1.769,2.03352202021213,-0.2645220202121299
1.08,2.0059223533509614,-0.9259223533509613
1.531,2.1576703497577014,-0.6266703497577015
0.766,0.8385207209544996,-0.07252072095449957
0.555,0.7796340351136957,-0.22463403511369562
0.616,0.5884162676689697,0.027583732331030286
0.596,0.5577151885435678,0.038284811456432144
0.72,0.614821359064385,0.10517864093561502
0.694,0.867047149516079,-0.17304714951607902
0.704,0.7127564844943701,-0.008756484494370165
0.693,0.8504119565883956,-0.15741195658839569
0.668,1.0301003604646082,-0.36210036046460814
0.62,1.3333791006174938,-0.7133791006174938
0.985,0.7634793052785072,0.22152069472149283
0.925,1.0077304348014842,-0.08273043480148412
1.104,0.8730015375323315,0.23099846246766864
1.112,0.8478915163193441,0.264108483680656
1.041,1.3996484008730277,-0.35864840087302774
1.709,1.66006245477781,0.04893754522219007
1.706,1.7123864658043848,-0.006386465804384844
1.162,1.149642375278356,0.012357624721643923
0.922,0.5932667619676528,0.3287332380323472
0.941,0.5625482440959473,0.37845175590405267
0.648,0.7693523605415011,-0.12135236054150111
0.869,0.8115126321311374,0.05748736786886255
1.019,0.9870246547332056,0.03197534526679435
1.099,1.177616230459489,-0.07861623045948907
1.516,0.8862505668536937,0.6297494331463063
1.422,1.4856674982711757,-0.0636674982711758
1.678,1.8339499452958152,-0.1559499452958153
1.484,1.7035952036726993,-0.21959520367269936
1.582,1.3527236172914807,0.22927638270851936
1.192,0.86432512945448,0.3276748705455199
1.185,1.260301080657754,-0.07530108065775387
0.908,1.1323938813693382,-0.22439388136933813
0.985,1.1077474385904789,-0.12274743859047887
0.641,0.6998762389001998,-0.05887623890019977
0.565,0.5355936143915625,0.029406385608437446
0.854,1.203279408013843,-0.34927940801384294
0.799,1.0193079300887435,-0.2203079300887435
0.917,0.13141808644450514,0.7855819135554949
0.928,1.0172079054992007,-0.08920790549920066
0.971,0.9958897549139074,-0.024889754913907436
1.031,0.8127429769660872,0.2182570230339127
0.98,1.1214322848334293,-0.1414322848334293
0.983,1.0627559017612387,-0.0797559017612387
1.221,1.192015402578014,0.028984597421986003
0.743,1.2393575127625802,-0.4963575127625802
1.156,1.0045715799129655,0.1514284200870344
0.823,0.7966497712395606,0.026350228760439354
1.004,0.9502925728453553,0.053707427154644716
1.167,0.5950957124276754,0.5719042875723246
0.934,0.46500649379614467,0.4689935062038554
1.118,1.0956098793783609,0.022390120621639253
0.931,0.9689926309921526,-0.037992630992152554
1.941,2.1663215891709258,-0.2253215891709257
1.745,1.5230034882440335,0.22199651175596657
1.653,1.0953636897691594,0.5576363102308406
1.631,1.3361845558399743,0.2948154441600257
3.026,1.8077098738901722,1.2182901261098276
1.197,0.6233410073305303,0.5736589926694697
1.182,1.0213055548689143,0.16069444513108566
1.083,0.5017962698757226,0.5812037301242774
1.051,1.2159070223545063,-0.16490702235450638
1.244,1.0152866688674314,0.22871333113256864
1.257,1.3731841630798511,-0.11618416307985124
1.519,1.8022745521235626,-0.2832745521235627
1.034,0.47196307535826487,0.5620369246417352
1.201,1.5365565687965126,-0.3355565687965125
1.135,1.2731544248601048,-0.13815442486010476
1.005,1.1730731526648377,-0.1680731526648378
1.234,1.2987463516239397,-0.06474635162393971
1.297,1.210019595031984,0.08698040496801585
0.982,0.8949117139036855,0.08708828609631447
1.04,1.193322469958149,-0.15332246995814902
0.719,0.5816260441869341,0.13737395581306588
0.956,1.0407939708657392,-0.08479397086573925
1.214,1.435894782242858,-0.22189478224285808
1.02,1.036412715474135,-0.01641271547413492
0.933,1.0170440277581894,-0.08404402775818931
0.993,1.056100258311456,-0.06310025831145605
1.088,0.9692866554544013,0.11871334454559879
0.817,0.5717976507008902,0.24520234929910978
0.675,0.24277668982188993,0.4322233101781101
0.75,0.15400471409208416,0.5959952859079158
0.4,0.17069956665647057,0.22930043334352945
0.647,0.2512970296367061,0.39570297036329394
0.225,0.03499573259730182,0.19000426740269818
1.375,0.13840885676702186,1.2365911432329781
0.81,0.621112941878811,0.188887058121189
0.658,1.5341697827673595,-0.8761697827673595
0.554,0.31353408257473303,0.24046591742526702
0.623,0.12869117163768617,0.4943088283623138
0.542,0.3765211597318545,0.16547884026814552
0.574,0.2267550926189945,0.34724490738100544
0.608,0.5125774381919606,0.09542256180803943
0.674,0.7360515045418232,-0.06205150454182318
0.75,0.2717929680802367,0.4782070319197633
0.513,0.7458929309524631,-0.2328929309524631
0.696,0.8125748375477571,-0.1165748375477571
0.981,0.7926378481691316,0.18836215183086835
0.65,0.5090613926931153,0.14093860730688468
0.733,0.37441367585030516,0.3585863241496948
0.724,0.330454272389326,0.39354572761067397
0.653,0.5362484476443159,0.11675155235568413
0.84,0.6042188931373969,0.23578110686260312
0.978,0.8222415797720533,0.15575842022794673
0.78,0.6549203242015784,0.1250796757984216
1.163,1.1095988797055447,0.05340112029445532
0.425,1.4793170537852434,-1.0543170537852433
0.478,1.4320163402424129,-0.9540163402424129
0.669,0.29774570528962085,0.3712542947103792
0.668,0.41091529582291964,0.2570847041770804
0.656,0.5339224408254515,0.12207755917454854
0.826,0.8089328899043022,0.017067110095697724
0.656,0.8132427951083137,-0.15724279510831363
0.945,1.0261561748364587,-0.08115617483645876
0.41,0.8250158088094253,-0.4150158088094253
0.425,0.16584900822884263,0.25915099177115736
0.577,0.5217650554250346,0.05523494457496536
0.5,-0.2562808474230618,0.7562808474230618
0.801,0.13927717374391912,0.6617228262560809
0.669,-0.4183986051331905,1.0873986051331905
0.485,-0.5686381159119325,1.0536381159119323
0.691,-0.6754737277709215,1.3664737277709214
0.481,-0.301723659470825,0.782723659470825
0.486,-0.3371647118663317,0.8231647118663317
0.704,-0.06784447356142387,0.7718444735614238
0.868,-0.7676557445551664,1.6356557445551663
1.572,1.7119051063853883,-0.13990510638538822
1.336,1.279098272773687,0.05690172722631304
0.979,1.367016860640582,-0.38801686064058194
1.033,0.9884153038775598,0.04458469612244009
0.965,1.9033931960339046,-0.9383931960339046
1.286,2.120925546522167,-0.8349255465221668
1.176,1.4011710268448327,-0.2251710268448328
1.324,1.7315695038496068,-0.4075695038496068
1.104,1.731804559461251,-0.6278045594612509
1.352,1.0023789066749873,0.3496210933250128
0.713,1.135823221860883,-0.42282322186088306
2.538,2.5424929565987737,-0.004492956598773912
2.552,1.5441439194796092,1.0078560805203909
1.676,2.2433485766763486,-0.5673485766763486
2.309,2.2525395949543148,0.05646040504568539
1.625,1.9770570651118589,-0.35205706511185886
1.372,1.5626406240539983,-0.19064062405399818
1.655,1.3460936934853904,0.3089063065146096
1.611,2.2162062629662396,-0.6052062629662396
1.15,2.6621658469474467,-1.5121658469474468
1.441,2.0542580392036514,-0.6132580392036513
1.719,2.793198594153449,-1.0741985941534489
1.239,2.0079785785550173,-0.7689785785550172
1.084,1.9857162261456343,-0.9017162261456342
0.875,2.132690172065809,-1.257690172065809
0.89,1.5915350700585609,-0.7015350700585609
1.5,2.5642643778004355,-1.0642643778004355
1.535,1.21488966213688,0.3201103378631198
1.245,0.9999921529216937,0.24500784707830636
1.897,1.1590676080518016,0.7379323919481984
2.265,1.8733921732834529,0.39160782671654726
1.76,1.79565661759974,-0.035656617599739926
1.828,1.4869811350532554,0.3410188649467447
1.32,1.4402150972460865,-0.12021509724608648
1.478,2.625247964598639,-1.147247964598639
1.571,1.896116584477984,-0.32511658447798397
1.526,1.900383916277108,-0.3743839162771079
1.33,1.5484845418453816,-0.21848454184538157
0.906,1.0290700254033995,-0.12307002540339951
0.924,1.269763871950712,-0.345763871950712
1.631,1.3772217290478097,0.2537782709521903
0.908,1.3371973639131327,-0.4291973639131327
0.847,1.9651573560487734,-1.1181573560487734
1.114,1.020800580529627,0.09319941947037313
0.89,1.037101211465128,-0.1471012114651279
1.339,1.8607698807794364,-0.5217698807794364
1.175,1.8755764134875443,-0.7005764134875443
1.286,2.1743966514581707,-0.8883966514581707
0.425,0.3163586405758596,0.10864135942414038
2.25,1.886202408837014,0.36379759116298604
1.577,1.0889580509145618,0.4880419490854382
0.533,0.9510329286565722,-0.41803292865657216
0.574,0.6863924139366586,-0.11239241393665866
1.0,0.5930288230363296,0.40697117696367036
0.556,0.6423002099779707,-0.08630020997797061
0.914,0.9875166281433481,-0.07351662814334803
0.571,0.6102057653099235,-0.03920576530992359
0.668,1.016373911610164,-0.34837391161016396
0.608,0.6603048696112004,-0.0523048696112004
0.738,0.7287989437556748,0.009201056244325212
0.798,1.0679454867096,-0.26994548670960006
0.885,1.1886513151253144,-0.3036513151253144
0.705,1.067787163355165,-0.36278716335516503
0.69,0.8626404774847278,-0.17264047748472788
0.872,0.9919854703064237,-0.1199854703064237
0.8,0.8307195894893185,-0.03071958948931841
1.015,1.0521509469539407,-0.03715094695394083
0.447,0.4483154044290283,-0.0013154044290282774
0.55,0.1339777890641638,0.41602221093583625
1.861,0.9607573363326121,0.9002426636673879
0.683,0.37619809274011895,0.3068019072598811
1.128,0.980066490915803,0.1479335090841969
0.777,0.37804428019548775,0.3989557198045123
0.785,0.682712247457109,0.10228775254289102
4.417,2.640832880889132,1.7761671191108679
4.085,2.883643960619229,1.2013560393807712
4.596,4.272848611378328,0.3231513886216719
5.00001,4.157949098614215,0.8420609013857847
4.116,3.282632485313231,0.8333675146867687
5.00001,3.0409791340183236,1.959030865981676
3.542,1.8841521635955638,1.657847836404436
2.49,2.2686147905452883,0.22138520945471196
2.74,1.844308313783093,0.8956916862169073
2.847,1.8821017430646807,0.9648982569353193
2.896,2.201075354547716,0.6949246454522839
2.455,1.889167819814724,0.5658321801852761
1.375,1.8386034847591093,-0.4636034847591093
2.25,2.1038347794469674,0.1461652205530326
2.438,1.9269999534845899,0.5110000465154103
2.615,2.0460377921652486,0.5689622078347516
2.4,1.6106454912496853,0.7893545087503147
1.991,1.9017042400410815,0.08929575995891859
2.0,1.8134240648447462,0.18657593515525384
3.022,2.180267724455812,0.8417322755441878
2.148,2.047390485131507,0.10060951486849312
1.798,1.9291890646725491,-0.1311890646725491
1.75,1.9486805403954541,-0.19868054039545413
1.987,1.8563118942971153,0.1306881057028848
2.042,1.7916661287360578,0.250333871263942
1.714,1.8430756086628077,-0.12907560866280776
2.636,1.780563991851703,0.855436008148297
2.117,1.9687814399384813,0.14821856006151868
1.594,1.8473466908328682,-0.2533466908328681
1.727,2.12645332954741,-0.39945332954740986
1.781,1.7316354448908116,0.04936455510918836
1.181,1.6888453194602862,-0.5078453194602861
1.333,1.7376635391532087,-0.40466353915320874
1.292,2.0042463702061912,-0.7122463702061912
1.5,1.1790341674632945,0.3209658325367055
1.625,1.655907352405376,-0.03090735240537601
1.313,1.7894032122783412,-0.47640321227834126
1.641,1.8174614409081782,-0.17646144090817817
1.464,1.8859431952737273,-0.42194319527372737
1.455,1.6419859707915516,-0.18698597079155155
1.6,1.6318246772969105,-0.03182467729691041
1.717,1.8888280470707395,-0.1718280470707394
1.625,1.5894233552333383,0.03557664476666167
1.544,1.8179334475400162,-0.27393344754001614
1.429,1.546731197871634,-0.117731197871634
1.4,1.8994539219468956,-0.49945392194689564
1.271,1.5533521592919328,-0.2823521592919329
1.423,1.5945989226922368,-0.17159892269223675
1.125,1.618809741431615,-0.49380974143161493
1.5,1.5608307804902157,-0.06083078049021573
1.35,1.581376027495843,-0.23137602749584296
1.306,1.8480454921144225,-0.5420454921144224
1.688,2.123844505728264,-0.4358445057282643
1.853,2.3880866479267455,-0.5350866479267455
1.741,1.892322706601868,-0.15132270660186786
1.183,1.7479839973086015,-0.5649839973086015
1.552,2.1885573776260747,-0.6365573776260747
1.634,2.382334655300442,-0.7483346553004422
1.576,1.5971398254992646,-0.02113982549926452
1.067,1.487586068474984,-0.42058606847498403
1.192,1.47729339066251,-0.28529339066251014
1.146,1.6239826294274153,-0.47798262942741543
1.3,1.39162712643666,-0.09162712643665993
1.161,1.5633864434209142,-0.4023864434209141
1.39,1.7425324801531863,-0.3525324801531864
1.278,1.8382122247130477,-0.5602122247130477
1.236,1.7435586835597867,-0.5075586835597867
1.142,1.6406082631643002,-0.4986082631643003
1.281,1.5133078952401489,-0.23230789524014894
1.188,1.523591225084461,-0.33559122508446104
1.475,1.8619564423192692,-0.38695644231926907
1.5,1.480794714929732,0.019205285070267974
1.205,1.7648811473939097,-0.5598811473939096
1.903,1.7667726795134346,0.13622732048656538
1.67,2.3316966821820175,-0.6616966821820176
1.75,1.9450971562880515,-0.19509715628805147
1.922,2.045133893389131,-0.12313389338913105
3.314,3.4359892917660986,-0.12198929176609852
3.0,2.487528955369223,0.512471044630777
2.816,3.076683787236104,-0.2606837872361041
2.708,2.4724963602882246,0.23550363971177557
2.165,1.897099991444077,0.2679000085559231
2.031,2.1604025164246945,-0.12940251642469436
2.23,2.138342096083074,0.09165790391692585
2.044,2.0946676068763637,-0.050667606876363624
1.396,1.9259414466415445,-0.5299414466415446
1.227,1.5520124006878868,-0.3250124006878867
1.263,1.5928942514449345,-0.32989425144493456
1.144,1.4860551887366238,-0.3420551887366239
0.964,1.3458558353562697,-0.38185583535626977
0.913,1.1123956970341975,-0.19939569703419746
1.0,1.4297496827697298,-0.4297496827697298
1.0,1.3886830950203968,-0.3886830950203968
1.031,1.3995446011021158,-0.36854460110211584
1.4,1.6899789488306975,-0.28997894883069764
1.225,1.3870911981100587,-0.16209119811005857
1.518,1.9621764313487733,-0.44417643134877327
1.034,1.335377944731606,-0.30137794473160606
0.948,1.276368994396853,-0.3283689943968531
0.992,1.5555532756954717,-0.5635532756954718
0.924,1.0618622207888735,-0.13786222078887345
0.852,1.4200213901690246,-0.5680213901690246
0.906,1.8431074372951093,-0.9371074372951093
1.011,1.5087275154674649,-0.49772751546746496
1.021,1.6496288769032796,-0.6286288769032797
1.018,1.493740333531747,-0.47574033353174694
0.934,1.215928257855032,-0.28192825785503184
0.987,1.4981508036473503,-0.5111508036473503
0.903,1.7037408675143626,-0.8007408675143626
1.231,2.0783820802624557,-0.8473820802624557
0.973,1.6889418336643849,-0.7159418336643849
1.029,1.5438156517449984,-0.5148156517449984
1.267,2.2499048053554156,-0.9829048053554157
1.326,2.1964802261941276,-0.8704802261941276
0.844,1.4026493456554627,-0.5586493456554628
0.932,1.5731120660411286,-0.6411120660411286
1.0,1.3080926636284034,-0.3080926636284034
0.941,1.7400815908362057,-0.7990815908362058
0.898,1.154299281074284,-0.256299281074284
1.0,1.2997126056631947,-0.2997126056631947
1.281,1.1125166637060713,0.16848333629392864
0.953,1.666162040130331,-0.713162040130331
0.95,1.4656593998043588,-0.5156593998043588
1.05,1.22684460239519,-0.17684460239518995
0.955,1.346358095207306,-0.391358095207306
1.188,1.1785518111772066,0.009448188822793302
1.25,1.4079971969735694,-0.1579971969735694
1.381,1.4389011539131058,-0.057901153913105796
1.542,1.599779229654374,-0.05777922965437399
1.447,1.5636444660160629,-0.11664446601606282
1.191,1.8117912617656997,-0.6207912617656997
1.292,1.9005168904152416,-0.6085168904152416
1.153,1.9491589482373404,-0.7961589482373403
1.169,1.729821838897633,-0.5608218388976329
1.207,1.7592291515592544,-0.5522291515592543
1.183,1.4279454499203876,-0.24494544992038758
1.247,1.4061364737655422,-0.15913647376554207
1.177,1.2695781285529084,-0.09257812855290837
1.101,1.6625638319098441,-0.5615638319098442
1.265,2.089609619607532,-0.8246096196075323
1.22,2.1685985872651705,-0.9485985872651705
1.139,1.8049610869284656,-0.6659610869284656
1.351,1.5325214199964168,-0.1815214199964168
1.225,2.1162041513416154,-0.8912041513416153
1.113,1.1711402040064307,-0.05814020400643072
1.542,1.6300016025839017,-0.08800160258390166
2.188,1.2649132385964772,0.923086761403523
2.915,1.8593254430696304,1.0556745569303696
2.192,2.9989488062750285,-0.8069488062750283
1.855,1.9959909263208668,-0.14099092632086685
1.84,2.348938566786344,-0.508938566786344
1.766,1.7312500958576804,0.0347499041423196
1.841,1.7261214727105822,0.11487852728941772
1.554,1.845310216653525,-0.29131021665352486
1.591,1.7620751348517372,-0.1710751348517372
1.403,1.442809631386352,-0.03980963138635207
1.438,1.72293824102849,-0.28493824102848997
1.477,1.4193919316804122,0.05760806831958787
1.618,1.3936679721830127,0.22433202781698736
1.618,1.4685706879510678,0.14942931204893228
1.676,1.7292260393595993,-0.05322603935959935
1.668,1.8661571256157194,-0.19815712561571952
1.583,1.7257963512837922,-0.1427963512837922
1.568,1.5896177384574182,-0.0216177384574181
1.505,1.9432743805381925,-0.43827438053819257
1.596,2.0385633380840544,-0.44256333808405435
1.557,1.858302540766773,-0.3013025407667731
1.568,1.514376329431351,0.05362367056864903
1.398,2.232934432925891,-0.834934432925891
1.259,1.614517829140187,-0.35551782914018704
1.373,1.8399659986564962,-0.46696599865649624
1.418,2.325523234226564,-0.907523234226564
1.019,1.8771032896849982,-0.8581032896849983
1.091,1.6879745620957682,-0.5969745620957683
1.267,2.129940663636753,-0.8629406636367531
1.169,1.8950378007586202,-0.7260378007586201
1.17,2.069209406032284,-0.8992094060322842
1.043,1.7956422420784612,-0.7526422420784613
0.896,1.6730840267071008,-0.7770840267071008
1.006,1.8995763448761778,-0.8935763448761778
0.989,1.8365561829030577,-0.8475561829030577
0.97,1.59619064615833,-0.62619064615833
1.257,2.1157305842561462,-0.8587305842561463
1.452,2.0724044915000297,-0.6204044915000297
0.862,1.3195200446018016,-0.4575200446018016
1.234,1.72569427703901,-0.49169427703901003
1.43,2.072018216793688,-0.6420182167936879
1.35,2.1733120310049525,-0.8233120310049524
1.414,2.094175664662604,-0.680175664662604
1.098,2.0022841063674024,-0.9042841063674023
1.192,1.8552905116143883,-0.6632905116143883
1.03,1.9504346694269117,-0.9204346694269117
0.996,1.9317704051264961,-0.9357704051264961
1.218,1.978798394653036,-0.7607983946530361
1.254,2.2170063945313503,-0.9630063945313503
1.33,2.5611245112511156,-1.2311245112511155
1.185,1.9945005033077003,-0.8095005033077003
1.208,1.902794172828631,-0.6947941728286311
1.655,2.6363223626743197,-0.9813223626743197
1.577,2.3851413534519406,-0.8081413534519406
1.549,2.3215424463913124,-0.7725424463913124
1.589,2.5986294125875573,-1.0096294125875573
1.099,1.5072842700778941,-0.40828427007789414
1.158,2.0321075069285226,-0.8741075069285227
1.569,2.145631827338089,-0.576631827338089
1.422,2.578660282931719,-1.1566602829317192
1.258,1.8949951707352226,-0.6369951707352226
1.25,1.524541567417563,-0.2745415674175631
1.443,2.0539723840915727,-0.6109723840915726
1.135,1.6490223177328303,-0.5140223177328302
1.25,2.250118964740295,-1.0001189647402948
1.298,2.2180323901652548,-0.9200323901652547
1.378,2.228318387859979,-0.8503183878599792
1.504,1.9365426428519414,-0.43254264285194144
1.538,2.6424801324948155,-1.1044801324948155
2.346,2.860436228849214,-0.5144362288492137
1.334,1.9854399741638213,-0.6514399741638213
3.039,2.230291386606744,0.808708613393256
2.666,2.5788337954747904,0.08716620452520951
2.674,2.757487157845149,-0.08348715784514926
1.438,1.9778561015710243,-0.5398561015710244
1.651,1.820253204663637,-0.16925320466363702
0.893,2.102275796927092,-1.209275796927092
1.527,2.609464925101343,-1.0824649251013432
1.375,2.131489181842447,-0.7564891818424471
1.589,1.750082998955898,-0.16108299895589795
1.25,1.9726380963983876,-0.7226380963983876
1.15,2.2206474101136564,-1.0706474101136565
1.322,1.7876476666187116,-0.4656476666187115
1.35,2.108926763842363,-0.7589267638423629
1.794,2.379872508045846,-0.585872508045846
1.561,2.29989035978712,-0.7388903597871201
1.755,2.1612471370992554,-0.40624713709925553
1.063,1.208110734368513,-0.14511073436851296
0.842,1.1338848944062179,-0.2918848944062179
0.942,1.1635249430479029,-0.22152494304790293
1.08,1.141624323131421,-0.061624323131420855
1.083,1.7874907181512174,-0.7044907181512174
0.831,1.121218303489636,-0.29021830348963595
0.956,2.1072410142696225,-1.1512410142696226
0.863,1.413599400636734,-0.5505994006367341
0.926,1.3520475462485817,-0.42604754624858165
1.241,1.8000741324395955,-0.5590741324395954
1.372,1.3420158809780172,0.029984119021982947
1.025,1.5083012656488655,-0.48330126564886555
1.118,1.3522825757059231,-0.23428257570592304
1.203,2.04058641542112,-0.8375864154211199
0.968,1.7130270730177894,-0.7450270730177895
0.869,1.294294364076603,-0.4252943640766029
0.879,1.3827246013390058,-0.5037246013390058
0.886,1.4347758309350982,-0.5487758309350982
0.859,1.4052881156721122,-0.5462881156721122
0.794,1.4825728846885209,-0.6885728846885208
0.833,1.5056775303208307,-0.6726775303208308
0.864,1.345292402545395,-0.48129240254539496
0.905,1.1373165103413136,-0.23231651034131362
0.841,1.5314660768271213,-0.6904660768271214
0.832,1.1911113736786532,-0.3591113736786532
0.872,1.733835369861449,-0.861835369861449
0.98,1.5085126563372477,-0.5285126563372478
0.934,1.575700224216011,-0.6417002242160109
0.918,1.6073033857219803,-0.6893033857219802
0.863,1.4366045326457617,-0.5736045326457617
0.865,2.0836858470265534,-1.2186858470265534
0.938,1.4977687586027195,-0.5597687586027196
0.885,1.6839914862742622,-0.7989914862742622
0.657,1.196310811993991,-0.5393108119939909
0.781,1.247955778095796,-0.4669557780957959
0.901,1.2510654785801099,-0.35006547858010983
0.756,1.7058347290165476,-0.9498347290165476
0.789,1.1737446449918179,-0.3847446449918178
0.802,1.428379938124051,-0.6263799381240509
0.702,1.6256941978797077,-0.9236941978797077
0.785,1.5452184669638016,-0.7602184669638016
0.827,1.2721519730497566,-0.4451519730497566
0.875,1.3599616671805586,-0.48496166718055855
0.833,1.4744775290403807,-0.6414775290403807
1.203,1.5582747644039565,-0.35527476440395644
1.113,0.8363939219380072,0.2766060780619928
1.375,1.3447863117877925,0.03021368821220749
1.179,1.5735079547355637,-0.39450795473556366
1.591,2.0945673625765884,-0.5035673625765884
1.688,2.2255749866094736,-0.5375749866094737
1.754,2.172539604356073,-0.4185396043560732
1.701,1.932247081876184,-0.23124708187618404
2.409,3.0940736522985515,-0.6850736522985517
2.131,2.349600719340687,-0.21860071934068737
2.032,1.933668459519666,0.09833154048033399
1.45,1.7204846922927794,-0.2704846922927795
1.406,1.8482508589831603,-0.4422508589831604
1.991,1.9256999379511115,0.06530006204888861
2.211,1.7749110016060472,0.43608899839395265
1.391,1.8625253587405572,-0.47152535874055723
1.266,1.4093580726935917,-0.1433580726935917
1.394,1.664784959263566,-0.27078495926356605
1.031,1.6713412394852605,-0.6403412394852606
1.688,1.8448611930336583,-0.1568611930336583
1.563,1.5180006306018512,0.04499936939814875
1.604,1.7656885461919563,-0.16168854619195616
1.063,1.6082235456232858,-0.5452235456232859
1.0,1.5188119836070268,-0.5188119836070268
0.875,1.7357162424993942,-0.8607162424993942
0.911,1.6422607629516355,-0.7312607629516354
0.815,1.5381569949836837,-0.7231569949836838
0.813,1.5295546800355053,-0.7165546800355054
0.72,1.4157123931874245,-0.6957123931874245
0.829,1.563084717665117,-0.7340847176651171
0.773,1.4348180492015234,-0.6618180492015234
0.788,1.820542011996731,-1.032542011996731
0.87,1.7450242252757993,-0.8750242252757993
0.925,1.3275013693783575,-0.40250136937835745
0.827,1.3873080925044334,-0.5603080925044335
0.865,1.8665362293825405,-1.0015362293825405
0.894,1.7509348115289325,-0.8569348115289325
0.9,1.2834061320395929,-0.38340613203959284
1.625,1.7351832565196301,-0.11018325651963012
0.875,1.6650020074157184,-0.7900020074157184
0.863,1.4814108918370132,-0.6184108918370133
1.375,1.690667977971378,-0.315667977971378
1.375,1.715288964678989,-0.34028896467898906
1.625,1.6067527082643018,0.018247291735698168
0.225,1.6686160520146502,-1.4436160520146502
3.25,1.1322342383556285,2.1177657616443715
2.05,2.375996895773902,-0.3259968957739021
1.875,1.6226090080804882,0.25239099191951175
1.375,2.4853399111223187,-1.1103399111223187
2.5,1.645835402699435,0.8541645973005649
1.625,1.3206390348562538,0.3043609651437462
2.0,1.9155433366832002,0.0844566633167998
2.25,1.357600600634506,0.892399399365494
1.167,1.7930231483961165,-0.6260231483961165
2.625,1.710570322218164,0.9144296777818359
1.125,1.9802079797928371,-0.8552079797928371
1.958,1.8206366672381051,0.13736333276189483
2.15,2.0358639942939396,0.1141360057060603
4.188,2.265008904038289,1.9229910959617107
4.667,2.248555792440922,2.418444207559078
3.615,2.2920288705301837,1.3229711294698165
2.894,1.9934164754290808,0.9005835245709193
1.125,1.6436450927547979,-0.5186450927547979
2.55,1.8474045483512676,0.7025954516487323
2.583,1.9247308108039403,0.6582691891960599
1.917,1.9455771303736167,-0.028577130373616644
1.625,1.0039876845870486,0.6210123154129514
3.0,1.1853709092559555,1.8146290907440445
0.875,1.6938163986536945,-0.8188163986536945
2.621,1.8954294528097826,0.7255705471902174
2.25,1.9472378135931803,0.30276218640681973
1.25,1.8129379465450461,-0.5629379465450461
1.018,2.044558425169878,-1.0265584251698778
1.62,2.145249888751784,-0.5252498887517838
1.598,2.057137598860874,-0.45913759886087413
3.345,3.589718375770417,-0.24471837577041677
3.457,3.773626891854017,-0.31662689185401716
3.452,3.830088204818873,-0.37808820481887295
2.875,1.7657579227752473,1.1092420772247527
2.91,2.5658367260106476,0.34416327398935254
2.914,2.318685816409408,0.5953141835905922
2.402,1.8247034434024794,0.5772965565975208
2.697,1.976170229456431,0.7208297705435691
2.442,1.7080856226512098,0.7339143773487904
2.638,2.4184762394282,0.2195237605717999
2.977,3.0247024448503272,-0.047702444850327375
3.883,3.089017042540258,0.7939829574597419
4.414,3.7005330323127685,0.7134669676872312
5.00001,2.099930468087509,2.900079531912491
5.00001,3.427956101611966,1.5720538983880337
4.667,3.7598540304520225,0.9071459695479773
3.964,3.405766218501974,0.5582337814980258
3.836,2.67354460148625,1.16245539851375
3.458,3.4036492693368356,0.05435073066316454
4.964,3.2615168598830313,1.702483140116969
4.0,3.243757931377365,0.756242068622635
3.586,2.763508990175832,0.822491009824168
2.477,1.9973806978877096,0.4796193021122903
2.882,1.9867330827892142,0.8952669172107859
2.868,2.040002354908414,0.8279976450915858
2.571,2.0327733522377707,0.5382266477622295
2.986,2.378139611587817,0.6078603884121834
3.218,2.4208418190888765,0.7971581809111234
3.674,2.519002721393351,1.1549972786066491
1.375,2.0422591162745536,-0.6672591162745536
1.65,1.7791035191294164,-0.12910351912941653
1.792,2.448342958482575,-0.6563429584825748
1.698,2.5781505957249626,-0.8801505957249627
2.382,2.429549467399127,-0.04754946739912702
2.849,2.4021925849527075,0.4468074150472927
2.527,2.02874467244373,0.49825532755627
2.206,1.7953245279328627,0.4106754720671373
2.26,2.0372858410831167,0.22271415891688306
2.482,1.9139150814849661,0.5680849185150341
2.083,1.7641331937818612,0.318866806218139
2.058,1.5740262562516074,0.4839737437483924
2.313,1.7888660164550267,0.5241339835449734
2.167,1.9308505569292835,0.23614944307071628
2.667,1.8251624270321707,0.8418375729678291
3.404,1.927308622033646,1.476691377966354
3.286,1.6682516907879306,1.6177483092120695
2.917,2.0964481555750583,0.8205518444249416
3.5,1.8527712782820958,1.6472287217179042
5.0,2.7902493208426025,2.2097506791573975
3.625,2.12723431455364,1.49776568544636
3.853,2.562078709537999,1.290921290462001
4.526,2.8524356748259705,1.6735643251740293
1.75,2.078885527071774,-0.3288855270717739
2.38,2.1827040055167513,0.19729599448324864
2.667,2.2682978370055427,0.39870216299445715
3.565,2.670977381576587,0.894022618423413
3.422,2.523169638508092,0.8988303614919082
2.417,2.368331756858294,0.048668243141706036
2.75,2.0801601979709123,0.6698398020290877
2.458,2.054687141159267,0.4033128588407333
2.125,2.2642121030983633,-0.1392121030983633
1.938,2.483262857446199,-0.5452628574461988
1.375,1.5171343448223396,-0.14213434482233955
1.833,1.9303011081191248,-0.09730110811912485
1.906,1.720647224762478,0.18535277523752192
2.444,1.762593810849077,0.6814061891509229
2.7,2.1087419932546014,0.5912580067453987
3.625,2.095353000903447,1.529646999096553
2.706,2.1399144669306516,0.5660855330693484
2.583,1.8980185618899192,0.6849814381100809
2.531,1.907492702336249,0.6235072976637512
2.125,2.055226641474138,0.06977335852586197
2.75,2.1249696721005473,0.6250303278994527
3.171,2.1843652430061278,0.986634756993872
1.938,2.3923499938054427,-0.4543499938054427
2.294,1.982047068360787,0.3119529316392131
2.161,1.8810251048947932,0.2799748951052068
2.417,2.0188458891817556,0.39815411081824426
2.348,1.9353481082980712,0.4126518917019286
1.875,1.6740462949985897,0.2009537050014103
1.125,2.3293877408873622,-1.2043877408873622
2.1,1.5896832350142849,0.5103167649857152
2.763,1.7425094148164844,1.0204905851835155
2.382,2.0414831688616837,0.34051683113831643
3.074,2.1378869470285107,0.9361130529714892
2.75,2.5158470135033157,0.23415298649668426
2.955,2.1339454809398672,0.8210545190601328
2.278,1.931557150073435,0.34644284992656504
2.906,1.7226947377116963,1.1833052622883038
3.265,2.049746768761014,1.2152532312389863
5.00001,3.5441003591731244,1.4559096408268752
4.5,2.369186226237432,2.130813773762568
3.324,2.8930069302678443,0.43099306973215556
3.944,3.3433098282235756,0.6006901717764244
3.119,2.3329739632699935,0.7860260367300067
3.76,2.1631796006629247,1.596820399337075
3.603,2.0472947260219376,1.5557052739780626
4.1,2.4106358087260378,1.6893641912739619
5.0,2.392402208612897,2.607597791387103
5.00001,2.4874511329056936,2.512558867094306
5.00001,2.464982563413623,2.5350274365863767
4.052,2.5617341545408685,1.490265845459131
5.00001,5.380706509428257,-0.3806965094282573
4.889,1.6453370644249277,3.2436629355750726
3.813,2.283163704473469,1.5298362955265312
4.75,2.5989343865528522,2.1510656134471478
5.00001,2.1673429162022697,2.83266708379773
4.222,2.925269258507085,1.2967307414929152
4.063,3.776168519470824,0.28683148052917584
3.923,3.3680338820861753,0.5549661179138248
5.00001,4.777948440922146,0.2220615590778534
5.00001,3.8857430755204154,1.1142669244795842
5.00001,4.879908643319919,0.12010135668008104
5.00001,3.077254551617176,1.9227554483828238
2.05,1.3215526526204728,0.728447347379527
2.744,2.3986072218028087,0.3453927781971915
3.636,3.6568854661436596,-0.020885466143659492
3.167,3.05214290708477,0.11485709291522994
3.26,3.0696094913507315,0.19039050864926832
2.607,2.650916594958061,-0.043916594958060884
2.778,2.241421628874504,0.5365783711254961
2.775,2.7023171396237977,0.0726828603762022
4.457,3.543389919723361,0.9136100802766389
4.74,3.6471111600132122,1.092888839986788
5.00001,4.379772997083101,0.6202370029168982
5.00001,4.826012139490053,0.1739978605099468
5.00001,4.034133140569125,0.9658768594308746
5.00001,3.863936900618426,1.1360730993815737
5.00001,3.340543042603506,1.6594669573964937
5.00001,5.675549099679456,-0.6755390996794564
5.00001,2.674249693075586,2.3257603069244137
5.00001,3.6811018450340507,1.318908154965949
5.00001,2.996201817152047,2.0038081828479526
3.885,3.192317873114277,0.6926821268857228
5.00001,4.55815477094966,0.4418552290503399
2.724,3.006002181800599,-0.2820021818005989
2.674,2.510022303013185,0.16397769698681497
2.953,2.4821352610543856,0.4708647389456142
2.135,1.6284859605377338,0.506514039462266
4.175,2.5173419729548017,1.6576580270451982
2.042,1.8981404887227513,0.1438595112772485
1.883,2.7248119885950786,-0.8418119885950786
1.801,2.0816771096045246,-0.28067710960452463
2.098,2.587732033483846,-0.489732033483846
1.0,2.015079469374982,-1.015079469374982
1.968,2.828978979769392,-0.8609789797693921
1.486,1.836532180753072,-0.3505321807530719
1.71,1.9035122202089236,-0.19351222020892367
2.808,2.0222534678720696,0.7857465321279302
1.766,2.158348484363606,-0.3923484843636058
1.561,1.9090836845547154,-0.3480836845547155
2.67,2.1414416599644883,0.5285583400355116
2.544,2.208581231781927,0.3354187682180729
1.693,2.44556128532377,-0.75256128532377
1.748,2.445430104423501,-0.697430104423501
2.146,2.794432964392291,-0.648432964392291
1.832,2.335726509667929,-0.5037265096679289
1.761,2.213212500504273,-0.4522125005042732
1.891,2.214901354147284,-0.32390135414728416
1.146,1.6759886698465705,-0.5299886698465706
1.963,1.8480462998101534,0.11495370018984663
1.512,2.141967528029728,-0.6299675280297281
1.547,2.110845048064343,-0.5638450480643431
1.603,2.0465649683516234,-0.4435649683516234
1.621,2.2413332929211607,-0.6203332929211607
1.752,2.02255982977145,-0.27055982977145
0.925,1.756396372444954,-0.831396372444954
1.382,2.368530872403516,-0.986530872403516
1.696,2.136533565088645,-0.44053356508864483
1.634,1.9549442792677754,-0.32094427926777547
1.063,1.8783681743234362,-0.8153681743234362
1.325,2.005279456080028,-0.6802794560800283
1.847,2.439954841273442,-0.5929548412734422
1.911,2.2270498977350996,-0.3160498977350996
1.923,2.6105560129235394,-0.6875560129235394
1.804,2.3629975609778118,-0.5589975609778117
1.955,2.4654649572623875,-0.5104649572623874
1.712,2.267919539988241,-0.5559195399882408
1.667,2.1575542770330203,-0.49055427703302024
1.711,2.2091780057696955,-0.4981780057696954
2.189,2.4789665374903405,-0.2899665374903404
1.853,2.443907747912748,-0.590907747912748
1.744,2.629281107478398,-0.8852811074783979
1.683,2.288317576303101,-0.6053175763031009
1.829,2.3612336360754553,-0.5322336360754554
1.683,2.2259164578096606,-0.5429164578096606
2.107,2.400850109572507,-0.293850109572507
4.062,3.1147142972832147,0.9472857027167856
5.00001,2.7091002982061614,2.2909097017938382
5.00001,3.0652954147683116,1.934714585231688
4.259,3.230972774916194,1.0280272250838065
3.705,2.9533513622534784,0.7516486377465217
3.293,2.8864446880979147,0.4065553119020855
2.944,2.652136226601071,0.2918637733989291
2.719,2.7576289449891336,-0.03862894498913372
2.495,2.81322529146256,-0.31822529146255985
2.609,2.7166479292076695,-0.10764792920766952
2.415,2.782916310139483,-0.3679163101394831
2.402,2.9285198756571367,-0.5265198756571365
3.37,3.4394566299064637,-0.06945662990646362
4.676,3.7562393487194,0.9197606512806002
3.225,2.9192611854809374,0.3057388145190627
1.769,2.239903319956607,-0.47090331995660706
1.902,2.8801358076190726,-0.9781358076190727
2.373,2.816859472332272,-0.44385947233227174
2.004,2.0508978555485555,-0.04689785554855552
1.839,2.0634206259859287,-0.2244206259859287
1.877,2.422458347979655,-0.5454583479796551
1.814,1.9508590306185587,-0.13685903061855864
1.821,2.4523939786121725,-0.6313939786121725
1.76,1.7774273101814997,-0.017427310181499678
1.66,2.1776090246030586,-0.5176090246030587
1.996,2.222558569043424,-0.2265585690434242
1.625,2.1344850279557925,-0.5094850279557925
1.848,2.4346209622435735,-0.5866209622435734
2.12,2.2020020972930947,-0.0820020972930946
2.838,2.703373108244516,0.13462689175548403
3.031,2.169479447207986,0.861520552792014
3.625,2.156053621012818,1.468946378987182
1.614,1.9613866776477558,-0.34738667764775566
1.716,2.244036813085212,-0.528036813085212
1.723,2.021264592887804,-0.29826459288780405
2.082,2.6243098326907828,-0.5423098326907829
2.04,2.768880539257542,-0.7288805392575419
1.929,2.5944125045033055,-0.6654125045033055
1.759,2.092765340449581,-0.33376534044958106
1.651,2.155210295099843,-0.504210295099843
1.678,2.3225000094363137,-0.6445000094363138
1.971,2.8109363685185222,-0.8399363685185222
1.72,2.231787348536303,-0.5117873485363031
1.841,2.0520886281186703,-0.21108862811867035
1.698,2.2594938068028103,-0.5614938068028104
1.733,2.3262963819253484,-0.5932963819253483
2.125,2.613072391847154,-0.4880723918471541
1.981,1.7920619129305515,0.1889380870694486
1.976,1.7842959375082015,0.1917040624917985
1.828,2.2618581899721435,-0.4338581899721434
1.62,2.240947909939889,-0.6209479099398889
1.88,2.4169643117549353,-0.5369643117549354
1.841,2.4215418250136684,-0.5805418250136685
1.857,2.5688326163846416,-0.7118326163846416
1.795,1.8207664426182264,-0.02576644261822647
1.875,1.9508512717989555,-0.07585127179895546
1.59,1.493668303952899,0.09633169604710101
1.724,2.0602313966497388,-0.3362313966497388
1.597,1.8931492846692928,-0.2961492846692928
1.778,1.7105444205301652,0.06745557946983483
1.763,2.031281806050246,-0.2682818060502461
1.787,2.2800736330684432,-0.4930736330684433
1.775,1.464713293544817,0.31028670645518286
1.623,2.3818304237533905,-0.7588304237533905
2.04,2.435087905457486,-0.39508790545748607
2.07,2.6684851451374803,-0.5984851451374804
2.171,2.6499317910862983,-0.47893179108629846
1.985,2.0770028464719865,-0.09200284647198642
1.404,1.9912579930900918,-0.5872579930900919
1.236,1.7964491417578912,-0.5604491417578912
1.333,1.6755030650599267,-0.3425030650599268
1.875,1.6597391212204107,0.21526087877958933
1.576,1.9358164183567468,-0.3598164183567467
0.875,1.8709789041147626,-0.9959789041147626
1.463,2.0634794741753164,-0.6004794741753163
1.786,2.1077225682023544,-0.32172256820235434
1.543,2.0789161308415487,-0.5359161308415488
1.641,1.6091805195547044,0.03181948044529559
1.65,2.177327428936689,-0.5273274289366889
1.452,1.823737963447944,-0.3717379634479441
1.668,2.221409068166725,-0.5534090681667252
1.648,2.3775508013952353,-0.7295508013952354
0.875,1.858592013793025,-0.983592013793025
1.589,2.1356457917685603,-0.5466457917685603
0.675,1.8683693385106708,-1.1933693385106707
2.1,1.877630339951046,0.2223696600489542
2.006,1.9231673914086467,0.08283260859135311
3.021,2.800448662364973,0.220551337635027
2.0,2.2292053097528135,-0.2292053097528135
3.0,2.6151528396457553,0.3848471603542447
2.941,2.3256397766988943,0.6153602233011055
2.896,2.0709914778143004,0.8250085221856995
1.663,2.0078379728464153,-0.34483797284641526
1.684,1.825796754449474,-0.14179675444947404
2.351,2.1903815579396038,0.16061844206039622
2.384,2.094253331477436,0.28974666852256403
2.76,2.490716474654641,0.26928352534535893
2.556,2.5060573124305234,0.04994268756947662
1.922,2.141500960160149,-0.21950096016014897
2.52,2.378717135377273,0.1412828646227271
2.416,2.338761587317511,0.07723841268248899
2.38,2.2481244486856893,0.1318755513143106
1.51,2.2378158356387106,-0.7278158356387106
1.438,2.1591421297686866,-0.7211421297686866
1.406,1.6612086977616651,-0.2552086977616652
1.375,2.1863107099547987,-0.8113107099547987
1.969,1.9117800133921736,0.057219986607826456
1.783,1.9244026377415069,-0.14140263774150696
1.667,1.603399866114648,0.06360013388535202
1.569,1.517937297247717,0.051062702752282974
1.798,2.140778691913342,-0.34277869191334176
1.696,1.5637716560638353,0.13222834393616467
1.886,2.527867602690275,-0.6418676026902752
2.051,2.676880726435729,-0.6258807264357289
1.83,2.718382613888789,-0.8883826138887891
1.774,1.7365394990358558,0.03746050096414422
1.791,2.4081437289689545,-0.6171437289689545
1.083,2.0927526402239436,-1.0097526402239436
1.753,2.421467143075747,-0.6684671430757472
1.742,2.1493252454477716,-0.4073252454477716
1.665,1.9045030376817405,-0.23950303768174042
1.663,2.1757028209866656,-0.5127028209866655
1.749,2.2346587343609476,-0.48565873436094753
1.741,2.3416551347347117,-0.6006551347347115
1.738,2.088469524400844,-0.350469524400844
1.242,2.3153938312880444,-1.0733938312880444
0.922,1.915987195984315,-0.9939871959843151
2.882,2.6940984333082483,0.18790156669175184
1.75,1.4179061712336902,0.3320938287663098
1.125,1.5780023072263225,-0.4530023072263225
0.675,1.2631531733799668,-0.5881531733799668
0.675,1.5961005224111502,-0.9211005224111501
1.313,1.3519594969360802,-0.03895949693608025
2.43,2.7369499865461067,-0.3069499865461065
1.665,2.302323020767984,-0.6373230207679841
2.481,2.872749426368035,-0.391749426368035
1.795,2.1933305695294116,-0.3983305695294117
2.64,2.2903771095051075,0.3496228904948926
2.786,3.178610447048462,-0.39261044704846215
2.717,2.7832397118545176,-0.06623971185451749
2.606,2.973052849473536,-0.3670528494735361
1.774,2.7416966158684435,-0.9676966158684435
4.776,4.309849459283871,0.4661505407161286
4.361,3.9289415219432193,0.43205847805678044
1.845,1.9867031840912035,-0.14170318409120353
1.697,1.7699493212577688,-0.07294932125776876
1.741,2.516059578935438,-0.775059578935438
1.781,1.885713106699213,-0.10471310669921308
0.969,2.0544597605555155,-1.0854597605555156
1.293,2.0936081814166383,-0.8006081814166384
0.735,2.1998388324856233,-1.4648388324856234
1.332,2.0436543858339102,-0.7116543858339102
1.712,2.2658941875468557,-0.5538941875468557
1.7,2.1642002477630125,-0.4642002477630125
1.777,1.9322470263718576,-0.15524702637185772
1.653,1.861226272140847,-0.208226272140847
1.81,2.5883033728580362,-0.7783033728580362
1.689,2.1956086321287667,-0.5066086321287666
1.708,2.218631381798851,-0.510631381798851
1.951,2.5103555144507483,-0.5593555144507483
2.242,2.25852377103422,-0.01652377103421987
2.347,3.084449688818049,-0.7374496888180491
2.286,2.6589490964089593,-0.37294909640895924
1.804,2.010807883976309,-0.20680788397630878
2.22,2.5812660616243033,-0.3612660616243031
2.776,3.5447184633299638,-0.768718463329964
2.683,2.4081210229592087,0.2748789770407911
2.228,2.340877186766484,-0.11287718676648373
3.068,3.117833394524,-0.04983339452400015
2.434,2.689922288264505,-0.2559222882645047
0.946,1.7709062159847453,-0.8249062159847453
2.49,2.977273414869874,-0.48727341486987363
3.306,3.507415569343653,-0.201415569343653
3.318,3.9021779304502986,-0.5841779304502985
3.913,4.288622877338301,-0.375622877338301
2.208,2.5209891046627,-0.3129891046626998
1.772,2.0833439286062654,-0.31134392860626536
2.205,2.731407417577243,-0.5264074175772429
2.2,2.265832652318434,-0.06583265231843383
1.467,1.2895717540996683,0.1774282459003318
0.842,1.6914743837140165,-0.8494743837140165
1.602,1.7367257663266824,-0.13472576632668232
1.689,2.002204633537571,-0.3132046335375711
1.593,2.258545123617316,-0.6655451236173162
1.689,2.0398096131382317,-0.35080961313823167
1.7,2.307071247310171,-0.6070712473101711
1.851,2.605964431888144,-0.7549644318881441
1.64,2.0817465421169223,-0.44174654211692244
1.809,2.6280172590366204,-0.8190172590366205
1.935,2.505054815534177,-0.5700548155341769
1.822,1.9054062468985873,-0.08340624689858722
2.097,2.381231673307568,-0.28423167330756804
2.542,2.929074271252302,-0.3870742712523021
1.97,2.1265288713863413,-0.1565288713863413
1.319,2.3250464235227835,-1.0060464235227835
1.488,2.1669946738442922,-0.6789946738442922
1.369,2.2761226810596664,-0.9071226810596664
1.477,2.1473595188320873,-0.6703595188320872
1.076,1.947277251884111,-0.871277251884111
1.424,2.0050776176223075,-0.5810776176223076
1.565,1.6560094046891194,-0.09100940468911944
1.521,2.513853595582879,-0.9928535955828792
1.321,2.1400134274462745,-0.8190134274462746
1.348,2.2099889230991856,-0.8619889230991855
1.327,2.7341387288193357,-1.4071387288193358
1.276,2.495355811658158,-1.219355811658158
1.236,1.8951945281256048,-0.6591945281256049
1.411,2.3655355416322323,-0.9545355416322323
1.38,1.7865869218682455,-0.40658692186824563
1.149,1.4378093380365273,-0.2888093380365273
1.345,1.7987710660918181,-0.45377106609181816
0.95,1.1103378357626532,-0.16033783576265326
1.533,1.6064788584442873,-0.07347885844428736
0.932,1.310278966507736,-0.37827896650773585
1.393,1.513103961961383,-0.12010396196138307
1.404,1.3291144404414053,0.07488555955859466
1.25,1.3387197452755006,-0.08871974527550064
1.088,1.1611676733702834,-0.07316767337028329
0.675,1.124949980838457,-0.44994998083845705
0.875,1.5865974256591562,-0.7115974256591562
1.208,1.5843942974818934,-0.37639429748189346
1.328,1.6046178606665764,-0.27661786066657634
1.227,2.384968816445592,-1.1579688164455921
1.368,2.674003869660114,-1.306003869660114
1.449,2.316880149043532,-0.867880149043532
1.468,2.0649028441736963,-0.5969028441736963
1.314,1.6229625081980528,-0.3089625081980527
1.032,1.5689680551177543,-0.5369680551177543
0.936,1.696639550977726,-0.7606395509777258
1.426,1.8402102212575622,-0.41421022125756224
1.53,1.6051607215728483,-0.07516072157284825
1.427,2.1348867564572402,-0.7078867564572402
1.31,1.9981947616788929,-0.6881947616788928
1.344,2.118669334155733,-0.7746693341557329
1.353,1.7906064237300892,-0.4376064237300892
0.883,1.591902710756493,-0.7089027107564929
1.395,2.053850127876175,-0.6588501278761751
1.607,2.276370943801462,-0.6693709438014619
1.389,2.672241573251621,-1.283241573251621
1.515,2.4615668870098975,-0.9465668870098976
1.444,2.0623458554335548,-0.6183458554335548
1.367,2.057525677197175,-0.6905256771971748
1.741,2.5286132564504817,-0.7876132564504816
1.56,2.0687651792115735,-0.5087651792115735
1.594,1.7169867916688415,-0.12298679166884141
1.953,1.7540613732453014,0.19893862675469864
2.577,1.980299682873317,0.5967003171266829
1.356,1.7806580159839624,-0.42465801598396236
1.405,2.115391853906274,-0.7103918539062739
1.333,1.7402751175377096,-0.4072751175377096
1.316,1.9360124147111586,-0.6200124147111585
1.25,1.5741899074314407,-0.3241899074314407
1.276,1.6625952698679163,-0.38659526986791626
1.337,1.5861545572853781,-0.24915455728537816
1.432,1.5622605394715234,-0.1302605394715235
1.325,1.6253995134008115,-0.3003995134008115
1.531,1.5107012856096964,0.020298714390303507
1.445,1.861711689292572,-0.41671168929257196
1.478,2.1734189716773313,-0.6954189716773314
4.785,4.068697130100341,0.7163028698996587
0.675,1.9851579176866976,-1.3101579176866975
1.875,4.107467310152074,-2.2324673101520736
5.00001,2.085554103414351,2.9144558965856486
5.00001,2.9245861512645206,2.075423848735479
3.208,2.1306839634731825,1.0773160365268177
4.528,2.6154176034684453,1.9125823965315543
5.00001,2.800964398027584,2.199045601972416
4.324,2.92516665584499,1.39883334415501
3.346,2.8188354983238826,0.5271645016761175
4.222,2.662316407907377,1.5596835920926235
4.097,2.425619201999689,1.6713807980003113
3.688,2.300266362048876,1.3877336379511243
4.045,2.835137400953733,1.209862599046267
4.827,3.225898811251744,1.601101188748256
1.25,1.6110584406947044,-0.3610584406947044
0.93,1.552311811760684,-0.622311811760684
0.925,1.5557296136031749,-0.6307296136031748
0.475,1.8905430136067272,-1.4155430136067273
0.6,1.447717695206456,-0.8477176952064561
0.833,1.527920880355098,-0.6949208803550981
1.188,1.4384522929905441,-0.25045229299054417
1.17,1.7139244739755155,-0.5439244739755156
1.271,1.559116216525767,-0.28811621652576713
1.143,1.4676053954323764,-0.32460539543237643
1.063,1.659387760427055,-0.5963877604270551
1.091,1.5864872563064596,-0.4954872563064596
1.106,1.585429420641005,-0.4794294206410048
1.206,1.8800305095373866,-0.6740305095373866
1.089,1.591258752480559,-0.5022587524805591
0.929,1.163103311364398,-0.234103311364398
0.889,1.508435438783692,-0.619435438783692
1.036,1.491726153300927,-0.4557261533009269
1.076,1.7216480721942773,-0.6456480721942772
0.903,1.7721275836026273,-0.8691275836026273
0.936,1.729345944213231,-0.793345944213231
0.978,1.6055022803746322,-0.6275022803746322
0.996,1.892091731953255,-0.8960917319532551
1.18,2.0338896111557774,-0.8538896111557774
1.17,2.03156142735503,-0.86156142735503
1.114,2.1445160100609537,-1.0305160100609536
1.127,2.029433582135321,-0.9024335821353209
1.0,1.6332844141328886,-0.6332844141328886
1.533,2.244386924885835,-0.7113869248858351
1.124,1.7832635852387744,-0.6592635852387743
1.226,1.17465945598829,0.051340544011710065
1.049,1.4952065197972697,-0.4462065197972698
1.123,1.6124670055199317,-0.4894670055199317
1.182,1.7855918932080774,-0.6035918932080775
1.363,2.0977884576034618,-0.7347884576034618
1.034,1.976108633521472,-0.9421086335214719
0.956,1.50735824836215,-0.55135824836215
2.049,1.9364492346462712,0.11255076535372877
1.728,2.3809191100824907,-0.6529191100824907
1.458,1.5507077032891026,-0.0927077032891026
1.47,1.6848917148845417,-0.21489171488454173
1.5,1.654420266299276,-0.15442026629927597
1.417,1.3297767162320295,0.0872232837679705
1.458,1.6625302414049852,-0.2045302414049852
1.5,1.8321594515380821,-0.33215945153808213
1.238,1.713510602597476,-0.475510602597476
1.459,1.9371241875976049,-0.4781241875976048
1.427,1.812601474273503,-0.385601474273503
1.347,1.8432811438632153,-0.4962811438632153
0.575,1.4184927935422453,-0.8434927935422454
1.313,1.3589599105936832,-0.045959910593683206
0.675,1.725321748896874,-1.050321748896874
0.675,1.4833756841106869,-0.8083756841106868
1.315,1.661345592568516,-0.34634559256851616
1.287,1.9634196372373705,-0.6764196372373705
1.297,1.7728646671849424,-0.47586466718494247
1.297,1.6279005631609387,-0.33090056316093874
1.398,1.6766445189653791,-0.27864451896537923
1.475,1.501865220003206,-0.026865220003206014
1.5,1.519614617743661,-0.01961461774366091
1.504,2.5981581192487164,-1.0941581192487164
1.569,2.0145391770321917,-0.4455391770321917
1.295,1.6827941937929258,-0.3877941937929259
1.602,2.34915093614433,-0.7471509361443298
1.897,2.1892818050436746,-0.2922818050436746
1.549,2.1785743918384948,-0.6295743918384948
1.455,2.23171638758795,-0.7767163875879501
1.594,1.7743943593122584,-0.18039435931225833
1.463,1.5470277909316337,-0.0840277909316336
1.586,1.8983095559338103,-0.31230955593381027
1.504,2.09660068625633,-0.59260068625633
1.188,1.5840633981223478,-0.3960633981223478
1.13,2.133312410053154,-1.0033124100531543
1.519,1.5595228314842386,-0.04052283148423874
1.491,2.09671786478169,-0.6057178647816901
1.559,1.7596835630444088,-0.20068356304440882
1.283,1.9223063856069325,-0.6393063856069325
1.355,1.5762034160594913,-0.22120341605949134
0.675,1.3301678616988957,-0.6551678616988956
0.962,1.3023057514404974,-0.34030575144049746
1.344,1.8869765996329648,-0.5429765996329647
1.219,1.6265515945400602,-0.40755159454006007
1.284,1.4389391885252494,-0.15493918852524935
1.523,1.6099616185484567,-0.08696161854845674
1.311,1.6428728437111624,-0.33187284371116244
1.063,1.5717085299437095,-0.5087085299437095
0.946,1.3406006881450137,-0.3946006881450137
1.073,1.67716015679137,-0.6041601567913701
1.082,1.8158358696880912,-0.7338358696880911
1.601,2.3090704564756765,-0.7080704564756766
1.445,2.375422888359041,-0.9304228883590409
1.56,2.5818501225219017,-1.0218501225219017
1.399,2.019721392010841,-0.6207213920108412
1.297,1.8876321880178022,-0.5906321880178023
1.393,2.145566217151744,-0.7525662171517438
1.398,2.233072326494922,-0.8350723264949222
1.529,2.07160631413665,-0.5426063141366502
0.983,1.7560415525613615,-0.7730415525613615
1.602,2.2108831641563285,-0.6088831641563284
1.519,2.4448371349860847,-0.9258371349860848
1.713,2.502482199302664,-0.7894821993026637
1.669,2.888811110346868,-1.219811110346868
1.434,2.6592048563317787,-1.2252048563317788
0.981,1.7000736135313774,-0.7190736135313774
1.843,2.2840977898118444,-0.44109778981184444
1.861,2.877093701293978,-1.016093701293978
1.698,2.3158916707977832,-0.6178916707977833
1.563,2.7048574635975133,-1.1418574635975134
2.669,2.6311777183636496,0.037822281636350485
2.641,3.0156210351468844,-0.3746210351468844
2.452,2.950420643726273,-0.49842064372627304
2.939,3.1112629781084498,-0.1722629781084497
2.736,3.0524488813819817,-0.31644888138198146
2.334,2.618116607929659,-0.2841166079296591
1.935,1.964769435984163,-0.02976943598416293
2.478,2.011127694359,0.466872305641
2.905,3.4145101648127625,-0.5095101648127627
1.704,2.372363669585401,-0.6683636695854009
2.216,2.632711083300542,-0.41671108330054185
2.256,2.148990082675508,0.10700991732449161
2.817,2.996011141018716,-0.17901114101871585
2.277,2.7231126424954466,-0.44611264249544647
2.137,2.5832443879590192,-0.4462443879590192
1.816,2.5790761982459447,-0.7630761982459446
1.899,1.6704908029674894,0.2285091970325106
1.583,1.5703728172435678,0.012627182756432154
1.737,2.4010908565553915,-0.6640908565553914
1.623,2.4328324602091183,-0.8098324602091183
1.583,2.175331014105303,-0.5923310141053031
1.753,2.3844930166289418,-0.6314930166289419
2.233,2.088878866286872,0.1441211337131283
1.761,2.095213055772332,-0.33421305577233196
1.417,2.000757756818972,-0.583757756818972
1.55,1.4820319330388725,0.06796806696112756
1.571,2.5284640056185497,-0.9574640056185497
2.707,2.7193977527388387,-0.012397752738838808
2.14,2.1899386166560326,-0.0499386166560325
1.869,2.423680269323551,-0.5546802693235511
1.708,1.7686165354657544,-0.060616535465754406
2.289,3.0178307734713257,-0.7288307734713255
2.662,2.281745587024903,0.3802544129750971
2.297,2.3066094262442634,-0.009609426244263197
1.813,2.708984467496335,-0.8959844674963351
2.494,2.307473658167277,0.1865263418327232
2.409,2.235604981887811,0.17339501811218883
1.891,3.1306644433310784,-1.2396644433310784
2.735,2.243549889056788,0.4914501109432119
2.153,2.046866153337575,0.10613384666242487
1.188,1.331609672698162,-0.14360967269816216
1.538,2.1836733116974782,-0.6456733116974782
1.781,2.087225336559383,-0.3062253365593832
1.525,2.27227870998503,-0.74727870998503
1.352,1.6944091556767051,-0.34240915567670505
1.208,1.685945660677695,-0.47794566067769506
1.276,1.9637360364376883,-0.6877360364376883
1.432,1.3455010607700326,0.08649893922996732
1.323,1.444673395121837,-0.12167339512183695
1.501,2.009620945782545,-0.5086209457825452
1.31,2.2338033964602304,-0.9238033964602304
1.214,1.8464734621850982,-0.6324734621850983
1.138,2.065504784791042,-0.9275047847910423
1.235,2.031030785138109,-0.796030785138109
1.291,1.6957329558227152,-0.4047329558227153
1.695,1.9650981605605244,-0.2700981605605244
1.433,2.3200709736199983,-0.8870709736199982
1.496,1.8700645322185827,-0.3740645322185827
1.695,2.203109272379108,-0.5081092723791081
1.447,1.9677926203310034,-0.5207926203310034
1.42,2.0349004876621155,-0.6149004876621156
1.544,2.0058871359218373,-0.4618871359218373
1.304,1.831178726328964,-0.527178726328964
1.414,2.3883893045555493,-0.9743893045555494
1.269,2.148078079312536,-0.8790780793125361
1.236,2.109685669097809,-0.873685669097809
1.254,2.137694241498665,-0.8836942414986648
1.206,1.9204292507129617,-0.7144292507129617
1.37,2.143829260127268,-0.7738292601272678
1.307,1.963918249423056,-0.6569182494230561
1.254,1.9803182604480223,-0.7263182604480223
1.339,2.1765927578091246,-0.8375927578091247
1.339,1.9817107870995534,-0.6427107870995534
1.297,1.7189079703573156,-0.42190797035731564
1.407,2.1201252658571508,-0.7131252658571507
1.192,1.3233677295392465,-0.13136772953924658
1.32,1.1621758869286614,0.1578241130713387
1.44,2.0364087238547053,-0.5964087238547053
1.429,1.7812709789143515,-0.35227097891435144
1.337,1.8043741310277754,-0.4673741310277755
1.612,1.8637647253257854,-0.2517647253257853
1.542,0.9332225816391597,0.6087774183608403
1.857,1.9200800307308934,-0.06308003073089341
2.171,2.6977858981078784,-0.5267858981078786
1.873,1.8064821041477641,0.06651789585223589
1.489,1.7386849364148342,-0.24968493641483414
1.414,2.0151500383661367,-0.6011500383661368
1.548,2.1166995402707887,-0.5686995402707886
1.522,2.1487267863364945,-0.6267267863364945
1.447,1.7277030451130972,-0.2807030451130972
1.182,1.6193450954498383,-0.43734509544983835
1.617,2.4735787602456707,-0.8565787602456707
1.713,1.658858101908407,0.05414189809159309
1.582,1.9757892519353815,-0.3937892519353814
1.744,2.2317107843219444,-0.48771078432194437
1.663,1.6009464618794569,0.06205353812054315
1.735,1.759403626326853,-0.024403626326853
1.896,1.7236777476937462,0.17232225230625375
2.237,2.2180004561130886,0.018999543886911496
1.852,1.7618464533685625,0.0901535466314376
1.642,1.7305278786658351,-0.08852787866583522
1.493,1.96894546851901,-0.4759454685190099
1.553,2.0156386006494853,-0.46263860064948537
2.356,1.7482160720666196,0.6077839279333803
1.63,1.9896958975007633,-0.35969589750076336
1.479,2.2161023751971323,-0.7371023751971322
1.651,2.1346403603428667,-0.4836403603428667
1.658,2.03839236774908,-0.38039236774908014
2.228,2.622906401657957,-0.3949064016579569
1.558,2.0457976331881738,-0.4877976331881737
3.016,2.9672136325754064,0.048786367424593635
3.796,3.6649973626879033,0.1310026373120965
2.268,2.197396656137248,0.0706033438627518
2.414,2.737876223979498,-0.3238762239794979
1.381,1.8990574803905447,-0.5180574803905447
1.328,1.4208922865210223,-0.09289228652102222
2.269,2.3533540930639427,-0.08435409306394259
1.591,2.2137189683443896,-0.6227189683443897
3.164,3.2203459195046076,-0.056345919504607433
2.75,3.0235669052203256,-0.27356690522032556
3.071,2.6959045324076842,0.37509546759231593
2.964,2.7880486676509477,0.17595133234905225
3.034,2.8460672122429154,0.18793278775708444
1.932,1.7831026365503646,0.14889736344963533
1.976,1.7893860155585748,0.18661398444142518
1.432,2.263332255124081,-0.8313322551240812
1.872,2.310728094248265,-0.43872809424826475
1.678,2.3669141446754938,-0.6889141446754938
2.105,2.269960208435104,-0.16496020843510406
1.42,2.2870408884594866,-0.8670408884594867
1.406,1.7572287907325268,-0.3512287907325269
2.088,2.7239138181618148,-0.6359138181618147
2.947,2.977138276261455,-0.030138276261455044
1.098,1.3456520815400714,-0.24765208154007134
1.423,1.6634045375618731,-0.24040453756187308
1.232,1.3545525532441962,-0.12255255324419623
1.208,1.0496159022817029,0.1583840977182971
1.238,1.540487199984311,-0.30248719998431106
1.337,1.745428800178387,-0.4084288001783871
1.042,1.3529087545449838,-0.3109087545449838
1.125,1.3609844043938684,-0.23598440439386836
1.388,1.452499425664481,-0.06449942566448108
1.386,2.0941365502236446,-0.7081365502236447
1.364,1.8234544515296334,-0.45945445152963327
1.136,1.79638863549724,-0.6603886354972401
1.897,2.0865202983140345,-0.1895202983140345
1.644,2.0902129814730745,-0.44621298147307464
1.958,2.6069130087404138,-0.6489130087404138
1.503,2.41690619984427,-0.9139061998442701
1.441,1.757294932272539,-0.316294932272539
2.01,2.15464629594747,-0.14464629594747036
2.5,2.820824923989473,-0.32082492398947293
1.125,1.5489763872346303,-0.42397638723463027
1.25,1.4896247830656204,-0.2396247830656204
1.114,1.4931240596029434,-0.37912405960294326
1.352,1.659762213189944,-0.307762213189944
1.375,1.555563887482383,-0.18056388748238295
1.241,1.3563551743250977,-0.11535517432509756
1.344,1.9548355212754016,-0.6108355212754015
1.653,2.5078166820589343,-0.8548166820589342
1.589,1.8120614816641645,-0.2230614816641645
1.71,2.150727852691872,-0.4407278526918721
2.32,2.534422186918563,-0.21442218691856318
1.604,1.9290034216660956,-0.3250034216660955
1.125,1.2508085981485637,-0.1258085981485637
1.3,1.4279396898233232,-0.12793968982332315
1.254,1.4280287959817919,-0.17402879598179188
1.357,1.581726191163679,-0.2247261911636791
1.083,1.5338979136231021,-0.45089791362310216
1.477,1.90731370043929,-0.43031370043928985
1.525,1.6383871271952062,-0.11338712719520627
1.592,1.7655190202084476,-0.17351902020844756
1.435,1.2623293265382045,0.17267067346179554
1.0,1.4826242750814274,-0.48262427508142736
1.449,1.9514036762804876,-0.5024036762804875
1.173,1.61589729737682,-0.44289729737681993
1.546,1.725744104777766,-0.17974410477776592
1.342,2.172744243267096,-0.830744243267096
1.345,2.029056768349854,-0.6840567683498542
1.219,1.7812285555115956,-0.5622285555115956
1.433,1.7438854575819687,-0.3108854575819686
1.483,2.4532476423313367,-0.9702476423313366
1.661,1.9967709660035653,-0.33577096600356526
1.603,2.0661256415571776,-0.4631256415571776
1.585,2.2365466582151265,-0.6515466582151266
1.517,2.070475804233722,-0.553475804233722
1.532,2.266277239638044,-0.7342772396380441
1.464,2.006070350684658,-0.542070350684658
1.504,2.1605080385265074,-0.6565080385265074
1.514,2.6312736024345487,-1.1172736024345487
1.408,2.5839110236905514,-1.1759110236905514
1.687,1.7007594928320768,-0.01375949283207678
1.294,1.8898695341385445,-0.5958695341385445
1.19,1.5284372975644125,-0.33843729756441254
1.5,1.6276648353845895,-0.1276648353845895
1.61,2.435573286523102,-0.8255732865231018
1.663,2.263659042949169,-0.6006590429491692
1.478,2.1067939566223854,-0.6287939566223855
1.966,2.2373209718444382,-0.27132097184443826
2.854,2.297722579577237,0.556277420422763
2.021,1.6902268907804632,0.33077310921953673
1.583,1.4973968128174207,0.08560318718257931
1.471,2.136924151963817,-0.665924151963817
1.395,1.3831840457805815,0.0118159542194185
1.31,1.873906953604353,-0.5639069536043531
1.27,1.3348112507143715,-0.06481125071437144
1.725,1.9487726840266633,-0.22377268402666317
1.635,1.3778137014259764,0.25718629857402364
1.557,1.5558101439411165,0.0011898560588834428
1.45,2.0947361360522105,-0.6447361360522106
1.78,2.240192352805699,-0.4601923528056988
1.744,1.972095826086947,-0.228095826086947
1.846,1.9227416084885292,-0.07674160848852907
1.595,2.174457317260515,-0.5794573172605151
1.853,2.367186554464365,-0.5141865544643649
1.538,1.474485719295466,0.06351428070453413
1.544,2.400346784111682,-0.8563467841116821
1.469,2.043579715886307,-0.5745797158863069
1.701,1.9675416115176303,-0.26654161151763023
1.865,2.4504974899074474,-0.5854974899074474
2.278,2.4463549216696316,-0.16835492166963162
1.772,2.4883102966976343,-0.7163102966976342
2.119,1.7890670433625921,0.32993295663740807
1.892,1.981517034231027,-0.08951703423102719
1.193,1.667390334003894,-0.47439033400389397
2.111,2.189747071145051,-0.07874707114505064
4.293,4.572130372683377,-0.2791303726833769
3.423,3.647841729016288,-0.22484172901628785
3.874,3.234583960092097,0.639416039907903
3.149,2.839313738528334,0.3096862614716662
1.929,2.698925358737881,-0.7699253587378811
1.807,2.834553628150074,-1.027553628150074
1.943,2.499084175639704,-0.5560841756397039
1.658,2.3554212952676625,-0.6974212952676626
1.757,2.190862032608524,-0.4338620326085241
2.312,2.181387249413381,0.1306127505866188
1.821,2.082534075192613,-0.26153407519261296
1.813,2.235573851551193,-0.4225738515511932
1.601,1.9248935557858693,-0.3238935557858693
1.689,2.205759565112989,-0.5167595651129888
1.786,1.9659691269688446,-0.1799691269688446
1.678,1.760561759900559,-0.08256175990055903
1.211,1.2386642535377002,-0.02766425353770008
1.591,1.8408310716631302,-0.24983107166313023
1.694,1.6591153815288449,0.03488461847115509
1.482,1.5646824595276725,-0.0826824595276725
2.78,2.5587496901443063,0.2212503098556935
2.654,3.257430000145419,-0.6034300001454191
2.685,2.4284366479598782,0.2565633520401218
3.282,3.0281425270818274,0.2538574729181726
1.606,2.103006901318247,-0.49700690131824676
2.101,1.9528799231785203,0.14812007682147965
1.379,1.7539205581702495,-0.3749205581702495
2.293,2.6331514977097483,-0.3401514977097482
1.372,2.6257115827736177,-1.2537115827736176
2.207,2.857133046042303,-0.6501330460423032
2.641,2.7950992389716585,-0.15409923897165845
4.504,3.1443506131885552,1.3596493868114443
0.858,1.5197659081830082,-0.6617659081830082
1.676,2.1330706465607596,-0.4570706465607597
2.786,2.482225334431878,0.30377466556812216
4.0,2.914951806004008,1.0850481939959922
2.222,2.2094859581072797,0.012514041892720318
1.446,2.2194208633830135,-0.7734208633830135
2.615,2.6426814068335434,-0.027681406833543143
2.601,2.781514631409636,-0.1805146314096362
3.623,3.243233636261472,0.37976636373852823
2.962,2.8625957346110473,0.09940426538895286
3.783,3.5497525902067437,0.2332474097932562
5.00001,3.2650096891155567,1.735000310884443
2.557,2.968563048497495,-0.41156304849749503
2.822,3.1251652387219,-0.30316523872189993
2.551,2.85921534073514,-0.3082153407351398
1.843,2.3862518935490664,-0.5432518935490664
1.615,2.266372661807961,-0.6513726618079609
3.106,3.331370151031716,-0.22537015103171631
2.484,2.9424207573619943,-0.4584207573619943
3.083,2.726198302393577,0.3568016976064232
3.279,3.328111255259347,-0.0491112552593469
2.941,2.320965968863902,0.6200340311360977
2.092,2.0281470280707774,0.06385297192922268
2.816,2.0274979519816294,0.7885020480183704
2.415,2.3317331925162694,0.08326680748373061
2.387,2.7473297804690997,-0.3603297804690997
2.014,2.3687847041117487,-0.3547847041117489
2.168,2.2648245546055517,-0.0968245546055515
2.688,1.438293271236211,1.249706728763789
1.563,2.5523441434026672,-0.9893441434026673
2.636,2.745000747697381,-0.10900074769738088
2.611,2.6319034210664602,-0.020903421066460037
2.318,2.342316461927977,-0.024316461927976984
2.181,2.817194623298751,-0.636194623298751
2.383,2.69464762043366,-0.3116476204336598
2.637,2.2839758349960886,0.3530241650039114
2.465,2.5076140782793535,-0.042614078279353595
1.923,2.1397997945157123,-0.2167997945157123
2.962,2.8281030308666297,0.13389696913337046
2.134,2.1204977873735578,0.013502212626442134
2.409,2.9083760293812797,-0.4993760293812799
3.198,3.36234613324078,-0.16434613324077985
1.692,2.5809825753208795,-0.8889825753208795
3.442,2.886908309273661,0.5550916907263392
4.113,2.6110336998260455,1.501966300173955
4.045,2.6026133486589025,1.4423866513410974
5.00001,4.88815811815471,0.11185188184528982
5.00001,5.946430564269292,-0.9464205642692924
5.00001,4.619322652835217,0.38068734716478225
5.00001,4.889153300293254,0.11085669970674594
5.00001,3.2541156193668708,1.7458943806331289
5.00001,4.843034742417742,0.15697525758225783
5.00001,2.9028951245754544,2.097114875424545
5.00001,2.457775632114053,2.5422343678859467
5.00001,2.2887588436294535,2.711251156370546
3.96,3.451304419477383,0.508695580522617
3.691,3.440987062191817,0.250012937808183
5.00001,6.536593067324297,-1.5365830673242975
4.399,3.376492960020161,1.022507039979839
4.853,2.8321872069712186,2.020812793028781
3.935,2.5353425660037487,1.3996574339962513
3.878,2.763072668076318,1.114927331923682
4.925,3.4722576065695407,1.452742393430459
2.313,1.6419336945647216,0.6710663054352786
3.821,2.771692728739888,1.0493072712601124
2.269,2.2522113299870954,0.01678867001290474
2.447,2.4186248473059555,0.02837515269404456
2.307,2.8339959357593845,-0.5269959357593845
3.944,2.2989253991398657,1.6450746008601342
3.477,2.28602843410449,1.1909715658955098
3.767,2.4307741818956394,1.3362258181043605
2.783,2.9713092350522974,-0.18830923505229746
2.696,3.022566098990081,-0.3265660989900807
1.476,1.6758761170039063,-0.19987611700390628
3.246,3.0528414326737314,0.19315856732626857
2.158,2.083062229434069,0.07493777056593087
1.487,1.8851675756692783,-0.3981675756692782
3.698,2.937194288190552,0.7608057118094478
2.209,2.4090675640746175,-0.20006756407461745
2.861,2.7865752282523872,0.07442477174761297
3.0,2.058933342009553,0.9410666579904472
2.527,1.8619524645652543,0.6650475354347458
2.146,2.0183050629958754,0.1276949370041245
2.869,2.558538082082913,0.3104619179170873
3.143,1.9593865119751503,1.1836134880248494
2.951,2.9887952310629244,-0.03779523106292437
3.467,2.731814837270527,0.735185162729473
3.424,2.719650859785617,0.7043491402143829
3.387,2.920710940589003,0.4662890594109972
2.458,2.1207021801644146,0.3372978198355856
3.671,1.6464668429835143,2.0245331570164855
1.224,1.710001022877853,-0.4860010228778531
3.432,2.1584179940785564,1.2735820059214435
3.571,2.255826169528773,1.315173830471227
3.694,1.995052048303959,1.6989479516960408
2.848,2.0038321343650445,0.8441678656349554
2.763,1.9268597168469646,0.8361402831530353
2.9,2.3573293500173826,0.5426706499826173
3.313,2.085560212359687,1.2274397876403134
2.813,1.9986477558286218,0.8143522441713784
2.437,2.322974643077486,0.11402535692251403
2.455,2.0505128767476126,0.40448712325238745
2.621,2.578492359001112,0.04250764099888782
3.54,1.6320032225660461,1.907996777433954
5.00001,1.8341464111484211,3.1658635888515785
1.83,1.8193041861309907,0.010695813869009418
1.881,2.087955254081946,-0.20695525408194615
1.688,2.3958507547371983,-0.7078507547371984
2.598,2.3837321633196358,0.2142678366803641
2.679,3.003232728246356,-0.32423272824635596
1.856,1.5967119205046532,0.25928807949534693
1.875,1.557810986040641,0.31718901395935895
1.785,1.7693219491750238,0.015678050824976086
5.00001,2.286513048468544,2.7134969515314555
2.063,2.152691589848767,-0.0896915898487669
2.833,1.9235178181162336,0.9094821818837666
1.818,1.5547760776225639,0.2632239223774362
1.854,1.7603435832879057,0.09365641671209435
1.98,2.1416127236530835,-0.16161272365308355
5.00001,1.4833885587485427,3.516621441251457
2.667,1.730925278236972,0.9360747217630279
1.738,1.3733450808273,0.3646549191727
2.086,1.7556636139144488,0.33033638608555105
1.925,1.5821686269550501,0.3428313730449499
1.85,2.4703566416757403,-0.6203566416757402
1.979,1.75639250810646,0.22260749189354012
3.133,2.115688900846541,1.017311099153459
5.0,1.5087109591489214,3.4912890408510786
1.063,1.4709794191668855,-0.4079794191668855
1.875,1.2766193304239501,0.5983806695760499
1.625,1.198883152667167,0.42611684733283295
1.844,1.2129803828885828,0.6310196171114173
1.661,1.1255844160025559,0.5354155839974442
1.699,1.774712993571348,-0.07571299357134786
1.508,1.8306289707669925,-0.3226289707669925
1.697,1.5703901452780267,0.1266098547219734
1.503,2.1195633261970257,-0.6165633261970258
1.457,2.0585036973272763,-0.6015036973272763
1.429,2.1226764617718397,-0.6936764617718396
2.161,1.5571178398751278,0.6038821601248723
1.981,2.58249157870937,-0.6014915787093698
2.245,2.5181861173707585,-0.2731861173707584
1.736,1.669103987351877,0.06689601264812306
2.741,2.648480142274348,0.09251985772565208
1.538,1.5679449559965803,-0.029944955996580314
0.985,1.4923071626290685,-0.5073071626290685
1.693,1.1653573969472122,0.5276426030527879
1.624,1.8969713063362432,-0.2729713063362431
1.089,1.3900191240697355,-0.3010191240697355
0.912,1.592551798483655,-0.680551798483655
0.917,1.544626132506206,-0.627626132506206
0.858,1.40774389303246,-0.54974389303246
1.841,1.7958679470097674,0.045132052990232596
2.155,2.0682817760164163,0.08671822398358353
1.573,1.4112772137901568,0.16172278620984315
0.877,1.2759990973892164,-0.39899909738921635
1.516,1.6281991049263265,-0.11219910492632645
1.521,2.1283479167505637,-0.6073479167505638
1.256,2.1399690646713463,-0.8839690646713463
1.898,1.7271416957267176,0.1708583042732823
1.171,1.516666742465484,-0.345666742465484
1.033,1.7147657584760312,-0.6817657584760313
0.996,1.399326072700041,-0.40332607270004095
1.507,1.7667105831988406,-0.25971058319884066
3.59,2.722651818671152,0.8673481813288477
1.739,1.9812750232176648,-0.2422750232176647
1.338,2.01954883194624,-0.6815488319462397
1.31,1.9150342133182399,-0.6050342133182398
1.023,1.6719051510455554,-0.6489051510455555
0.971,1.4875943031524987,-0.5165943031524988
1.869,2.1996759003000586,-0.33067590030005856
1.709,1.7201276504245073,-0.011127650424507252
1.41,1.6035972689679638,-0.19359726896796392
1.556,1.417258375853026,0.1387416241469741
1.279,1.7824356471556937,-0.5034356471556938
1.434,1.5146845737366275,-0.08068457373662752
1.344,1.1994910449736724,0.14450895502632766
2.573,2.043337746664456,0.5296622533355442
2.633,2.018377761705121,0.6146222382948792
3.313,2.695507892836048,0.6174921071639523
3.257,2.347106278840177,0.9098937211598233
3.144,2.6364849840643636,0.5075150159356365
1.899,1.4223494982540315,0.47665050174596857
2.959,1.8903127478838555,1.0686872521161446
3.768,2.3285431151237166,1.4394568848762832
1.467,1.549269652931775,-0.08226965293177502
2.27,1.735639923177711,0.5343600768222889
1.732,1.4724023862149656,0.25959761378503443
1.712,1.7461853502268827,-0.03418535022688274
1.344,1.2721738222961045,0.07182617770389554
1.373,1.288647202286395,0.08435279771360493
1.546,1.2059462920399855,0.34005370796001455
1.469,1.1734963158112346,0.2955036841887655
1.809,2.044915116254761,-0.23591511625476103
2.226,2.0224768633983863,0.2035231366016137
2.47,1.2370135636983937,1.2329864363016065
2.733,2.529716018720457,0.20328398127954328
2.961,1.886129362648986,1.074870637351014
2.083,1.845558681211628,0.23744131878837216
2.915,2.1764010031121126,0.7385989968878874
1.688,1.5436855944758765,0.14431440552412345
1.17,1.1319393446494157,0.03806065535058423
2.438,1.7610464377768724,0.6769535622231277
2.676,3.130557870136573,-0.4545578701365729
2.647,1.7253618763462817,0.9216381236537181
2.328,2.2905150014103444,0.03748499858965548
4.192,3.5299284055901796,0.6620715944098206
2.541,2.057693300011953,0.4833066999880469
2.5,1.4801352982421851,1.0198647017578149
2.345,1.4134373660185022,0.931562633981498
2.813,1.6119094481435465,1.2010905518564536
2.981,2.165603731490905,0.8153962685090947
2.722,1.8792209370773965,0.8427790629226035
3.073,2.743750044838934,0.32924995516106614
2.946,1.8875441240952722,1.058455875904728
2.864,2.4371708078814835,0.42682919211851633
1.908,1.6837141978877488,0.22428580211225113
1.75,1.2135480907849034,0.5364519092150966
1.625,1.1913482544668361,0.4336517455331639
2.401,2.0984030977524486,0.3025969022475512
1.96,1.9098666298949964,0.050133370105003516
1.509,1.725379264872935,-0.21637926487293502
1.72,1.597286414204347,0.12271358579565295
0.97,1.1629673494269743,-0.19296734942697435
1.488,1.2289467213070955,0.2590532786929045
1.625,1.9939756223064071,-0.3689756223064071
1.514,1.2626795772727923,0.25132042272720767
1.646,2.2035431970882056,-0.5575431970882057
2.05,2.0267644873027515,0.02323551269724833
1.985,1.9030735438824389,0.08192645611756122
1.967,2.158338978982924,-0.19133897898292407
0.908,1.1380365926823053,-0.23003659268230525
0.986,1.2599210048353795,-0.2739210048353795
1.775,2.012676427451801,-0.23767642745180106
1.426,1.9994290217159745,-0.5734290217159745
1.358,1.8177782030755791,-0.45977820307557904
1.36,1.701615743022484,-0.341615743022484
1.756,1.9914537179757503,-0.23545371797575032
1.507,2.096540650342478,-0.5895406503424783
1.219,1.5633693162416449,-0.3443693162416448
1.569,2.2600536555083273,-0.6910536555083273
1.393,1.672816937641663,-0.27981693764166304
1.658,1.7807604845165559,-0.12276048451655597
1.272,1.209870064717117,0.06212993528288302
1.217,1.376787556441153,-0.15978755644115283
1.113,1.6961489010815325,-0.5831489010815325
1.475,1.5444918113125854,-0.0694918113125853
1.717,1.553633519982099,0.1633664800179011
1.245,1.3539722852778326,-0.10897228527783254
1.313,1.4976234817024185,-0.1846234817024186
1.17,1.4705684425784553,-0.3005684425784554
2.138,1.8791995031865065,0.2588004968134934
1.988,1.834544831060737,0.15345516893926292
2.055,2.215266328315538,-0.1602663283155379
1.66,1.9465949410785628,-0.28659494107856287
2.125,2.292504085536737,-0.1675040855367369
2.537,2.341253682594508,0.19574631740549187
2.169,1.485597358370287,0.683402641629713
2.157,1.5476920707659936,0.6093079292340065
2.161,1.576846793386003,0.584153206613997
1.585,1.9712463294017477,-0.38624632940174775
2.07,2.1552419598742336,-0.08524195987423377
1.594,1.6206874027705473,-0.026687402770547264
1.925,1.8263960951820535,0.09860390481794656
2.002,2.3861509272467956,-0.3841509272467958
1.826,2.007214751751244,-0.18121475175124413
2.39,1.9353919961917807,0.4546080038082194
2.839,2.35210228288577,0.48689771711423013
2.478,2.4582301888066596,0.019769811193340647
2.244,2.631722273647404,-0.38772227364740397
1.114,1.5225871154073347,-0.4085871154073346
1.606,1.726021737034427,-0.12002173703442698
1.573,1.2161122468050505,0.3568877531949495
1.781,2.897684459043188,-1.116684459043188
2.256,2.1264346166728063,0.12956538332719347
2.449,2.0808536490692795,0.36814635093072035
0.875,1.9491318486796652,-1.0741318486796652
2.375,1.9901525145430532,0.3848474854569468
1.357,1.8732495971859058,-0.5162495971859058
2.281,1.9250054232551952,0.35599457674480495
2.145,1.7713950183047433,0.3736049816952567
1.839,1.7164512678920705,0.12254873210792949
1.638,1.8936286047290687,-0.2556286047290688
2.185,2.2714251491423374,-0.08642514914233734
2.097,1.9700978889748433,0.1269021110251567
1.96,1.516132427344313,0.4438675726556869
0.916,1.352570928051576,-0.43657092805157605
1.99,1.573880439861719,0.416119560138281
1.392,1.9670286217076556,-0.5750286217076557
2.104,2.3231155400660066,-0.21911554006600653
1.633,1.4739588559093073,0.1590411440906927
1.328,1.2184406398080259,0.10955936019197421
2.143,1.6075909320812558,0.535409067918744
1.599,1.6444444528635058,-0.045444452863505846
1.585,1.7029817458699954,-0.11798174586999544
2.027,2.483856433972842,-0.4568564339728418
1.932,1.6486208658038164,0.28337913419618355
1.684,2.535641800977871,-0.8516418009778712
1.746,2.3576929187639797,-0.6116929187639797
1.589,1.2266964384768606,0.36230356152313936
1.726,1.5280828568461926,0.19791714315380737
1.707,2.2513640111435294,-0.5443640111435293
1.714,1.94555730652058,-0.23155730652058004
1.636,1.9065692717684417,-0.2705692717684418
1.726,1.8086734885811615,-0.08267348858116152
1.539,1.9770141656167868,-0.43801416561678685
0.92,1.4097527724536105,-0.4897527724536105
1.175,1.316813442757271,-0.14181344275727104
1.68,1.946858904961897,-0.266858904961897
2.478,2.42872268950323,0.04927731049677009
2.589,2.13684378466682,0.4521562153331802
2.799,2.4530425510306277,0.3459574489693722
2.558,2.4297528525949645,0.1282471474050353
2.403,2.724049498457694,-0.32104949845769415
2.374,3.4085023512256667,-1.0345023512256666
1.719,2.0167452126190755,-0.2977452126190754
5.00001,3.372246393170415,1.6277636068295847
2.271,2.1466352056595763,0.12436479434042358
2.796,2.8451050024160196,-0.04910500241601978
3.403,3.255320887542243,0.147679112457757
2.852,2.946455096840244,-0.09445509684024422
2.996,2.493076922924848,0.502923077075152
1.299,1.6203699383632522,-0.3213699383632522
1.542,2.010995690932241,-0.468995690932241
1.609,2.025231802740194,-0.4162318027401941
1.606,2.1725259124441374,-0.5665259124441373
1.577,2.3279411014872933,-0.7509411014872933
1.475,2.295582747850516,-0.8205827478505161
2.224,2.2292459995571727,-0.0052459995571725315
2.128,2.3194115223011043,-0.19141152230110414
1.748,1.9486192455688194,-0.20061924556881938
1.838,2.4589056513296255,-0.6209056513296254
2.067,2.146611878953447,-0.07961187895344679
1.804,1.5164953851277416,0.2875046148722584
1.568,1.7524511091388706,-0.18445110913887053
1.375,1.7512750735083609,-0.37627507350836087
1.353,1.45914921622057,-0.10614921622056994
1.375,1.4819388035040433,-0.10693880350404328
1.372,1.8942716694951491,-0.522271669495149
0.985,1.4156502914574696,-0.4306502914574696
1.5,1.4233421884561837,0.07665781154381635
1.363,1.319169034332814,0.04383096566718603
1.435,1.4894509070492412,-0.05445090704924116
1.137,1.3767446074116916,-0.23974460741169157
1.375,1.0340051043018634,0.34099489569813657
1.911,2.1495485397117102,-0.2385485397117102
1.611,1.5567249666448226,0.05427503335517736
1.828,1.973730597596557,-0.14573059759655682
1.998,1.718113793698511,0.2798862063014891
1.595,1.241286632605438,0.35371336739456205
1.905,1.6793437057368497,0.22565629426315037
2.64,2.1965904071223132,0.4434095928776869
0.8,1.1694879065074137,-0.3694879065074137
2.0,2.314643562281232,-0.314643562281232
2.75,1.0312402074122422,1.7187597925877578
1.324,1.3291862993027035,-0.005186299302703423
1.996,2.0348678043166375,-0.0388678043166375
1.866,2.250649541222845,-0.3846495412228448
3.473,3.8204233805802454,-0.3474233805802456
4.441,3.587933582912573,0.8530664170874269
3.53,2.001277752350181,1.528722247649819
2.491,2.285831342396002,0.20516865760399794
1.77,1.922307434302777,-0.15230743430277704
1.783,2.2577563103736953,-0.47475631037369537
1.225,1.5272734957434635,-0.3022734957434634
1.151,1.5516318205592197,-0.40063182055921964
1.277,1.4606089565836213,-0.18360895658362142
1.716,1.7258658428135667,-0.009865842813566728
1.455,1.3693102433054303,0.0856897566945698
1.399,1.8004555920906318,-0.40145559209063175
1.167,1.4144971874244134,-0.2474971874244134
1.143,1.4225009448348866,-0.27950094483488663
1.877,1.640018631747743,0.23698136825225702
1.463,1.5704857662931326,-0.10748576629313256
1.27,1.3581310581250778,-0.08813105812507782
1.423,1.604006967709241,-0.18100696770924096
2.625,1.8440017148504622,0.7809982851495378
1.728,2.1316193757358066,-0.40361937573580664
2.875,2.9631563731491575,-0.08815637314915747
1.699,1.9305178403419399,-0.23151784034193978
2.235,2.4257718244161843,-0.19077182441618445
1.675,2.411829472335313,-0.736829472335313
3.202,2.608936387377008,0.5930636126229918
2.483,2.443393908698877,0.039606091301123136
3.356,2.578543284035237,0.777456715964763
2.399,2.1597538477139495,0.2392461522860505
2.109,2.305420107890297,-0.19642010789029696
2.226,2.1188721292271,0.10712787077289976
2.259,1.862756287962787,0.39624371203721287
2.391,2.467781022988182,-0.07678102298818201
2.21,2.2883207371200553,-0.07832073712005538
1.992,2.2366462240327123,-0.2446462240327123
1.667,1.4191653401881954,0.24783465981180464
1.715,2.369489000808424,-0.6544890008084241
1.672,1.6480445528283638,0.023955447171636113
1.645,1.7011788520259732,-0.05617885202597317
1.702,2.112606958873263,-0.41060695887326304
2.098,2.4717014355864,-0.37370143558640034
1.582,1.2030281028139687,0.3789718971860314
1.563,1.109626104453811,0.453373895546189
1.729,1.406449552682894,0.32255044731710614
1.344,1.7165248817927132,-0.37252488179271315
1.482,1.8065188162525274,-0.32451881625252743
1.981,1.8752986415688042,0.10570135843119588
2.219,0.8621639507955732,1.3568360492044267
1.938,2.581289483277341,-0.6432894832773413
1.899,2.0839341894009484,-0.1849341894009484
1.764,1.343904966300402,0.4200950336995981
1.0,1.4597224617345126,-0.4597224617345126
0.837,1.1098884011145282,-0.2728884011145283
0.588,1.6078353328226056,-1.0198353328226055
0.987,1.2480140262878048,-0.2610140262878048
1.165,1.5515997448884784,-0.38659974488847837
1.271,1.295198849126859,-0.02419884912685899
1.107,1.0105965688481233,0.09640343115187666
0.618,1.0493232421895577,-0.43132324218955775
2.174,1.965887509872824,0.20811249012717603
2.318,1.6927502241665258,0.6252497758334743
1.872,1.6091184884622691,0.262881511537731
2.229,1.5287042053628772,0.7002957946371229
3.086,2.8923728288729023,0.1936271711270976
2.746,2.6665960046810238,0.07940399531897624
1.691,1.932427333447832,-0.24142733344783185
2.406,2.814909463444672,-0.40890946344467194
2.489,2.533118787756907,-0.04411878775690692
3.003,2.784550670525655,0.21844932947434526
2.599,2.610525722471472,-0.011525722471471767
2.931,2.7962201707929886,0.13477982920701148
2.145,2.2453855694958027,-0.10038556949580268
2.061,1.8703846639111659,0.19061533608883408
5.00001,2.6598675727277294,2.34014242727227
5.00001,1.769485164365403,3.2305248356345966
5.00001,2.9552242463755247,2.044785753624475
5.00001,4.467900558819135,0.5321094411808645
5.00001,3.222488132512476,1.7775218674875237
5.00001,2.487770608974961,2.5122393910250387
5.00001,2.943955025225664,2.0560549747743355
5.00001,2.4278388356418574,2.572171164358142
3.5,2.817002761252391,0.6829972387476091
5.00001,3.3835397193259094,1.6164702806740903
5.00001,2.234993507353635,2.7650164926463647
4.333,2.5696029511971923,1.763397048802808
5.00001,3.790543182824253,1.2094668171757466
5.00001,3.2666640601263355,1.7333459398736641
4.125,2.913363338693402,1.2116366613065979
2.5,4.058003099639411,-1.5580030996394107
3.75,2.354808708616617,1.3951912913833828
3.0,1.9969701901084604,1.0030298098915396
1.688,2.252924435680639,-0.5649244356806389
4.0,2.486779512258843,1.5132204877411568
2.438,1.9808174084036945,0.4571825915963057
4.5,1.384754877876718,3.115245122123282
5.00001,3.5614142937707642,1.4385957062292354
3.5,2.594045250390056,0.9059547496099438
3.8,2.3796428112684236,1.4203571887315762
5.00001,2.9209532830522633,2.0790567169477363
4.5,2.922684216569732,1.5773157834302678
4.583,2.0715817980970397,2.5114182019029605
4.2,2.560993053501215,1.6390069464987853
2.875,2.189406107249445,0.6855938927505552
2.25,2.2120995462652795,0.03790045373472051
4.0,2.0699593068431112,1.9300406931568888
2.75,2.2642931345892316,0.48570686541076835
5.00001,2.409737552951981,2.5902724470480187
5.00001,2.5597159000940257,2.440294099905974
3.5,2.611956000010344,0.8880439999896561
2.25,1.951248347104793,0.298751652895207
0.55,1.8160985609795912,-1.2660985609795912
5.00001,1.6229428932232628,3.377067106776737
5.00001,2.9225545385831824,2.0774554614168173
4.5,1.9163452400035186,2.5836547599964814
2.375,1.947904019062694,0.42709598093730605
5.00001,2.6269488478442935,2.373061152155706
2.75,2.354372260242825,0.3956277397571748
2.25,2.0884821118061523,0.16151788819384771
2.25,1.9978973878648154,0.2521026121351846
5.00001,2.1282632945807665,2.871746705419233
5.00001,1.4625993527072776,3.537410647292722
5.00001,2.588572322689241,2.4114376773107584
5.00001,2.6724297116349556,2.327580288365044
5.00001,2.9410158456388054,2.0589941543611943
5.00001,3.029902220210475,1.9701077797895246
5.00001,2.849198086517882,2.1508119134821175
5.00001,3.2418302258753955,1.7581797741246041
5.00001,3.0032703551627913,1.9967396448372083
5.00001,2.531226870505812,2.4687831294941875
5.0,2.337281803823973,2.662718196176027
5.00001,3.024739362485878,1.9752706375141216
5.00001,4.212091342237639,0.7879186577623605
5.00001,3.238482238281221,1.7615277617187788
5.00001,2.862853097534705,2.1371569024652946
4.667,2.858465115426916,1.808534884573084
4.0,2.937417202461231,1.0625827975387692
5.0,2.5492933598264926,2.4507066401735074
4.75,2.8046316928051,1.9453683071949
5.0,2.4527229643212345,2.5472770356787655
5.00001,2.7830572505624516,2.216952749437548
5.00001,2.8806704615374237,2.119339538462576
5.0,3.1542287399051645,1.8457712600948355
5.00001,3.584864093591879,1.4151459064081204
5.00001,2.9687355059820097,2.03127449401799
5.00001,3.08296476345798,1.9170452365420196
5.00001,2.830743655802143,2.169266344197857
5.00001,2.7018834719659477,2.298126528034052
5.00001,4.19727623097316,0.8027337690268395
5.00001,3.6194427369781303,1.3805672630218693
5.00001,3.1916754028169176,1.808334597183082
5.00001,5.276155069330878,-0.27614506933087846
5.00001,4.369601590191697,0.6304084098083029
5.00001,7.172453892115607,-2.1724438921156075
5.00001,5.039765120580467,-0.03975512058046782
5.00001,3.333073035415536,1.6669369645844636
4.25,1.7615690026562394,2.4884309973437606
5.00001,5.414358163138798,-0.41434816313879796
5.00001,6.754927170022906,-1.7549171700229067
5.00001,3.1792091537461618,1.8208008462538379
5.00001,2.8638144477439815,2.136195552256018
5.00001,2.943595628962168,2.0564143710378318
5.00001,3.7650779262420775,1.2349320737579221
5.00001,2.9907652907700757,2.009244709229924
5.00001,2.987764784315332,2.0122452156846675
0.875,2.354808729242114,-1.479808729242114
1.175,2.3087791799237394,-1.1337791799237393
5.00001,2.3326797425650634,2.6673302574349362
5.00001,2.599233044352834,2.4007769556471654
4.6,2.9536084754193173,1.6463915245806824
5.00001,2.975382963030415,2.0246270369695845
4.688,2.792870576432972,1.8951294235670275
5.0,2.6031873479138117,2.3968126520861883
3.722,2.302640355000561,1.4193596449994388
3.333,2.363317486257785,0.9696825137422151
5.00001,2.5762217614544323,2.4237882385455674
5.00001,3.06467535759537,1.9353346424046296
4.5,2.1182954515958556,2.3817045484041444
2.2,1.357662841837195,0.8423371581628052
2.375,1.604726598848682,0.7702734011513179
4.944,2.5984649983861505,2.3455350016138494
3.553,2.7473939294896192,0.8056060705103807
4.0,3.259652642047863,0.7403473579521371
4.923,2.5297888377708984,2.3932111622291017
2.8,2.2713285924949655,0.5286714075050343
4.125,2.5935686768892934,1.5314313231107066
3.227,2.8000471260265587,0.42695287397344117
4.283,2.267557026551877,2.015442973448123
4.184,2.5642191646845376,1.6197808353154626
1.469,1.6826260003458455,-0.21362600034584545
3.5,2.339787231509608,1.1602127684903918
4.714,2.5805709950611746,2.133429004938826
3.417,2.381321450837186,1.0356785491628138
3.462,2.0922961477561253,1.369703852243875
2.938,2.276311240247221,0.6616887597527792
2.875,2.022903114965723,0.8520968850342769
2.75,2.4154723675023857,0.3345276324976143
1.875,2.298659442157564,-0.4236594421575641
0.725,1.5026158051667444,-0.7776158051667444
1.15,1.2833927591532608,-0.13339275915326088
1.125,1.352763032782758,-0.227763032782758
2.75,2.3739409213947713,0.3760590786052287
1.875,2.1215755259191336,-0.24657552591913356
1.775,1.4510249558851416,0.32397504411485833
3.167,2.074293233012958,1.0927067669870416
4.429,2.3230414518491855,2.1059585481508147
4.25,2.3850102926116237,1.8649897073883763
4.75,2.196712627300071,2.553287372699929
3.643,1.9067307833385783,1.7362692166614215
3.5,2.5022798066212024,0.9977201933787976
5.00001,2.4437285860125995,2.5562814139874
5.00001,2.4438565210065004,2.556153478993499
5.00001,2.594337054187249,2.405672945812751
5.0,2.8116656257460906,2.1883343742539094
5.0,2.4477770356554416,2.5522229643445584
4.929,2.507925345057215,2.4210746549427853
3.357,2.485983199634562,0.8710168003654384
4.0,2.910981611794026,1.0890183882059739
4.889,2.4752546070276256,2.4137453929723747
4.389,2.386896886136928,2.0021031138630723
2.5,2.220970719565382,0.27902928043461817
4.5,2.386583785488721,2.113416214511279
3.667,2.335981852567925,1.3310181474320748
4.125,2.2012933985991014,1.9237066014008986
3.375,2.1019965982853477,1.2730034017146523
2.227,2.4851556185016643,-0.25815561850166446
3.545,2.2587541568475666,1.2862458431524333
4.188,2.623992843186799,1.5640071568132008
4.769,3.256299396069627,1.512700603930373
4.0,2.929302564015971,1.070697435984029
4.559,3.836632716981036,0.722367283018964
5.00001,2.9180790474040443,2.0819309525959553
5.00001,2.877951423991763,2.1220585760082367
5.00001,2.9748852177994785,2.025124782200521
4.5,2.967362426548665,1.5326375734513351
5.00001,2.559177177092963,2.4408328229070366
5.00001,2.9533015603345962,2.0467084396654034
0.55,1.7391644887317295,-1.1891644887317294
3.75,1.973931357548335,1.776068642451665
3.5,3.148003317007026,0.35199668299297393
2.75,2.4094013534744514,0.3405986465255486
1.938,2.2388045407519863,-0.30080454075198637
3.5,2.1900102027179096,1.3099897972820904
2.5,2.7178823684597857,-0.2178823684597857
0.325,2.0421022164271516,-1.7171022164271517
2.75,2.8176795399316217,-0.06767953993162168
1.875,2.3947751028503426,-0.5197751028503426
3.5,3.024238652949246,0.4757613470507538
2.5,1.8243819713545706,0.6756180286454294
1.125,2.0556384876084217,-0.9306384876084217
2.25,3.046860197240062,-0.7968601972400622
1.625,2.2159041818610037,-0.5909041818610037
3.125,1.8548638504482744,1.2701361495517256
2.25,1.6875162088978681,0.5624837911021319
3.5,2.331304405986272,1.168695594013728
3.25,2.25298353307705,0.99701646692295
2.5,2.2101431363781674,0.2898568636218326
2.75,2.6816958748902793,0.06830412510972073
2.5,2.6708819950982736,-0.17088199509827362
3.5,2.2888965031337247,1.2111034968662753
3.616,2.859222664901833,0.756777335098167
3.861,2.836928998013531,1.0240710019864694
3.162,2.7660037715667816,0.39599622843321836
4.231,2.7062888969192342,1.5247111030807656
3.766,3.2699801581023715,0.4960198418976285
5.00001,3.3266596553901673,1.6733503446098323
3.7,2.520382469929064,1.1796175300709364
3.7,2.689649812639003,1.0103501873609972
4.054,3.153017824516679,0.9009821754833212
4.273,2.654597838466409,1.6184021615335906
5.00001,3.022152116887528,1.9778578831124718
4.554,2.831827983929692,1.7221720160703082
3.864,2.472178712912721,1.391821287087279
2.7,2.573046068093369,0.1269539319066313
3.912,2.6077681995135737,1.3042318004864262
4.9,2.175400461260873,2.7245995387391275
2.25,2.0938114984559024,0.15618850154409758
2.667,2.248495688905256,0.41850431109474373
2.65,1.9318555851872157,0.7181444148127842
2.125,1.729299120962625,0.39570087903737505
2.5,2.0672522638670427,0.43274773613295725
2.625,2.5384685518331898,0.08653144816681024
2.75,2.130404664314167,0.6195953356858328
2.5,2.1538318599212998,0.3461681400787002
3.0,2.2852919075267946,0.7147080924732054
4.0,2.5972807138042815,1.4027192861957185
4.0,2.3638477708141203,1.6361522291858797
2.75,2.3652005256038464,0.3847994743961536
3.968,2.5539024455818202,1.4140975544181797
3.556,2.8328880500003253,0.7231119499996748
3.879,2.7340608885202977,1.1449391114797023
4.375,2.8344240180747176,1.5405759819252824
3.556,3.1073615004222743,0.4486384995777257
3.75,2.710671388211182,1.039328611788818
3.689,2.823829811474526,0.8651701885254739
3.837,2.6289098095031886,1.2080901904968115
3.388,2.7282644062721273,0.6597355937278726
3.804,3.1784727043885823,0.6255272956114175
3.475,2.5783198386465735,0.8966801613534265
3.622,3.1272331557297894,0.49476684427021045
3.477,2.697146169945899,0.7798538300541007
3.06,2.4866937905897903,0.5733062094102097
3.257,3.0474733454177945,0.20952665458220565
3.281,2.3889393006118707,0.8920606993881295
3.243,3.1987088371693435,0.04429116283065637
3.259,2.6230049936571493,0.6359950063428506
3.561,3.035284417773609,0.525715582226391
4.097,2.70789658952894,1.3891034104710602
3.919,2.539628151386876,1.3793718486131241
2.949,2.9849433542280708,-0.035943354228070934
3.5,2.7623093773721523,0.7376906226278477
3.31,3.0089484041998995,0.30105159580010055
3.331,2.658939814452141,0.672060185547859
3.009,3.2942002911509514,-0.28520029115095147
2.989,3.1552490892903524,-0.16624908929035254
3.108,3.1604660577813495,-0.052466057781349384
4.5,1.794272580897367,2.705727419102633
2.083,2.84499591380798,-0.7619959138079797
1.625,2.457103614821824,-0.8321036148218242
2.909,2.7310043755453073,0.17799562445469252
3.216,2.88720857870243,0.32879142129757
2.537,2.558495277142322,-0.021495277142322244
2.433,2.19096962623255,0.24203037376744962
2.983,2.7660920579636183,0.21690794203638175
3.2,2.899309137900357,0.30069086209964313
2.773,2.864525968625955,-0.09152596862595486
2.625,1.806397071516336,0.818602928483664
2.391,2.326527335051288,0.06447266494871196
2.603,2.210099313221089,0.3929006867789111
2.333,2.5050743209737734,-0.17207432097377318
2.25,2.3876278724173905,-0.1376278724173905
3.25,2.1708970685069606,1.0791029314930394
3.0,2.284915289407172,0.7150847105928282
2.65,2.505417575990486,0.14458242400951393
2.146,1.9429810399510798,0.20301896004892006
2.29,2.1112499369084707,0.1787500630915293
2.539,2.4310473856147303,0.10795261438526982
2.3,2.8597769114758433,-0.5597769114758435
2.553,2.1352440592962862,0.4177559407037137
1.781,2.006717370228374,-0.2257173702283739
2.361,2.1084532348417566,0.2525467651582436
2.063,1.822128624533038,0.24087137546696225
2.01,1.9907971925376584,0.019202807462341376
2.173,2.727350091832765,-0.5543500918327648
2.254,2.364220437241159,-0.11022043724115882
2.118,2.020610154288827,0.09738984571117282
1.404,1.3542589459740784,0.04974105402592155
2.034,1.2832744278884087,0.7507255721115911
1.853,1.8360435916596178,0.016956408340382145
1.875,1.9003862170190002,-0.025386217019000235
1.938,1.7483374247557875,0.18966257524421248
1.938,1.73623303604555,0.20176696395444993
1.951,1.8295302642071731,0.12146973579282694
1.92,2.101549743937051,-0.18154974393705103
1.89,2.2124202577077843,-0.3224202577077844
1.993,2.076116976488154,-0.08311697648815408
2.063,1.2389710327288457,0.8240289672711545
1.923,2.4551209609568097,-0.5321209609568096
1.813,2.047476644119294,-0.23447664411929403
2.759,2.589142156693729,0.16985784330627096
2.708,2.6644280243768135,0.04357197562318671
2.552,2.7776296324312373,-0.22562963243123724
2.547,2.49230274838728,0.05469725161271999
2.849,2.5761466623857174,0.27285333761428276
3.35,2.5583655106049146,0.7916344893950855
2.49,1.8246792895641493,0.665320710435851
2.508,3.307309405020821,-0.7993094050208209
2.713,2.7906646233372827,-0.07766462333728263
2.799,2.7661457371236184,0.03285426287638149
2.813,2.657416262500353,0.15558373749964716
2.639,2.412645053748409,0.22635494625159058
2.75,2.57880490198388,0.1711950980161201
2.409,2.655175999561374,-0.24617599956137415
2.296,2.4303598393769534,-0.13435983937695362
2.3,2.503236753764596,-0.20323675376459605
2.464,2.257583346849959,0.2064166531500411
2.409,2.4722969390390666,-0.06329693903906675
2.586,2.087554916120727,0.49844508387927267
2.43,2.910581588364638,-0.4805815883646378
2.923,2.4065100376303734,0.5164899623696266
2.632,3.037282990911626,-0.4052829909116258
2.64,2.7161582022524446,-0.07615820225244452
2.755,2.546393953392765,0.20860604660723503
2.598,2.584238141693038,0.013761858306962083
2.672,2.816961833185925,-0.14496183318592504
2.7,2.8912659892214156,-0.19126598922141547
2.619,3.2621393203304536,-0.6431393203304534
2.294,2.693414304998349,-0.39941430499834896
2.793,2.751852007525799,0.04114799247420109
2.545,2.718759218551064,-0.1737592185510639
2.409,2.7339888991998804,-0.3249888991998806
2.302,2.4001964138385667,-0.0981964138385667
2.387,2.4665758028007563,-0.07957580280075627
2.33,2.0640959904520515,0.26590400954794857
2.713,2.5442074764736375,0.16879252352636254
2.725,2.5417923223770584,0.18320767762294166
2.503,2.6961281098209247,-0.19312810982092454
2.194,2.7671259873867156,-0.5731259873867156
2.393,1.8786884607406145,0.5143115392593853
2.762,2.4517314895691307,0.31026851043086934
2.429,2.9065512607221162,-0.4775512607221164
2.362,2.5046191073178807,-0.14261910731788063
2.447,2.570767867859968,-0.12376786785996785
2.526,2.5078180352853967,0.018181964714603094
2.54,2.5365875837954115,0.003412416204588542
2.505,2.6121851783955323,-0.10718517839553243
2.52,2.618136678882746,-0.0981366788827458
2.42,2.2969545805890754,0.1230454194109245
2.518,2.6662847301453008,-0.14828473014530097
2.226,2.319854894208099,-0.093854894208099
2.65,2.5698434322512917,0.08015656774870816
2.685,2.696356908644507,-0.011356908644506891
2.618,2.7949392055779954,-0.17693920557799547
2.6,2.5622899561009356,0.037710043899064516
2.706,2.81115535887393,-0.10515535887393002
2.616,2.6264683685362344,-0.01046836853623434
2.436,2.6453502469663484,-0.2093502469663484
2.462,2.765076412321829,-0.303076412321829
2.316,2.6181604395642637,-0.30216043956426386
2.669,2.74906219203874,-0.08006219203873988
2.665,2.6543078904994126,0.01069210950058741
2.556,2.3542023927983178,0.20179760720168227
2.477,2.615477558327087,-0.1384775583270872
2.515,2.7422983874576112,-0.2272983874576111
2.489,3.2501470191381654,-0.7611470191381655
2.641,2.9026804405087994,-0.26168044050879935
2.51,2.3857064824518166,0.12429351754818319
2.191,2.1771707177766277,0.013829282223372097
2.38,2.168277283783637,0.21172271621636307
2.263,2.4395318026008703,-0.17653180260087042
1.819,1.3835519622822186,0.4354480377177814
2.139,3.0317934321433,-0.8927934321433004
2.178,2.5020726636611927,-0.3240726636611928
2.183,2.5739577247639027,-0.3909577247639029
2.419,2.7842512736858036,-0.36525127368580357
2.786,2.6565107349075547,0.1294892650924453
4.143,2.5550051675718004,1.5879948324281994
4.357,2.6225593780398224,1.7344406219601778
3.9,2.802479579402542,1.097520420597458
5.0,2.419655410816926,2.580344589183074
3.677,3.25471262292572,0.4222873770742801
3.742,2.6818264074305,1.0601735925695
4.065,2.407230108288669,1.6577698917113315
3.596,2.2386416958433464,1.3573583041566537
3.457,2.436135898607261,1.0208641013927386
3.067,2.7248486965168843,0.34215130348311584
3.296,2.252323113144083,1.0436768868559168
3.3,2.395418626438713,0.9045813735612867
3.5,2.4116930384927384,1.0883069615072616
3.38,2.468757623628579,0.9112423763714208
3.61,2.7572444358575425,0.8527555641424573
3.57,2.6300084743329473,0.9399915256670526
3.663,3.230303038864774,0.4326969611352256
4.203,2.965689457104826,1.2373105428951745
3.586,2.834482760829215,0.7515172391707847
5.00001,3.302128355913908,1.6978816440860918
5.00001,5.34505654737382,-0.34504654737382
5.00001,4.8334656018064655,0.16654439819353417
3.817,3.483779071219659,0.3332209287803414
3.374,2.9049046992746748,0.46909530072532535
3.336,2.7332964365355137,0.6027035634644862
3.49,3.315505249287785,0.1744947507122152
3.226,2.8935479458712106,0.3324520541287894
3.134,2.166772956287198,0.9672270437128021
3.94,3.644896299904456,0.2951037000955439
3.495,2.7783537637173037,0.7166462362826964
4.31,3.5102896628238947,0.799710337176105
3.351,3.0149967063135117,0.3360032936864883
3.136,3.2543456310414642,-0.11834563104146412
3.468,3.401212503726514,0.06678749627348601
4.169,3.1293750444283104,1.0396249555716892
5.00001,5.49490259105211,-0.4948925910521105
5.00001,4.197894823668765,0.8021151763312346
3.636,3.3627601258671387,0.27323987413286144
3.656,3.0394321278305987,0.6165678721694015
5.00001,4.094126281307819,0.9058837186921807
4.268,4.234222916554644,0.033777083445356126
4.052,3.649987428764039,0.4020125712359608
4.846,3.261841298778566,1.5841587012214342
5.00001,5.356673940088948,-0.3566639400889482
5.00001,5.4242808874252715,-0.42427088742527186
3.99,3.4127650103251117,0.5772349896748885
3.941,3.7289314802020086,0.21206851979799124
3.351,3.113310635465757,0.23768936453424283
3.442,3.1129041319579946,0.3290958680420055
2.755,2.9655192612267722,-0.21051926122677234
2.614,2.6276519150310946,-0.013651915031094752
2.662,2.304167256747421,0.35783274325257874
2.642,3.1828185561889164,-0.5408185561889165
2.692,2.762152105459985,-0.07015210545998496
2.319,2.8141481329429245,-0.4951481329429246
2.193,2.852689412901286,-0.6596894129012858
2.212,2.8551006083877013,-0.6431006083877011
2.25,2.558658216662715,-0.3086582166627152
2.386,2.419383615766834,-0.033383615766833685
2.286,2.7682344867799937,-0.4822344867799937
2.215,2.3675612503639165,-0.15256125036391666
2.441,2.6010025806770605,-0.16000258067706064
2.32,2.0864352024872304,0.23356479751276948
2.379,2.723061652101846,-0.3440616521018458
2.394,2.4596152397235307,-0.06561523972353056
2.393,2.032257825921845,0.3607421740781547
2.467,2.245612065405744,0.2213879345942562
2.597,2.8920348815081693,-0.29503488150816937
2.289,2.095029553947196,0.19397044605280422
2.216,2.73335820742127,-0.5173582074212697
2.195,2.810135945506988,-0.6151359455069882
2.25,2.2066387254570383,0.04336127454296168
2.118,2.1983712729119773,-0.08037127291197743
3.486,2.7281625662772475,0.7578374337227527
3.321,2.4571765474978484,0.8638234525021518
3.238,2.701079923837199,0.5369200761628008
3.221,2.7702583803408443,0.4507416196591558
3.313,2.707079906028123,0.6059200939718772
3.361,2.881729129729737,0.47927087027026305
3.398,3.3882534240810624,0.009746575918937683
3.296,2.4977527866609965,0.7982472133390033
3.312,2.4983924520757297,0.8136075479242701
3.327,2.6293345891253974,0.6976654108746025
3.398,2.4645470810252315,0.9334529189747687
3.536,2.760089083358127,0.7759109166418732
3.231,2.7851687709449284,0.44583122905507144
3.184,2.8533604374943464,0.33063956250565374
3.176,2.8416455683239707,0.3343544316760294
3.118,2.6063970389208,0.5116029610791997
3.292,2.823339799048744,0.46866020095125593
3.147,2.6227363504536596,0.5242636495463402
3.31,3.019719297338366,0.29028070266163386
3.202,2.5425083014425023,0.6594916985574977
3.085,2.534760646226871,0.5502393537731289
2.978,2.990908774996345,-0.012908774996344796
3.191,2.5714760689736638,0.6195239310263361
3.212,2.4989517073459435,0.7130482926540567
3.238,2.9936996910815834,0.2443003089184166
3.213,2.4729198361065183,0.7400801638934817
3.231,2.6882756195679622,0.5427243804320376
3.143,2.7655248439850553,0.3774751560149445
3.35,2.6207993251795756,0.7292006748204245
4.385,3.5106810606391123,0.8743189393608874
3.408,2.5461787871927712,0.8618212128072287
3.177,2.8375580339826265,0.33944196601737353
3.152,2.967234264676436,0.18476573532356433
5.00001,3.0453753667807146,1.954634633219285
3.715,3.1019739670854523,0.6130260329145476
3.694,3.0406408480852125,0.6533591519147874
4.333,2.4125844695650116,1.9204155304349886
4.062,3.1434393044422078,0.9185606955577925
3.5,2.3335911127573628,1.1664088872426372
3.5,2.4398413447584133,1.0601586552415867
4.0,2.6175717564009533,1.3824282435990467
1.875,2.791056041338984,-0.916056041338984
1.125,2.47251149762302,-1.34751149762302
3.077,2.5935301786976575,0.4834698213023425
3.162,2.290167412686582,0.8718325873134178
2.956,2.693363036122713,0.26263696387728697
2.963,2.6336615271448043,0.3293384728551958
2.788,2.854830286082267,-0.06683028608226715
2.915,2.7365326432541863,0.1784673567458137
2.832,2.684033898495732,0.14796610150426792
2.689,2.2606615213429193,0.42833847865708075
2.742,2.3328752680728853,0.40912473192711474
2.608,2.392036304818594,0.21596369518140612
2.841,2.809253098820422,0.031746901179578124
2.723,2.4073045462491396,0.3156954537508603
2.702,2.853161243451459,-0.1511612434514591
2.718,2.418422106190893,0.29957789380910693
2.722,2.6544676601383674,0.06753233986163254
2.863,2.182030460878569,0.6809695391214312
2.978,2.486182919833822,0.4918170801661783
2.966,2.5360842781536928,0.42991572184630744
3.0,3.3273449800260746,-0.3273449800260746
2.757,2.468208007103732,0.2887919928962681
2.757,2.616798753631209,0.14020124636879094
2.724,2.655649350736944,0.06835064926305634
2.728,2.72525935242435,0.002740647575650179
2.737,2.6922623294743238,0.04473767052567634
2.681,2.8876729158775483,-0.2066729158775482
2.711,2.7289547437378587,-0.01795474373785888
5.00001,2.6632177300187454,2.336792269981254
3.5,2.376897758121472,1.1231022418785281
3.5,2.3561114577138307,1.1438885422861693
5.00001,2.5763436193464404,2.423666380653559
5.00001,2.6693057232010124,2.330704276798987
3.071,2.255470763084116,0.815529236915884
4.167,2.6273127946657384,1.5396872053342614
5.00001,3.0643755403154715,1.935634459684528
5.00001,2.3006045521447263,2.6994054478552734
4.833,2.675258834444076,2.157741165555924
4.433,2.5151560507007207,1.9178439492992791
3.964,2.8109384064718728,1.1530615935281272
3.75,2.4052139299757904,1.3447860700242096
4.578,2.8082846878236025,1.7697153121763978
3.353,2.3415899194516228,1.0114100805483774
3.229,2.3288427871939366,0.9001572128060635
3.522,2.5623964624950606,0.9596035375049392
5.00001,4.739582619891115,0.2604273801088848
5.00001,3.4540232501944486,1.545986749805551
5.00001,5.221786252504957,-0.22177625250495758
3.768,2.5338993034244517,1.234100696575548
4.417,2.461741451875544,1.9552585481244558
3.75,2.507373477413945,1.2426265225860549
3.607,2.2808476959290793,1.3261523040709209
4.029,2.694209216109893,1.334790783890107
3.984,2.774200020508556,1.2097999794914438
4.213,2.6575443323724057,1.5554556676275944
4.469,2.4351491912215777,2.0338508087784226
4.224,2.372519865174317,1.851480134825683
4.146,2.6687746393735408,1.4772253606264591
4.047,2.7194186751648046,1.327581324835195
3.667,2.637449178269664,1.0295508217303357
3.372,2.499134280838483,0.872865719161517
3.938,2.770140480893568,1.167859519106432
3.485,2.7336212751729425,0.7513787248270574
3.464,2.4918028710941935,0.9721971289058065
3.114,2.558733572693641,0.5552664273063588
3.291,2.3363830434691435,0.9546169565308564
3.563,2.306398272321879,1.2566017276781212
3.692,2.558568331937904,1.1334316680620962
3.595,2.7266736315335605,0.8683263684664397
3.185,2.1524166836375467,1.0325833163624534
3.284,2.492110717420347,0.7918892825796529
5.00001,2.7797388990806553,2.2202711009193443
3.485,2.54835212863061,0.9366478713693898
3.247,2.797178208185845,0.4498217918141547
3.367,3.146179050075162,0.22082094992483814
3.229,2.5515022685123587,0.6774977314876414
3.328,2.601770634824541,0.7262293651754588
3.511,2.953155391617628,0.5578446083823723
3.422,2.6758450813479304,0.7461549186520697
3.222,2.255385204916645,0.966614795083355
5.00001,2.279035087897071,2.7209749121029287
5.00001,7.142860552613095,-2.142850552613095
3.189,2.4681472017176542,0.7208527982823458
2.128,1.5436956310265564,0.5843043689734437
1.804,1.8670112803552628,-0.06301128035526271
2.25,5.361493812370929,-3.111493812370929
2.25,3.254147487665188,-1.004147487665188
2.071,2.674588383599989,-0.6035883835999889
2.237,2.346586158703235,-0.10958615870323474
0.525,0.8252845226272951,-0.3002845226272951
0.525,1.0242365642948887,-0.4992365642948887
0.633,1.0561482734508645,-0.4231482734508645
1.125,1.228743503622234,-0.10374350362223406
0.75,1.172651950049619,-0.4226519500496191
0.875,0.6619348601969981,0.2130651398030019
0.45,1.2428911576262305,-0.7928911576262305
0.225,1.3400117573706503,-1.1150117573706502
0.768,1.0695987413663661,-0.3015987413663661
0.776,1.3631916661673187,-0.5871916661673187
1.102,1.1177586878115022,-0.015758687811502137
1.031,1.1341897830236185,-0.10318978302361859
0.923,1.1727863750366412,-0.24978637503664114
1.104,0.8717380821905649,0.23226191780943517
1.051,1.8280609149273817,-0.7770609149273817
0.974,1.2120283633291065,-0.23802836332910648
1.076,1.6963439177593254,-0.6203439177593253
0.926,1.7102819484171192,-0.7842819484171192
0.66,1.062032410894809,-0.4020324108948089
0.613,1.0244628983217763,-0.4114628983217763
0.59,1.2267215465789654,-0.6367215465789654
0.546,1.2132511317566665,-0.6672511317566665
0.52,1.1101078663297004,-0.5901078663297004
0.568,1.0129854008117194,-0.44498540081171944
0.527,1.1801179934448545,-0.6531179934448544
0.425,1.000759550879878,-0.5757595508798778
0.638,1.2256213395411266,-0.5876213395411266
0.43,0.9116350830800561,-0.48163508308005615
0.45,1.3105015966679905,-0.8605015966679905
0.608,0.9503209949799962,-0.34232099497999624
0.675,1.5491612607865197,-0.8741612607865197
0.55,1.4111913377340777,-0.8611913377340776
1.184,1.8495396191512168,-0.6655396191512168
0.872,1.7113991837172575,-0.8393991837172575
0.881,1.1953480060040946,-0.3143480060040946
0.803,1.4145827580111223,-0.6115827580111223
0.594,1.1577675691631533,-0.5637675691631533
0.621,1.1828674805188393,-0.5618674805188393
0.5,1.042715848220921,-0.5427158482209209
0.946,1.783012694998675,-0.8370126949986751
1.137,1.501861653522236,-0.364861653522236
0.939,1.5254687011605885,-0.5864687011605886
2.474,1.7908252797758557,0.6831747202241445
1.899,2.4215892150808065,-0.5225892150808065
0.941,1.5426994403348353,-0.6016994403348354
0.846,1.6776244621634167,-0.8316244621634167
0.916,1.725956698888961,-0.8099566988889609
0.878,1.7180931051058295,-0.8400931051058295
0.888,1.5596043568123434,-0.6716043568123434
0.926,1.248630711794172,-0.3226307117941719
0.874,1.8156539031593621,-0.9416539031593621
0.908,1.2716021634107342,-0.36360216341073415
1.415,1.6397379744808127,-0.22473797448081267
1.136,2.0706217445508313,-0.9346217445508314
1.837,2.36809649514131,-0.5310964951413102
1.231,1.8153784811165323,-0.5843784811165322
0.654,1.444832994326093,-0.7908329943260929
0.988,1.0873722172041858,-0.09937221720418576
0.767,1.4766147333076183,-0.7096147333076183
0.983,2.11354600298497,-1.1305460029849699
1.054,1.319902956964929,-0.26590295696492894
0.906,1.747459648048864,-0.841459648048864
0.813,1.066325297221465,-0.253325297221465
0.875,1.4035925395353406,-0.5285925395353406
0.938,1.3681847889149608,-0.4301847889149608
0.557,1.6180410285924063,-1.0610410285924061
0.557,1.1982263845189478,-0.6412263845189478
0.7,1.3642561354894391,-0.6642561354894392
0.728,1.4368468240600687,-0.7088468240600687
0.699,1.273545513292562,-0.574545513292562
0.752,1.0312958017063192,-0.2792958017063192
0.544,0.8069320770255042,-0.26293207702550414
0.636,1.4333294267721852,-0.7973294267721852
0.527,1.2006276945850907,-0.6736276945850906
0.542,1.4722450124687838,-0.9302450124687838
0.542,0.8000576899840568,-0.25805768998405676
0.483,0.9524187278191121,-0.4694187278191121
0.505,1.3571493264628767,-0.8521493264628767
0.631,1.1191168657581083,-0.4881168657581083
0.623,1.3334517055959887,-0.7104517055959887
0.698,1.5191777368167472,-0.8211777368167472
0.75,1.1525805758272891,-0.4025805758272891
0.635,0.9884082516079289,-0.3534082516079289
0.553,1.159464691038119,-0.606464691038119
0.593,1.0783875903278408,-0.48538759032784085
0.62,1.25142898408392,-0.6314289840839199
0.54,0.8807238891531068,-0.3407238891531068
0.628,1.3208621915568006,-0.6928621915568006
0.683,1.2121316937414188,-0.5291316937414188
0.577,1.0483977855264017,-0.47139778552640177
0.622,1.1696973297687325,-0.5476973297687325
0.638,1.7567386096269841,-1.118738609626984
0.659,0.9336156657669625,-0.2746156657669625
1.136,1.2040049484528266,-0.06800494845282667
0.65,0.9548673900055153,-0.3048673900055153
0.559,1.2337679113609448,-0.6747679113609447
0.483,1.1085440416731722,-0.6255440416731722
0.53,0.8891566099350878,-0.3591566099350878
0.517,1.1702494584566254,-0.6532494584566254
0.612,1.0801562353834784,-0.4681562353834784
0.567,1.1239324698157844,-0.5569324698157845
0.603,1.2179939349309197,-0.6149939349309197
0.577,1.1693368423544426,-0.5923368423544426
0.591,1.4277932011665877,-0.8367932011665877
0.618,1.4128453290877534,-0.7948453290877534
0.678,1.10116191654427,-0.42316191654427004
0.616,1.2857917406113466,-0.6697917406113466
0.731,1.3664082802542135,-0.6354082802542135
0.659,0.975217624937663,-0.3162176249376629
0.814,1.1620646624717885,-0.3480646624717886
0.739,0.9888742438527163,-0.24987424385271628
0.804,0.8626719552764177,-0.058671955276417664
0.672,1.2992971320905102,-0.6272971320905102
0.577,1.4886386838832604,-0.9116386838832604
0.572,0.9993094468488872,-0.4273094468488873
0.592,0.9762979471341668,-0.3842979471341669
0.892,1.356808960833891,-0.4648089608338909
0.584,1.276014144685616,-0.692014144685616
0.564,1.0412629233351547,-0.47726292333515474
0.721,1.2866650065102896,-0.5656650065102896
0.66,1.0910604031426407,-0.4310604031426407
0.857,1.0376694951835184,-0.18066949518351838
2.258,2.257722665595641,0.0002773344043589532
1.524,1.7008255168788529,-0.17682551687885284
1.238,1.4914504692446142,-0.25345046924461423
2.42,4.093445688041357,-1.6734456880413573
0.944,1.6333779311273424,-0.6893779311273425
1.733,1.920886339559184,-0.18788633955918388
0.871,1.273543148307715,-0.4025431483077151
1.669,1.8436782078911056,-0.17467820789110555
1.75,1.5143762297559316,0.23562377024406844
1.551,2.2422139709298565,-0.6912139709298566
1.292,1.8658439585365132,-0.5738439585365132
0.989,1.622627836550199,-0.6336278365501989
1.519,2.602589173362957,-1.083589173362957
0.964,1.2441621940957388,-0.28016219409573884
1.028,1.3440404621239863,-0.3160404621239863
1.015,1.0760776717890739,-0.06107767178907397
0.875,1.1561908630773985,-0.2811908630773985
1.196,1.3845944591352133,-0.18859445913521333
1.759,1.212133995142505,0.5468660048574949
1.946,1.6910811408865438,0.25491885911345613
2.347,2.734058370423525,-0.38705837042352487
1.103,0.8148494215914086,0.2881505784085914
0.946,0.9205073888018895,0.025492611198110415
1.765,2.1410080648756873,-0.3760080648756874
1.5,1.2956158707807401,0.20438412921925986
1.349,1.8582437888262529,-0.5092437888262529
1.917,2.1395941341759537,-0.22259413417595364
1.364,1.955293233834138,-0.5912932338341379
1.338,2.2282693632524957,-0.8902693632524956
1.621,1.4811887223079732,0.13981127769202684
1.198,1.9498933905061309,-0.7518933905061309
1.308,1.8983253273496477,-0.5903253273496476
1.306,2.0817766265203774,-0.7757766265203774
1.621,2.113901829809884,-0.4929018298098842
1.591,2.1161691132467,-0.5251691132467002
1.46,1.4573609788344002,0.0026390211655997753
1.482,2.043058592384115,-0.5610585923841149
2.447,2.2055708090763577,0.24142919092364235
1.464,1.4766411898574565,-0.012641189857456547
1.427,1.800887732330819,-0.37388773233081896
1.267,0.9892925140577429,0.277707485942257
1.431,1.960283311602561,-0.529283311602561
1.456,1.7826299718157061,-0.3266299718157062
1.539,1.9961006530994807,-0.4571006530994808
1.557,2.154923853988945,-0.5979238539889451
1.335,2.0037966532202898,-0.6687966532202898
1.323,1.2197195265012213,0.10328047349877867
1.313,1.7069164870413198,-0.3939164870413199
1.388,1.5777194664164371,-0.18971946641643722
1.407,1.432973151809865,-0.025973151809864925
2.061,1.8635139072183824,0.19748609278161755
0.787,1.62515488029858,-0.83815488029858
0.928,2.016848682676534,-1.088848682676534
1.053,1.6588210912080683,-0.6058210912080684
0.984,1.2137383028923536,-0.22973830289235364
0.991,1.6032089176297069,-0.6122089176297069
1.1,1.1190657751524657,-0.019065775152465658
1.123,0.9716358470961914,0.15136415290380856
1.053,0.9639800587823233,0.08901994121767665
1.0,1.028558557325002,-0.02855855732500201
1.0,1.5415892042232848,-0.5415892042232848
1.162,1.263884733372468,-0.10188473337246817
1.084,1.9984563607350647,-0.9144563607350646
1.319,1.6962648166743062,-0.3772648166743062
0.921,1.3666443707438778,-0.44564437074387775
0.955,1.8386789745944423,-0.8836789745944423
1.048,1.438658186649466,-0.39065818664946605
1.016,1.3930544748012477,-0.37705447480124765
0.905,0.8238592059634993,0.08114079403650076
1.176,1.5499758118321185,-0.3739758118321186
1.028,1.324958618913513,-0.29695861891351294
1.077,1.6160659977175875,-0.5390659977175876
0.973,1.3716602425380922,-0.3986602425380922
0.911,0.9879298238651335,-0.07692982386513347
0.941,1.2807139684840307,-0.3397139684840308
1.113,1.0771801310214209,0.03581986897857914
1.074,1.5823362785779225,-0.5083362785779224
0.99,1.0911717945296244,-0.10117179452962444
1.063,1.1461124636240474,-0.08311246362404745
0.95,1.141704982615269,-0.19170498261526903
0.875,1.2668297504734005,-0.3918297504734005
1.245,0.9849753054044585,0.26002469459554156
1.379,1.7322383415758473,-0.3532383415758473
0.959,1.3169490132316337,-0.35794901323163375
1.208,1.614177573007436,-0.40617757300743595
0.828,1.56529255586896,-0.7372925558689601
1.55,1.3404480515399875,0.20955194846001257
1.125,0.8639435121356547,0.2610564878643453
1.068,1.5553879333257523,-0.48738793332575225
2.018,2.0688654062017693,-0.05086540620176949
1.125,1.1655106666656154,-0.040510666665615425
2.479,2.5827866557369714,-0.10378665573697132
2.125,2.415124359254214,-0.290124359254214
2.207,2.7185805141370887,-0.5115805141370888
1.621,1.2524142667292937,0.3685857332707063
1.25,1.0788452980231604,0.17115470197683957
1.35,1.1692287734878213,0.1807712265121788
0.875,1.2264502192296107,-0.3514502192296107
1.268,1.1480027552145362,0.11999724478546381
1.531,2.443464667296701,-0.9124646672967012
1.813,2.1535038088708327,-0.34050380887083276
1.577,2.790938907737693,-1.2139389077376932
1.771,1.4174115219635444,0.35358847803645554
1.563,0.67301203627922,0.8899879637207799
1.25,1.6365145355598036,-0.38651453555980364
1.309,1.2636647074566738,0.04533529254332613
1.304,1.6029703696086144,-0.29897036960861434
0.59,1.447859426225547,-0.8578594262255471
0.997,1.091443655520318,-0.09444365552031797
1.5,0.8631072489991485,0.6368927510008515
1.214,2.1172305159867655,-0.9032305159867655
0.769,1.394392576987818,-0.625392576987818
1.469,1.2169368697211334,0.25206313027886673
1.375,1.2360626519534055,0.13893734804659452
1.583,1.6662935575338276,-0.08329355753382761
0.557,0.5476759214225388,0.009324078577461203
0.836,1.1398961449297162,-0.3038961449297163
1.04,1.4977862367414836,-0.45778623674148355
1.25,1.5217802499841695,-0.2717802499841695
1.625,2.3561505743463376,-0.7311505743463376
1.031,1.3777195765816845,-0.3467195765816846
1.625,2.017387007506838,-0.3923870075068381
1.625,1.3095340934089506,0.31546590659104945
1.563,1.5004822954691712,0.06251770453082872
1.235,1.0559822794534064,0.1790177205465937
0.963,1.0570277937846289,-0.09402779378462889
1.857,1.9871410076141267,-0.13014100761412672
2.408,1.4410295554133636,0.9669704445866363
1.869,2.1540039687152857,-0.28500396871528566
1.472,2.447278493356438,-0.9752784933564382
1.301,1.5072814524344897,-0.2062814524344898
1.781,1.5131946951292488,0.26780530487075116
2.028,1.587080632753445,0.440919367246555
2.3,2.599763287943958,-0.299763287943958
1.55,1.0186691586624121,0.5313308413375879
1.75,0.8696410929421519,0.8803589070578481
2.045,1.3309869065078046,0.7140130934921953
1.528,1.4066017586829211,0.12139824131707888
1.274,1.5940638126185633,-0.3200638126185633
1.207,1.3438508620008949,-0.1368508620008948
1.018,1.5089926956674864,-0.4909926956674864
1.108,1.2987070879666986,-0.19070708796669855
1.135,1.168416407464691,-0.03341640746469099
1.167,1.2912475638206282,-0.12424756382062818
1.318,1.3481000213431564,-0.03010002134315637
1.753,1.951104806999189,-0.1981048069991891
0.995,1.59226281430786,-0.5972628143078601
0.869,1.1895213917795824,-0.3205213917795824
1.375,1.2647798742528544,0.11022012574714557
1.288,1.872966217436543,-0.5849662174365429
1.432,1.9397196030440254,-0.5077196030440254
1.141,1.3494078487617531,-0.2084078487617531
0.982,1.1460822942284201,-0.16408229422842013
1.254,1.1916960927836286,0.06230390721637136
1.107,1.3291469440188945,-0.22214694401889457
1.08,1.3137622958746877,-0.23376229587468766
1.548,2.03424020694899,-0.48624020694898995
1.537,2.1118725062428525,-0.5748725062428526
1.325,1.6341102229258464,-0.30911022292584645
2.293,3.0383128409972304,-0.7453128409972303
1.717,1.6840301890534375,0.032969810946562594
1.03,1.07600853299431,-0.04600853299431007
1.368,1.578694474098759,-0.21069447409875885
1.201,1.5860114460838193,-0.3850114460838192
1.331,1.1208461581723999,0.2101538418276001
1.633,1.564517433609113,0.06848256639088701
0.707,1.0731457750333506,-0.36614577503335066
0.878,1.3217446864446067,-0.44374468644460674
0.688,1.2776382516639782,-0.5896382516639782
0.738,0.9733999102671198,-0.23539991026711982
0.911,1.4841409386612145,-0.5731409386612145
1.509,1.615636975798554,-0.10663697579855413
1.151,1.3011188223827481,-0.1501188223827481
1.333,0.9360958346755663,0.3969041653244336
1.168,1.40054073424028,-0.2325407342402801
0.829,1.0232101826547648,-0.19421018265476486
0.831,1.0596090243574974,-0.22860902435749741
1.13,1.4434830010403705,-0.31348300104037063
1.512,1.4149243631084416,0.0970756368915584
2.442,1.6641331361565008,0.7778668638434993
1.467,1.5405392035454117,-0.07353920354541166
1.225,1.0744460165518865,0.15055398344811355
1.139,1.3845386409836857,-0.24553864098368572
2.0,1.2115682300774429,0.7884317699225571
1.742,1.5180477529531344,0.22395224704686556
1.663,1.0630050416131303,0.5999949583868698
1.05,0.9216982917912517,0.1283017082087483
1.652,1.5909198894622922,0.06108011053770768
1.611,1.9345872201432892,-0.3235872201432892
1.769,1.9252002283763667,-0.15620022837636682
1.565,1.3431415530113813,0.22185844698861867
1.875,1.2505582279337366,0.6244417720662634
1.522,1.8041230557102277,-0.28212305571022767
1.589,1.704436765229131,-0.11543676522913104
1.134,1.3829976011820755,-0.2489976011820756
1.413,1.4498502127646846,-0.03685021276468459
1.109,1.2047982280191587,-0.09579822801915872
1.419,1.2430665620978427,0.17593343790215732
1.576,1.7364157733786476,-0.16041577337864754
2.0,1.1970028742823449,0.8029971257176551
1.694,1.1733688708033103,0.5206311291966896
0.971,1.2697268495600333,-0.29872684956003337
0.909,1.7936209486811023,-0.8846209486811023
1.022,1.2841260592924855,-0.26212605929248545
1.346,1.6630848469797241,-0.31708484697972406
1.259,1.6962174554212543,-0.43721745542125445
1.827,1.7403543378943258,0.08664566210567415
1.49,1.5771997619959475,-0.08719976199594748
1.921,1.7540228689112782,0.1669771310887218
1.39,1.4346898997853503,-0.04468989978535043
1.824,1.5301008814145185,0.29389911858548157
1.656,1.3506873296704742,0.3053126703295257
1.261,1.6056014356490178,-0.3446014356490179
0.944,1.1404040215796463,-0.19640402157964632
0.919,1.2205605939353892,-0.30156059393538914
1.243,1.3807723176681808,-0.13777231766818065
0.942,1.5431547485536126,-0.6011547485536126
1.208,1.3526069664264155,-0.14460696642641557
1.018,1.0701466051405117,-0.052146605140511726
0.969,0.9985516062647155,-0.029551606264715535
0.992,1.4332786049477295,-0.4412786049477295
1.721,2.0895399123589673,-0.3685399123589672
1.353,1.72065735597401,-0.36765735597400995
1.308,1.6894818350138583,-0.38148183501385824
1.015,1.2764467227087266,-0.2614467227087267
1.018,2.031726115588288,-1.0137261155882882
1.639,2.1167337381768254,-0.4777337381768254
1.118,1.554414324052409,-0.436414324052409
1.976,1.7488275938124036,0.22717240618759638
1.614,1.885687830799741,-0.2716878307997408
2.125,3.3190821524453806,-1.1940821524453806
1.75,1.1935687965030466,0.5564312034969534
1.125,0.9254445538393448,0.19955544616065524
1.063,1.7352650643842449,-0.6722650643842449
1.583,2.146790676206034,-0.5637906762060341
1.95,1.6484922530173685,0.3015077469826315
1.739,1.294739136230192,0.444260863769808
0.741,0.8959215750594662,-0.15492157505946624
1.05,1.0247320045643944,0.02526799543560565
1.019,1.3747855649924874,-0.3557855649924875
1.179,1.8695340348395078,-0.6905340348395077
1.694,1.7329136487591816,-0.038913648759181685
1.168,1.3798940522388683,-0.21189405223886837
1.308,1.1826105168614613,0.1253894831385387
1.61,1.525478562168828,0.08452143783117205
1.371,1.8404141693310083,-0.4694141693310083
1.215,1.8223695775483353,-0.6073695775483352
1.415,1.4356749899390722,-0.02067498993907213
1.493,2.3552572767271602,-0.8622572767271601
1.385,1.958465822586796,-0.5734658225867959
1.553,2.1040535897650994,-0.5510535897650994
1.557,1.845305849705032,-0.28830584970503215
1.579,2.045579669791818,-0.4665796697918181
1.2,1.2257154812366033,-0.025715481236603388
1.792,1.6191431335557729,0.17285686644422715
4.75,1.715468721017628,3.0345312789823717
1.275,1.3297749687812765,-0.054774968781276634
0.863,1.3623650384938353,-0.4993650384938353
1.194,1.5665667375341772,-0.37256673753417724
2.228,1.9055187737512287,0.3224812262487715
3.224,1.930310939909311,1.2936890600906892
1.635,1.4123358057204864,0.22266419427951356
2.742,2.24931104738457,0.4926889526154299
3.273,2.033095838689961,1.2399041613100392
2.229,2.4339293588892126,-0.2049293588892125
2.402,2.299638942122006,0.1023610578779941
2.151,2.480908219688523,-0.329908219688523
1.707,1.9007573411780168,-0.19375734117801668
1.621,1.9694278070675706,-0.3484278070675706
1.214,1.8065601395621773,-0.5925601395621773
1.335,2.4642657557388405,-1.1292657557388406
1.525,1.5867811401311336,-0.06178114013113367
1.532,1.6112895271111092,-0.07928952711110915
1.287,2.2417460612438465,-0.9547460612438465
1.32,1.7136321994910677,-0.39363219949106765
1.273,1.5739000272364718,-0.3009000272364719
1.176,1.9467343500464698,-0.7707343500464698
1.198,1.8359029727572174,-0.6379029727572174
1.104,2.044672453248036,-0.9406724532480357
1.25,1.3414244190833962,-0.09142441908339616
1.476,1.7622716795004527,-0.28627167950045274
1.948,2.182909084787987,-0.2349090847879869
1.648,2.097295868708665,-0.449295868708665
1.417,1.8419581288181022,-0.42495812881810213
1.513,2.0752900247620225,-0.5622900247620226
1.706,1.7037598998769485,0.002240100123051425
1.031,0.8501162410417702,0.18088375895822972
1.083,1.3829589323736249,-0.2999589323736249
1.115,1.3795452087519808,-0.26454520875198084
1.125,1.7581449621935976,-0.6331449621935976
2.081,2.2476539999225955,-0.16665399992259555
1.347,1.7672674557678159,-0.4202674557678159
1.967,2.4141811886013422,-0.44718118860134215
0.63,1.1154077070862267,-0.4854077070862267
2.5,2.0210201749102765,0.4789798250897235
2.94,2.218661326304797,0.721338673695203
2.487,2.393943182515047,0.09305681748495331
1.543,2.20716175280035,-0.6641617528003503
0.906,1.6957728961464293,-0.7897728961464293
1.449,1.5534791665235266,-0.10447916652352651
1.14,1.8639004055014268,-0.7239004055014269
1.4,2.110463995691341,-0.7104639956913412
1.617,2.2182878366925696,-0.6012878366925696
1.952,2.31435991559763,-0.36235991559763026
2.567,2.3470818119525965,0.2199181880474037
1.681,2.2878484062229374,-0.6068484062229373
1.135,1.8268497475919878,-0.6918497475919878
1.582,1.926356987398546,-0.3443569873985459
1.627,2.110659703923713,-0.48365970392371316
1.421,1.7598995578422294,-0.33889955784222936
2.069,2.5427356849786547,-0.4737356849786547
2.646,2.342774489983715,0.30322551001628506
2.712,2.625199429264015,0.08680057073598535
3.208,2.4714822461040975,0.7365177538959027
2.788,2.5290694140919525,0.2589305859080473
1.842,2.228641679726044,-0.3866416797260439
1.883,2.243872495982819,-0.3608724959828189
1.862,2.2535317801219725,-0.39153178012197243
2.781,2.260883274609113,0.5201167253908872
2.794,2.658172440653263,0.13582755934673685
2.836,2.3803410495193837,0.4556589504806161
2.269,2.16118864377181,0.10781135622818994
2.668,2.2547556153257213,0.4132443846742788
2.211,2.3440870655427988,-0.13308706554279892
2.0,2.2539605814320596,-0.2539605814320596
2.273,2.0571177676891774,0.2158822323108227
2.078,2.5273719171491305,-0.4493719171491306
1.927,2.825131104907771,-0.8981311049077711
2.158,2.3486502316286995,-0.19065023162869954
1.832,2.329346883923529,-0.4973468839235291
1.896,2.4966012237501314,-0.6006012237501315
2.663,2.473665608807807,0.18933439119219297
1.839,2.4603456371919874,-0.6213456371919874
1.961,2.226368070555736,-0.26536807055573575
3.177,2.9440816340998275,0.23291836590017256
2.939,1.9631653849780126,0.9758346150219874
3.3,2.4508233324918907,0.8491766675081092
2.045,2.429060663076319,-0.38406066307631903
2.496,2.3121492194217317,0.1838507805782683
2.536,1.903033915412515,0.6329660845874849
1.95,1.7459364854342796,0.20406351456572036
5.00001,1.5526895311526192,3.4473204688473804
3.0,1.4402531922602089,1.5597468077397911
3.288,3.5372259960805303,-0.24922599608053053
2.229,1.755844469276422,0.4731555307235782
1.659,2.2744975645368717,-0.6154975645368717
2.589,2.7222741647288378,-0.1332741647288378
2.259,2.03464810613761,0.22435189386238985
2.215,1.899042228833598,0.3159577711664019
2.513,3.0247808848232136,-0.5117808848232137
2.333,2.199115578302513,0.13388442169748727
2.096,1.8269846650710195,0.26901533492898055
2.063,2.2036218381700774,-0.14062183817007723
2.271,2.536607104386263,-0.2656071043862629
1.926,2.485964173311091,-0.5599641733110909
1.742,1.9112095181979618,-0.16920951819796182
2.082,2.5575456759324657,-0.4755456759324659
2.262,1.9646331124899667,0.29736688751003326
2.317,2.0635909200145854,0.25340907998541473
3.37,2.797844127000474,0.572155872999526
2.25,2.533222015264683,-0.28322201526468316
2.47,2.0295699154377798,0.44043008456222044
2.193,2.428755813052805,-0.2357558130528048
2.218,2.9043882422688867,-0.6863882422688867
2.399,2.819206199127437,-0.42020619912743706
3.316,3.0784490384563536,0.2375509615436462
2.08,2.3533476648299194,-0.27334766482991935
2.625,2.1414795369358286,0.4835204630641714
3.5,0.8599561975690659,2.640043802430934
2.533,2.8645353443569577,-0.33153534435695775
2.337,1.9368808004852305,0.4001191995147697
0.425,1.4729961489169585,-1.0479961489169585
3.362,2.727746906805215,0.634253093194785
3.8,3.224977455770225,0.5750225442297747
3.578,2.47848940821002,1.0995105917899797
2.459,2.469901803284567,-0.010901803284566913
2.361,2.3112485081179126,0.049751491882087606
0.55,1.8635387739213254,-1.3135387739213253
2.75,2.8985705470559626,-0.14857054705596262
2.955,2.7184349214946537,0.23656507850534636
2.676,2.6534961094342737,0.022503890565726437
1.952,2.3807510629765893,-0.4287510629765894
1.568,2.434343024024409,-0.8663430240244088
2.054,2.375887245080647,-0.32188724508064714
2.177,2.4602474261653566,-0.2832474261653566
1.638,2.075554633107551,-0.43755463310755127
1.797,2.026108939655516,-0.22910893965551593
1.53,1.9418266597307334,-0.4118266597307334
1.978,2.4573084681123234,-0.4793084681123234
1.654,2.3215784105151536,-0.6675784105151537
1.904,2.1287226607035823,-0.22472266070358238
1.62,2.265919841519749,-0.6459198415197487
1.585,2.3865322645372546,-0.8015322645372547
1.781,2.3443543463813667,-0.5633543463813668
2.099,2.2088231736363597,-0.10982317363635952
1.558,1.932309750792505,-0.37430975079250506
1.6,2.222847989372031,-0.6228479893720311
2.683,2.0922925520018634,0.5907074479981365
1.421,2.066542699881535,-0.645542699881535
1.436,2.3363196588374073,-0.9003196588374074
1.782,2.1188104020806695,-0.3368104020806695
1.063,1.8987428362477194,-0.8357428362477195
2.731,2.86173372160917,-0.13073372160916996
2.802,2.299168212602991,0.502831787397009
3.297,2.689356456128934,0.6076435438710663
2.708,2.6805066131515853,0.027493386848414847
3.15,2.4121754925785117,0.7378245074214882
3.461,2.5612895413620276,0.8997104586379723
1.526,2.196118647321615,-0.6701186473216152
1.448,2.3357597139711492,-0.8877597139711493
2.773,2.2878213713730826,0.4851786286269175
2.048,2.1278735607348915,-0.07987356073489149
1.814,2.1811971041404403,-0.36719710414044027
2.091,2.599152544979585,-0.508152544979585
1.738,2.4572112563701585,-0.7192112563701585
1.75,2.1974405864513247,-0.4474405864513247
1.639,2.2373238926791243,-0.5983238926791243
1.713,2.0631657243107817,-0.35016572431078163
1.669,2.2314839532487363,-0.5624839532487362
1.464,1.897564132746705,-0.433564132746705
2.224,2.4991813695307123,-0.27518136953071215
2.058,2.003918675004858,0.054081324995141955
1.761,2.2418366488481185,-0.4808366488481186
1.848,2.457954996059945,-0.6099549960599451
2.256,2.6457860408950675,-0.38978604089506774
1.721,2.2264782274134918,-0.5054782274134917
2.506,2.230036258928524,0.2759637410714757
2.929,2.846806919155409,0.08219308084459076
2.675,2.8571814020848145,-0.1821814020848147
0.698,2.102059443047984,-1.4040594430479842
1.586,2.1658135809690418,-0.5798135809690417
2.616,2.504649376938884,0.11135062306111632
1.172,1.8372071697118617,-0.6652071697118618
2.534,2.3543260897509,0.17967391024909984
2.722,2.6912940438961765,0.03070595610382343
3.152,3.482375492334409,-0.3303754923344089
2.142,1.7792463001427032,0.36275369985729666
2.153,2.558584957265578,-0.4055849572655781
2.904,2.7036565799474515,0.20034342005254846
2.817,2.7421908644585056,0.0748091355414946
2.581,2.651904232912914,-0.07090423291291392
2.301,2.722708954108148,-0.4217089541081478
2.337,2.909250598813947,-0.5722505988139468
2.515,2.998757034242548,-0.4837570342425477
2.67,2.8995506664624893,-0.22955066646248934
2.386,2.504409048131852,-0.11840904813185205
2.667,2.567825780433961,0.09917421956603878
2.432,2.377461136127376,0.05453886387262408
2.386,2.5290370761590997,-0.14303707615909955
2.143,2.138676531844458,0.004323468155541743
2.399,2.536748435910882,-0.13774843591088182
2.359,2.665404016509938,-0.306404016509938
2.365,2.9098473876632305,-0.5448473876632303
2.244,2.4542243063416778,-0.21022430634167755
2.321,2.3207739874428936,0.00022601255710652524
3.07,2.36254437164954,0.70745562835046
2.979,2.367399249341803,0.6116007506581971
3.142,3.0073302171507263,0.13466978284927356
4.176,3.2226427940577285,0.9533572059422717
2.925,2.6599481176138253,0.2650518823861745
2.664,2.7784046178394646,-0.11440461783946443
2.38,3.0133865237200608,-0.6333865237200609
2.603,3.0091655421787555,-0.40616554217875533
2.877,3.0641794017487856,-0.18717940174878578
2.756,2.7765763602048374,-0.020576360204837663
2.643,2.363661832600313,0.27933816739968664
2.77,2.894193910880089,-0.12419391088008913
2.728,2.8074058145827214,-0.07940581458272122
2.813,2.485696780826986,0.3273032191730141
2.391,2.4412689255799114,-0.05026892557991136
2.588,3.0307004709034806,-0.4427004709034805
2.524,2.7507895579202515,-0.22678955792025146
2.575,2.6565953175189576,-0.08159531751895743
2.777,2.351128168363601,0.4258718316363992
2.294,2.161331825289705,0.1326681747102949
2.561,2.477960159687805,0.0830398403121948
3.045,2.7826935931274575,0.2623064068725425
3.067,2.7332960451605466,0.3337039548394536
2.687,3.1718667969432555,-0.48486679694325563
3.037,2.2274007311672324,0.8095992688327676
2.945,2.905737093712417,0.039262906287582666
2.708,3.089006132822646,-0.38100613282264595
3.197,2.1521641281386983,1.0448358718613018
0.875,2.011474236382379,-1.1364742363823792
2.386,2.7542502342110042,-0.3682502342110041
3.043,3.029689310428463,0.01331068957153736
2.979,3.1517096459158296,-0.1727096459158295
1.465,2.6777846605118674,-1.2127846605118673
2.847,3.0302303413428673,-0.1832303413428673
3.229,2.9346425288583653,0.2943574711416348
2.464,2.904343108998351,-0.44034310899835116
2.633,3.113743559532394,-0.4807435595323941
2.609,3.0991429727034046,-0.49014297270340457
2.807,2.8131764464245217,-0.006176446424521753
2.762,2.553838684618098,0.20816131538190197
2.784,2.6868572974336127,0.09714270256638713
2.526,2.266785597705578,0.25921440229442183
2.656,2.881819201416564,-0.22581920141656386
2.684,2.743631788785992,-0.059631788785991624
2.263,3.0780958872267856,-0.8150958872267857
2.507,2.52362421148372,-0.016624211483720064
3.026,2.9041315976033504,0.12186840239664942
2.735,2.873476516872018,-0.13847651687201834
3.276,2.516955486192549,0.7590445138074506
2.467,2.849710228910689,-0.38271022891068895
2.425,2.3034099288221217,0.12159007117787812
2.188,2.5380661486144125,-0.3500661486144123
2.375,2.936889273163853,-0.5618892731638532
2.333,2.5894362262692674,-0.2564362262692672
2.324,2.4282304116702083,-0.10423041167020841
2.44,2.068797958854481,0.3712020411455188
2.815,2.924424386262834,-0.1094243862628339
2.398,2.5341598764504636,-0.13615987645046346
3.01,2.640384334986072,0.36961566501392795
2.727,2.6781485333073127,0.04885146669268714
3.533,3.269578683999102,0.263421316000898
3.537,2.8389261426113794,0.6980738573886205
2.62,2.70237904644023,-0.08237904644022986
2.512,2.636338191663825,-0.12433819166382509
2.362,2.7852982974482394,-0.4232982974482393
2.724,3.1143564860928894,-0.3903564860928892
2.75,2.6029535123750374,0.14704648762496264
2.274,2.7305553741344006,-0.4565553741344006
2.639,3.064687626012443,-0.42568762601244314
2.541,2.393170870056303,0.1478291299436969
2.346,2.3824196541522062,-0.03641965415220616
2.282,2.1969354177203737,0.08506458227962632
2.81,5.961287881173845,-3.1512878811738445
2.793,3.165144241712996,-0.37214424171299587
2.621,2.7813477787485277,-0.16034777874852768
2.625,3.034631699149174,-0.4096316991491742
2.375,2.6753086547323996,-0.30030865473239965
2.417,2.6225329733268055,-0.20553297332680565
3.455,2.6446928314842557,0.8103071685157444
4.5,1.930298381832068,2.569701618167932
2.706,2.6002277772586337,0.10577222274136622
2.73,3.034494400073049,-0.30449440007304895
2.49,2.7649794704513124,-0.2749794704513122
3.258,3.10270095744088,0.15529904255912008
2.804,2.9298947373430555,-0.12589473734305567
3.446,3.4844907856323437,-0.03849078563234354
3.021,3.1812072431760052,-0.16020724317600532
2.813,2.8646333405504674,-0.0516333405504672
3.423,2.8737300707784006,0.5492699292215995
3.445,2.6385377261642553,0.8064622738357445
2.841,2.849056694827751,-0.008056694827750732
2.736,2.654014494443156,0.08198550555684436
3.413,2.7716196094354046,0.6413803905645952
3.247,3.4967167565236883,-0.2497167565236884
3.081,2.731113947682171,0.3498860523178289
1.375,2.782435654143745,-1.407435654143745
2.929,2.386030792767492,0.5429692072325079
3.19,2.92531879059256,0.2646812094074398
3.068,2.8088633057659145,0.2591366942340856
3.179,2.6538702298860914,0.5251297701139084
2.427,2.3764757091660327,0.05052429083396737
2.53,2.2623437903794796,0.26765620962052017
2.425,2.11024930431413,0.3147506956858699
2.125,1.8631284422729444,0.2618715577270556
1.442,2.4554822493899584,-1.0134822493899585
2.75,1.8598393175681662,0.8901606824318338
2.285,2.722366194007408,-0.43736619400740784
2.291,2.264297317643172,0.02670268235682771
2.242,2.727186055715381,-0.48518605571538087
2.154,2.847895346342208,-0.6938953463422082
3.184,2.33600645742893,0.8479935425710701
2.651,2.336386564403084,0.3146134355969159
2.731,2.126868029120967,0.6041319708790329
3.364,3.279376010632729,0.08462398936727089
3.474,2.821697961074192,0.6523020389258081
4.12,2.5651914288474664,1.5548085711525337
4.051,3.2495110545747155,0.8014889454252847
4.669,3.326317210969596,1.3426827890304036
4.5,3.428774079815393,1.0712259201846068
4.224,3.21124816798747,1.0127518320125302
3.693,2.375521572124692,1.317478427875308
4.203,3.5151125800921617,0.6878874199078386
3.871,2.8308457384424095,1.0401542615575905
3.409,2.7884661441433405,0.6205338558566593
5.00001,3.3473688103763317,1.652641189623668
5.00001,3.3453126752670372,1.6546973247329624
4.577,2.2931001432241267,2.2838998567758733
4.592,2.835632946892909,1.7563670531070907
5.00001,4.0667472554209985,0.9332627445790012
5.00001,3.397822849337212,1.6021871506627878
5.00001,3.2409757833729484,1.7590342166270512
4.5,3.5325184015359516,0.9674815984640484
3.5,2.9323930865005066,0.5676069134994934
3.538,2.492428727332193,1.0455712726678068
3.781,3.350557202654488,0.43044279734551205
5.0,3.4121922286402357,1.5878077713597643
5.0,2.7898044875275527,2.2101955124724473
5.00001,4.4247404965916095,0.5752695034083901
5.00001,3.6190041404707127,1.381005859529287
3.742,3.1778116910179497,0.5641883089820503
4.34,2.685861008083418,1.6541389919165819
5.00001,2.8826814566794914,2.1173285433205082
5.00001,2.800744806712349,2.199265193287651
3.864,3.3190024408552965,0.5449975591447034
3.599,2.9501777904187496,0.6488222095812506
3.722,2.776103186459801,0.945896813540199
4.108,2.7083759732394403,1.3996240267605593
3.506,2.471009440951684,1.0349905590483157
3.45,2.4235154823796208,1.0264845176203794
3.75,2.155197741051055,1.594802258948945
4.338,2.798156384482024,1.539843615517976
5.00001,3.045168886767263,1.9548411132327366
5.00001,5.8170700935469215,-0.8170600935469219
5.00001,5.1200600236295415,-0.12005002362954187
5.00001,6.933710183789266,-1.9337001837892664
5.00001,5.438938384997924,-0.43892838499792397
5.00001,5.932270637241741,-0.9322606372417415
5.00001,6.173748418185992,-1.1737384181859927
5.00001,4.786086586705927,0.21392341329407305
5.00001,6.900201757092656,-1.9001917570926565
5.00001,3.88759330015432,1.1124166998456797
5.00001,4.381451157795566,0.6185588422044335
5.00001,5.2061998605966915,-0.20618986059669187
3.0,2.620272525604984,0.3797274743950161
3.184,2.345068431100911,0.8389315688990893
2.9,2.386661674331203,0.5133383256687969
2.879,2.417281327517779,0.46171867248222087
2.854,2.3617094228819373,0.4922905771180628
2.73,2.45756374285261,0.27243625714738995
2.583,2.673153653795612,-0.0901536537956118
2.673,2.720219317547987,-0.04721931754798714
2.331,2.168150570630236,0.16284942936976377
2.379,2.390673942745271,-0.011673942745270782
2.348,2.2855208635992756,0.06247913640072422
2.563,2.4563865182422746,0.10661348175772556
2.926,2.543756629752013,0.38224337024798727
2.5,2.3159114435689965,0.18408855643100352
2.833,2.4562007886342214,0.37679921136577876
2.375,2.3880252916025815,-0.013025291602581479
5.00001,2.456325985140746,2.5436840148592537
5.00001,3.175415023605021,1.8245949763949785
4.15,2.307409067708225,1.8425909322917753
5.00001,5.031650993894473,-0.03164099389447372
5.00001,2.8984705871049905,2.101539412895009
5.00001,4.752653900479682,0.24735609952031723
5.00001,3.671087979580875,1.3289220204191246
3.569,2.7270268952272203,0.8419731047727796
2.964,2.4123381247222797,0.5516618752777203
3.697,2.9754668295802436,0.7215331704197565
3.971,2.8300946039275257,1.1409053960724744
5.00001,3.2602329584171517,1.739777041582848
4.072,2.9955914073310312,1.0764085926689688
4.646,3.7291898670786967,0.9168101329213032
4.13,3.492436809095241,0.6375631909047588
4.531,3.9313517515397205,0.5996482484602792
4.112,3.5969969682053744,0.5150030317946257
4.585,2.564483305381307,2.020516694618693
4.808,3.286340428528005,1.5216595714719947
3.766,3.076277928325273,0.6897220716747272
3.842,3.3788966341981728,0.4631033658018273
3.768,3.089507447942145,0.6784925520578549
4.572,3.598811642008213,0.9731883579917873
3.791,3.340182970065362,0.4508170299346381
3.405,2.271591616929005,1.1334083830709947
3.378,2.8798661340606975,0.49813386593930264
3.682,3.1006189927354333,0.5813810072645667
3.969,3.272247022111725,0.6967529778882748
3.882,2.867468860027178,1.014531139972822
3.617,2.7839219778547637,0.8330780221452363
3.871,3.2712260924531864,0.5997739075468136
3.541,2.5681587159334596,0.9728412840665404
3.938,2.7880715421368296,1.1499284578631706
3.854,2.6403819579226733,1.2136180420773268
3.528,2.343199404676007,1.1848005953239928
3.428,2.54208349675167,0.88591650324833
2.729,2.198788086570057,0.5302119134299432
3.097,2.749776362492992,0.34722363750700813
3.16,2.8974206080895715,0.26257939191042867
3.301,2.9364940443030374,0.36450595569696276
2.929,2.4229680970334027,0.5060319029665972
2.737,2.5839496384772636,0.15305036152273654
2.711,2.858478586151969,-0.14747858615196918
2.709,2.9326809371571496,-0.22368093715714954
2.718,2.842067766974762,-0.12406776697476207
2.761,2.8437733457731516,-0.08277334577315143
3.394,3.01945643132912,0.37454356867088023
2.82,3.1131280207421548,-0.29312802074215494
2.894,3.266632120235592,-0.372632120235592
2.748,3.1764291002066947,-0.42842910020669445
3.058,2.8463927469391113,0.21160725306088857
4.438,3.148532352128546,1.2894676478714535
5.00001,2.891615784024891,2.1083942159751086
3.382,3.463053126194967,-0.08105312619496674
3.76,3.630041669871236,0.12995833012876368
4.833,3.9406926593894127,0.8923073406105875
3.757,3.1128193316314423,0.6441806683685578
2.921,2.9157214538408223,0.005278546159177555
3.222,3.0980493945278287,0.1239506054721713
3.278,2.997518014685198,0.2804819853148022
5.00001,4.241092219795368,0.7589177802046319
4.173,3.637716986809055,0.535283013190945
4.388,3.1438235329150603,1.2441764670849396
4.197,3.618393231755136,0.5786067682448639
5.00001,4.294724229137513,0.7052857708624867
3.91,3.090818354766994,0.8191816452330061
4.04,3.384004613118453,0.6559953868815471
4.303,3.009568007385433,1.293431992614567
2.701,2.708994907062536,-0.007994907062535805
2.932,2.569802200740801,0.3621977992591989
2.932,3.0010056208583475,-0.0690056208583476
2.942,3.0245226312406652,-0.08252263124066506
2.981,3.014375793372812,-0.03337579337281227
2.824,3.022598284363836,-0.1985982843638361
3.106,2.24178590125309,0.8642140987469098
4.38,2.773884496502034,1.606115503497966
3.109,3.013928859817071,0.09507114018292917
2.674,2.397567286297405,0.27643271370259503
2.867,2.413675487715265,0.4533245122847349
3.881,3.075738536112569,0.8052614638874309
3.978,2.587760889391598,1.3902391106084022
4.352,2.612266691819236,1.7397333081807642
3.979,3.0987185678843017,0.8802814321156984
3.868,3.7098588044195075,0.15814119558049233
4.17,3.0573377360073986,1.1126622639926014
3.91,3.0522720473552147,0.8577279526447854
3.822,4.152834761217342,-0.3308347612173419
4.358,3.8910810434973833,0.4669189565026164
4.192,4.236006266482738,-0.044006266482737644
4.912,2.647297232222459,2.264702767777541
3.397,2.5459078253116134,0.8510921746883864
4.148,3.258243972607042,0.8897560273929579
4.264,3.3877258016020413,0.876274198397959
2.563,2.241183825158591,0.321816174841409
2.581,3.3035389897025147,-0.7225389897025147
2.894,2.9325855930490716,-0.0385855930490715
2.538,3.0545147168498326,-0.5165147168498327
3.649,2.8119962894091097,0.8370037105908903
3.238,2.110668298391503,1.127331701608497
3.415,2.336743096855607,1.0782569031443932
3.605,2.6197292231345193,0.9852707768654807
3.45,3.0203975083929326,0.42960249160706754
3.496,2.678245753280707,0.8177542467192929
3.955,2.8602434399230674,1.0947565600769327
3.947,3.4700097475862317,0.47699025241376836
3.748,3.2163458235758213,0.5316541764241789
4.05,3.3240385141715505,0.7259614858284493
4.313,3.8909159707699654,0.4220840292300343
5.00001,3.4316112390456888,1.5683987609543109
4.572,3.614295145784078,0.9577048542159221
5.00001,4.243568188056345,0.7564418119436542
4.513,3.084975473032499,1.428024526967501
5.00001,3.774121726123678,1.2258882738763215
4.959,3.687989478214201,1.2710105217857985
5.00001,3.6007834879822824,1.3992265120177172
5.00001,3.6222391848138606,1.377770815186139
3.141,3.0149221458786606,0.12607785412133943
4.403,2.924475343771436,1.4785246562285637
3.088,3.470920747868224,-0.3829207478682237
3.05,3.2312073347230603,-0.1812073347230605
3.832,3.2654606923212395,0.5665393076787604
5.00001,3.818659396025403,1.1813506039745967
3.621,2.937706266956843,0.6832937330431572
3.619,2.4731111746232215,1.1458888253767787
3.627,3.5326141879267445,0.09438581207325525
4.276,2.3913355723348646,1.8846644276651352
2.656,2.59447730357671,0.061522696423290224
2.472,2.1113405030981616,0.3606594969018384
2.417,1.8301881866789098,0.58681181332109
2.25,1.9586698369741506,0.29133016302584935
2.295,2.3303088814623596,-0.035308881462359665
2.5,2.1741437900200573,0.3258562099799427
5.00001,2.0470112144212456,2.952998785578754
4.359,3.4064892009119863,0.9525107990880137
4.225,3.780890120644825,0.44410987935517454
3.118,3.271102243615076,-0.15310224361507618
3.66,2.4924854090721027,1.1675145909278974
0.875,2.0475924581381895,-1.1725924581381895
2.653,2.6708250238588596,-0.017825023858859534
2.375,2.2238979789651045,0.15110202103489545
2.181,2.2279685704075542,-0.0469685704075542
2.7,1.7458908032929386,0.9541091967070616
2.336,3.139405433779321,-0.803405433779321
2.635,2.307492983887264,0.3275070161127358
2.67,2.7029656144508465,-0.03296561445084656
2.869,2.815086333042388,0.05391366695761235
3.123,2.9439822055545495,0.17901779444545074
2.782,2.630018314243368,0.15198168575663207
3.208,2.3174131834189455,0.8905868165810547
2.328,2.191896021801405,0.13610397819859488
2.028,2.3241005085744915,-0.29610050857449144
2.11,2.2632020240530575,-0.1532020240530576
2.553,2.342321349098149,0.21067865090185078
3.228,2.264664776725208,0.9633352232747923
1.667,2.0916654022214343,-0.42466540222143423
2.728,2.2690950210071588,0.45890497899284144
2.677,2.3724388877120908,0.3045611122879093
2.766,2.5062857185723453,0.25971428142765474
2.984,2.172580461458038,0.811419538541962
3.186,2.8559835205711965,0.3300164794288034
3.031,2.572095656981722,0.4589043430182782
3.637,2.565516955454771,1.071483044545229
3.338,2.7246032020346584,0.6133967979653416
4.433,3.66582130635123,0.7671786936487699
3.435,3.377983842763557,0.05701615723644293
4.96,3.11677825716518,1.84322174283482
3.436,3.2020669900082686,0.2339330099917314
3.427,2.687461761222314,0.7395382387776861
3.951,2.9267283716559263,1.0242716283440738
4.699,3.9634419344501692,0.7355580655498306
4.093,3.2061432583987264,0.8868567416012736
5.00001,4.804853192506972,0.19515680749302788
5.00001,6.9042746330276055,-1.9042646330276058
5.00001,6.945631457775044,-1.9456214577750446
5.00001,5.3419252096475995,-0.3419152096475999
5.00001,7.016349443692079,-2.016339443692079
5.00001,6.957476388821278,-1.9574663888212784
5.00001,4.874099477276115,0.1259105227238848
5.00001,6.24578909685059,-1.2457790968505904
3.417,3.122261836664395,0.29473816333560476
3.527,3.303689282272596,0.2233107177274043
1.626,1.9751152465963289,-0.349115246596329
1.573,1.8517292482845438,-0.2787292482845438
5.00001,7.177013089903162,-2.1770030899031623
1.489,2.5010708488193565,-1.0120708488193564
1.606,2.4249099821750706,-0.8189099821750705
1.594,2.423421542270615,-0.8294215422706148
1.734,2.9172720828726617,-1.1832720828726617
1.594,1.9181422160401609,-0.3241422160401608
1.596,2.4633009498223615,-0.8673009498223614
1.557,1.7910154790404604,-0.2340154790404605
1.856,2.2926982459769554,-0.4366982459769553
1.667,2.8814363408261383,-1.2144363408261383
1.566,2.1577615148869844,-0.5917615148869844
1.455,2.0138483975118837,-0.5588483975118836
1.515,2.102062591651329,-0.587062591651329
3.086,2.5250916561607295,0.5609083438392704
1.89,2.0362461417227844,-0.1462461417227845
3.264,3.2301926832497645,0.033807316750235294
3.796,3.3304332775982965,0.46556672240170327
4.178,3.4945970425407045,0.6834029574592955
4.125,4.278064647146785,-0.1530646471467847
4.102,2.700001722099154,1.4019982779008462
5.00001,4.795732965608424,0.20427703439157519
5.00001,2.6680507346338596,2.33195926536614
5.00001,2.7664781557987004,2.2335318442012992
5.00001,3.156075634726889,1.8439343652731108
4.602,2.872366375550013,1.7296336244499875
3.943,2.697510908117415,1.2454890918825852
4.646,2.9690988460049788,1.6769011539950212
5.00001,4.326973730731732,0.6730362692682679
5.00001,4.642963001699587,0.35704699830041253
5.00001,4.54052466495114,0.4594853350488597
5.00001,3.855777183571752,1.1442328164282478
5.00001,2.7643153182895888,2.235694681710411
4.445,3.1039790668188205,1.3410209331811798
4.728,3.6601717127190643,1.0678282872809355
5.00001,3.0612772833482724,1.9387327166517272
5.00001,4.4547448467735835,0.5452651532264161
5.00001,3.131705995794424,1.8683040042055756
5.00001,3.7930508410835513,1.2069591589164483
5.00001,4.569405164329095,0.4306048356709047
5.00001,4.715259710364797,0.28475028963520277
5.00001,5.696153303788308,-0.6961433037883085
5.00001,4.277225547946722,0.7227844520532773
5.00001,4.861901883822302,0.13810811617769758
5.00001,5.401372280190305,-0.4013622801903054
5.00001,6.261296736625757,-1.261286736625757
5.00001,4.260265544753867,0.7397444552461323
3.5,3.3028226013040687,0.19717739869593132
5.00001,4.505348274345728,0.4946617256542716
5.00001,7.0285453387990176,-2.028535338799018
5.00001,4.962295120848231,0.03771487915176852
5.00001,3.562918564199725,1.4370914358002747
5.00001,4.003039092339243,0.9969709076607565
5.00001,7.134417488592411,-2.1344074885924114
5.00001,5.137632782243134,-0.13762278224313462
5.00001,4.037474344959129,0.9625356550408704
5.00001,5.197817367832538,-0.19780736783253872
4.113,3.0985767986769237,1.0144232013230767
3.346,2.8145953948408784,0.5314046051591217
3.192,2.4287291819845915,0.7632708180154086
3.185,2.787916047323856,0.39708395267614405
3.643,3.490658230573142,0.15234176942685762
3.451,3.1952308060073067,0.2557691939926934
3.311,3.373911783612834,-0.0629117836128339
3.68,3.3163747871960134,0.36362521280398674
3.558,3.8107111441538914,-0.2527111441538916
3.718,4.235268312414902,-0.5172683124149025
5.0,2.9266707752746814,2.0733292247253186
3.543,2.8098255626108255,0.7331744373891746
5.00001,3.855918185058102,1.1440918149418975
4.563,4.333462214474725,0.2295377855252747
5.00001,3.705127399019131,1.2948826009808685
2.777,3.279914022023168,-0.5029140220231678
3.194,3.1599285105525956,0.034071489447404346
2.861,2.555137500704621,0.3058624992953791
2.953,2.065370194807911,0.887629805192089
4.5,2.6238640457213602,1.8761359542786398
3.487,3.3257038871967333,0.16129611280326683
3.95,2.6990679236875366,1.2509320763124636
3.273,1.944231819002016,1.328768180997984
2.909,2.212709497613545,0.696290502386455
2.638,3.201089131066633,-0.5630891310666333
5.00001,4.075954679464907,0.9240553205350928
4.384,3.3692809569736677,1.0147190430263326
5.00001,3.521297016415141,1.4787129835848587
3.575,2.46334621261196,1.11165378738804
3.404,3.079116670314853,0.324883329685147
2.945,2.513162116652701,0.43183788334729867
2.795,2.2121063605799,0.5828936394200999
2.75,2.2153458682326965,0.5346541317673035
3.574,2.821137258735617,0.7528627412643827
3.206,2.2869224336252767,0.9190775663747233
2.438,2.2700200655753675,0.16797993442463266
2.55,2.0177696134902776,0.5322303865097222
2.67,2.5201328741622753,0.14986712583772466
2.792,2.4157056679808604,0.3762943320191394
5.00001,3.7689493449429836,1.231060655057016
4.43,2.9160525872803857,1.513947412719614
4.184,3.2786433533039205,0.9053566466960796
4.586,2.7225613041334875,1.8634386958665128
3.206,2.441713070712503,0.764286929287497
3.0,2.274673140171446,0.725326859828554
5.00001,4.145885530400699,0.8541244695993004
3.818,3.3998945858524543,0.41810541414754576
3.844,3.316825826470219,0.5271741735297808
3.76,3.2551870011431103,0.5048129988568895
2.938,3.0988711946996457,-0.1608711946996455
2.899,2.7539589331545424,0.1450410668454576
3.511,3.17569247971998,0.3353075202800202
4.156,3.810204719099177,0.3457952809008229
3.53,2.21383636893437,1.31616363106563
3.831,3.4270122097802744,0.40398779021972553
5.00001,3.7733687939770046,1.226641206022995
4.436,2.8888750099528044,1.5471249900471955
3.188,2.256534734143623,0.9314652658563771
2.806,2.4579339507191342,0.3480660492808658
3.877,3.482974994609349,0.39402500539065066
5.00001,4.511519811005424,0.4884901889945752
5.00001,2.9632576127178183,2.0367523872821813
5.00001,3.556452371055851,1.4435576289441485
5.00001,2.553789659216397,2.4462203407836025
4.638,3.1484278660710574,1.4895721339289425
2.281,2.1820367562586767,0.09896324374132348
2.36,2.347381121834328,0.012618878165671976
2.512,2.6881513615538433,-0.17615136155384326
3.643,2.5501056399605577,1.092894360039442
2.368,2.295818336866164,0.0721816631338359
2.414,2.168990667477546,0.24500933252245405
2.467,2.0264718773840347,0.4405281226159654
2.326,2.1756579529129105,0.15034204708708954
2.938,2.4563786566229258,0.4816213433770744
3.5,2.0325044794559624,1.4674955205440376
3.625,2.681699471708151,0.9433005282918492
2.536,1.5576582342239844,0.9783417657760156
2.583,2.5233528570316475,0.05964714296835272
2.375,2.134809000482778,0.240190999517222
2.469,2.5749808753537176,-0.1059808753537177
2.591,2.1329333889587385,0.4580666110412617
2.583,2.332723346534533,0.250276653465467
2.479,2.433594484306565,0.045405515693435206
2.265,2.299326607949846,-0.034326607949845656
2.647,2.7249098297204566,-0.07790982972045679
2.5,2.198012135635911,0.3019878643640892
2.601,2.3906286991880483,0.21037130081195166
2.61,2.9575855921053806,-0.34758559210538076
2.529,3.026189198636822,-0.4971891986368222
2.308,2.2380604743331354,0.06993952566686445
2.318,2.31928619590464,-0.001286195904639964
3.352,2.7889174534941734,0.5630825465058265
3.64,2.712309558589709,0.9276904414102911
3.364,3.1084295576690106,0.25557044233098924
3.268,2.8548295927841956,0.4131704072158042
3.125,2.410392299960257,0.714607700039743
3.418,2.788275936010554,0.6297240639894461
3.951,2.7078066734355137,1.2431933265644863
2.55,2.581441396498049,-0.03144139649804911
2.265,2.136424857612357,0.12857514238764312
2.361,2.2343191817680124,0.12668081823198785
2.813,2.3289217202208583,0.48407827977914186
5.0,2.45145925999695,2.54854074000305
2.832,2.545069866953827,0.28693013304617265
3.404,3.062467662717011,0.34153233728298904
5.00001,3.815462766197599,1.1845472338024008
2.61,2.1334381476605238,0.4765618523394761
4.139,3.111943633615122,1.0270563663848784
3.928,3.1188567485132723,0.8091432514867276
3.353,3.16659556224176,0.18640443775824034
3.462,3.339263084774578,0.1227369152254223
3.5,2.7901948646326127,0.7098051353673873
3.35,2.4151120542393802,0.9348879457606198
3.294,3.1437364740153506,0.15026352598464943
3.226,3.3155085002934883,-0.08950850029348834
5.00001,4.5820625890301825,0.41794741096981713
5.00001,3.385829786846775,1.6141802131532246
5.00001,3.609610200616529,1.3903997993834705
5.00001,2.8608133264086666,2.139196673591333
5.00001,3.062567256652099,1.9374427433479005
5.00001,4.840248411037176,0.15976158896282389
5.00001,4.4958055349381985,0.5042044650618012
2.974,2.485269762387458,0.4887302376125424
2.797,2.800423936853636,-0.003423936853635734
3.013,3.0030771141821293,0.009922885817870597
3.143,1.7147513736339184,1.4282486263660814
2.5,2.101228247502257,0.3987717524977432
3.46,2.340711853446713,1.119288146553287
2.51,2.3383725823623585,0.17162741763764133
3.0,2.3791570447539847,0.6208429552460153
2.487,2.175195631624748,0.31180436837525205
5.00001,3.3492121029259043,1.6507978970740953
5.00001,1.940821375519656,3.0591886244803437
4.25,3.252009822770133,0.9979901772298669
5.00001,2.734295168158892,2.2657148318411076
3.35,2.7772458489533296,0.5727541510466705
5.00001,5.604637064180564,-0.6046270641805647
2.306,2.4932721959250492,-0.18727219592504918
0.621,2.0325942468361786,-1.4115942468361786
4.0,2.506621191007637,1.4933788089923632
2.308,2.3997859077012285,-0.09178590770122863
2.264,2.297681220974471,-0.03368122097447124
2.279,2.853902689946893,-0.5749026899468932
2.152,2.7245630152232403,-0.5725630152232402
3.949,3.1358858659668636,0.8131141340331363
2.909,3.197073746865453,-0.2880737468654533
2.431,2.3357720692402877,0.09522793075971236
5.00001,2.262259092693002,2.7377509073069977
3.098,2.014048763570144,1.083951236429856
2.598,2.7717742305837962,-0.17377423058379637
5.00001,3.490067572515793,1.5099424274842068
2.894,3.159483982391693,-0.265483982391693
3.75,2.6980864234610067,1.0519135765389933
2.723,2.7779816235790546,-0.054981623579054784
3.67,3.0955562629794104,0.5744437370205895
4.4,3.3384240409616854,1.061575959038315
0.844,2.2455273833494145,-1.4015273833494146
3.902,3.1561753864901294,0.7458246135098707
2.929,2.7930942751653234,0.13590572483467644
2.268,2.9964390762335884,-0.7284390762335886
1.5,2.0600250058321494,-0.5600250058321494
1.201,2.194515479248617,-0.9935154792486167
2.697,3.1845540567805513,-0.4875540567805512
2.751,3.554996190565914,-0.8039961905659143
3.287,3.9193933016691114,-0.6323933016691115
1.94,2.95322832332989,-1.0132283233298902
1.148,2.119508231971391,-0.9715082319713912
2.75,1.8285787072684991,0.9214212927315009
1.579,3.003718270957199,-1.424718270957199
1.58,2.818924248468006,-1.238924248468006
1.681,2.695126765958077,-1.014126765958077
1.415,2.567034873455857,-1.152034873455857
3.268,2.7922233780014594,0.4757766219985404
3.412,2.5298815316375944,0.8821184683624055
2.127,2.124429217068413,0.002570782931586635
1.447,2.5013423740245213,-1.0543423740245212
1.64,2.7356297684094733,-1.0956297684094733
1.655,2.4061080778768056,-0.7511080778768056
1.625,3.0157028382325173,-1.3907028382325173
1.58,3.1758425555690293,-1.5958425555690292
1.582,2.975948972988765,-1.3939489729887649
1.586,2.9871914289030728,-1.4011914289030727
1.957,2.887663748169619,-0.9306637481696189
1.93,2.867815819951265,-0.937815819951265
1.577,2.641384751711006,-1.0643847517110059
2.017,2.8533357363853638,-0.8363357363853638
1.996,2.8591930108950154,-0.8631930108950154
1.589,3.1490172868070965,-1.5600172868070965
1.936,2.9428371588094846,-1.0068371588094847
1.315,2.0278527599374425,-0.7128527599374426
1.467,2.4562260218428507,-0.9892260218428506
1.361,2.2842533988921185,-0.9232533988921185
1.818,2.6803449503618575,-0.8623449503618574
1.337,2.2329017059442067,-0.8959017059442067
1.865,2.136118142644316,-0.2711181426443161
2.183,2.2842789014820264,-0.10127890148202656
1.286,2.5100876135167516,-1.2240876135167515
1.301,2.725318739462348,-1.424318739462348
1.607,2.8215707377200765,-1.2145707377200765
1.629,2.9062553011569268,-1.2772553011569268
1.369,2.0377570819215762,-0.6687570819215762
1.514,2.537848158596464,-1.0238481585964638
1.32,1.9459675957032785,-0.6259675957032784
1.308,1.5746487999419865,-0.2666487999419864
1.398,2.6573433748591055,-1.2593433748591056
1.483,2.655876761014802,-1.1728767610148019
1.498,2.7320136815218055,-1.2340136815218055
2.268,2.504404677839702,-0.23640467783970243
1.525,2.7755612803761904,-1.2505612803761905
1.901,2.6714881752658153,-0.7704881752658153
2.61,2.8408989828941777,-0.23089898289417787
1.373,2.153736001165396,-0.7807360011653961
1.103,1.779994586728745,-0.676994586728745
1.137,2.644961489726963,-1.5079614897269629
1.293,2.304932896021825,-1.0119328960218252
1.313,2.451306573856595,-1.138306573856595
1.083,2.3070494826712316,-1.2240494826712316
1.125,2.503478120980496,-1.3784781209804962
1.176,2.73884002185551,-1.56284002185551
1.292,2.0464353638746964,-0.7544353638746963
1.133,2.1766726738512747,-1.0436726738512747
1.042,2.419744307587984,-1.377744307587984
1.214,2.267598730058366,-1.0535987300583662
0.902,2.0219975590714467,-1.1199975590714466
1.472,2.3484250476904664,-0.8764250476904665
1.094,1.8179177577402776,-0.7239177577402776
0.875,1.9652320722972152,-1.0902320722972152
0.675,2.024000419200714,-1.3490004192007141
1.064,2.2482482352177553,-1.1842482352177552
0.985,2.1062330219400356,-1.1212330219400357
1.227,1.9287708604857152,-0.7017708604857151
1.625,2.1095133971314235,-0.4845133971314235
1.206,2.6415595180606397,-1.4355595180606397
1.155,2.190277865464346,-1.035277865464346
0.978,1.9221799942527453,-0.9441799942527453
0.832,2.2149777097723504,-1.3829777097723506
0.891,2.2412896231229635,-1.3502896231229635
0.861,1.993282111522127,-1.132282111522127
0.738,2.195344520310412,-1.457344520310412
0.283,2.2767667725828695,-1.9937667725828696
1.364,2.9109622694587007,-1.5469622694587006
1.188,2.0838601094950184,-0.8958601094950185
1.175,1.9627668931486197,-0.7877668931486197
1.294,2.1397085722965246,-0.8457085722965245
1.204,2.4172443438744664,-1.2132443438744664
1.281,2.349685432351788,-1.0686854323517883
0.833,1.6279481617882974,-0.7949481617882974
1.634,2.8434538146390764,-1.2094538146390765
1.346,2.7995721768241184,-1.4535721768241183
1.354,2.5727335138409906,-1.2187335138409905
1.115,2.269437238223356,-1.154437238223356
1.033,2.0702134878468614,-1.0372134878468615
1.093,2.2741208876804455,-1.1811208876804455
1.302,2.222693794860269,-0.9206937948602691
1.507,2.815612792501934,-1.3086127925019342
1.347,2.4969014452416927,-1.1499014452416927
1.34,2.106184824958736,-0.7661848249587357
1.353,2.1316043152120514,-0.7786043152120514
1.316,2.473056955359834,-1.157056955359834
0.875,2.1859867119267196,-1.3109867119267196
1.466,2.6830043935192727,-1.2170043935192727
1.48,2.303184660928813,-0.8231846609288129
1.38,2.5708921121367037,-1.1908921121367038
1.125,2.566241153260533,-1.441241153260533
1.5,2.859729632265511,-1.3597296322655108
1.724,3.086288815467362,-1.3622888154673618
1.424,2.973536974577261,-1.549536974577261
1.983,2.8600089089972913,-0.8770089089972912
1.352,2.3729267359732753,-1.0209267359732752
1.666,2.9262465902160457,-1.2602465902160458
2.393,2.376761180014552,0.01623881998544796
1.726,2.6739062569230203,-0.9479062569230203
1.344,2.976771331405183,-1.632771331405183
1.801,3.110242253220452,-1.3092422532204522
1.422,2.753532289432724,-1.331532289432724
2.231,3.2830999714512226,-1.0520999714512227
2.493,3.675973602137337,-1.182973602137337
2.072,3.0118802065552623,-0.9398802065552623
1.527,2.923147567680525,-1.396147567680525
1.838,3.349117845303807,-1.511117845303807
2.906,3.005331285063516,-0.09933128506351574
1.258,2.678718322192574,-1.4207183221925739
1.283,2.696468907685271,-1.413468907685271
3.074,3.3560828639112636,-0.2820828639112638
2.25,1.7821819559171148,0.4678180440828852
2.167,2.0290327207737766,0.1379672792262232
0.375,1.9401628551295067,-1.5651628551295067
2.295,2.4873749764138533,-0.19237497641385337
2.825,2.8611685317051654,-0.03616853170516521
2.231,2.619619341107735,-0.3886193411077352
3.122,2.553059823296624,0.5689401767033759
2.688,3.601990463852387,-0.9139904638523868
2.809,3.213092346348423,-0.4040923463484227
2.743,2.7189531070090953,0.024046892990904567
3.312,3.4932475334049657,-0.1812475334049659
2.768,3.5163719958033823,-0.7483719958033825
4.322,3.963327004828843,0.3586729951711569
3.844,3.7379611942260214,0.1060388057739785
3.482,3.4615911868385743,0.020408813161425954
2.614,3.320120841177328,-0.7061208411773281
2.683,3.27634494503953,-0.5933449450395303
2.712,3.054624910816949,-0.3426249108169488
4.026,3.369303658735722,0.6566963412642779
4.25,2.6693920166382803,1.5806079833617197
3.167,1.8389441400570266,1.3280558599429733
3.25,1.77738539296781,1.47261460703219
1.875,2.001843833058865,-0.12684383305886504
3.34,3.6080707040705695,-0.26807070407056965
2.889,2.9218850550872117,-0.032885055087211956
3.338,3.672624935564383,-0.3346249355643831
1.984,2.3983805278457306,-0.41438052784573065
2.954,3.0873454278102277,-0.1333454278102275
2.063,2.457552596233427,-0.39455259623342664
1.125,2.2592293720528946,-1.1342293720528946
1.5,2.6606621658255247,-1.1606621658255247
2.282,2.319232413775759,-0.03723241377575892
2.6,2.242382068749173,0.35761793125082697
2.05,2.2931871961716004,-0.24318719617160056
3.425,3.0547514477005,0.3702485522994996
5.00001,4.93122697193491,0.06878302806508962
5.00001,4.8479230513847895,0.1520869486152101
2.802,2.9983151082644257,-0.19631510826442566
2.715,2.9095723448844097,-0.1945723448844099
2.764,3.3063752416958447,-0.542375241695845
2.718,2.7855160390628697,-0.06751603906286974
3.534,2.9783107414154384,0.5556892585845614
2.762,3.033870368669744,-0.2718703686697439
1.825,2.1370727344899563,-0.3120727344899563
1.861,2.068248979820727,-0.20724897982072688
2.107,2.3726071599788408,-0.26560715997884055
1.819,2.2658122930046343,-0.4468122930046343
2.375,2.2154155379189087,0.15958446208109134
2.271,2.159487753901566,0.11151224609843391
1.853,2.386236738009221,-0.5332367380092211
2.458,2.481464011757643,-0.02346401175764301
2.125,2.1948053813820154,-0.06980538138201542
2.042,2.327489518721888,-0.2854895187218882
2.392,2.4878964479335144,-0.09589644793351448
3.913,2.7914102795471,1.1215897204528997
2.958,3.2045156279427376,-0.2465156279427374
3.011,2.9509097907454604,0.06009020925453967
2.922,2.3894642235552777,0.5325357764447225
4.21,3.086808679822082,1.1231913201779178
3.305,2.5336060747650992,0.7713939252349009
2.409,2.1185141187168655,0.29048588128313435
1.875,2.1877826518416863,-0.3127826518416863
3.306,2.8866046825970684,0.4193953174029317
2.995,3.1387192551717558,-0.14371925517175566
2.0,2.5282669064234327,-0.5282669064234327
2.095,2.2795998459246944,-0.18459984592469425
2.0,1.4825246819751694,0.5174753180248306
1.667,2.566255877613358,-0.8992558776133579
1.625,2.0535048627706756,-0.42850486277067557
2.125,1.6453069421503592,0.4796930578496408
2.25,1.9470082653726977,0.30299173462730233
1.875,1.8888959654328457,-0.013895965432845658
1.775,2.112465192283027,-0.3374651922830272
1.906,2.036665003571935,-0.130665003571935
3.5,1.301965248542214,2.198034751457786
2.042,1.7584822780035478,0.283517721996452
1.889,1.9432749509243694,-0.0542749509243694
1.99,2.5794179027533777,-0.5894179027533777
1.93,2.3928760089988916,-0.4628760089988917
1.831,2.2909453510335207,-0.45994535103352074
1.708,2.2110699042670867,-0.5030699042670868
1.938,1.9309282481217824,0.007071751878217514
1.935,2.631559978334242,-0.6965599783342418
1.745,2.2524949222769695,-0.5074949222769694
1.944,2.0212220775089738,-0.07722207750897381
1.835,2.194694242279109,-0.35969424227910896
3.259,1.9855252116110533,1.2734747883889466
3.09,3.603650879198455,-0.5136508791984551
2.891,1.8509012246944159,1.0400987753055841
3.029,2.1476846936983183,0.8813153063016816
1.537,2.089526488523268,-0.5525264885232679
1.741,1.9529737853368079,-0.21197378533680777
1.837,2.008441129115832,-0.1714411291158322
1.773,1.9377947791540109,-0.16479477915401097
1.852,2.137608154220792,-0.2856081542207918
1.75,2.044040472852957,-0.2940404728529571
2.136,1.6020726496064484,0.5339273503935518
2.703,2.0921643066475952,0.6108356933524046
2.059,2.268907390486671,-0.20990739048667084
1.925,1.932326688488232,-0.007326688488231925
1.725,2.0901592419475943,-0.3651592419475942
1.693,1.9764077987451267,-0.28340779874512667
1.725,2.1089948587016223,-0.3839948587016222
1.849,1.7838351233724787,0.06516487662752124
1.848,2.3404721861273767,-0.49247218612737664
2.236,2.814588283264262,-0.5785882832642617
2.811,3.4377573898266935,-0.6267573898266936
2.206,2.6102454302519438,-0.4042454302519438
1.808,2.1869347287023415,-0.37893472870234146
2.163,1.9034196197277904,0.2595803802722094
1.675,2.2724794277497726,-0.5974794277497726
2.5,1.9384237076405704,0.5615762923594296
2.258,2.9500839212794405,-0.6920839212794405
1.847,2.3381640486294786,-0.4911640486294786
1.926,2.4780656414068245,-0.5520656414068246
1.656,1.953071374715262,-0.297071374715262
1.984,1.91188427176716,0.07211572823283996
2.113,2.7180077638850264,-0.6050077638850264
2.464,2.894101082154702,-0.4301010821547022
2.805,2.427712656288697,0.37728734371130335
2.93,2.689311402708073,0.24068859729192704
2.333,1.7861664018814252,0.546833598118575
2.298,2.1271183882320193,0.17088161176798078
2.411,2.945270048885985,-0.5342700488859848
2.479,2.1088923668661743,0.3701076331338258
2.925,2.8366701818457867,0.08832981815421315
2.528,2.06491761171669,0.46308238828330994
2.139,2.4260548049931336,-0.28705480499313385
2.342,2.487750608740804,-0.14575060874080403
3.101,2.5342788397016633,0.5667211602983366
3.458,2.374013661103467,1.0839863388965334
3.326,2.4040712599318446,0.9219287400681555
3.4,2.8817997592453426,0.5182002407546573
3.459,2.707889594651517,0.751110405348483
3.276,2.7036821376634497,0.5723178623365501
3.447,2.317715601263549,1.1292843987364511
2.65,2.354764522382914,0.2952354776170858
2.352,2.2084691826866183,0.14353081731338158
2.628,2.5956977174974982,0.03230228250250189
2.833,3.328878953964219,-0.495878953964219
2.848,2.6678299373374763,0.18017006266252356
2.474,2.5036524160282982,-0.029652416028298045
2.966,3.052174881443734,-0.08617488144373375
3.12,3.304500898360769,-0.18450089836076877
2.47,2.7187810026839054,-0.24878100268390524
2.741,2.615808912577249,0.1251910874227513
2.823,3.144801349713286,-0.3218013497132861
3.316,2.95385011925277,0.36214988074722987
2.866,2.010355890044022,0.855644109955978
4.246,3.833602504398498,0.4123974956015024
2.833,3.5201300885204883,-0.6871300885204881
3.446,2.7911540106589254,0.6548459893410747
3.205,3.071685510589068,0.13331448941093216
4.269,3.873145563935518,0.39585443606448223
3.514,2.8641405599944316,0.6498594400055682
2.882,2.4788399449014484,0.4031600550985517
3.467,3.455503665433561,0.01149633456643917
3.762,3.052093281645826,0.7099067183541741
2.14,2.480033146512732,-0.34003314651273175
2.4,2.3927356595246385,0.007264340475361397
3.275,2.7780968564810014,0.49690314351899856
2.781,2.91623873613967,-0.13523873613966986
2.119,2.4532657597905034,-0.3342657597905032
2.369,2.4815934046556336,-0.11259340465563339
2.38,2.945894809335798,-0.565894809335798
2.642,2.6373737822449765,0.004626217755023365
2.487,2.8813966165340057,-0.3943966165340056
2.647,3.0875764196498423,-0.4405764196498425
3.328,2.8738164105453414,0.4541835894546584
2.913,1.8905499952332505,1.0224500047667493
2.307,2.7197442011428725,-0.4127442011428726
2.585,2.841925860635039,-0.2569258606350391
2.405,2.799813883851452,-0.3948138838514521
3.088,2.545760017980132,0.542239982019868
2.535,2.6452665133037128,-0.11026651330371262
2.551,3.35099590720772,-0.7999959072077196
2.81,2.5376030101068965,0.27239698989310357
3.97,3.8420231460821297,0.1279768539178705
2.821,3.0011952068112064,-0.18019520681120627
2.32,2.8841769628370617,-0.5641769628370619
3.373,3.28825560478443,0.0847443952155702
3.2,2.925909807437706,0.2740901925622943
2.556,2.848018711572056,-0.29201871157205606
2.404,3.151685804326634,-0.7476858043266339
2.5,2.645669142264567,-0.14566914226456706
2.636,2.8848894257559925,-0.24888942575599238
2.833,3.3920964034000134,-0.5590964034000132
2.672,2.803049000300051,-0.13104900030005107
2.611,2.9941785841564927,-0.38317858415649253
2.552,2.345065401261043,0.20693459873895703
3.165,3.1824053563782573,-0.017405356378257242
2.317,2.996432708969145,-0.679432708969145
2.186,2.4169782798253707,-0.23097827982537078
2.047,2.3294338437546833,-0.28243384375468317
2.259,2.437277515602096,-0.17827751560209615
2.403,1.991275022836009,0.41172497716399103
2.645,2.830234265459755,-0.18523426545975497
2.348,2.6759975581045836,-0.32799755810458375
2.688,2.5436221420385747,0.14437785796142544
3.654,3.2446438574659884,0.40935614253401154
3.029,2.9589574960213065,0.07004250397869338
3.131,2.4686367961126248,0.662363203887375
2.819,2.4162901212548755,0.4027098787451244
2.674,3.0928599953400777,-0.4188599953400778
2.89,2.9387754670997257,-0.04877546709972558
2.633,3.0672156861966853,-0.43421568619668527
2.409,2.870922639470064,-0.4619226394700644
1.849,2.0426402239646873,-0.19364022396468727
1.758,2.0185794048938828,-0.26057940489388276
1.776,2.0369157185155675,-0.2609157185155675
1.642,2.374356583612632,-0.7323565836126322
1.125,1.8090143935344938,-0.6840143935344938
2.159,1.7401235136751712,0.41887648632482866
1.524,2.188241601247329,-0.6642416012473289
1.125,2.1120806255993037,-0.9870806255993037
1.911,1.8905526816649108,0.020447318335089282
1.734,2.4858059359132643,-0.7518059359132643
1.728,1.7802020276923067,-0.05220202769230675
1.926,2.2639854435509803,-0.33798544355098037
1.279,1.903917293906632,-0.6249172939066321
1.881,2.5820845507826977,-0.7010845507826977
1.763,2.448364266027733,-0.685364266027733
2.128,2.816757805217508,-0.6887578052175081
2.28,1.791755797410907,0.48824420258909274
2.496,2.3971553721620764,0.09884462783792358
1.784,2.327061396752629,-0.543061396752629
0.875,1.6733091714749562,-0.7983091714749562
1.858,2.0134056719134654,-0.15540567191346533
1.786,1.8730512387159859,-0.08705123871598586
1.919,2.666022301089273,-0.7470223010892729
1.604,2.3784790740821227,-0.7744790740821226
1.661,2.3593769991979974,-0.6983769991979973
2.327,2.8679945705967578,-0.5409945705967578
2.358,2.3724971678263844,-0.014497167826384327
2.531,3.163897256761661,-0.6328972567616606
2.17,2.9832872379632507,-0.8132872379632508
1.764,2.801452428646316,-1.037452428646316
1.235,2.601581604381642,-1.366581604381642
1.152,2.1634535271386564,-1.0114535271386564
1.786,2.4409744753907,-0.6549744753906999
1.831,2.127795244564089,-0.2967952445640889
1.795,2.431092890918333,-0.636092890918333
1.91,2.41426572992477,-0.5042657299247699
2.228,2.6784276880062814,-0.4504276880062812
1.653,1.910619851387225,-0.257619851387225
1.775,2.167590995720236,-0.39259099572023626
2.194,2.8964975266237394,-0.7024975266237394
1.397,1.9022011236532754,-0.5052011236532754
2.125,2.4774166446937738,-0.35241664469377376
1.649,2.389186278791579,-0.7401862787915792
2.314,1.9176841178367758,0.3963158821632242
1.758,2.4699338485222655,-0.7119338485222655
1.81,2.6721934453230354,-0.8621934453230353
3.43,3.331602257712052,0.09839774228794829
2.314,2.795468388200622,-0.4814683882006219
2.639,2.9020304417444693,-0.26303044174446955
2.624,2.553791812893144,0.07020818710685628
2.233,2.8702582206385254,-0.6372582206385253
3.384,3.5723123725605124,-0.18831237256051248
5.00001,3.695094495253762,1.3049155047462375
3.553,3.4133655175572106,0.1396344824427893
3.484,3.5212174177271347,-0.037217417727134716
3.782,3.2205099866674978,0.5614900133325023
2.778,3.2817352069052346,-0.5037352069052345
2.31,2.8700129027730132,-0.5600129027730132
2.837,3.2307351836497498,-0.3937351836497496
3.595,3.1080211346283675,0.4869788653716327
2.242,2.985701316317365,-0.7437013163173649
2.174,2.6385957554448143,-0.46459575544481435
2.276,2.5594730253914424,-0.2834730253914426
2.419,2.800901444110681,-0.38190144411068117
2.413,3.0806649074438632,-0.6676649074438634
2.862,2.7458815694993444,0.11611843050065573
1.865,2.6271398646728077,-0.7621398646728077
2.099,3.0301282461294585,-0.9311282461294583
1.645,2.498325101890016,-0.8533251018900159
2.356,2.4960387084973052,-0.14003870849730538
2.356,2.845032360344658,-0.489032360344658
2.32,2.657408540296285,-0.337408540296285
2.357,2.6738766975044648,-0.31687669750446457
2.715,3.2009792181673076,-0.4859792181673077
2.419,2.954163702966359,-0.5351637029663592
2.41,2.6479916843653397,-0.23799168436533957
3.627,3.1580640165776033,0.4689359834223965
2.922,3.0245303485049897,-0.10253034850498954
3.026,3.156883987169768,-0.130883987169768
2.779,3.431948835688832,-0.6529488356888322
3.355,2.937699391900508,0.4173006080994921
1.337,1.7380228738019983,-0.4010228738019983
2.947,2.7896103577101123,0.15738964228988772
2.21,2.413733539039851,-0.20373353903985114
1.65,2.410231515070049,-0.7602315150700489
1.601,2.453587414894894,-0.8525874148948942
1.636,2.2291904046994397,-0.5931904046994398
1.79,2.063786153841156,-0.2737861538411561
1.824,2.180716665151252,-0.3567166651512521
1.953,2.632325053867844,-0.6793250538678441
1.726,2.527800677546024,-0.8018006775460242
1.855,2.4821536272618747,-0.6271536272618747
1.928,2.8008665675567843,-0.8728665675567844
2.407,2.614936847831509,-0.20793684783150912
1.629,2.476706643360605,-0.8477066433606049
1.736,2.607803336484068,-0.8718033364840678
1.934,2.3439572683735843,-0.40995726837358437
1.825,2.324962618536331,-0.49996261853633084
1.945,2.3778602010792538,-0.4328602010792537
1.821,1.9230142084384216,-0.10201420843842168
1.533,2.0906044756258844,-0.5576044756258844
1.375,1.8994791947908178,-0.5244791947908178
1.64,1.6460425793866889,-0.006042579386688951
1.601,1.8978118940157933,-0.29681189401579333
1.822,1.8168129922376848,0.005187007762315288
2.103,2.0453615596960675,0.057638440303932725
1.401,1.687337541204733,-0.28633754120473287
1.596,2.076529827154439,-0.4805298271544389
1.286,2.369355853426372,-1.0833558534263719
2.059,2.3617906863629856,-0.30279068636298545
1.568,2.67008570410435,-1.1020857041043501
2.018,2.297196371169909,-0.27919637116990925
2.865,2.716876082053077,0.14812391794692337
2.299,2.939166985544995,-0.6401669855449952
2.099,2.5124243510992943,-0.4134243510992941
1.958,2.93260665349269,-0.97460665349269
1.848,2.115503960087852,-0.2675039600878517
2.091,2.5594923798940226,-0.46849237989402237
1.824,2.153120700073264,-0.3291207000732641
1.875,2.3877860531310278,-0.5127860531310278
2.148,2.457231403835786,-0.30923140383578573
1.963,2.446382474104611,-0.4833824741046109
1.717,2.06103108898609,-0.3440310889860898
1.838,2.431711125093851,-0.5937111250938507
1.786,2.368600382377881,-0.5826003823778811
2.152,2.591934027125771,-0.439934027125771
2.131,2.74903156170733,-0.6180315617073302
1.676,2.4364637776180476,-0.7604637776180476
1.615,2.3070488193020373,-0.6920488193020373
1.679,2.350477944664404,-0.6714779446644041
4.565,3.6171500260849223,0.9478499739150781
2.862,3.1760298485090726,-0.31402984850907245
3.308,2.968139124662766,0.33986087533723364
4.167,5.712652767926834,-1.5456527679268346
3.209,3.4493935728521916,-0.24039357285219154
3.28,3.577477243866732,-0.29747724386673235
3.256,2.666641591906608,0.5893584080933918
3.741,3.545046787178922,0.19595321282107792
2.597,2.6400306510625455,-0.043030651062545555
2.468,3.097402505153977,-0.6294025051539771
1.635,2.5718528574508457,-0.9368528574508457
2.691,2.7948348949554287,-0.10383489495542886
2.739,3.476870915017552,-0.737870915017552
2.737,3.3172569180796123,-0.5802569180796122
3.516,3.3663464549910893,0.1496535450089107
2.684,3.1786400547159,-0.4946400547158998
2.298,2.277965353394184,0.020034646605815887
2.581,2.827669709163682,-0.24666970916368225
2.766,2.9469016252864,-0.18090162528639997
3.294,2.9337031878645567,0.3602968121354433
3.207,3.4135891507091993,-0.20658915070919948
2.885,3.3695986754083473,-0.48459867540834756
3.483,2.8117634024936513,0.6712365975063488
1.5,2.1550804404284176,-0.6550804404284176
5.00001,1.7427718481147374,3.2572381518852622
1.875,1.4918878853640813,0.38311211463591865
3.337,2.1404153729051334,1.1965846270948668
3.356,3.316175582159459,0.03982441784054069
1.811,3.0455558770849755,-1.2345558770849756
4.25,2.6291670331694066,1.6208329668305934
2.574,2.850973516261129,-0.2769735162611293
2.714,2.964606113254901,-0.2506061132549009
2.727,3.0238960916593216,-0.29689609165932174
2.678,2.896193424664703,-0.21819342466470326
2.585,3.353403844654958,-0.7684038446549581
2.653,3.3132280875205806,-0.6602280875205806
2.432,2.9320488216004543,-0.5000488216004544
1.789,2.8980320160125825,-1.1090320160125826
1.991,2.958471705838205,-0.967471705838205
2.669,3.0986710383821237,-0.4296710383821236
2.67,3.6406233582526792,-0.9706233582526793
2.636,3.242792196042139,-0.606792196042139
2.994,3.253664389783019,-0.25966438978301865
2.655,2.70814887381018,-0.05314887381018041
4.41,4.013103121576417,0.39689687842358357
4.228,3.65621405886583,0.5717859411341699
2.458,2.117545298982983,0.34045470101701714
2.041,3.0529230491500225,-1.0119230491500226
2.542,3.136687751272091,-0.5946877512720912
3.679,3.3634762609339353,0.31552373906606457
2.645,3.2291744535058378,-0.5841744535058377
2.487,2.929181829599562,-0.4421818295995621
2.269,2.477847573216425,-0.208847573216425
2.648,3.276179900937175,-0.6281799009371749
2.611,2.9382375227069795,-0.32723752270697926
1.869,2.7524998659515783,-0.8834998659515783
1.44,2.6055226183658284,-1.1655226183658285
2.264,2.9958463188397424,-0.7318463188397426
2.379,2.921918548564975,-0.542918548564975
5.00001,4.569939485023671,0.43007051497632887
5.00001,4.893276196720213,0.10673380327978688
2.544,2.5750828443354585,-0.031082844335458493
3.112,3.2838089509478983,-0.17180895094789816
5.00001,7.045464326655711,-2.0454543266557117
2.207,2.3209136402269857,-0.1139136402269858
2.268,2.9710171709238025,-0.7030171709238027
2.762,3.2789684645792403,-0.5169684645792403
3.205,2.76437762536252,0.44062237463748
1.741,2.416855323958454,-0.6758553239584537
2.287,3.017255973360251,-0.7302559733602512
2.25,3.967462539605213,-1.7174625396052128
2.522,2.0155933454569164,0.5064066545430834
2.258,2.5674753277752966,-0.3094753277752966
2.551,2.777788630832884,-0.2267886308328837
2.125,2.8167308764976204,-0.6917308764976204
2.249,2.702537607044508,-0.45353760704450785
2.25,1.9544496286958233,0.2955503713041767
1.58,2.0950010625492927,-0.5150010625492927
1.125,2.577944696782155,-1.452944696782155
2.267,2.1912442227094746,0.0757557772905253
2.353,3.007136147568601,-0.6541361475686007
2.307,2.832527896833627,-0.5255278968336272
2.268,2.61934177547376,-0.35134177547376
1.375,2.486423963079932,-1.111423963079932
0.813,1.8676081192041174,-1.0546081192041175
2.324,2.1555733294410135,0.1684266705589863
2.369,3.290271035321057,-0.9212710353210567
0.475,2.09342132534256,-1.6184213253425601
2.298,3.206643829533733,-0.9086438295337329
2.38,2.8278990780843403,-0.4478990780843404
2.555,3.091907594054032,-0.536907594054032
2.193,2.5972001260903306,-0.4042001260903305
2.641,2.9012131222440507,-0.2602131222440507
0.875,2.1443690338786636,-1.2693690338786636
1.375,2.5553038226548512,-1.1803038226548512
1.125,2.5773674266104756,-1.4523674266104756
0.675,2.2044197427158303,-1.5294197427158303
1.997,2.235379651189325,-0.23837965118932503
1.375,2.030015575392335,-0.6550155753923348
2.083,2.263796576387961,-0.18079657638796087
2.086,2.3351081289100106,-0.24910812891001077
2.356,1.9938720338188263,0.3621279661811736
2.341,2.1545121453574003,0.18648785464259987
2.185,2.2895601497680427,-0.10456014976804262
2.154,2.771824567959584,-0.617824567959584
2.521,2.7257111931569646,-0.20471119315696473
2.175,2.9744369911094513,-0.7994369911094514
2.375,2.699690084561496,-0.32469008456149595
2.545,3.227677049540017,-0.682677049540017
2.712,3.271026370485255,-0.5590263704852547
2.699,2.5962918292421575,0.10270817075784233
2.645,2.5725912023159383,0.07240879768406172
2.614,2.3424300141073706,0.27156998589262926
2.583,3.355736202667354,-0.7727362026673537
2.476,2.675133585730769,-0.199133585730769
2.427,2.679002105070939,-0.2520021050709391
2.872,3.1294338298541327,-0.25743382985413277
2.819,4.0883875605532705,-1.2693875605532705
2.546,2.925778296729193,-0.37977829672919317
2.983,2.716809953792101,0.2661900462078992
2.703,2.898269955373933,-0.195269955373933
2.618,2.22277735749414,0.39522264250586003
2.822,3.0829213167625156,-0.2609213167625155
2.611,2.3902757905108305,0.2207242094891697
2.389,2.71624517943038,-0.32724517943038034
1.984,2.760937282583151,-0.7769372825831509
2.122,2.5990417679108164,-0.47704176791081654
2.4,2.703706680330234,-0.30370668033023396
2.871,2.7168910663976975,0.1541089336023025
2.387,2.9410145154966036,-0.5540145154966036
3.074,2.6933120177562753,0.3806879822437246
2.629,2.5236278669494654,0.10537213305053461
2.513,2.433748518568578,0.07925148143142202
2.661,2.40659000721773,0.25440999278227006
2.871,2.416367856458308,0.454632143541692
2.799,2.9410924239156433,-0.14209242391564336
2.444,2.293483499269097,0.15051650073090306
2.316,2.3694270813274727,-0.05342708132747287
2.44,1.7855178530238272,0.6544821469761728
2.355,2.5259644964971266,-0.17096449649712664
2.379,2.351247962354549,0.0277520376454512
2.361,2.8176806980528535,-0.4566806980528533
2.865,2.1448224063537396,0.7201775936462607
2.293,2.3018575679373607,-0.008857567937360589
2.5,2.47264992677359,0.027350073226410032
2.576,2.3299133102723055,0.24608668972769454
2.511,2.7738317260459495,-0.2628317260459494
2.461,2.9527215531559508,-0.4917215531559509
2.561,2.156206402071512,0.4047935979284878
2.759,1.8529639532025524,0.9060360467974475
2.947,2.7382298784504355,0.20877012154956454
2.883,2.6219135200805264,0.26108647991947365
2.769,2.4589344033194864,0.3100655966805137
2.554,2.762616286061191,-0.20861628606119131
2.541,3.2284870560981074,-0.6874870560981075
2.883,2.9709434118120224,-0.08794341181202237
2.526,2.2590852223975757,0.2669147776024241
2.478,2.391902575977454,0.08609742402254605
3.305,3.409528046871828,-0.10452804687182793
3.024,3.28973881388754,-0.26573881388753984
3.156,2.9729934409861993,0.1830065590138008
3.021,2.8320553095333407,0.18894469046665918
2.876,2.870103580024689,0.005896419975310874
2.943,3.267227320205575,-0.324227320205575
3.139,2.7475803579791553,0.39141964202084445
2.858,2.4967431175814694,0.3612568824185307
3.359,3.3761347489607467,-0.017134748960746737
3.42,2.912536148372709,0.5074638516272909
3.552,3.0470595118569026,0.5049404881430974
2.798,2.5972992969635276,0.20070070303647247
2.177,2.665313482174554,-0.48831348217455384
2.889,3.2077638805329354,-0.3187638805329356
2.883,3.2211408408460565,-0.33814084084605645
3.396,3.0457771119721526,0.3502228880278473
2.375,2.421854741441632,-0.04685474144163182
2.277,2.2960994863091306,-0.019099486309130498
2.632,2.7159459244844673,-0.08394592448446714
2.819,1.887367625731034,0.9316323742689661
2.646,2.352277200620713,0.293722799379287
3.655,3.6007888865892057,0.0542111134107941
2.909,2.958605270806177,-0.04960527080617716
2.675,2.4327000776054,0.24229992239459985
3.149,2.4072545954307043,0.7417454045692957
2.773,2.0888788032627224,0.6841211967372778
2.705,2.205451459224849,0.4995485407751512
3.07,2.437169505592284,0.6328304944077159
3.295,2.308926971074228,0.9860730289257718
3.325,3.3755837836673686,-0.050583783667368376
2.93,2.371257519857277,0.558742480142723
2.625,2.230713294057079,0.39428670594292115
2.675,2.290254755894498,0.3847452441055017
2.273,2.582149463501251,-0.30914946350125083
2.125,2.3773775042157057,-0.2523775042157057
2.141,2.5562199281171267,-0.4152199281171267
1.813,1.3716089378666756,0.44139106213332435
2.625,2.6598829681455713,-0.03488296814557135
2.343,2.677550921023256,-0.334550921023256
2.6,2.2605008918760587,0.33949910812394135
2.429,2.122071183912839,0.3069288160871606
2.832,2.7617413332554004,0.07025866674459946
2.83,3.934224957002477,-1.1042249570024771
2.649,2.239343108432882,0.40965689156711793
2.804,3.0257948047817322,-0.2217948047817324
2.961,3.3780342941121955,-0.4170342941121956
2.773,2.7865847216538486,-0.013584721653848497
2.691,2.306843548028556,0.38415645197144377
2.726,3.1190532341256447,-0.39305323412564475
2.75,3.1169338582831947,-0.3669338582831947
2.735,2.9711603499162464,-0.23616034991624657
3.441,3.453423196207164,-0.012423196207164366
3.034,2.4300115094925863,0.6039884905074135
2.75,2.9036564464992707,-0.15365644649927068
2.83,2.870789922265758,-0.04078992226575773
3.003,2.9432652346452355,0.05973476535476463
2.653,2.2889972761218687,0.3640027238781314
2.78,3.1454126804389064,-0.3654126804389066
2.694,2.931806797181299,-0.23780679718129916
2.989,3.0091450382125684,-0.020145038212568522
2.739,2.4906326578570335,0.2483673421429664
2.691,2.9365718967851224,-0.2455718967851226
2.868,3.068482241115727,-0.200482241115727
2.551,2.708662217962833,-0.15766221796283286
3.333,1.6159389299365388,1.7170610700634614
3.32,2.932971294610378,0.38702870538962175
4.135,3.347858325708562,0.7871416742914379
4.054,3.3310554024965287,0.7229445975034716
4.309,3.0974044644596708,1.2115955355403294
3.719,3.3659722419408666,0.3530277580591332
2.682,3.1416351551296184,-0.4596351551296185
2.526,2.721224422054825,-0.19522442205482538
2.342,2.66137632848984,-0.3193763284898399
2.432,2.7187447363024475,-0.28674473630244757
2.601,3.3328894810026473,-0.7318894810026473
2.453,2.7036718974092726,-0.25067189740927276
2.746,2.7122635310758865,0.03373646892411353
2.72,2.7270769697655517,-0.0070769697655515
2.794,3.2981377302128707,-0.5041377302128707
2.905,2.9742076009246095,-0.06920760092460965
3.638,3.730559480640251,-0.09255948064025121
3.359,3.210786581722376,0.1482134182776238
2.812,2.9552718068758015,-0.14327180687580165
2.718,3.213133489416154,-0.49513348941615387
4.05,3.665959417539135,0.38404058246086503
5.00001,4.383921940764653,0.6160880592353468
4.764,4.0017673000478045,0.7622326999521958
4.459,2.6501964319184976,1.808803568081502
5.00001,3.1587567085124473,1.8412532914875523
5.00001,4.334915170105985,0.6650948298940147
5.00001,4.758717768091017,0.2412922319089823
4.361,2.747708728505512,1.6132912714944876
3.963,2.29602982269265,1.6669701773073502
5.00001,4.520444443269482,0.4795655567305177
3.393,2.5895878874619465,0.8034121125380533
3.678,3.34661387152214,0.3313861284778601
3.407,2.744955595767639,0.6620444042323612
3.478,3.8311597067540974,-0.35315970675409725
4.425,4.028821501425454,0.396178498574546
5.00001,6.872017047802811,-1.8720070478028115
5.00001,5.039001346115056,-0.03899134611505595
4.964,3.869054981917684,1.0949450180823166
5.00001,5.254788220311501,-0.25477822031150144
5.00001,4.266661007118028,0.7333489928819716
4.158,3.1777093446393545,0.9802906553606459
5.00001,4.30989440550192,0.6901155944980797
5.00001,4.85466360608955,0.14534639391045
5.00001,4.047558031072127,0.952451968927873
5.00001,4.893786619724274,0.10622338027572553
5.00001,3.919162641545177,1.0808473584548226
5.00001,3.7764854834789245,1.223524516521075
5.00001,4.012500106249124,0.9875098937508753
5.00001,5.333684922182044,-0.33367492218204475
5.00001,5.123613314483951,-0.12360331448395101
5.00001,4.967676231369059,0.03233376863094062
5.00001,4.134639163302218,0.8653708366977817
5.00001,4.925175103538592,0.0748348964614074
5.00001,3.7722459184404453,1.2277640815595543
5.00001,4.377843519223076,0.622166480776924
3.461,3.2017525964702784,0.2592474035297214
5.00001,4.203931814539025,0.7960781854609742
3.359,3.0588917111880716,0.3001082888119284
5.00001,4.000543458130293,0.9994665418697064
5.00001,4.739508901176949,0.2605010988230507
5.00001,4.446715309983713,0.553294690016287
5.00001,5.060265804311003,-0.0602558043110033
5.00001,5.0043835387123,-0.0043735387123007285
5.00001,5.60216263751242,-0.60215263751242
5.00001,5.095153991767603,-0.09514399176760335
5.00001,3.922364481465857,1.0776455185341427
4.988,4.099920929017305,0.8880790709826956
3.808,3.398440111940899,0.4095598880591007
4.555,4.045777973766773,0.5092220262332265
5.00001,4.455094588381976,0.5449154116180237
5.00001,4.9428341417022414,0.057175858297758175
4.2,3.957868599935204,0.24213140006479605
5.00001,3.626541811144667,1.3734681888553326
5.00001,3.7441474115918756,1.255862588408124
4.853,3.7932153473826107,1.059784652617389
3.689,3.91281523507753,-0.22381523507752998
3.962,2.8498939848011795,1.1121060151988207
2.883,2.8457337139606937,0.03726628603930626
4.163,2.8774169117638007,1.2855830882361996
4.747,3.9082496645693396,0.8387503354306602
4.364,3.464990564359746,0.899009435640254
3.512,2.7613750386662352,0.7506249613337648
4.314,3.085623504178349,1.2283764958216512
3.938,3.3682880194159126,0.5697119805840876
3.551,2.903517791343045,0.6474822086569549
4.17,3.217679676549117,0.9523203234508828
3.459,3.6539284384457784,-0.19492843844577834
4.091,3.0103201792607903,1.0806798207392099
4.113,3.471749090279496,0.6412509097205046
3.806,3.957814782365675,-0.1518147823656748
3.32,3.2934499232858023,0.026550076714197512
3.727,3.9633577892270333,-0.23635778922703343
4.007,3.7046528129741807,0.302347187025819
2.757,2.314134227736169,0.44286577226383095
3.263,3.2459602044894162,0.017039795510583655
3.353,3.1026301775963496,0.2503698224036506
3.414,3.3122467595305047,0.10175324046949541
3.325,3.2653386177377643,0.05966138226223583
3.546,3.460703048091771,0.08529695190822872
3.419,3.372916995513439,0.04608300448656122
3.483,3.4105363717617734,0.07246362823822672
3.401,3.4250304483452187,-0.024030448345218947
4.048,3.0855621036202203,0.9624378963797797
2.445,2.864994747326444,-0.41999474732644426
3.327,3.5269744533109977,-0.19997445331099772
2.84,2.7735811650248356,0.06641883497516421
2.422,2.866490950454663,-0.444490950454663
3.736,3.727085918205412,0.008914081794588302
4.123,3.7912926467645733,0.3317073532354269
2.312,2.931081809654219,-0.6190818096542192
3.606,3.3429107296913316,0.26308927030866824
3.387,3.1931785201838445,0.1938214798161555
3.657,4.042173944432095,-0.3851739444320952
3.544,2.5589574451137094,0.9850425548862907
3.5,3.297949346058638,0.2020506539413618
3.447,3.0934509053026207,0.3535490946973794
4.518,3.216895386355219,1.3011046136447808
3.521,2.9848555570716258,0.5361444429283742
2.895,2.964103181697699,-0.0691031816976988
3.33,2.8646615803031503,0.46533841969684975
3.431,3.171157990674894,0.2598420093251059
3.515,2.9596891168465755,0.5553108831534246
3.442,3.386560424635513,0.05543957536448696
3.881,3.809083034041636,0.07191696595836383
4.239,4.03702372557924,0.20197627442076005
4.165,3.4510336739069785,0.7139663260930216
4.514,3.5138426679396684,1.0001573320603319
4.316,3.7857191168327007,0.5302808831672992
4.326,3.820947766173041,0.5050522338269587
2.929,3.6820368557031617,-0.7530368557031619
3.701,3.08316751907442,0.6178324809255802
4.473,3.873364206111999,0.5996357938880008
3.424,2.4416534829610046,0.9823465170389953
2.25,2.2130834275399454,0.03691657246005464
2.715,2.4051012665402625,0.3098987334597374
2.914,3.203929347915245,-0.28992934791524494
3.169,2.4965769193686675,0.6724230806313325
4.097,2.4280470863180974,1.668952913681903
3.818,4.115420719587165,-0.2974207195871652
3.275,3.386084119888574,-0.11108411988857414
3.227,2.9617678960575513,0.26523210394244856
4.301,2.8660742040306,1.4349257959694
4.119,3.302904865545029,0.816095134454971
3.83,3.4653842839900673,0.3646157160099328
4.068,3.8244552550535826,0.24354474494641698
4.03,3.4574461694111687,0.5725538305888316
3.447,3.4864847057811112,-0.039484705781111185
3.674,2.7479223082141937,0.9260776917858062
3.622,3.179536838376503,0.44246316162349686
2.284,2.9696634069601866,-0.6856634069601868
3.114,2.3778556953810503,0.7361443046189495
5.00001,2.430802041378512,2.5692079586214875
2.438,2.4749177925993666,-0.03691779259936645
3.78,2.7050814481038774,1.0749185518961224
2.536,2.6515028423643354,-0.11550284236433539
3.352,2.9622489426059557,0.38975105739404414
3.49,3.3941483517622677,0.09585164823773251
3.463,3.6019574138031096,-0.13895741380310955
3.236,2.69225675962403,0.5437432403759703
3.683,3.5421331710225195,0.14086682897748037
4.112,4.081309239458806,0.03069076054119435
3.37,2.317949673656323,1.052050326343677
2.394,2.438706153437018,-0.04470615343701789
2.56,1.962384514205225,0.5976154857947751
2.848,2.86809139527953,-0.0200913952795303
3.25,2.466384255990696,0.7836157440093041
2.528,2.546530996572738,-0.018530996572737823
3.116,2.8826643029995433,0.23333569700045675
2.736,2.6092539515435758,0.12674604845642445
2.524,2.5238046450716123,0.0001953549283877365
2.246,2.715846534361779,-0.4698465343617788
2.304,2.8458668552243456,-0.5418668552243457
3.277,2.5180530972681754,0.7589469027318247
1.673,2.5062232162296865,-0.8332232162296864
3.609,3.687749065694428,-0.07874906569442786
1.781,2.3197183034344953,-0.5387183034344953
2.327,2.760712635258984,-0.43371263525898396
2.544,2.2573691828697133,0.2866308171302867
2.222,2.5005760856045174,-0.2785760856045174
2.526,3.161796445715649,-0.6357964457156493
2.394,3.2284145665121127,-0.8344145665121125
2.502,2.6024092458179386,-0.10040924581793886
2.61,2.7148808099696877,-0.10488080996968785
2.495,2.4672285607033477,0.027771439296652378
2.397,2.8585299786762386,-0.4615299786762388
2.801,2.6811369271731755,0.11986307282682462
4.5,2.37763783852726,2.12236216147274
3.642,2.4550987966790885,1.1869012033209114
3.365,3.028484349567611,0.3365156504323892
2.708,2.68069436624742,0.027305633752580327
3.242,2.359748959976059,0.8822510400239412
3.5,2.7135127875313643,0.7864872124686357
2.674,2.620790139604857,0.05320986039514297
3.75,2.3793258016323384,1.3706741983676616
0.4,2.3510375641401455,-1.9510375641401456
5.00001,2.5381694249524647,2.461840575047535
4.7,3.179411007746342,1.520588992253658
5.00001,3.3293185439675335,1.6706914560324662
2.625,2.921625963365482,-0.2966259633654822
2.893,2.757275517296594,0.13572448270340587
2.846,3.2408839819120896,-0.3948839819120895
2.625,2.3371444034356252,0.28785559656437476
3.223,3.16647097168534,0.05652902831465978
1.922,2.7601596123906567,-0.8381596123906567
2.77,2.5546357070500036,0.21536429294999637
3.087,3.202662074473639,-0.11566207447363874
2.889,2.772281408652759,0.11671859134724061
2.647,3.118465493018886,-0.4714654930188864
3.433,3.1527008890090205,0.28029911099097937
2.841,1.8860902961842192,0.954909703815781
2.667,2.606349148794772,0.06065085120522795
2.74,2.4200525080885007,0.3199474919114995
1.972,2.344967084621121,-0.3729670846211208
2.906,2.2153603367800603,0.6906396632199399
2.298,2.44344979900331,-0.1454497990033099
3.519,2.4112413214331103,1.1077586785668898
1.827,2.3401173247976255,-0.5131173247976255
1.656,2.464867396935732,-0.8088673969357323
2.935,2.71285431658782,0.22214568341218
2.76,2.4521964943178185,0.3078035056821813
2.664,2.539856607461746,0.12414339253825402
1.75,2.7072725135283346,-0.9572725135283346
1.813,2.339566104367832,-0.5265661043678322
3.167,2.1760734722390382,0.9909265277609616
3.277,2.6254058636905597,0.6515941363094404
2.613,2.506644987521524,0.10635501247847579
2.75,2.4406095044949034,0.30939049550509656
3.071,2.2877421351174956,0.7832578648825046
3.343,2.3377626514198946,1.0052373485801054
3.4,2.722093488303308,0.6779065116966918
3.525,2.433821832625234,1.0911781673747658
3.303,2.9885473318238045,0.31445266817619544
2.802,2.7936414232622964,0.008358576737703682
3.424,2.8726902225803963,0.5513097774196036
3.531,2.462523840631679,1.0684761593683212
3.545,3.010504421367494,0.5344955786325061
3.656,2.1952780127455718,1.4607219872544284
3.59,3.1774711649270797,0.41252883507292015
4.147,3.4427139651068575,0.7042860348931428
4.072,3.3694920117135094,0.7025079882864906
3.536,2.3568697823819753,1.1791302176180247
3.667,2.921338096321799,0.7456619036782008
3.734,2.896741110522212,0.8372588894777881
3.839,3.6640131482622254,0.17498685173777462
4.65,3.679791056637858,0.9702089433621421
5.00001,3.5033969738036213,1.4966130261963784
4.421,2.9757234051716446,1.4452765948283557
3.429,2.395663014953084,1.0333369850469158
4.575,2.72892483700257,1.8460751629974301
4.735,3.9791476097150205,0.7558523902849799
5.00001,3.6402908833563643,1.3597191166436353
5.00001,3.5421282251582644,1.4578817748417352
5.00001,4.805898344965512,0.19411165503448746
5.00001,4.566006372634567,0.4340036273654322
5.00001,2.8431560234282456,2.156853976571754
5.00001,3.8836736400937477,1.116336359906252
5.00001,3.991696970741967,1.0083130292580327
5.00001,4.34716975354408,0.65284024645592
5.00001,3.046053474149195,1.9539565258508045
5.00001,3.856281938268096,1.1437280617319034
5.00001,4.853452431340495,0.14655756865950487
5.00001,4.2572692939063925,0.7427407060936071
5.00001,3.9916470699295816,1.008362930070418
5.00001,4.857424900217117,0.1425850997828828
5.00001,4.9808870779779815,0.01912292202201815
5.00001,5.842626211274885,-0.8426162112748852
5.00001,5.020832106413073,-0.020822106413073804
5.00001,3.9123079406321333,1.0877020593678663
5.00001,4.249482896864796,0.7505271031352034
5.00001,4.24129746620936,0.7587125337906393
5.00001,4.904324321632851,0.0956856783671487
5.00001,3.987740831546454,1.0122691684535456
5.00001,2.8938287102368143,2.1061812897631853
5.00001,4.016284488834445,0.983725511165555
5.00001,4.311545802846815,0.6884641971531842
5.00001,2.8252429837736854,2.174767016226314
5.00001,3.4448015995209667,1.555208400479033
5.00001,3.887980129833347,1.1120298701666527
5.00001,3.733865474317506,1.2661445256824937
5.00001,4.444536454785984,0.5554735452140154
5.00001,4.30941664121881,0.6905933587811894
5.00001,5.033857371826343,-0.033847371826343675
4.612,2.9700287996475723,1.6419712003524278
4.409,3.1227396218799988,1.286260378120001
4.371,3.5419848106561584,0.829015189343842
2.65,2.7228773382983653,-0.0728773382983654
3.141,2.474130790161001,0.6668692098389992
3.609,3.154840775785663,0.4541592242143371
4.513,3.7769197687332303,0.7360802312667696
4.637,3.7548516973535664,0.8821483026464332
4.178,3.5782781827895005,0.5997218172104994
4.438,3.753449704912276,0.6845502950877238
4.329,3.3389761841272523,0.9900238158727475
3.621,3.1349332269479424,0.4860667730520576
3.731,3.0765870849546784,0.6544129150453215
4.384,3.0670639924715397,1.3169360075284606
4.319,2.829620509018949,1.489379490981051
4.255,3.5173561377810647,0.7376438622189352
4.063,3.179232078774446,0.8837679212255538
3.974,3.5784423425947054,0.3955576574052948
3.734,2.898629130458987,0.8353708695410131
3.766,3.145259794227066,0.6207402057729339
3.981,3.0989035035251176,0.8820964964748823
5.00001,3.5220479325547087,1.477962067445291
5.00001,4.082266960991208,0.9177430390087915
5.00001,3.6198810334740883,1.3801289665259113
5.00001,4.648771652057901,0.3512383479420986
4.466,3.24838856613768,1.21761143386232
5.00001,5.004861570360012,-0.0048515703600120474
4.92,4.231361996605525,0.688638003394475
5.00001,5.504572390541914,-0.5045623905419143
5.00001,4.139307829263187,0.860702170736813
5.00001,3.7916302840154374,1.2083797159845622
5.00001,4.482342583917762,0.5176674160822374
5.00001,3.493277478985584,1.5067325210144156
4.25,2.9036760192754434,1.3463239807245566
4.025,1.831137910932493,2.1938620890675073
3.56,3.012107274685029,0.5478927253149712
4.059,2.746226443412117,1.3127735565878833
5.00001,3.957433742177976,1.0425762578220237
5.00001,2.971949113029699,2.0280608869703007
5.00001,3.4586823245476777,1.541327675452322
5.00001,3.6694696764027985,1.330540323597201
5.00001,4.4146002484159474,0.5854097515840522
5.00001,6.232248938623222,-1.2322389386232224
5.00001,3.706573373167825,1.2934366268321744
4.763,3.065691799735522,1.697308200264478
4.048,2.673606591168339,1.374393408831661
3.786,2.5314126111471347,1.2545873888528654
3.75,1.6464199014874308,2.103580098512569
5.00001,5.347275844967041,-0.3472658449670414
5.00001,4.952995039222319,0.047014960777680415
3.875,2.6635258395488237,1.2114741604511763
4.75,3.8797080118688703,0.8702919881311297
5.00001,4.951576548069862,0.04843345193013793
5.00001,5.65234124916636,-0.6523312491663606
5.00001,5.198234437908296,-0.19822443790829603
5.00001,6.159576550819709,-1.1595665508197097
5.00001,5.549283378748123,-0.549273378748123
5.00001,4.910705401919143,0.08930459808085622
5.00001,4.622835405709761,0.3771745942902385
5.00001,4.216352442518983,0.7836575574810167
5.00001,3.982434066368044,1.0175759336319556
5.00001,4.791582418816242,0.20842758118375748
5.00001,5.6443923340343645,-0.6443823340343648
5.00001,6.058575027306179,-1.0585650273061793
5.00001,6.361383267002809,-1.3613732670028096
5.00001,4.244617668449136,0.7553923315508637
3.6,3.2331517165437305,0.36684828345626963
5.00001,5.47424147361887,-0.47423147361886997
3.187,3.3129222947035903,-0.1259222947035905
2.799,3.1410900532202146,-0.3420900532202147
2.933,3.196971031387175,-0.26397103138717526
3.985,3.2805516300549225,0.7044483699450774
2.264,2.233376252198852,0.03062374780114796
2.558,2.5116107838294424,0.04638921617055747
3.612,3.4014090836346744,0.21059091636532568
2.714,3.051191897687114,-0.3371918976871142
3.627,3.681309988309123,-0.05430998830912337
4.592,3.9055295184787338,0.6864704815212659
4.734,3.8413338106881545,0.8926661893118455
4.85,3.7988227734598454,1.0511772265401542
4.059,3.7446917722056363,0.31430822779436385
5.00001,4.30554868824874,0.6944613117512599
5.00001,4.149190077315324,0.8508199226846758
5.00001,3.272254037846957,1.7277559621530427
4.345,2.715173127716419,1.629826872283581
4.183,3.8781474115969083,0.3048525884030915
3.48,3.2956444354008223,0.18435556459917768
3.875,3.671188644938673,0.20381135506132697
3.559,3.8787315457099374,-0.3197315457099372
3.616,3.860614340729187,-0.24461434072918697
3.942,3.888815140170769,0.05318485982923127
3.614,3.3445750510958883,0.2694249489041116
3.056,3.220569914329676,-0.16456991432967616
2.793,3.6796523832072867,-0.8866523832072866
2.795,2.8257147038409203,-0.030714703840920343
2.694,2.619111495282961,0.0748885047170389
2.465,2.9076324763702206,-0.44263247637022074
2.538,2.8773268744301865,-0.3393268744301867
1.911,2.491365025889823,-0.5803650258898227
2.993,3.209889978297574,-0.21688997829757417
2.339,2.7802115219186465,-0.44121152191864654
2.346,2.982553617870587,-0.6365536178705868
2.452,3.0951955428239213,-0.6431955428239213
2.741,3.3127187940350424,-0.5717187940350423
2.388,2.8748075192364446,-0.4868075192364447
2.376,2.7873733851100835,-0.4113733851100836
2.624,2.3921449278573252,0.23185507214267487
2.309,2.810275019555593,-0.5012750195555928
2.24,3.0099296774960953,-0.7699296774960951
2.215,2.7071682123814402,-0.4921682123814404
2.791,3.1661602591006326,-0.37516025910063266
2.097,2.575023115013969,-0.4780231150139689
1.95,2.659385562333081,-0.7093855623330809
1.844,1.9800505031812268,-0.1360505031812267
2.942,3.493791348399278,-0.551791348399278
1.984,2.3894230570035297,-0.40542305700352976
2.508,2.648680055514248,-0.140680055514248
2.826,2.5391715324486874,0.28682846755131264
2.532,2.800578810846805,-0.268578810846805
3.115,3.158188910102728,-0.04318891010272763
2.187,2.6890637382053635,-0.5020637382053637
2.593,2.82951302064164,-0.23651302064163993
2.362,2.301722652699054,0.060277347300945916
2.495,3.03095736550892,-0.5359573655089198
3.5,1.534072212371429,1.965927787628571
2.445,2.5170262535978902,-0.07202625359789039
2.131,2.4551614571284888,-0.324161457128489
1.943,2.3253868930669075,-0.38238689306690743
1.234,2.0971743951896618,-0.8631743951896618
2.345,2.926265210901192,-0.5812652109011918
2.241,2.875344847553728,-0.6343448475537281
2.657,2.8773480424048787,-0.2203480424048787
2.892,3.140732816552754,-0.24873281655275425
3.118,3.5039918998142676,-0.38599189981426774
2.912,3.2498504425857178,-0.33785044258571784
1.848,2.6160237629020404,-0.7680237629020403
2.574,2.871539644967151,-0.29753964496715124
1.416,2.67668977906457,-1.26068977906457
1.839,2.363982912118937,-0.5249829121189369
2.412,2.873451334420665,-0.4614513344206652
2.374,3.029113789165019,-0.6551137891650187
2.344,2.5173580865665275,-0.17335808656652762
2.41,3.0650162252806687,-0.6550162252806686
2.456,3.0195478845456774,-0.5635478845456774
2.412,2.7324959230271983,-0.3204959230271984
1.59,2.5553297385402423,-0.9653297385402422
2.518,3.194896137459673,-0.6768961374596731
2.915,3.6047405843539315,-0.6897405843539315
2.331,2.6985659477667427,-0.3675659477667428
2.533,2.7632417914099143,-0.2302417914099144
2.48,3.201180374113572,-0.721180374113572
2.572,3.2641150306446196,-0.6921150306446195
2.783,3.150591101355394,-0.3675911013553943
2.627,3.0272951285067276,-0.40029512850672777
2.171,2.7194166747539894,-0.5484166747539896
2.291,3.074508504526846,-0.783508504526846
2.896,2.898030300932456,-0.0020303009324562638
2.595,2.768737450826881,-0.17373745082688075
2.658,3.029755244455663,-0.3717552444556631
2.724,3.268633116633369,-0.5446331166333689
2.607,3.1173755371572707,-0.5103755371572705
2.605,2.937666121648879,-0.3326661216488791
5.00001,2.5760950377640874,2.423914962235912
2.611,2.4930531048855737,0.11794689511442646
3.857,2.697586542036995,1.159413457963005
5.00001,2.146226541453181,2.8537834585468187
3.941,2.5511517526193686,1.3898482473806313
4.677,3.4160855577799714,1.2609144422200282
4.126,3.4130647082849856,0.7129352917150147
4.163,3.638919912725163,0.5240800872748372
3.445,3.5212382709628436,-0.07623827096284375
2.881,3.0542088787331023,-0.17320887873310253
2.298,2.271076881250803,0.026923118749197172
2.482,1.6533835453605572,0.828616454639443
3.862,2.58873979486318,1.27326020513682
2.269,2.270748996670562,-0.00174899667056172
2.393,2.1540758282996872,0.23892417170031255
4.367,2.672722885322065,1.6942771146779352
3.217,2.9207246435307153,0.2962753564692848
3.35,2.498627874887283,0.8513721251127171
3.008,2.8117163911748,0.1962836088251998
3.931,3.155168331918644,0.7758316680813562
3.868,2.9177727754699694,0.9502272245300305
3.5,2.207197109595863,1.292802890404137
2.607,2.4103319263838534,0.1966680736161468
2.34,2.6398591848669852,-0.2998591848669854
2.603,2.440486276471284,0.16251372352871618
2.798,2.538276111555926,0.259723888444074
2.647,2.74640743947017,-0.09940743947017028
3.087,2.8549182277955607,0.23208177220443948
2.515,2.3476335896124523,0.16736641038754785
2.985,2.749153145048668,0.23584685495133195
1.986,2.1228845355495567,-0.1368845355495567
2.036,2.0460662977173047,-0.010066297717304717
2.286,2.44792428581443,-0.16192428581442986
1.78,1.854614863592467,-0.07461486359246705
1.703,1.864194290648987,-0.16119429064898694
1.601,1.753438466546005,-0.152438466546005
3.05,2.0306804386257915,1.0193195613742083
3.746,2.1777171117511025,1.5682828882488975
5.00001,2.932392518632069,2.0676174813679307
2.625,2.1904855655657203,0.43451443443427973
1.313,7.140617778472906,-5.827617778472907
3.409,2.1485183877548435,1.2604816122451563
3.9,3.228450292048907,0.671549707951093
4.0,6.65239396518663,-2.65239396518663
3.5,5.189319677569076,-1.6893196775690758
1.375,1.5792034704226174,-0.20420347042261744
2.714,3.680651936649101,-0.9666519366491011
2.631,2.969620179537764,-0.33862017953776435
2.815,3.258689694642446,-0.44368969464244623
2.563,2.8638198060612012,-0.30081980606120107
2.392,2.537720743781681,-0.14572074378168098
2.33,2.5830386208699805,-0.2530386208699804
2.653,2.8022407007341776,-0.1492407007341776
2.45,2.1615598045884523,0.28844019541154786
1.875,1.880495536952783,-0.005495536952782931
2.125,2.4479303272116493,-0.32293032721164927
4.047,3.269837196394955,0.7771628036050449
3.676,3.736339877610346,-0.06033987761034565
3.623,3.098434489618315,0.5245655103816853
1.313,1.8642083793781254,-0.5512083793781255
2.638,2.394105824939555,0.24389417506044486
2.941,2.5656851796264437,0.3753148203735561
3.209,2.5964421074896364,0.6125578925103636
2.583,2.341356130881225,0.241643869118775
2.664,3.2564661576836516,-0.5924661576836514
2.531,2.6958655741392157,-0.16486557413921554
2.386,3.2583552185708466,-0.8723552185708465
2.239,2.4678165788641615,-0.22881657886416162
2.554,2.0199120324633064,0.5340879675366934
2.294,2.2218660736319538,0.07213392636804628
2.175,2.240007478540491,-0.06500747854049127
1.667,1.776852856163525,-0.10985285616352503
1.953,1.9133449157786715,0.039655084221328574
2.609,2.2056914582160627,0.40330854178393727
2.328,2.3835249321144842,-0.05552493211448439
2.4,2.135877946271308,0.26412205372869213
2.75,2.6028409950126243,0.14715900498737566
2.424,2.0904127751790087,0.33358722482099123
2.405,2.307514744945975,0.09748525505402483
4.0,2.5998273786791577,1.4001726213208423
3.267,2.2168174201790887,1.0501825798209112
2.344,2.1575795008583936,0.1864204991416063
2.25,2.3699218702058182,-0.11992187020581824
2.625,1.7680605910442486,0.8569394089557514
2.375,2.9151291692772485,-0.5401291692772485
2.326,2.094913221482118,0.23108677851788206
2.5,1.736612673965388,0.763387326034612
2.813,1.9096918752804455,0.9033081247195547
1.125,2.232312646516846,-1.1073126465168461
2.435,2.580797380738713,-0.14579738073871296
2.161,2.0778259300804613,0.08317406991953868
2.02,2.7822559514179606,-0.7622559514179605
1.964,1.9572561469692205,0.006743853030779512
2.064,2.228418231198015,-0.1644182311980149
2.842,2.408094085031033,0.433905914968967
2.638,2.8850140490395884,-0.24701404903958846
3.885,2.3541091516182147,1.5308908483817851
2.265,2.708639999406556,-0.44363999940655585
2.583,3.3686648460732758,-0.7856648460732756
2.76,2.480984430925623,0.27901556907437675
2.658,2.5727883959199778,0.08521160408002215
1.166,2.4364674199207093,-1.2704674199207093
1.732,2.1944602914161506,-0.46246029141615064
1.56,2.2112453187886456,-0.6512453187886456
1.517,1.7936758130397814,-0.2766758130397815
1.646,1.8043769609981053,-0.1583769609981054
2.181,2.134390781086346,0.046609218913653994
1.945,2.5100729003033257,-0.5650729003033257
1.778,2.0963137583855946,-0.3183137583855946
2.383,2.235024071168561,0.14797592883143906
1.607,2.5562762272754234,-0.9492762272754234
1.614,2.0259932476554505,-0.4119932476554504
1.55,1.8535132150517273,-0.30351321505172724
1.514,2.2167296168482182,-0.7027296168482182
1.62,1.9756594007104846,-0.3556594007104845
1.214,2.053047101061452,-0.839047101061452
1.904,1.7852544129495245,0.11874558705047544
1.843,2.105264382043342,-0.2622643820433419
1.9,2.314227434577225,-0.4142274345772252
1.697,1.9315553580074822,-0.23455535800748217
1.948,2.194337337410759,-0.24633733741075892
1.891,2.0759177957027553,-0.18491779570275524
2.412,2.4993956000956015,-0.08739560009560154
1.784,1.8637678028145364,-0.07976780281453633
1.713,1.7787650533582546,-0.06576505335825455
1.922,2.4835745038481862,-0.5615745038481863
1.901,2.009026382596016,-0.10802638259601616
1.775,2.0742218253089093,-0.2992218253089094
3.34,2.99200292598697,0.3479970740130298
3.158,2.8978019422078822,0.2601980577921177
3.5,2.9704660200084207,0.5295339799915793
2.4,2.9002601558362757,-0.5002601558362758
2.226,2.7130041782980383,-0.4870041782980383
2.316,2.433101018965812,-0.11710101896581238
2.396,2.7726542522525204,-0.37665425225252047
2.143,2.814868753578623,-0.6718687535786234
2.048,2.8244330720778166,-0.7764330720778165
2.023,3.1670695696977273,-1.1440695696977272
2.069,2.2914816039408232,-0.22248160394082328
2.841,3.2076670764457313,-0.36666707644573115
1.851,3.1279747974260967,-1.2769747974260968
2.733,3.744529446151866,-1.011529446151866
2.739,3.8585695173231134,-1.1195695173231135
2.068,3.3195550477411118,-1.2515550477411117
2.041,2.793396647037362,-0.752396647037362
1.803,2.719947839009779,-0.9169478390097789
3.949,4.008205311497083,-0.05920531149708275
3.833,3.553790879635986,0.27920912036401413
1.545,2.6869353647825225,-1.1419353647825226
1.964,3.1644554755290906,-1.2004554755290906
1.463,3.039652131041294,-1.576652131041294
2.7,3.275530595011591,-0.5755305950115908
2.013,2.849202078968922,-0.8362020789689222
2.323,2.640749645219876,-0.31774964521987625
2.209,2.7409792325169136,-0.5319792325169135
2.037,2.886040788063515,-0.8490407880635149
3.123,2.4349890673416437,0.6880109326583566
3.22,3.0782533604628717,0.14174663953712852
5.00001,4.92498147277232,0.07502852722767983
4.405,3.0307828574899656,1.3742171425100347
2.615,2.867440223649141,-0.252440223649141
2.4,3.057508928850947,-0.6575089288509472
1.909,2.4486302409415024,-0.5396302409415024
3.081,2.9254205989818525,0.1555794010181475
3.734,3.0730579510270792,0.6609420489729207
3.977,3.8987760894197465,0.07822391058025335
3.315,3.3835414058197104,-0.06854140581971047
4.023,3.832950690314747,0.1900493096852527
3.566,3.4233361825039674,0.1426638174960324
3.635,3.245552262460486,0.389447737539514
3.864,2.546458474086173,1.317541525913827
3.406,3.3250977820868983,0.08090221791310181
3.9,3.3495559242394157,0.5504440757605842
3.53,3.020204793053702,0.5097952069462979
3.044,3.2328821546244355,-0.18888215462443547
3.553,3.2084596912716563,0.3445403087283436
3.716,2.662767406551187,1.0532325934488131
2.624,2.3086484689988884,0.3153515310011117
2.729,2.80259767569808,-0.07359767569808007
2.158,2.2731426041345717,-0.11514260413457178
2.07,2.394992563380974,-0.32499256338097426
2.346,2.836347389177684,-0.4903473891776837
2.156,2.2330870542475267,-0.0770870542475266
2.519,2.453405662233362,0.06559433776663814
2.583,2.216265039191913,0.366734960808087
2.132,1.8285739678684734,0.30342603213152675
2.567,2.369419240390222,0.19758075960977806
4.224,3.1381916660293747,1.0858083339706255
3.773,2.0092133659125615,1.7637866340874386
2.944,3.041813312745476,-0.09781331274547611
2.285,2.1153766564472876,0.16962334355271258
2.346,2.070186588970314,0.27581341102968615
2.451,2.5421364485914286,-0.09113644859142855
2.292,1.9584418901846494,0.3335581098153504
2.524,2.278589790259688,0.2454102097403119
2.286,2.024789465302093,0.261210534697907
2.638,2.2530347686892744,0.38496523131072546
2.907,2.58603669588135,0.32096330411865015
2.643,2.207045788790375,0.43595421120962463
2.612,2.4205192196741514,0.1914807803258487
3.308,2.088910474925389,1.2190895250746108
2.835,2.70329258632105,0.13170741367894978
3.152,2.6524184435769076,0.49958155642309254
3.052,2.172459460076622,0.879540539923378
2.38,2.0730568433653236,0.3069431566346763
2.217,2.542984814392785,-0.3259848143927848
3.518,2.924161283708495,0.5938387162915046
3.223,2.7849917079613427,0.4380082920386572
2.333,1.905774178257155,0.4272258217428453
2.895,2.8110964315914457,0.08390356840855429
2.319,2.342959324216011,-0.02395932421601099
2.523,2.4659309971223755,0.05706900287762462
3.088,3.14428929877257,-0.05628929877256983
2.952,2.7180420850414744,0.23395791495852558
3.211,3.257308597411208,-0.0463085974112083
3.355,3.0012853369961574,0.3537146630038426
3.684,2.712838571578227,0.9711614284217731
3.079,2.9682207647228616,0.11077923527713862
3.52,3.0295202604033067,0.49047973959669333
3.0,2.5522562943691574,0.44774370563084265
4.2,1.680151691953757,2.5198483080462433
2.904,2.733037494374885,0.17096250562511495
2.986,2.4383190805855506,0.5476809194144496
3.493,2.5882437278653327,0.9047562721346671
2.884,1.951173617180631,0.9328263828193688
2.798,2.060771882695226,0.7372281173047739
2.286,2.452565969964537,-0.166565969964537
3.056,2.9491086531848687,0.10689134681513135
1.908,2.6782664127143927,-0.7702664127143928
2.027,2.7700533548747535,-0.7430533548747533
2.291,2.1909199939579262,0.10008000604207368
2.247,2.1413818551987553,0.10561814480124454
1.875,1.703167845408169,0.1718321545918311
0.813,0.25338468038937245,0.5596153196106275
0.689,0.4660176305206738,0.22298236947932615
0.769,0.5072016025408872,0.2617983974591128
0.726,0.3317728077683779,0.39422719223162206
0.748,0.4079828570887307,0.3400171429112693
1.188,0.28949596852771364,0.8985040314722863
1.017,0.6306991686937098,0.3863008313062901
0.875,0.7417249369570005,0.13327506304299952
0.828,0.5814746162058102,0.24652538379418976
0.582,0.425651329591612,0.15634867040838796
1.012,0.9346163145459729,0.07738368545402707
0.753,0.7634170728040028,-0.010417072804002836
0.869,1.0479377876471347,-0.17893778764713475
0.782,0.289796818505045,0.492203181494955
0.756,0.7801186259402972,-0.024118625940297234
1.042,0.8886811710147062,0.1533188289852938
0.844,0.23366274511257568,0.6103372548874243
1.389,0.6165359213353281,0.7724640786646719
0.582,0.43458308536719237,0.1474169146328076
1.487,1.0842178376455558,0.4027821623544443
1.201,1.017192429112455,0.18380757088754507
0.901,0.18779788352350035,0.7132021164764997
1.031,0.6367178990327065,0.39428210096729344
1.229,0.6782882268752493,0.5507117731247508
0.665,0.11842661525575626,0.5465733847442438
1.05,0.1968415300392503,0.8531584699607497
1.114,0.4625912576540072,0.6514087423459929
0.787,0.37800675815324536,0.4089932418467547
0.942,0.3812969247738689,0.560703075226131
1.516,0.7971361675922162,0.7188638324077838
1.111,0.8776962056726756,0.2333037943273244
1.142,0.49165526406809335,0.6503447359319066
0.988,0.0765600454960762,0.9114399545039238
0.648,0.4169066647060846,0.2310933352939154
1.367,0.5325104373705711,0.8344895626294289
1.133,0.5447251927546788,0.5882748072453212
1.465,1.5322093213134407,-0.0672093213134406
0.865,0.7952509521253281,0.06974904787467184
0.72,0.4911627103609879,0.22883728963901206
0.808,0.49328261536022033,0.3147173846397797
0.859,1.0986243570937162,-0.2396243570937162
1.006,0.5518517082119041,0.4541482917880959
0.981,0.9771032541900511,0.0038967458099489205
0.816,0.26443452387743616,0.5515654761225638
0.852,0.25569514343526656,0.5963048565647334
0.978,0.5816977992863961,0.3963022007136039
0.773,0.5178567466964203,0.2551432533035797
0.694,0.19302958750040844,0.5009704124995915
0.679,0.39412392908017946,0.2848760709198206
0.759,0.42431165220687994,0.33468834779312007
0.938,0.7568901526426095,0.18110984735739044
1.001,0.7431994386874914,0.2578005613125085
1.192,0.33494314253644397,0.857056857463556
1.167,0.9314782042929162,0.23552179570708387
1.184,0.8051073789729082,0.37889262102709176
0.831,0.5850837079069868,0.24591629209301313
0.847,0.3447835060785933,0.5022164939214067
0.922,0.4144459076331981,0.5075540923668019
0.804,0.22062724593331517,0.5833727540666849
0.615,0.17310904913577518,0.4418909508642248
0.606,0.2719241912623336,0.3340758087376664
0.566,0.2474373064427231,0.31856269355727684
0.598,0.38101294301019184,0.21698705698980814
0.656,0.23825545669076442,0.4177445433092356
0.758,0.235399049245971,0.522600950754029
1.416,0.4842363341062901,0.9317636658937098
1.283,0.9298025322269015,0.35319746777309846
1.307,0.30299517995827596,1.004004820041724
1.085,0.8706309746701029,0.2143690253298971
1.054,0.3699605478740773,0.6840394521259228
0.758,0.11635098262049759,0.6416490173795024
1.298,0.5747396894476882,0.7232603105523119
1.385,1.0014108514540858,0.3835891485459142
1.508,1.410810092995011,0.09718990700498908
1.168,1.3160117593772314,-0.14801175937723143
0.668,0.23568408104749405,0.432315918952506
0.604,0.41050356466977656,0.19349643533022343
0.481,0.3399264649910698,0.14107353500893016
0.598,0.3905132685310897,0.20748673146891028
0.63,0.32599856165951824,0.30400143834048177
0.66,0.5296039002945996,0.13039609970540045
0.685,0.3249075506733581,0.360092449326642
0.786,0.3666296383762393,0.41937036162376073
0.806,0.9886530223443801,-0.18265302234438008
0.987,0.6159957413664645,0.3710042586335355
0.955,0.6829759353134182,0.2720240646865818
0.59,0.17974736638662892,0.41025263361337105
0.764,0.2357818411773236,0.5282181588226764
1.016,0.8774391906135286,0.13856080938647142
0.661,0.5003838043700306,0.16061619562996943
0.748,0.4257339308951511,0.3222660691048489
0.854,0.8888174324582672,-0.034817432458267183
0.764,0.37715493593634974,0.38684506406365027
0.977,0.38798688729746256,0.5890131127025374
1.057,0.6401482176594415,0.4168517823405584
0.985,0.8209656957558216,0.16403430424417842
0.765,0.6311860237079892,0.13381397629201086
0.745,0.26804737402631207,0.4769526259736879
0.934,0.7901361236965825,0.14386387630341757
1.712,1.3526901815083638,0.3593098184916361
1.232,0.7101491291449449,0.5218508708550551
0.658,0.37102197479227117,0.28697802520772886
0.788,0.33656116031946404,0.451438839680536
1.078,0.6632968993429778,0.4147031006570223
0.732,0.5254659907123789,0.2065340092876211
0.52,0.21315713408426995,0.30684286591573007
0.656,0.34161032224825005,0.31438967775175
0.875,0.5104476249147687,0.3645523750852313
1.412,0.8535454633366166,0.5584545366633833
1.01,0.770822701862012,0.23917729813798805
0.995,0.17710026378142363,0.8178997362185764
0.804,-0.048026682976835655,0.8520266829768357
0.774,0.39481455620511463,0.3791854437948854
0.903,-0.2149348231623236,1.1179348231623236
0.778,0.33542768795198263,0.4425723120480174
0.613,0.21586589763600283,0.39713410236399715
0.578,-0.007183917454888,0.585183917454888
0.645,0.015506941241888228,0.6294930587581118
0.903,-0.0978337547548862,1.0008337547548862
0.887,0.025451331512518216,0.8615486684874818
0.775,0.07836050591587185,0.6966394940841282
0.729,0.09184937588754849,0.6371506241124515
0.93,-0.06208453410640313,0.9920845341064032
0.71,-0.005298292334134036,0.715298292334134
0.625,0.07116371140005318,0.5538362885999468
0.924,0.8628209686907171,0.06117903130928293
0.686,0.8123333707831553,-0.1263333707831552
0.666,0.5478259933219758,0.11817400667802425
0.961,0.09752315355978025,0.8634768464402197
0.435,-0.4179192710315527,0.8529192710315527
0.44,-0.4677586072471671,0.9077586072471671
0.586,-0.18209936974709162,0.7680993697470916
0.554,-0.23676382993552725,0.7907638299355273
0.614,-0.20948759774920855,0.8234875977492085
0.535,-0.1407696842213637,0.6757696842213637
0.646,0.6063354962795937,0.03966450372040631
0.544,0.5378327710912769,0.006167228908723121
0.654,0.4396098498424368,0.21439015015756324
0.62,0.25844502819016135,0.36155497180983864
0.701,0.03683521174024662,0.6641647882597533
0.557,-0.06168040274981257,0.6186804027498126
0.813,0.5301694418088327,0.2828305581911672
0.712,0.020851654724647783,0.6911483452753522
0.632,0.3183537682726665,0.3136462317273335
0.575,-0.12215880431260295,0.6971588043126029
0.942,0.14921711676574967,0.7927828832342503
1.0,0.368302527097383,0.631697472902617
0.609,0.16958324919521894,0.43941675080478104
0.796,0.43096090225924577,0.36503909774075427
0.617,0.16323053580534008,0.4537694641946599
0.633,0.5245477979671733,0.10845220203282668
0.811,0.0996794485881316,0.7113205514118685
0.761,0.38856460745027177,0.37243539254972824
0.462,0.02352086548311627,0.43847913451688375
0.531,-0.1825191982583081,0.7135191982583081
0.801,-0.05751963986916575,0.8585196398691658
0.719,-0.10051532969919208,0.819515329699192
0.815,0.01384133364578144,0.8011586663542185
0.971,0.22598742683855821,0.7450125731614418
1.101,0.2174461892407238,0.8835538107592762
1.288,0.5748843586677443,0.7131156413322557
0.575,0.24864293512898406,0.3263570648710159
0.655,0.25520840626992847,0.39979159373007156
0.56,0.18265626448845507,0.377343735511545
0.342,-0.04595166118286942,0.38795166118286945
0.629,0.2965118857825604,0.3324881142174396
1.795,2.4342612410577598,-0.6392612410577598
2.148,2.330819346349547,-0.18281934634954666
1.31,1.9359524232470169,-0.6259524232470168
1.246,1.8445316140705232,-0.5985316140705232
1.299,2.156405760211672,-0.8574057602116723
1.127,1.9414070574223408,-0.8144070574223408
0.933,1.8593122887935132,-0.9263122887935131
1.116,1.8321526704582896,-0.7161526704582895
1.108,1.9910751147600296,-0.8830751147600295
1.119,2.0989846250150133,-0.9799846250150133
0.887,1.6829278613126968,-0.7959278613126968
1.27,2.176410608582122,-0.9064106085821222
1.719,2.5280223893302614,-0.8090223893302613
0.967,1.8972406859158992,-0.9302406859158993
0.948,2.01777251962047,-1.0697725196204702
2.252,2.600133487561502,-0.3481334875615021
0.879,1.7369894178742185,-0.8579894178742185
0.9,1.60982349596896,-0.7098234959689599
1.625,1.5451532162606427,0.07984678373935727
0.946,1.2373307814882462,-0.2913307814882462
1.333,1.245348386498242,0.08765161350175799
1.094,2.028439569350529,-0.934439569350529
1.099,1.9601483840203853,-0.8611483840203853
1.479,1.923200265251923,-0.4442002652519228
0.972,1.7329384626034412,-0.7609384626034412
0.928,1.7452532852808011,-0.8172532852808011
1.035,1.9556902353910377,-0.9206902353910378
1.073,2.1343948053672106,-1.0613948053672106
0.992,1.6999703187947963,-0.7079703187947963
0.928,1.828414222049708,-0.9004142220497079
1.458,2.380109082495003,-0.9221090824950029
1.415,2.320578931240022,-0.9055789312400218
1.482,2.5981901726280148,-1.1161901726280148
1.429,1.928504928793648,-0.49950492879364794
1.269,2.2638489825028243,-0.9948489825028244
1.524,2.347947330171583,-0.823947330171583
1.669,2.208518460939736,-0.5395184609397359
1.098,1.8458705600380845,-0.7478705600380844
1.031,1.86648034749307,-0.8354803474930701
0.979,1.7969751771792337,-0.8179751771792337
0.938,1.7426056694647893,-0.8046056694647894
0.984,1.574978887781012,-0.590978887781012
1.097,2.0258344233831838,-0.9288344233831838
1.037,1.944175863882412,-0.9071758638824121
1.118,1.9046611449641977,-0.7866611449641976
1.2,1.8764175495544886,-0.6764175495544886
1.219,2.152043916007697,-0.9330439160076971
1.347,2.1727466194095264,-0.8257466194095264
1.237,2.270796083752944,-1.0337960837529439
1.506,2.600330030034656,-1.0943300300346561
0.912,1.3383324397200882,-0.42633243972008816
1.316,1.9769637213159186,-0.6609637213159185
1.441,2.1389584173000182,-0.6979584173000182
1.236,1.9962980321085777,-0.7602980321085777
1.711,2.5102445766848813,-0.7992445766848812
0.864,1.2394158353025184,-0.37541583530251843
0.904,1.4923213589570223,-0.5883213589570223
1.685,1.519167636213421,0.16583236378657906
1.851,2.182872239167311,-0.331872239167311
2.083,2.4939344889603117,-0.4109344889603115
2.175,2.3470025226917213,-0.17200252269172145
2.018,2.5277528754746057,-0.5097528754746059
2.197,2.87122199992369,-0.6742219999236898
1.903,2.2907851908434984,-0.3877851908434984
1.871,2.221925954687592,-0.3509259546875918
1.958,2.5598834807357282,-0.6018834807357283
2.292,2.860267117673554,-0.5682671176735541
2.1,2.134677852919025,-0.03467785291902503
1.663,3.0408298897356287,-1.3778298897356287
1.506,1.898934573034129,-0.39293457303412893
1.431,2.460467160626686,-1.029467160626686
1.225,1.3629170096540477,-0.13791700965404763
1.702,1.8220889238175688,-0.12008892381756886
3.288,2.934650495581882,0.35334950441811763
3.93,3.5281473315537046,0.4018526684462955
3.204,3.2467450525662516,-0.042745052566251385
1.761,2.3306873692523853,-0.5696873692523854
1.613,2.373251625057003,-0.7602516250570028
1.977,2.543891528747779,-0.5668915287477787
1.95,2.297213076104212,-0.34721307610421204
1.713,2.1885213454143946,-0.4755213454143945
1.734,1.9908636544863623,-0.2568636544863623
3.052,2.7178427514046337,0.33415724859536633
1.35,1.780425137399166,-0.4304251373991659
1.306,2.395808262804678,-1.0898082628046781
1.44,2.0192108744860318,-0.5792108744860318
2.239,2.701588498315897,-0.4625884983158972
1.617,2.1246056576423302,-0.5076056576423302
1.871,2.220527000458323,-0.34952700045832286
1.625,1.8772205424719581,-0.25222054247195813
0.989,1.4990980021133493,-0.5100980021133493
0.99,2.056680001557032,-1.066680001557032
0.99,1.7955576825034747,-0.8055576825034747
1.072,1.8141208830322104,-0.7421208830322104
1.059,1.817457031255528,-0.7584570312555281
1.298,1.7797355893462579,-0.4817355893462578
0.942,1.6660774652351935,-0.7240774652351936
1.054,3.102379935894107,-2.048379935894107
1.059,1.6620210160236597,-0.6030210160236598
0.922,1.7216708620895125,-0.7996708620895124
1.104,1.8328082771738297,-0.7288082771738296
1.25,1.7079655713099662,-0.4579655713099662
1.263,1.5952033955581093,-0.3322033955581094
1.296,1.6503067955596524,-0.3543067955596524
1.185,1.4810838459642497,-0.29608384596424964
1.085,1.6463136124798505,-0.5613136124798506
1.047,1.509873696753542,-0.46287369675354206
1.011,1.7497840191316987,-0.7387840191316988
0.991,1.6692065986899634,-0.6782065986899634
1.204,1.62198920524267,-0.41798920524267014
1.266,1.8655006779429149,-0.5995006779429148
1.316,1.739486000764501,-0.42348600076450094
1.913,2.2539848210953233,-0.34098482109532324
1.577,2.387732091200209,-0.810732091200209
0.875,1.193297374323257,-0.3182973743232571
0.929,1.2785162157248817,-0.3495162157248817
1.348,1.837881572728468,-0.489881572728468
1.379,1.7543171065449306,-0.37531710654493056
1.313,2.136191492600303,-0.823191492600303
1.265,1.5249297162208317,-0.25992971622083183
1.429,2.1067680181995856,-0.6777680181995855
1.404,2.145175766288118,-0.741175766288118
1.397,2.077255842373328,-0.680255842373328
1.375,1.5339996390410073,-0.15899963904100733
2.611,2.6122449151609892,-0.001244915160989013
0.813,1.4392459750082272,-0.6262459750082272
1.201,1.3703536307129716,-0.1693536307129715
1.438,1.4790779534307763,-0.04107795343077636
0.786,0.7686778927817042,0.017322107218295857
2.051,1.9771149705653115,0.07388502943468866
2.5,2.1317100288235964,0.3682899711764036
2.812,2.0759326043798465,0.7360673956201533
2.984,2.0668232103499617,0.9171767896500382
2.458,1.6793880258742027,0.7786119741257975
2.328,2.327595587990978,0.00040441200902163743
2.609,1.9546056809014039,0.6543943190985961
1.938,1.406138341041141,0.531861658958859
1.517,2.467770397162278,-0.9507703971622781
1.435,1.758801975698288,-0.32380197569828795
1.502,2.4456546924354208,-0.9436546924354208
1.401,1.9070388984127924,-0.5060388984127924
1.81,2.4495252751940186,-0.6395252751940186
1.421,1.8372796627771324,-0.41627966277713235
1.583,2.0397440889078737,-0.45674408890787377
1.306,1.8608526716359248,-0.5548526716359248
2.5,2.2767764968076705,0.22322350319232953
1.375,0.2658139930418937,1.1091860069581063
1.017,1.376578387100041,-0.3595783871000411
1.029,1.4824944833189817,-0.4534944833189818
1.26,1.4646689128446448,-0.20466891284464483
1.189,2.0800100856069315,-0.8910100856069314
1.585,1.6619357400611738,-0.07693574006117387
1.897,1.7367365587793149,0.16026344122068514
3.152,3.036209707677738,0.11579029232226201
1.125,2.2037002921659212,-1.0787002921659212
1.22,1.7655380074797378,-0.5455380074797378
1.272,2.1288193416288577,-0.8568193416288576
1.173,1.9365738949686708,-0.7635738949686708
1.403,1.7831725702927559,-0.38017257029275586
2.188,1.4130642010116325,0.7749357989883676
1.326,1.9410638211669682,-0.6150638211669681
1.348,1.8495798397741732,-0.5015798397741731
1.268,1.9004842462580227,-0.6324842462580227
1.295,1.3912351594299759,-0.09623515942997596
1.322,1.8552371365527769,-0.5332371365527768
1.517,1.9253620754149676,-0.4083620754149677
1.36,2.578608532630858,-1.218608532630858
1.734,2.58692292058198,-0.8529229205819799
1.757,2.425624851907163,-0.6686248519071631
1.462,2.30130101012922,-0.8393010101292202
2.164,2.712298383209262,-0.548298383209262
1.98,2.7189869238339583,-0.7389869238339584
2.282,2.5242303284258494,-0.24223032842584935
1.919,2.0693967922519025,-0.1503967922519025
1.115,1.486532912192723,-0.3715329121927231
1.011,1.2815355923540275,-0.2705355923540276
1.25,1.6853234223658986,-0.4353234223658986
1.176,1.6439730480537003,-0.4679730480537003
1.188,1.5125362482300784,-0.32453624823007843
0.844,1.8805714937456603,-1.0365714937456603
1.356,1.7435191320654142,-0.3875191320654141
2.1,1.5658490826087026,0.5341509173912975
1.785,1.7035301325321859,0.08146986746781404
0.938,1.6218528220535806,-0.6838528220535807
1.285,1.6455538414331639,-0.36055384143316394
1.548,1.5494877080682745,-0.0014877080682744737
1.665,2.067718314034256,-0.40271831403425606
1.464,1.9765524149208642,-0.5125524149208642
1.075,1.6408780178562636,-0.5658780178562637
1.227,1.2177973052055981,0.009202694794401944
0.981,1.200062809438177,-0.2190628094381769
1.331,1.821792975986525,-0.49079297598652505
2.125,1.4751241542411901,0.6498758457588099
0.964,1.7119677377556184,-0.7479677377556184
0.949,1.4135774141900126,-0.46457741419001264
1.644,1.697350973108724,-0.053350973108724054
1.158,2.1943243038315075,-1.0363243038315075
0.813,2.1462159546494903,-1.3332159546494904
3.084,2.354194938024259,0.7298050619757412
2.518,2.133884709815743,0.3841152901842566
2.547,1.8039278681418973,0.7430721318581028
2.579,2.0243790188803095,0.5546209811196907
2.095,1.8690802815643146,0.2259197184356856
3.333,2.3365655630494704,0.9964344369505298
2.335,1.3737255747964787,0.9612744252035212
1.733,1.5555530901055914,0.1774469098944087
2.717,2.1358541477314668,0.5811458522685333
2.976,2.7744853026309286,0.20151469736907135
2.08,1.5694577370539262,0.5105422629460739
2.623,2.2387505857981176,0.38424941420188263
2.483,2.5881538306230656,-0.10515383062306549
3.323,2.822463585269631,0.500536414730369
1.955,1.8804234858062367,0.07457651419376332
1.955,1.893865900671008,0.061134099328992164
1.936,1.8785793575862402,0.05742064241375977
1.713,1.5710641683733328,0.14193583162666723
2.421,2.0462226858305,0.37477731416949966
2.132,1.8729346912040306,0.25906530879596956
2.61,2.2156436463666753,0.39435635363332455
1.76,1.88380058045616,-0.12380058045615994
1.921,1.9438126078034061,-0.022812607803406104
1.662,1.6257543318815268,0.03624566811847307
1.868,1.6787938087265815,0.18920619127341864
1.493,2.1387154637782935,-0.6457154637782934
2.117,2.28110099775917,-0.16410099775916986
3.066,2.5541834094251414,0.5118165905748584
2.957,2.3431014052717574,0.6138985947282425
1.651,1.8589911169610658,-0.20799111696106576
2.028,2.2723380929935675,-0.24433809299356746
1.901,2.4236087071055046,-0.5226087071055046
1.859,1.8540524914154086,0.004947508584591365
1.938,1.818406428144792,0.11959357185520791
2.018,3.0294536870699593,-1.0114536870699595
2.049,2.5589156694433033,-0.5099156694433034
2.045,2.3454777915764304,-0.3004777915764305
1.885,2.5869614920226307,-0.7019614920226307
1.984,2.4411129216266474,-0.4571129216266474
1.819,2.048483257403262,-0.22948325740326192
1.565,2.4224276947367116,-0.8574276947367117
1.702,2.332015657847546,-0.630015657847546
2.152,2.41613390363923,-0.26413390363922984
1.891,1.8137307355734378,0.07726926442656223
1.965,2.3942808114582714,-0.42928081145827135
2.505,2.546734792850285,-0.04173479285028492
2.463,1.938222455520579,0.5247775444794212
2.345,2.5579359763967195,-0.21293597639671935
2.023,2.3192351457183498,-0.29623514571834964
0.75,1.4344646332009336,-0.6844646332009336
1.455,1.879516156441053,-0.4245161564410529
1.941,2.137519140428183,-0.19651914042818297
2.309,2.2783751164041117,0.03062488359588844
2.288,2.5890960498852884,-0.3010960498852886
2.321,2.3695348305644517,-0.048534830564451514
2.671,2.62986001364273,0.0411399863572699
2.911,3.105974479937357,-0.19497447993735717
2.238,2.385474765921729,-0.14747476592172903
2.008,2.218830682846805,-0.21083068284680495
2.523,2.3116505261250477,0.2113494738749524
2.006,2.3645995008235525,-0.35859950082355274
2.513,2.5416621985683916,-0.028662198568391695
2.44,2.045498636586803,0.39450136341319686
1.516,2.3872286697779437,-0.8712286697779437
1.933,2.040355046249844,-0.10735504624984382
2.436,2.5843492531081127,-0.14834925310811276
2.276,2.5948431138970847,-0.31884311389708486
1.626,2.2758381718250122,-0.6498381718250124
2.85,2.366454258976978,0.48354574102302195
2.885,2.3518126186640465,0.5331873813359533
3.06,2.2404237198099914,0.8195762801900086
2.618,2.74723785925761,-0.12923785925761022
2.68,1.9805331859564153,0.6994668140435849
3.177,2.4836865465269184,0.6933134534730816
3.103,2.319810890497901,0.7831891095020991
1.625,1.5176051177736953,0.10739488222630467
2.48,2.435523567870978,0.04447643212902186
2.927,2.312870239472578,0.6141297605274221
2.921,2.0612128039819253,0.8597871960180745
2.096,1.8885309231011467,0.2074690768988534
1.836,2.452966732738952,-0.6169667327389521
1.576,2.1375224295917086,-0.5615224295917085
2.581,2.254003069487662,0.32699693051233814
1.587,2.0449362076056787,-0.45793620760567877
1.724,2.807584009920545,-1.0835840099205452
1.635,2.100487960841345,-0.4654879608413449
1.604,1.8863398481167075,-0.2823398481167074
1.216,1.82352905574581,-0.60752905574581
1.563,1.997685336127522,-0.434685336127522
2.553,3.2202190237322643,-0.6672190237322644
1.355,2.2643669880856963,-0.9093669880856963
1.042,1.6639745895848037,-0.6219745895848037
1.465,2.0285220347115676,-0.5635220347115675
0.675,1.252598125046702,-0.5775981250467019
1.545,1.784117861077586,-0.23911786107758615
1.62,1.9651175649058785,-0.3451175649058784
2.14,2.3305162230420917,-0.1905162230420916
2.53,2.7068362634617893,-0.1768362634617895
1.918,2.2218801099478798,-0.30388010994787984
1.775,1.579180018280718,0.19581998171928183
2.578,2.4407030002455654,0.13729699975443443
2.271,2.0711872286547663,0.19981277134523356
3.254,2.559783741745396,0.6942162582546039
1.841,2.1840341005691157,-0.34303410056911576
1.654,2.2088560213376667,-0.5548560213376668
2.203,2.0611138004168477,0.14188619958315218
1.602,1.9078246982386629,-0.30582469823866276
1.414,1.9869105626529588,-0.5729105626529589
1.141,1.382668342132611,-0.2416683421326109
1.292,1.3711700178209263,-0.07917001782092625
1.406,1.2422252475215851,0.16377475247841478
1.681,1.4763857616241016,0.20461423837589843
3.247,2.912604706801649,0.3343952931983507
2.159,2.1550220238647464,0.003977976135253414
1.964,2.3606608241815485,-0.3966608241815486
1.919,1.9913209369550326,-0.07232093695503261
3.431,3.2448474159138456,0.18615258408615443
3.441,2.748465571087515,0.6925344289124848
1.964,2.3158230681979983,-0.35182306819799836
2.027,1.855916262959341,0.17108373704065905
2.084,2.1435182845368628,-0.0595182845368627
3.344,2.9009817287742625,0.44301827122573734
2.469,1.7655848601312831,0.7034151398687167
2.598,2.340433801843979,0.25756619815602066
2.692,1.9954399015304851,0.696560098469515
2.012,1.8538270278892355,0.15817297211076453
2.167,1.9259248899999337,0.2410751100000661
3.846,2.9646655489416087,0.8813344510583914
2.211,1.6525719505693348,0.558428049430665
2.935,2.310505228446333,0.6244947715536671
2.426,1.763475927390102,0.6625240726098982
1.722,1.967201831298642,-0.24520183129864193
1.697,1.8401741044970046,-0.14317410449700452
1.906,2.3601495226563243,-0.45414952265632436
1.631,2.292725197072842,-0.6617251970728419
1.612,1.8160538638979395,-0.20405386389793945
1.683,2.08732616634692,-0.40432616634691976
1.612,2.1038213517615003,-0.4918213517615002
1.783,2.2102856876274837,-0.42728568762748376
1.83,2.236736813304285,-0.4067368133042848
1.932,2.171263354451813,-0.23926335445181302
1.65,1.7567387441832425,-0.10673874418324258
1.578,2.200052966768201,-0.6220529667682009
1.299,1.8119153147367926,-0.5129153147367926
1.24,1.4877090336068228,-0.24770903360682284
1.375,1.5840372271461414,-0.20903722714614137
2.583,1.5770443955733318,1.0059556044266684
3.5,1.4228498804892915,2.0771501195107085
1.648,1.518995639274732,0.129004360725268
1.57,1.9084249470361305,-0.33842494703613046
1.755,2.0816970496542178,-0.32669704965421786
1.694,1.7678174096216663,-0.07381740962166639
1.593,2.033462751287129,-0.4404627512871291
1.672,2.038162937198902,-0.3661629371989019
1.854,1.9610650387980828,-0.10706503879808271
2.221,2.1766568108875033,0.044343189112496795
2.333,1.17119282369315,1.1618071763068503
1.888,1.8107042873947798,0.07729571260522006
2.446,2.612510398720844,-0.1665103987208436
1.943,1.5593411778220936,0.3836588221779065
2.029,2.3578760100662177,-0.3288760100662178
1.903,1.8312840878778953,0.07171591212210471
1.413,1.504959268062671,-0.09195926806267107
2.133,2.164978929713294,-0.03197892971329397
2.402,2.5995192270516276,-0.1975192270516275
2.759,2.6499651112839153,0.10903488871608458
2.405,2.353134511593151,0.051865488406849014
2.891,2.9556103440332686,-0.0646103440332686
3.813,3.387792519462857,0.4252074805371433
3.309,3.0726442521542867,0.23635574784571345
1.903,2.165826014217728,-0.2628260142177279
1.862,1.6701469021044697,0.1918530978955304
1.726,2.098861173402474,-0.37286117340247404
1.878,2.1578748738491753,-0.2798748738491754
1.762,1.8361885228608186,-0.07418852286081856
1.905,2.4081094088449695,-0.5031094088449695
3.13,3.141735010373452,-0.011735010373452148
2.557,2.7195296440928236,-0.16252964409282367
2.144,1.9370881479638107,0.20691185203618945
3.415,3.173632313266494,0.24136768673350595
2.652,2.387289472440747,0.2647105275592532
2.656,2.777824145919279,-0.12182414591927904
2.318,2.6223791003820107,-0.30437910038201066
2.542,2.523745865765895,0.018254134234104935
1.92,1.6328932827801554,0.2871067172198445
2.483,2.0621148307840995,0.4208851692159006
2.241,1.6231979102067706,0.6178020897932295
2.521,2.6241525022078376,-0.10315250220783767
1.354,1.5477302614472097,-0.19373026144720962
1.565,2.08477004385479,-0.5197700438547899
1.617,1.788265824758109,-0.17126582475810892
0.915,1.6585906257151375,-0.7435906257151375
1.783,2.2358721797255745,-0.4528721797255746
1.974,2.200542839652056,-0.2265428396520559
1.91,1.7537441613619147,0.15625583863808523
2.486,2.553364421888766,-0.06736442188876568
1.428,1.8730091702155125,-0.44500917021551256
1.469,1.6575667129225433,-0.18856671292254323
1.992,2.250401999116903,-0.2584019991169031
2.131,2.118357292252287,0.012642707747712922
1.5,1.4064897332610302,0.09351026673896978
1.709,2.136459710600813,-0.4274597106008131
1.792,2.253132302945477,-0.461132302945477
1.479,1.723550512159867,-0.244550512159867
1.403,2.0806098191788958,-0.6776098191788957
1.404,2.1972700417628013,-0.7932700417628014
1.45,1.810055981698801,-0.36005598169880115
1.462,1.6592738183016849,-0.1972738183016849
1.292,1.3472677290153077,-0.05526772901530763
1.643,2.058692441050878,-0.41569244105087777
1.423,1.7629724760081804,-0.33997247600818037
1.676,2.0921622941229834,-0.41616229412298344
1.836,1.9217593535968893,-0.08575935359688924
3.047,2.42075488742604,0.6262451125739603
1.702,2.405356854335401,-0.703356854335401
1.8,2.049098409839725,-0.2490984098397251
3.453,2.0311881999703933,1.4218118000296065
1.856,2.5304915367347913,-0.6744915367347912
1.41,1.7669220615427257,-0.35692206154272577
1.432,1.6436819962994966,-0.2116819962994967
1.311,1.7955830022932018,-0.48458300229320184
1.46,1.4243439857986278,0.03565601420137221
1.438,1.8912039029070984,-0.45320390290709844
1.5,2.4513354998625783,-0.9513354998625783
1.523,1.777924429080699,-0.2549244290806991
1.573,1.8909395114236762,-0.31793951142367627
1.833,2.1155005829188527,-0.2825005829188527
1.491,1.8525635821589197,-0.3615635821589196
1.44,1.8590382520555875,-0.41903825205558753
1.975,1.8010796238538176,0.1739203761461825
1.65,2.1542001674266666,-0.5042001674266667
1.693,1.9985507952133394,-0.3055507952133394
2.373,1.9111915451729051,0.4618084548270951
2.444,2.286338885931974,0.15766111406802574
2.046,2.2597595956296908,-0.21375959562969093
1.785,2.0740266200266926,-0.28902662002669266
1.944,2.097023463841775,-0.1530234638417749
1.75,2.2100904089912503,-0.4600904089912503
2.159,2.341217416473564,-0.18221741647356415
2.572,2.391555192714376,0.18044480728562418
1.667,1.906215972040838,-0.239215972040838
2.169,2.3593388198554184,-0.19033881985541834
2.603,1.6644778543954135,0.9385221456045867
2.337,2.113018650573031,0.22398134942696935
2.409,2.6562035294183044,-0.2472035294183046
2.599,2.5380100544154804,0.060989945584519756
2.224,2.7047107273282576,-0.48071072732825737
2.714,2.6074940050294764,0.1065059949705236
2.907,2.50846539249234,0.3985346075076599
2.441,2.3066058305998673,0.1343941694001325
2.762,2.7460328789083928,0.01596712109160725
2.939,2.7011615272425513,0.23783847275744874
3.05,2.3498932794041845,0.7001067205958154
2.675,3.0045247528758923,-0.32952475287589245
2.095,2.1150747396819805,-0.020074739681980258
2.683,2.835363818244371,-0.15236381824437117
1.722,2.450629345813417,-0.7286293458134172
2.698,2.525330480279464,0.1726695197205359
2.968,2.5076800539839574,0.46031994601604254
1.325,2.012637041736154,-0.6876370417361539
1.2,2.0370489192597123,-0.8370489192597124
1.621,2.1300154638506217,-0.5090154638506217
1.183,1.54896883040441,-0.36596883040441
1.369,2.2605346875419494,-0.8915346875419494
1.531,2.0135466660797072,-0.4825466660797073
1.327,1.7981192349959327,-0.4711192349959328
0.987,1.8520375257187969,-0.8650375257187969
1.488,2.488291291003443,-1.000291291003443
1.17,2.0268611081502126,-0.8568611081502127
1.465,2.3176496847204326,-0.8526496847204326
1.878,2.1201321619932374,-0.2421321619932375
2.492,1.707046085835416,0.784953914164584
2.662,2.4794369403459973,0.18256305965400266
1.171,2.1400970732370403,-0.9690970732370403
2.519,2.414113531339214,0.10488646866078621
2.408,2.3061262182020794,0.1018737817979205
1.951,1.9596863522035752,-0.008686352203575165
1.832,1.9470098935672087,-0.11500989356720859
2.508,2.1500397038090093,0.3579602961909907
1.393,1.0658542337501342,0.3271457662498658
1.729,1.9781291161461292,-0.2491291161461291
2.138,1.9224728616330269,0.21552713836697301
1.737,2.109344272541045,-0.37234427254104485
1.6,1.7866528703380535,-0.18665287033805344
1.833,2.2877590647010013,-0.45475906470100136
1.74,1.8014820211091955,-0.06148202110919554
1.761,1.843908545277115,-0.082908545277115
1.886,2.1321509157460206,-0.24615091574602066
1.688,1.8504363271423745,-0.16243632714237455
2.017,2.3762823331007934,-0.3592823331007935
2.446,2.2762165222655204,0.16978347773447977
2.462,2.5361460906936086,-0.07414609069360845
2.667,2.7814578489220803,-0.11445784892208044
2.878,2.2419776371390343,0.6360223628609658
1.513,1.9576949073480137,-0.44469490734801376
2.28,2.1042942184572317,0.17570578154276806
2.417,2.370564561051735,0.04643543894826463
2.1,2.3390988632958676,-0.2390988632958675
1.719,1.8708618851609806,-0.15186188516098054
1.406,1.9633216721418143,-0.5573216721418144
1.388,2.1698767516779744,-0.7818767516779745
1.333,2.201519828838691,-0.8685198288386908
1.341,1.9691832285046367,-0.6281832285046367
1.644,1.8110334183655612,-0.1670334183655613
2.954,2.1684596346323985,0.7855403653676016
1.313,2.0828584203381353,-0.7698584203381353
1.575,2.2728060779132844,-0.6978060779132844
2.326,2.5499838995892343,-0.22398389958923426
1.229,2.22415251168044,-0.9951525116804398
1.125,1.9916799512661703,-0.8666799512661703
2.625,2.290540768045387,0.33445923195461313
2.688,2.2845384605111536,0.40346153948884655
3.648,3.039121480631478,0.6088785193685222
2.083,1.338357478835058,0.7446425211649421
2.695,1.2030108062471387,1.491989193752861
1.733,1.5558195788248343,0.17718042117516575
1.563,0.9231185986721926,0.6398814013278074
1.833,1.3458841326002007,0.4871158673997993
2.753,2.057444825318066,0.695555174681934
1.875,1.3905089280414078,0.4844910719585922
2.821,1.5725677494084116,1.2484322505915886
1.427,1.3804962721474898,0.046503727852510224
0.854,1.028534935679064,-0.17453493567906408
1.094,0.9602974399237914,0.13370256007620873
0.964,1.730459528567668,-0.7664595285676681
0.947,1.0271952219838578,-0.08019522198385787
1.133,0.69980828062541,0.43319171937459
0.773,0.9502748660851779,-0.17727486608517784
0.771,1.271760259056924,-0.5007602590569239
0.889,1.423156350918556,-0.5341563509185561
1.164,1.0464034865835898,0.11759651341641009
0.85,0.5276036825632591,0.3223963174367409
1.312,1.296340111918374,0.015659888081626105
0.713,1.0605252327451733,-0.34752523274517333
0.75,1.2345596643289989,-0.4845596643289989
0.872,1.0681427710831426,-0.1961427710831426
1.167,0.7424033994751524,0.4245966005248476
0.852,0.6023998760010627,0.24960012399893727
1.125,1.2943337417548642,-0.16933374175486415
1.219,1.4488267709170546,-0.2298267709170545
0.919,1.1652701142448345,-0.24627011424483447
0.902,1.2329915485628353,-0.3309915485628353
1.565,1.2720143871361056,0.29298561286389435
0.927,1.1498930755035794,-0.2228930755035794
0.815,1.1312819054378567,-0.3162819054378567
1.795,1.8370888976617912,-0.04208889766179125
2.688,1.1192587996451637,1.5687412003548364
1.609,1.5085983960725082,0.10040160392749176
1.744,1.5317293246157595,0.2122706753842405
1.767,1.3788013602353308,0.38819863976466906
1.702,1.0909992272463085,0.6110007727536915
1.563,0.7784853036304595,0.7845146963695404
1.741,1.8317106656061215,-0.0907106656061214
2.486,2.2901530549354687,0.19584694506453149
4.35,3.4827106046213707,0.8672893953786289
1.611,1.157084825091324,0.45391517490867606
1.559,2.0171335813343796,-0.45813358133437965
2.125,1.607181936859189,0.5178180631408109
1.293,1.4285365733924422,-0.1355365733924423
1.875,1.4827683395694227,0.39223166043057733
2.2,1.5561886375415663,0.6438113624584338
1.714,1.902426205500304,-0.1884262055003041
1.875,1.5078917717784293,0.36710822822157074
1.519,1.4325025291306073,0.08649747086939263
1.975,1.7045446989590785,0.27045530104092164
1.955,1.7877520089348855,0.16724799106511457
1.313,1.65457613985048,-0.34157613985047997
1.377,1.4891811227823928,-0.11218112278239278
1.254,1.4195462473775917,-0.16554624737759172
1.75,1.3334126630252945,0.4165873369747055
1.422,1.3908590633395832,0.03114093666041673
1.969,1.5375204526825044,0.4314795473174957
1.501,1.8298192994185274,-0.3288192994185275
1.464,1.8537262885226686,-0.38972628852266866
1.628,1.7491623783069261,-0.12116237830692622
1.291,1.409991531260229,-0.11899153126022899
1.5,1.78458057362636,-0.28458057362636
1.625,1.2304879535136863,0.39451204648631366
1.475,1.484555513253003,-0.009555513253002967
1.356,1.2134262486657954,0.1425737513342047
1.462,2.392978979237296,-0.930978979237296
1.824,2.851928262057572,-1.027928262057572
1.581,2.1426158393809587,-0.5616158393809587
1.097,1.67730788737519,-0.5803078873751901
0.875,0.5983232033198418,0.2766767966801582
0.927,0.9867106816197386,-0.05971068161973858
0.814,1.1998650376349214,-0.3858650376349214
1.45,1.585831681532721,-0.13583168153272096
1.46,1.5463370295161742,-0.08633702951617428
1.609,1.307678585005474,0.301321414994526
1.145,1.7799655265656562,-0.6349655265656562
1.104,1.198425210385646,-0.094425210385646
1.105,1.667038720826001,-0.5620387208260009
1.064,1.658904670096341,-0.594904670096341
1.621,1.6481453105299215,-0.02714531052992153
1.376,1.870168281363367,-0.4941682813633672
1.383,1.8096089356376406,-0.4266089356376406
1.884,2.0313635083133885,-0.14736350831338862
2.25,0.9823642713472642,1.2676357286527358
1.385,1.3233386411166101,0.06166135888338986
1.481,1.928134828713528,-0.44713482871352794
2.905,2.6484545557227963,0.2565454442772035
1.851,2.24944322025994,-0.39844322025993995
1.994,2.6699853649507443,-0.6759853649507443
0.949,1.2943721349848283,-0.3453721349848283
1.496,1.344696204904451,0.15130379509554892
1.609,1.4067937560237118,0.20220624397628817
1.143,1.3622018648587495,-0.21920186485874948
1.303,1.351159826443899,-0.048159826443899156
1.637,1.8273347469275338,-0.19033474692753383
1.128,1.465074127110437,-0.33707412711043716
1.127,1.0860570892142056,0.04094291078579437
1.074,1.002438469540726,0.07156153045927405
1.555,1.5925047712049063,-0.03750477120490636
1.212,1.4923546829184136,-0.2803546829184136
1.186,1.074968414212628,0.11103158578737204
1.173,1.7944639965200953,-0.6214639965200952
1.143,1.2906203128498075,-0.14762031284980748
1.632,1.7488308032875974,-0.11683080328759754
1.215,1.1188034294538447,0.09619657054615538
1.375,1.3993217699259548,-0.024321769925954806
1.452,1.5889038378859686,-0.1369038378859686
1.279,1.6250301026595928,-0.3460301026595929
1.798,1.0161957535351958,0.7818042464648043
1.142,2.0591843965950067,-0.9171843965950068
1.006,1.3966320657135451,-0.39063206571354514
1.031,1.309052149288765,-0.2780521492887651
1.271,0.517980717838292,0.7530192821617079
1.091,1.3858795501757235,-0.29487955017572354
0.905,1.0204902445238866,-0.11549024452388656
1.07,1.054168524549733,0.015831475450267085
1.356,1.3317149044731196,0.024285095526880518
1.06,1.5598121793539361,-0.49981217935393607
0.866,1.2731084109186508,-0.4071084109186508
1.19,1.4718452438672927,-0.2818452438672927
1.102,1.2476140193139094,-0.14561401931390927
1.081,1.5115084909258307,-0.43050849092583077
1.514,2.0633744101421687,-0.5493744101421687
1.381,1.6149064727021378,-0.23390647270213782
1.52,1.8845419417523201,-0.36454194175232013
1.494,1.275850919451802,0.21814908054819804
1.115,1.345216162621831,-0.2302161626218311
0.983,1.5208066463838144,-0.5378066463838144
0.755,1.2241261645853982,-0.46912616458539824
1.099,1.5345549536502212,-0.43555495365022123
1.25,1.0374316867241733,0.2125683132758267
1.06,1.4280950411973548,-0.3680950411973547
1.023,1.4405401364648274,-0.41754013646482746
1.2,1.2704980743706242,-0.07049807437062428
1.5,1.5531135300983605,-0.053113530098360506
1.25,1.7061716857494758,-0.45617168574947575
0.883,1.235949306767,-0.352949306767
0.818,0.9650816762650676,-0.14708167626506763
0.839,1.3479245898136518,-0.5089245898136519
0.59,1.0682046717619744,-0.47820467176197445
0.813,1.504551174350989,-0.691551174350989
0.777,1.4827794264947387,-0.7057794264947387
0.958,0.7990003536532497,0.15899964634675023
0.75,0.8729267848731699,-0.12292678487316988
0.699,1.1707156497249254,-0.4717156497249254
0.813,0.8317908627436328,-0.01879086274363284
0.675,1.0290152433014463,-0.3540152433014463
0.996,1.5665458588260492,-0.5705458588260492
0.7,1.2751141485834556,-0.5751141485834557
1.875,0.6098614108067757,1.2651385891932243
0.825,0.7184878253297851,0.1065121746702149
1.625,0.6382461452528267,0.9867538547471733
0.906,1.1387561491115326,-0.23275614911153253
1.375,1.6860669314231975,-0.3110669314231975
0.907,1.528322906935968,-0.621322906935968
0.955,1.2054578653950305,-0.25045786539503057
1.722,3.281139277191472,-1.559139277191472
1.107,1.5825023770166038,-0.4755023770166038
1.303,1.1933345745679182,0.10966542543208169
0.825,1.2847315750374375,-0.45973157503743756
0.763,1.3101444676330203,-0.5471444676330203
0.813,0.9576228733510304,-0.1446228733510304
1.19,1.28074575116259,-0.09074575116258998
1.892,1.3207994901900055,0.5712005098099944
2.75,0.7466084992101447,2.0033915007898555
1.07,1.1843542837127052,-0.11435428371270517
0.955,1.212714385565405,-0.25771438556540505
0.883,1.3763244938400507,-0.4933244938400507
0.694,0.8929465847171598,-0.19894658471715987
4.5,0.9128864448664782,3.587113555133522
0.675,1.7602568007729698,-1.0852568007729697
0.65,1.079963605384247,-0.42996360538424694
0.588,1.087482912961243,-0.49948291296124314
0.738,1.081488723264242,-0.34348872326424207
0.809,1.1377552959671025,-0.3287552959671024
0.749,1.1999612101134247,-0.4509612101134247
0.795,1.140522020409683,-0.34552202040968305
0.737,1.2069712372817878,-0.4699712372817878
0.813,1.0567699784108124,-0.2437699784108125
0.6,1.5511553561963263,-0.9511553561963263
0.75,0.9173451089731046,-0.16734510897310462
0.541,0.9992988035152068,-0.4582988035152068
1.293,1.4204684121987339,-0.12746841219873395
0.629,1.2905791643283242,-0.6615791643283242
0.821,1.2990120321384069,-0.47801203213840693
0.68,1.41199261288184,-0.73199261288184
0.584,1.2432289385879725,-0.6592289385879725
0.6,0.9365410188654004,-0.33654101886540044
1.459,1.808697069847141,-0.3496970698471409
1.22,1.0368317069508755,0.18316829304912452
0.636,1.1143787255103583,-0.4783787255103583
1.293,1.60247292390889,-0.30947292390889003
1.422,1.933017678633601,-0.5110176786336011
0.934,1.0573615216427443,-0.12336152164274428
1.039,0.9967342407082214,0.04226575929177856
0.974,1.4616698063748157,-0.4876698063748157
1.029,1.6091542685905642,-0.5801542685905643
0.815,1.1573917482569334,-0.3423917482569334
1.113,1.0481074821071048,0.06489251789289519
0.995,1.0324523985698366,-0.03745239856983662
1.748,1.4518248658737378,0.2961751341262622
1.278,1.1932202076584328,0.08477979234156718
0.875,0.44871284264389044,0.42628715735610956
1.375,0.6050833805906259,0.7699166194093741
1.161,1.5960079098514208,-0.4350079098514208
1.436,1.12884657926517,0.3071534207348299
1.705,1.7320429075774344,-0.027042907577434327
2.013,1.1195435967672358,0.8934564032327641
0.968,1.0005529782086926,-0.03255297820869263
0.843,0.919066927657946,-0.07606692765794598
0.792,0.7271302411372826,0.0648697588627174
1.542,2.4291481029949225,-0.8871481029949224
0.818,1.04115871678465,-0.22315871678465016
0.879,1.4773831157830881,-0.5983831157830881
1.75,1.7091765640916836,0.040823435908316386
1.786,1.6742539643706889,0.11174603562931118
1.714,1.6002997384398192,0.11370026156018076
1.938,1.5966084287119953,0.3413915712880047
2.043,1.7560561908961647,0.28694380910383543
1.425,2.0827101183526815,-0.6577101183526814
0.862,1.2923586372500262,-0.4303586372500262
1.336,1.975113149773374,-0.639113149773374
1.958,1.1004039523963702,0.8575960476036297
1.231,1.53848829383988,-0.30748829383987997
1.805,1.1432059758127497,0.6617940241872502
0.654,1.0148767721757956,-0.3608767721757956
1.661,0.7212259717400809,0.9397740282599192
1.548,1.5437217308281213,0.00427826917187879
1.297,1.2776386597208862,0.019361340279113737
1.214,1.0196036999156428,0.19439630008435715
0.828,1.0952262598649738,-0.26722625986497384
0.919,1.377452540305183,-0.4584525403051829
0.979,1.1256630091789215,-0.1466630091789215
1.292,1.6599663260811766,-0.3679663260811765
1.875,2.00978840986365,-0.13478840986365004
1.252,1.4523529648409705,-0.20035296484097054
1.152,1.5737724405757154,-0.4217724405757155
1.281,1.6354412045311482,-0.35444120453114825
0.927,1.3561464461186852,-0.42914644611868513
1.456,1.6231335561113893,-0.16713355611138936
1.619,2.2451188868251752,-0.6261188868251752
0.865,1.2580419872664756,-0.39304198726647566
1.0,1.77900892740872,-0.77900892740872
1.125,1.288669543267667,-0.16366954326766692
1.625,1.545853303460584,0.07914669653941608
1.708,1.6209670029308012,0.08703299706919876
1.625,1.833335014212952,-0.20833501421295209
0.735,1.9819125830612732,-1.246912583061273
0.742,1.4434260841801365,-0.7014260841801365
0.75,2.4298279139243153,-1.6798279139243153
1.125,1.2261963240359384,-0.10119632403593837
0.95,1.4637380434799119,-0.5137380434799119
0.715,0.9427455139703742,-0.22774551397037424
1.06,1.5188530787067274,-0.4588530787067273
0.821,1.380711565496789,-0.559711565496789
1.155,1.5233858511573422,-0.3683858511573421
1.418,1.3344623140383698,0.08353768596163014
1.569,0.8699562137055645,0.6990437862944354
1.75,2.2381082867556623,-0.4881082867556623
2.75,1.332627231506985,1.417372768493015
2.5,1.2036566465442662,1.2963433534557338
1.575,1.3407252796924494,0.2342747203075506
1.25,1.5741121415836863,-0.3241121415836863
1.391,1.1868701607424703,0.2041298392575297
1.359,1.42585293574796,-0.06685293574795992
1.375,1.145995089456227,0.22900491054377303
0.963,1.330387809995657,-0.367387809995657
1.083,1.4156551750743154,-0.3326551750743154
0.906,1.1256500663048052,-0.2196500663048052
1.813,0.8624631523087163,0.9505368476912837
1.648,2.5658457997923887,-0.9178457997923888
1.458,1.5528002377752854,-0.09480023777528546
1.313,1.7517441369935285,-0.43874413699352854
1.607,1.7176027425431803,-0.11060274254318037
1.103,1.243476652101518,-0.14047665210151794
1.594,1.3361215969938711,0.25787840300612896
1.456,1.691227578155509,-0.2352275781555091
1.336,1.1661104350162363,0.16988956498376373
1.225,1.2935585189724126,-0.0685585189724125
0.828,1.1290598318193443,-0.30105983181934437
0.764,1.1946897208884226,-0.4306897208884226
0.695,1.065370417143591,-0.370370417143591
0.894,1.1860526906306772,-0.2920526906306772
0.615,1.0251525606255494,-0.4101525606255494
1.046,1.188540775950798,-0.14254077595079795
1.271,1.4180703451278194,-0.14707034512781947
1.275,1.0380460950145478,0.2369539049854521
0.931,0.7949114364559109,0.13608856354408916
0.973,1.3030914746095106,-0.3300914746095106
0.857,1.1198358703946036,-0.26283587039460365
0.861,0.8257343619807127,0.03526563801928728
1.224,1.5748066713761029,-0.3508066713761029
1.658,1.7635538859217694,-0.10555388592176951
1.5,2.0260186943409035,-0.5260186943409035
1.354,1.8993154944910406,-0.5453154944910406
1.185,1.5639557223014622,-0.37895572230146213
1.384,1.12242363345865,0.26157636654134997
1.065,1.0040321350998247,0.06096786490017525
1.5,1.6339032628259953,-0.1339032628259953
1.248,1.609539753916299,-0.361539753916299
1.268,1.624711634361966,-0.35671163436196607
1.984,1.8703401211453103,0.11365987885468964
1.107,1.1399183540612257,-0.032918354061225674
1.038,0.7240618400895231,0.3139381599104769
0.718,2.051326142149168,-1.333326142149168
0.971,0.7915381280086564,0.17946187199134356
0.725,0.49270105417725985,0.23229894582274013
0.735,0.6252708446423854,0.10972915535761463
0.74,1.1780926579609508,-0.43809265796095076
0.653,0.7418667890117625,-0.08886678901176248
0.683,1.037368971708409,-0.35436897170840886
0.615,0.77420924662353,-0.15920924662352998
0.652,0.6474551596630584,0.00454484033694158
0.641,0.6936175467157897,-0.052617546715789665
0.795,0.630934289866034,0.1640657101339661
0.634,0.9132755873662521,-0.27927558736625213
0.838,0.5041526503051532,0.33384734969484675
0.988,1.2725902696246327,-0.28459026962463274
0.659,0.9819422674965392,-0.3229422674965392
0.53,0.4945241534793119,0.03547584652068814
2.25,0.4228529513657051,1.827147048634295
0.942,1.4066655414544351,-0.46466554145443517
1.175,1.6232571012891261,-0.4482571012891261
0.972,1.029388340655414,-0.057388340655414094
1.001,1.392258223541596,-0.391258223541596
1.238,1.3727128435264442,-0.1347128435264442
0.997,1.3472840320974115,-0.35028403209741155
1.797,1.0327179367276484,0.7642820632723515
0.891,0.7941238118228624,0.09687618817713761
1.417,1.3688764583521558,0.04812354164784427
1.107,1.4037389017170696,-0.2967389017170696
0.929,1.0691804185628522,-0.14018041856285213
0.962,1.6776195153104188,-0.7156195153104188
0.946,1.1693998630173215,-0.2233998630173215
1.152,1.4490894752771892,-0.2970894752771893
1.123,1.2268690056908007,-0.10386900569080071
1.34,0.4801624762431522,0.8598375237568479
1.024,1.1540989052053385,-0.1300989052053385
1.148,0.7793398218796106,0.3686601781203893
1.249,1.7561513490272018,-0.5071513490272017
1.014,1.5097855421460546,-0.49578554214605464
0.616,0.4609236046675631,0.1550763953324369
0.641,0.5452519006172452,0.09574809938275486
1.0,1.5580991426933448,-0.5580991426933448
0.58,0.5169362976890601,0.06306370231093983
0.725,0.8169606943684793,-0.09196069436847931
0.712,0.9034526478184952,-0.19145264781849525
0.979,1.2806937665637084,-0.3016937665637084
0.62,0.9494444333282046,-0.3294444333282046
0.675,1.7511696542397184,-1.0761696542397183
1.104,0.8628368591715958,0.2411631408284043
0.86,1.2303223180446659,-0.37032231804466587
1.188,0.7276016332672777,0.4603983667327223
1.0,1.2374909954822102,-0.2374909954822102
1.063,0.9056751591896814,0.1573248408103185
0.982,1.1150406356183145,-0.13304063561831447
2.583,0.564234824520141,2.0187651754798592
1.375,1.1382509273709338,0.2367490726290662
0.727,0.5367400621862772,0.19025993781372275
0.94,0.5030039962955888,0.43699600370441116
0.823,0.7576975265412134,0.06530247345878659
0.791,1.0007425374489953,-0.2097425374489953
0.798,0.6050653521635245,0.19293464783647551
1.063,3.5223009214609178,-2.459300921460918
0.839,0.6605374944391891,0.1784625055608109
0.922,0.5200669507985114,0.40193304920148865
0.813,0.673277832683562,0.13972216731643794
0.848,0.9184098886331165,-0.07040988863311648
0.556,0.8732343448109767,-0.3172343448109767
0.875,0.3128202801245068,0.5621797198754932
1.379,0.7293090622609872,0.6496909377390128
0.877,0.7501413773214431,0.12685862267855685
1.043,0.9808002313564508,0.06219976864354915
0.637,0.541447175047947,0.09555282495205297
0.705,1.1519100981621642,-0.4469100981621642
1.288,1.3084547403374611,-0.020454740337461086
0.608,0.48339312633873677,0.12460687366126322
0.519,0.6520896029336938,-0.13308960293369376
0.541,0.578059173943311,-0.03705917394331093
0.889,0.5254802509288425,0.36351974907115747
0.844,0.6863463945883861,0.15765360541161388
0.736,1.0492472000361908,-0.3132472000361908
0.632,0.585854523314743,0.046145476685257036
0.649,0.37781991024131933,0.2711800897586807
0.551,0.4274789636098242,0.12352103639017586
0.647,0.6146911467800413,0.03230885321995869
0.516,0.3710556333203694,0.14494436667963062
0.592,0.586395427838168,0.005604572161831967
0.59,0.3604419284987177,0.22955807150128227
0.55,0.3962822557511567,0.15371774424884332
0.682,0.6767886625537476,0.005211337446252462
0.444,0.35498785481104544,0.08901214518895456
0.633,0.5339563149116857,0.09904368508831429
0.584,0.3976926981558955,0.1863073018441045
0.684,0.6261644390941918,0.057835560905808214
0.582,0.37962679060909665,0.2023732093909033
0.917,0.8490965093950831,0.06790349060491696
0.772,0.5958513220005774,0.17614867799942258
0.608,0.3970830724104535,0.2109169275895465
0.574,0.6980272499986371,-0.12402724999863712
0.627,1.0367085775696945,-0.4097085775696945
0.864,0.5484188109562083,0.31558118904379173
0.544,0.4184130751790134,0.12558692482098666
0.798,0.48477997349393687,0.3132200265060632
0.542,0.19852724062965832,0.3434727593703417
0.595,0.7044144187244021,-0.10941441872440216
0.535,0.6514731448917008,-0.1164731448917008
0.904,1.4121791198298546,-0.5081791198298545
0.889,0.9260538209476157,-0.03705382094761567
0.931,1.0641976020937975,-0.1331976020937975
0.912,0.6459851281356337,0.26601487186436634
1.021,0.538490867626849,0.48250913237315096
0.717,0.5215524379235956,0.19544756207640435
0.813,0.4984656047960938,0.31453439520390614
0.942,0.5988929294947947,0.3431070705052053
0.888,0.7319147730140472,0.15608522698595284
0.66,1.0828562988176968,-0.4228562988176968
0.75,0.9372626750571129,-0.18726267505711292
0.792,0.8443969057304046,-0.052396905730404564
0.792,0.8007664875312497,-0.008766487531249645
0.847,0.5683808484533439,0.27861915154665606
0.55,0.8971068378445681,-0.3471068378445681
0.65,0.5587305331218375,0.09126946687816251
0.737,0.48801527266257505,0.24898472733742494
0.496,0.7857553818098606,-0.2897553818098606
0.615,0.610380958593308,0.004619041406692004
0.488,0.7327372208058593,-0.24473722080585936
0.567,0.3669064907616335,0.20009350923836644
0.375,0.9279585519624514,-0.5529585519624514
0.14999,1.1021556366028067,-0.9521656366028066
0.413,1.7741163633078032,-1.3611163633078032
0.645,1.242838362001561,-0.597838362001561
0.675,1.7317456261792321,-1.056745626179232
0.875,1.2429207431800358,-0.36792074318003576
0.8,1.8635822229088705,-1.0635822229088705
0.852,1.0738485086488438,-0.22184850864884387
1.188,0.5501450315394616,0.6378549684605384
1.433,0.5398361826394305,0.8931638173605696
1.397,1.0207817100809118,0.37621828991908823
1.471,1.3308231047524857,0.14017689524751442
1.188,0.8454819835862888,0.34251801641371116
0.591,0.705580122651845,-0.11458012265184503
0.574,0.7594520228611947,-0.18545202286119478
0.583,0.6590767444594805,-0.07607674445948054
0.656,0.9225489756721295,-0.26654897567212943
1.091,1.1578119889683656,-0.0668119889683656
0.417,0.5883403637235749,-0.17134036372357492
1.0,0.9283077752442441,0.07169222475575587
1.063,1.461883158160296,-0.39888315816029607
0.492,0.8584329263496162,-0.3664329263496162
0.62,1.144660257529795,-0.5246602575297951
1.103,1.2246875499107783,-0.12168754991077835
0.935,1.1010078941919805,-0.16600789419198048
1.089,1.6938887022403617,-0.6048887022403617
0.674,0.9351708387305315,-0.2611708387305315
0.804,1.3567590192548131,-0.5527590192548131
0.953,0.9433780003466505,0.009621999653349422
0.72,1.1926672043490392,-0.4726672043490392
0.847,0.7329862743249314,0.11401372567506862
0.518,0.6444336092999348,-0.12643360929993475
0.514,0.9148936597282094,-0.40089365972820934
0.59,0.8823631152784974,-0.29236311527849745
0.591,0.7366221375705044,-0.14562213757050446
0.65,1.091792811578024,-0.44179281157802397
0.532,0.8263811425257688,-0.29438114252576875
0.503,0.6889744830642843,-0.18597448306428432
0.43,0.7790265903473719,-0.3490265903473719
0.743,1.1072089906291858,-0.36420899062918577
0.713,0.8952024168471218,-0.1822024168471218
0.576,0.7171500044981478,-0.14115000449814785
0.558,0.4799552393934554,0.07804476060654464
0.525,0.6895029583156242,-0.16450295831562423
0.517,0.6030544278214593,-0.08605442782145933
0.928,1.1724311602245785,-0.24443116022457845
0.6,0.9023543826491296,-0.3023543826491296
1.292,1.0709788600681849,0.22102113993181516
1.457,1.5950249855266152,-0.13802498552661513
0.535,0.6845095499188023,-0.14950954991880228
0.535,0.8183530261780072,-0.2833530261780072
0.58,0.6500252139168403,-0.07002521391684036
1.238,0.9473168746959815,0.2906831253040185
0.686,0.8128000974098897,-0.12680009740988962
0.696,0.9227230367579962,-0.2267230367579962
0.529,0.8625452217497145,-0.33354522174971446
0.48,0.6752949856327113,-0.1952949856327113
0.602,0.8822959713588436,-0.28029597135884365
0.533,0.7628674439881682,-0.22986744398816816
0.649,0.9737786816234177,-0.3247786816234177
0.481,0.6720554720565601,-0.19105547205656015
0.652,0.7591103200950511,-0.10711032009505106
0.684,1.3007116490911663,-0.6167116490911663
2.313,2.0937362011204517,0.2192637988795485
2.391,3.606246157367176,-1.2152461573671758
1.505,1.8273803329614333,-0.3223803329614334
1.266,1.4559595874034217,-0.18995958740342167
0.937,1.6549294133768906,-0.7179294133768905
1.056,1.1660387347486711,-0.1100387347486711
1.32,1.1005289027000722,0.21947109729992786
0.506,0.6498126339541983,-0.1438126339541983
0.71,0.8451534340741407,-0.1351534340741407
0.631,0.9659157633480879,-0.3349157633480879
0.541,0.7215679606767829,-0.18056796067678282
1.125,0.367034183245996,0.757965816754004
0.849,1.2025884482141298,-0.3535884482141298
1.548,2.1482008576223883,-0.6002008576223883
0.837,1.2179076556646349,-0.3809076556646349
0.724,1.0742758457982902,-0.3502758457982902
0.555,0.2865621363652373,0.26843786363476274
0.586,1.0426716141061636,-0.45667161410616364
0.95,1.0848016803810396,-0.13480168038103968
0.969,1.0846603613663026,-0.11566036136630264
0.927,0.976265545372057,-0.04926554537205696
0.938,0.8534267388563805,0.0845732611436194
0.765,1.0686548537098666,-0.30365485370986656
0.662,0.8367785322183612,-0.17477853221836115
0.793,1.6513975220387205,-0.8583975220387204
0.802,0.5019024097568048,0.30009759024319527
0.725,0.8050243773417192,-0.08002437734171919
0.483,0.6970017106859729,-0.21400171068597296
0.619,0.6868640996735573,-0.06786409967355733
0.57,1.0286709816969641,-0.4586709816969642
0.456,0.6587843429796558,-0.2027843429796558
0.414,0.7603502467035139,-0.34635024670351394
0.494,0.6110228526680899,-0.11702285266808987
0.541,0.5319105506810273,0.009089449318972709
0.691,1.0423580544400162,-0.3513580544400162
0.659,0.660403495004698,-0.001403495004697941
0.646,0.5813572288254683,0.06464277117453177
0.629,0.6498554065786963,-0.020855406578696334
0.669,0.8482201336823123,-0.17922013368231227
0.672,0.9917321604418958,-0.3197321604418958
0.892,1.4078812898638424,-0.5158812898638424
1.102,1.4520320986544746,-0.3500320986544745
1.131,1.7622656771410716,-0.6312656771410716
0.722,1.15172931797881,-0.42972931797881
0.846,0.9237701211298095,-0.07777012112980952
0.77,1.3793632231819468,-0.6093632231819468
0.925,1.3023676582104926,-0.37736765821049256
1.09,1.7029464581949973,-0.6129464581949973
0.888,1.0465144068413639,-0.15851440684136386
1.019,1.9417889818064902,-0.9227889818064903
0.828,1.293228767575892,-0.46522876757589204
0.973,1.5738395707480843,-0.6008395707480844
0.926,0.7749367102605458,0.15106328973945427
0.863,1.538216376452036,-0.675216376452036
1.186,2.012436116729172,-0.8264361167291723
1.773,2.063130625210194,-0.29013062521019406
0.866,0.6859236881862383,0.1800763118137617
0.838,1.5144071382969744,-0.6764071382969744
0.946,1.4394132244047868,-0.49341322440478685
0.892,1.09508391908815,-0.20308391908815004
0.828,1.305170751869381,-0.47717075186938096
0.886,1.8367736799862395,-0.9507736799862395
0.855,1.0243586510142597,-0.16935865101425973
1.213,2.0229348024006213,-0.8099348024006212
0.877,1.5241847240698787,-0.6471847240698787
0.875,1.1534095837283584,-0.27840958372835845
1.073,1.5435425107195093,-0.47054251071950937
1.13,2.047273913709173,-0.917273913709173
1.338,2.0931049607666186,-0.7551049607666185
0.934,1.1596358236947282,-0.22563582369472812
0.889,1.156954823203944,-0.2679548232039439
0.744,0.9983808423342064,-0.25438084233420644
1.156,1.8562565560144428,-0.7002565560144429
0.932,1.3810776897138088,-0.4490776897138088
1.042,0.8023268723456747,0.23967312765432536
0.892,1.039639133911722,-0.1476391339117219
1.201,0.8371396912346634,0.3638603087653367
0.736,1.19058091503907,-0.45458091503907005
1.328,0.8841953477658846,0.44380465223411547
0.683,0.747714298726825,-0.06471429872682499
0.648,1.0820416768702903,-0.43404167687029027
0.6,0.9344793001551208,-0.33447930015512084
0.546,0.7620951244898022,-0.21609512448980217
0.603,0.8296989217775579,-0.2266989217775579
0.502,0.6547217859955916,-0.1527217859955916
0.541,0.7635485592588682,-0.22254855925886818
0.902,1.3349079689223653,-0.43290796892236527
1.068,1.3305297094471742,-0.26252970944717413
0.782,1.3590199250399893,-0.5770199250399892
0.899,1.5143680078414765,-0.6153680078414765
0.67,1.2481743976757187,-0.5781743976757187
0.684,0.5769806264233857,0.1070193735766144
1.081,1.5696568430895805,-0.4886568430895806
0.954,1.3414929223911711,-0.38749292239117117
0.783,1.4327692907809735,-0.6497692907809735
0.9,1.0523064376454971,-0.15230643764549712
1.392,1.355290726020483,0.036709273979516954
0.66,0.9981331604782879,-0.3381331604782879
1.292,1.0239520643437003,0.2680479356562997
0.704,0.9201546816625736,-0.21615468166257368
1.142,1.0622965160321138,0.07970348396788607
0.556,1.217415132331591,-0.6614151323315909
0.593,0.9447262144824247,-0.3517262144824247
0.743,1.3603470811986145,-0.6173470811986145
0.477,0.935101021493602,-0.458101021493602
0.446,0.9281006711616238,-0.48210067116162375
0.495,1.1645215781439355,-0.6695215781439355
0.584,0.4911814354735229,0.09281856452647708
1.375,1.0217013145076883,0.3532986854923117
1.139,1.0257367953592862,0.11326320464071382
0.657,1.3283788067586726,-0.6713788067586726
0.991,1.1123617173156626,-0.12136171731566259
0.713,1.8399330464603816,-1.1269330464603815
0.821,2.1428294977294966,-1.3218294977294966
0.713,1.7999034963347325,-1.0869034963347324
1.289,0.9551887988747065,0.3338112011252934
0.612,1.0266963271471803,-0.4146963271471803
0.771,0.6602207725891622,0.11077922741083779
0.544,0.6798402765284823,-0.1358402765284823
0.544,0.8597327657406317,-0.3157327657406317
0.638,0.8011958878116485,-0.1631958878116485
0.745,1.27341207813098,-0.5284120781309799
0.631,0.9770211432510922,-0.34602114325109223
0.645,0.8695016704212499,-0.2245016704212499
0.833,1.3065548858204006,-0.4735548858204006
0.723,0.38604460775580707,0.3369553922441929
0.697,1.3046921144894443,-0.6076921144894444
0.508,1.0658530949138427,-0.5578530949138427
0.511,0.8094868022988035,-0.29848680229880353
0.515,1.0631098203824698,-0.5481098203824698
0.661,1.0915318359948554,-0.43053183599485534
0.678,0.3503024943816444,0.32769750561835564
1.069,1.2294496473345504,-0.16044964733455047
0.492,1.09645908588445,-0.6044590858844501
1.125,0.9200716173739631,0.20492838262603685
0.487,0.796752193342779,-0.30975219334277904
1.125,1.1054704826593253,0.01952951734067465
1.125,0.9765105825670302,0.14848941743296984
0.425,0.9024152140037518,-0.4774152140037518
0.713,0.8818546181160234,-0.16885461811602342
0.859,1.7664632965744729,-0.9074632965744729
0.409,0.9279016648292855,-0.5189016648292855
1.137,1.1334575424949416,0.0035424575050584384
0.955,0.566297430955149,0.388702569044851
0.49,0.6031428281153137,-0.11314282811531373
0.529,0.9005804932410264,-0.3715804932410264
0.415,0.8380807822630782,-0.42308078226307827
0.539,0.9246834404822728,-0.38568344048227277
0.621,0.8212457869680292,-0.2002457869680292
0.798,0.8596016219715306,-0.06160162197153052
0.985,1.2024083135838055,-0.21740831358380552
1.034,1.0603648221996085,-0.02636482219960845
0.636,0.9665162040792403,-0.3305162040792403
0.729,1.318446296390647,-0.5894462963906469
0.774,1.055847268258252,-0.281847268258252
0.992,1.4263700885399642,-0.43437008853996417
0.52,0.6532650223513952,-0.13326502235139515
0.721,1.6082741453269853,-0.8872741453269853
0.71,1.0097730492738166,-0.29977304927381665
0.762,1.092793010710404,-0.330793010710404
0.646,0.6361333669261606,0.009866633073839393
0.629,0.6924473843785703,-0.06344738437857034
0.706,1.2037022513593785,-0.4977022513593785
0.886,1.0807495266751452,-0.19474952667514522
0.555,0.8462039343025833,-0.2912039343025833
0.677,1.0369554503397649,-0.35995545033976484
0.806,1.1925013303056713,-0.38650133030567124
0.78,0.8995560891574557,-0.11955608915745564
0.776,0.9757634979584118,-0.19976349795841175
0.608,0.7118360442143081,-0.10383604421430814
0.531,0.8412472378100424,-0.3102472378100424
0.509,0.888478194634772,-0.37947819463477195
0.9,0.9320846668812104,-0.032084666881210366
0.474,1.0384216847636751,-0.5644216847636752
0.523,0.6144215209284059,-0.09142152092840583
0.514,0.771632742322444,-0.25763274232244404
0.639,1.049198977661211,-0.41019897766121094
0.426,0.6631831252475398,-0.23718312524753976
0.813,1.7400773008974528,-0.9270773008974529
0.73,1.081614516916069,-0.35161451691606893
0.519,1.038885460134953,-0.5198854601349531
0.431,0.7562321458280143,-0.32523214582801435
0.477,0.7363361771663621,-0.25933617716636215
0.531,0.6729436581723289,-0.1419436581723289
0.652,0.8668825928969945,-0.21488259289699452
0.475,1.1556283385319204,-0.6806283385319204
0.478,0.7290754326105839,-0.25107543261058396
0.51,0.7765506983316142,-0.26655069833161416
0.525,0.8571310868377404,-0.3321310868377404
0.427,0.8627849039549487,-0.4357849039549487
0.626,0.9933417755331504,-0.3673417755331504
0.583,1.3035645323480238,-0.7205645323480239
0.498,0.9475767390580137,-0.44957673905801365
0.533,0.8635481604574902,-0.33054816045749014
0.437,0.9197935386428457,-0.48279353864284574
0.495,0.8174827834074205,-0.32248278340742054
0.476,0.9049899023878583,-0.4289899023878583
0.657,1.09552497852417,-0.43852497852417005
0.517,0.8544380954389359,-0.3374380954389359
0.558,0.8845752080798124,-0.32657520807981233
0.962,1.4991378341443067,-0.5371378341443067
1.126,0.7079461521633115,0.4180538478366884
1.052,1.131340541145941,-0.07934054114594091
1.212,0.867705245613978,0.344294754386022
0.867,1.0354851615951397,-0.1684851615951397
1.232,0.9387447241743159,0.2932552758256841
2.175,0.80839788473297,1.3666021152670298
1.134,0.8602291532762143,0.2737708467237856
0.914,0.523930726721983,0.390069273278017
1.048,1.0599108152478403,-0.011910815247840212
0.875,1.7731269481215521,-0.8981269481215521
1.046,0.8920246094652948,0.15397539053470521
1.281,0.7942353808792291,0.48676461912077085
1.188,0.759714589337694,0.42828541066230597
1.391,0.8056715723694094,0.5853284276305906
1.153,0.5771030186960608,0.5758969813039392
1.86,1.1862978629197023,0.6737021370802978
1.397,1.0810228555602914,0.3159771444397086
1.113,0.9123741351653163,0.2006258648346837
1.457,1.0996285363766907,0.3573714636233094
0.998,0.8893207980336777,0.1086792019663223
1.051,0.827816515458347,0.22318348454165293
1.535,0.7397300491189802,0.7952699508810197
1.707,0.9940154697403354,0.7129845302596647
1.362,0.6916852415143993,0.6703147584856008
1.165,0.9643652137606891,0.20063478623931097
1.37,0.6463524565302032,0.7236475434697969
1.625,-0.04537683081139665,1.6703768308113967
1.158,0.8776274341167669,0.280372565883233
0.889,0.9418015265360657,-0.052801526536065735
1.325,0.9432714218987273,0.3817285781012727
1.071,1.01883140697798,0.05216859302201993
1.486,0.8281044380176792,0.6578955619823208
0.933,0.8797882534967347,0.05321174650326532
1.533,0.5666182256353465,0.9663817743646534
0.794,0.5138022664113171,0.28019773358868294
0.682,0.8134674951778131,-0.1314674951778131
1.341,0.8555868819547561,0.4854131180452439
1.125,0.23974600639723054,0.8852539936027695
1.495,0.9941067399627292,0.5008932600372709
1.189,0.5068605441440655,0.6821394558559346
1.201,0.6490949214049331,0.551905078595067
1.448,0.949036519234109,0.4989634807658909
1.0,1.4196707073678945,-0.41967070736789447
1.625,0.7535232606401823,0.8714767393598177
1.375,0.6407096175183642,0.7342903824816358
1.379,0.9286675985206487,0.4503324014793513
1.125,1.3769170341323078,-0.2519170341323078
1.375,1.7382825058717315,-0.3632825058717315
1.375,3.037383883844966,-1.6623838838449658
1.03,0.6591223175491587,0.3708776824508413
1.159,0.7450037813894312,0.4139962186105688
0.987,0.7861625509474455,0.20083744905255452
1.64,0.4917903914498023,1.1482096085501976
0.994,1.254030967249557,-0.2600309672495571
1.77,0.6123875621052954,1.1576124378947046
0.875,1.5811519181530735,-0.7061519181530735
1.154,0.9445114215292847,0.20948857847071523
1.563,2.1764049543420363,-0.6134049543420363
2.625,1.6207179345383402,1.0042820654616598
1.917,1.6249219041179037,0.2920780958820963
1.204,2.0242718111417743,-0.8202718111417744
3.75,3.0550658584399777,0.6949341415600223
3.381,2.5642367905466106,0.8167632094533892
1.879,2.6169829929450987,-0.7379829929450987
1.905,2.052560130310139,-0.14756013031013882
1.98,2.0414820472749167,-0.061482047274916685
1.734,1.993540622133037,-0.25954062213303697
2.091,2.395191476507075,-0.304191476507075
1.761,2.0436949493591197,-0.28269494935911976
1.344,1.2281076051864734,0.11589239481352664
2.303,2.3722208939618543,-0.06922089396185438
2.017,2.2804169728893653,-0.2634169728893654
1.625,2.0082801386132507,-0.3832801386132507
1.813,2.1156746059349367,-0.3026746059349368
1.84,1.8698558000699825,-0.029855800069982452
2.813,3.05856329588196,-0.24556329588196002
1.993,2.2744154996884345,-0.2814154996884344
1.833,1.84951280379302,-0.016512803793020003
1.583,1.7697921957475007,-0.18679219574750072
1.466,1.9343231291875997,-0.4683231291875998
2.148,2.319897142483338,-0.17189714248333798
1.86,2.1419532421675966,-0.28195324216759654
1.948,1.9317414244121947,0.016258575587805302
1.918,2.1112331499966532,-0.1932331499966533
2.379,2.3929172860790136,-0.013917286079013547
1.899,1.9604072553056469,-0.061407255305646835
2.603,1.880130600131071,0.7228693998689293
4.347,2.430110339426779,1.9168896605732213
2.276,2.12221102178333,0.15378897821666992
4.276,3.6450551759781877,0.6309448240218121
3.25,3.0897190300366324,0.1602809699633676
3.579,2.67526043131815,0.9037395686818503
2.979,3.0416408919995384,-0.06264089199953826
3.75,3.6748221747490954,0.07517782525090455
2.45,2.4846259133592645,-0.03462591335926435
2.25,1.9373447743169057,0.31265522568309434
1.612,2.0815042047072114,-0.4695042047072113
2.313,1.8629525066562072,0.450047493343793
5.00001,5.710376287293416,-0.7103662872934162
1.976,1.941748690738676,0.034251309261323915
2.308,1.8552973580161551,0.4527026419838447
2.431,2.2158355533364222,0.2151644466635778
2.347,1.8704683678893195,0.4765316321106805
3.13,2.7131935471963455,0.41680645280365436
2.199,2.17646231023377,0.022537689766229718
2.414,2.460936858519031,-0.046936858519031066
1.993,2.839198331343247,-0.8461983313432471
2.25,2.2190025835401093,0.030997416459890736
2.794,2.9226142422244905,-0.12861424222449047
5.00001,2.7969937973359045,2.203016202664095
2.592,1.9794960907124883,0.6125039092875117
2.242,2.7564193885429447,-0.5144193885429447
2.682,2.9894750815898545,-0.3074750815898546
2.832,3.2851395034968016,-0.45313950349680177
1.757,2.10184785817173,-0.34484785817173
5.00001,2.8876827323997833,2.1123272676002163
2.25,1.9668437703038337,0.2831562296961663
1.542,2.049161997038663,-0.5071619970386629
2.192,2.575496983573497,-0.38349698357349693
2.327,2.66058014472251,-0.33358014472250996
2.211,3.246068531065516,-1.0350685310655163
0.75,1.9537919292335806,-1.2037919292335806
2.795,2.7297261950445093,0.06527380495549062
2.348,3.2087501241783536,-0.8607501241783537
2.365,2.4205318427699662,-0.05553184276996603
2.673,3.105561638182297,-0.432561638182297
2.236,2.0285206300550245,0.20747936994497573
0.55,2.108448196841887,-1.5584481968418868
1.573,2.608603942877783,-1.035603942877783
1.452,2.2696965097748265,-0.8176965097748266
2.034,2.189600591412526,-0.15560059141252625
2.176,2.157381478773296,0.018618521226704043
1.995,2.4460592515794373,-0.45105925157943716
2.18,2.817035291661722,-0.6370352916617219
2.289,2.9598100975884747,-0.6708100975884745
2.146,2.3122299337007215,-0.1662299337007216
2.341,2.810535010521044,-0.4695350105210436
2.232,2.9998047464851902,-0.76780474648519
2.35,2.353243465477331,-0.003243465477330787
1.875,2.7417651045344886,-0.8667651045344886
2.194,2.3579529308484353,-0.16395293084843532
2.343,2.8511927617107524,-0.5081927617107524
2.293,2.4964230231099873,-0.20342302310998717
4.093,3.3858135182159743,0.7071864817840257
2.811,3.0518793844376217,-0.2408793844376218
4.043,3.4938607125860535,0.5491392874139467
3.036,3.017850927992529,0.018149072007470846
2.997,2.976781356591764,0.02021864340823587
2.575,2.72194526246707,-0.14694526246706996
2.319,2.4997890160545277,-0.1807890160545278
2.541,2.2659049798221123,0.2750950201778877
3.964,2.9361050787946477,1.0278949212053523
3.032,3.0424107876974826,-0.010410787697482604
2.291,2.794486882307428,-0.5034868823074281
3.582,2.9620266785951475,0.6199733214048524
3.49,2.7963443762387734,0.6936556237612268
3.852,3.095220872613996,0.7567791273860038
3.239,2.527833591798635,0.7111664082013647
1.868,2.3551750567168597,-0.48717505671685957
1.708,2.253012261407446,-0.545012261407446
1.653,2.1826867305600257,-0.5296867305600257
1.605,1.7520517612805813,-0.14705176128058128
1.927,2.38748574830696,-0.46048574830695976
1.925,2.1094169298001124,-0.18441692980011237
1.875,1.6872946815370402,0.1877053184629598
3.955,2.5495221010564784,1.4054778989435217
3.591,2.6374688586392776,0.9535311413607226
2.75,2.176231190533419,0.5737688094665812
5.00001,3.3963023184543593,1.6037076815456404
2.038,2.7744743768006312,-0.7364743768006314
2.063,2.502156080284528,-0.439156080284528
1.984,2.1758614666596685,-0.19186146665966852
2.066,2.644657368372525,-0.5786573683725251
3.846,2.960042933685708,0.8859570663142922
1.667,2.41928862373339,-0.7522886237333901
2.212,2.5938883600595464,-0.3818883600595462
2.205,2.3047227537801094,-0.09972275378010931
2.445,2.5828290846134383,-0.13782908461343846
2.149,2.1633481050377705,-0.014348105037770509
2.19,2.8107381188425835,-0.6207381188425836
2.09,2.4809575443757335,-0.3909575443757336
2.127,2.5708781731552275,-0.4438781731552277
2.143,2.73907207641952,-0.5960720764195204
2.75,4.0855495101413055,-1.3355495101413055
3.018,2.9802262279918748,0.03777377200812504
1.125,2.4034476070684287,-1.2784476070684287
2.188,2.320340494316108,-0.13234049431610773
2.199,2.19152199975715,0.007478000242850058
2.343,2.61787162518444,-0.27487162518443986
1.987,2.412621535694478,-0.4256215356944777
1.971,2.60017576368515,-0.6291757636851498
1.435,2.2670839211615954,-0.8320839211615954
1.603,1.8637378148284973,-0.26073781482849734
1.493,2.2958813838693715,-0.8028813838693714
1.069,2.0445753188529023,-0.9755753188529024
2.347,2.5219197294403273,-0.1749197294403273
2.576,2.6123550482413176,-0.03635504824131752
2.354,2.6066923915919817,-0.25269239159198165
2.245,2.2075125978215664,0.037487402178433715
2.539,1.8885464820731852,0.6504535179268149
2.082,2.527552886383406,-0.44555288638340595
2.139,2.3878879835465034,-0.24888798354650365
2.205,2.246383474467382,-0.041383474467382
1.674,1.6210533443857804,0.05294665561421952
1.708,2.0634164516285622,-0.3554164516285623
0.875,1.4467029487877754,-0.5717029487877754
4.233,2.6097944048910984,1.6232055951089013
5.00001,3.345709255921302,1.6543007440786974
5.00001,2.480610815948315,2.5193991840516845
3.804,2.362588543110815,1.4414114568891847
2.295,2.7014292579989077,-0.4064292579989077
2.429,2.806249359042201,-0.37724935904220125
2.312,2.7366620134623907,-0.42466201346239085
2.185,2.8420267422576093,-0.6570267422576093
1.854,2.6983347859715594,-0.8443347859715593
1.805,2.292189429304818,-0.487189429304818
1.811,2.8513745767488574,-1.0403745767488575
1.791,2.1893856674085708,-0.39838566740857084
1.758,2.323583376222689,-0.5655833762226892
1.724,2.2597943614748113,-0.5357943614748113
1.856,2.6728424692478976,-0.8168424692478975
1.821,2.377561625692979,-0.5565616256929788
1.649,2.1081443987287636,-0.45914439872876356
1.88,2.522419443114253,-0.6424194431142531
1.951,2.339542004133171,-0.38854200413317086
1.868,2.3301556160592574,-0.46215561605925726
1.873,2.661205157317145,-0.7882051573171449
1.876,2.5390755278281127,-0.6630755278281129
1.862,2.353517583868747,-0.4915175838687471
1.911,2.633752489048093,-0.722752489048093
1.89,2.5388168881308313,-0.6488168881308314
1.834,2.764697868008679,-0.930697868008679
4.5,2.0136513425930107,2.4863486574069893
1.656,2.0950944397943037,-0.43909443979430374
2.152,2.4534569349830404,-0.30145693498304027
1.854,2.3322354864719337,-0.4782354864719336
1.608,1.6800168388814027,-0.07201683888140265
3.058,2.756342738963701,0.30165726103629886
1.674,3.00629603899086,-1.3322960389908602
1.86,2.589568506935502,-0.7295685069355018
1.92,1.9608109762710002,-0.04081097627100028
2.054,2.670084184735834,-0.616084184735834
1.461,1.9885864196032927,-0.5275864196032927
2.068,2.4104957900846107,-0.3424957900846106
1.944,2.848102873441122,-0.9041028734411221
0.675,1.9178905398105672,-1.2428905398105672
2.438,1.8377114229513316,0.6002885770486686
1.75,1.8074792458891702,-0.057479245889170194
2.077,2.6269975239830763,-0.5499975239830763
1.966,2.481431354041555,-0.5154313540415549
2.8,2.4882516045102077,0.31174839548979216
2.239,2.471743291434648,-0.23274329143464811
1.943,1.5558757674662893,0.38712423253371075
1.693,2.19861104100823,-0.5056110410082297
1.893,2.2655082731635074,-0.37250827316350743
1.868,2.571358635861759,-0.7033586358617587
2.132,2.0507429663737398,0.08125703362626036
5.00001,1.8763816935898325,3.123628306410167
1.82,2.0450120144308697,-0.2250120144308696
1.941,2.287275006508283,-0.3462750065082829
5.00001,2.4403941620489107,2.559615837951089
5.00001,3.3977089206634523,1.6023010793365473
3.912,3.727775544630899,0.18422445536910104
4.521,2.811677510799293,1.7093224892007068
2.287,2.4726501606137474,-0.1856501606137475
3.406,3.201972862356728,0.2040271376432723
3.119,3.049072830318479,0.06992716968152113
2.796,2.8707466410039197,-0.07474664100391992
2.842,3.226455714979891,-0.38445571497989084
2.322,2.527078379325718,-0.20507837932571782
5.00001,3.9687424337830097,1.03126756621699
2.17,2.2483143949604734,-0.07831439496047343
2.381,2.9775744288687744,-0.5965744288687747
2.713,2.889331215542666,-0.17633121554266573
2.326,3.0981731990542056,-0.7721731990542056
2.508,2.7652645302908456,-0.2572645302908456
2.142,2.7410640575832668,-0.5990640575832669
2.466,2.714710147867116,-0.24871014786711587
2.575,2.789872589148067,-0.21487258914806695
2.217,1.9880149166366472,0.22898508336335288
2.228,2.6173809409552655,-0.3893809409552653
1.771,2.1720104771298905,-0.4010104771298906
2.279,2.368315509655197,-0.08931550965519719
2.75,2.23930726940923,0.5106927305907698
1.25,3.760203596950804,-2.510203596950804
3.19,2.739511058635287,0.45048894136471285
2.182,2.0744013536427475,0.10759864635725247
0.525,2.2787921009736976,-1.7537921009736976
2.75,3.227640685778932,-0.47764068577893193
2.931,3.440629565184129,-0.5096295651841292
1.625,1.4482171851697692,0.17678281483023084
2.582,3.0693077349986346,-0.4873077349986348
2.413,3.000286220488357,-0.5872862204883571
2.549,3.153565707106761,-0.6045657071067612
3.449,3.56921414934933,-0.12021414934933006
2.994,3.074525191565438,-0.08052519156543791
2.356,2.878539514987137,-0.522539514987137
2.476,2.804123087021307,-0.3281230870213072
2.915,3.2737421897517116,-0.35874218975171157
2.879,3.1281321764185335,-0.24913217641853347
2.593,3.153092636036332,-0.5600926360363321
2.948,3.0619099131842855,-0.11390991318428556
5.00001,3.660533026013116,1.3394769739868835
1.76,1.8965936897602604,-0.13659368976026043
3.026,2.9320615194686237,0.0939384805313761
3.338,3.3003121097790977,0.037687890220902354
3.138,2.734073112005804,0.40392688799419574
4.107,2.7063996808317055,1.4006003191682947
3.188,2.6985267447348367,0.4894732552651635
3.994,2.7618834171025552,1.232116582897445
3.585,3.9656240686396553,-0.38062406863965537
4.108,4.836497840478499,-0.7284978404784992
3.663,4.124755115631611,-0.46175511563161153
3.375,3.8107772990653928,-0.43577729906539275
2.332,2.4835711898769928,-0.15157118987699292
5.00001,4.790659467832658,0.2093505321673419
3.218,3.215744875922316,0.002255124077684023
4.234,3.8302275660539826,0.40377243394601736
2.288,2.5617924533747867,-0.27379245337478686
2.394,3.0995108421522657,-0.7055108421522656
2.421,2.8698717581062083,-0.4488717581062085
2.813,2.3626029094307293,0.4503970905692709
1.304,2.0545741850934975,-0.7505741850934975
4.521,3.7138409202744675,0.8071590797255324
5.00001,4.702883153741368,0.2971268462586316
3.12,3.227143234709688,-0.1071432347096879
2.646,2.912596729838581,-0.26659672983858096
2.871,3.0658084243761303,-0.19480842437613033
3.027,2.9378193575365406,0.08918064246345958
3.054,3.0313022070386713,0.022697792961328567
3.429,3.403377003843929,0.025622996156070776
2.909,3.138474546296401,-0.22947454629640118
2.322,2.645525292670066,-0.323525292670066
2.517,2.954662227385211,-0.4376622273852111
2.514,3.201916981596988,-0.6879169815969881
2.414,2.6247677234288265,-0.21076772342882633
2.067,2.1392928007636205,-0.07229280076362032
2.118,2.432834993681154,-0.3148349936811541
2.748,3.1125489672389897,-0.36454896723898944
2.58,3.136196591134887,-0.5561965911348867
3.0,3.1837079200204026,-0.1837079200204026
2.868,3.3887381617047496,-0.5207381617047497
3.16,3.4766804290762443,-0.31668042907624416
3.099,3.6771290319782657,-0.5781290319782655
2.646,2.357302269977252,0.288697730022748
2.435,3.1736343861087075,-0.7386343861087075
2.407,3.0108889338746243,-0.6038889338746243
2.287,2.11368548926224,0.17331451073776005
2.128,2.2093888921401517,-0.08138889214015155
1.738,2.158729046310122,-0.4207290463101221
1.875,2.0338932720830183,-0.1588932720830183
3.237,3.395333176034841,-0.15833317603484076
4.229,3.29544907803205,0.9335509219679503
3.929,3.341731858813412,0.5872681411865877
3.494,3.2588242212464755,0.2351757787535247
3.483,3.131753452549362,0.3512465474506379
3.539,3.8370914759383963,-0.29809147593839613
5.00001,2.9416941092816282,2.0583158907183714
4.286,3.2296270693394296,1.05637293066057
3.576,3.1241395433577654,0.4518604566422346
3.259,3.2434924830985863,0.01550751690141361
5.00001,4.393038171450936,0.6069718285490637
5.00001,3.946612383353112,1.0533976166468877
4.258,3.8881169720460163,0.36988302795398376
3.619,3.4840171784580036,0.1349828215419966
2.247,2.7806671954220095,-0.5336671954220096
2.827,3.0001597486473512,-0.17315974864735129
2.147,2.762631638845286,-0.615631638845286
2.224,2.7151559019983726,-0.49115590199837245
2.043,2.531563169761401,-0.488563169761401
2.53,3.1423484888502844,-0.6123484888502846
5.00001,5.423508887054396,-0.42349888705439653
3.208,2.880331221536122,0.3276687784638783
4.019,3.317411853657104,0.7015881463428961
2.641,2.439189742015784,0.2018102579842158
3.081,2.973216828614577,0.10778317138542315
2.545,2.9746907610175586,-0.42969076101755865
4.047,3.5486197017127425,0.49838029828725716
5.00001,2.2138169827033076,2.786193017296692
2.086,2.8654549578522337,-0.7794549578522338
2.426,2.6701777071752373,-0.24417770717523712
1.941,2.245849646736338,-0.30484964673633796
3.75,1.8299509564721523,1.9200490435278477
1.957,3.0954873903645463,-1.1384873903645463
1.821,2.411103257768243,-0.590103257768243
2.802,2.6671360080570876,0.13486399194291243
3.213,3.1942670164150773,0.018732983584922813
1.968,2.2949104072865434,-0.3269104072865434
1.709,2.247564191631699,-0.538564191631699
1.985,2.472534940023813,-0.4875349400238129
1.964,1.7389110522596432,0.22508894774035682
2.099,2.448713789317368,-0.34971378931736785
2.082,2.378273307698491,-0.29627330769849136
1.852,2.726317631098957,-0.8743176310989569
1.877,2.7920115024088563,-0.9150115024088563
2.581,3.1114044694118665,-0.5304044694118666
2.399,2.977716043137936,-0.5787160431379359
2.663,2.7135229421613265,-0.05052294216132669
2.644,2.723320315410482,-0.07932031541048179
1.866,2.523355348930219,-0.6573553489302189
1.88,2.806943452462077,-0.9269434524620772
2.333,2.7566795219132985,-0.4236795219132983
2.25,3.0342210408245816,-0.7842210408245816
1.794,1.9748335028927269,-0.18083350289272682
2.053,2.399525602922385,-0.3465256029223851
2.15,2.3760972924213477,-0.2260972924213478
1.969,2.86504012167753,-0.8960401216775298
1.904,2.4330134564448,-0.5290134564448001
2.221,2.7586552044075843,-0.5376552044075842
1.981,2.7655293444620135,-0.7845293444620134
1.934,2.8171926511354575,-0.8831926511354575
2.041,2.537625598896832,-0.496625598896832
2.21,2.9271647894297352,-0.7171647894297353
2.258,2.795077794477098,-0.5370777944770979
1.866,2.550938890587171,-0.684938890587171
1.961,2.6094317272315593,-0.6484317272315592
2.5,2.124211154346507,0.375788845653493
2.239,2.7743956451098803,-0.5353956451098805
2.177,2.79659721413774,-0.6195972141377402
2.186,2.8436565584077407,-0.6576565584077407
2.353,2.7643645702241653,-0.41136457022416506
2.38,2.558963415659233,-0.17896341565923324
3.93,3.47633791818172,0.45366208181828016
2.23,2.385630597139764,-0.15563059713976424
2.252,2.2143040745940787,0.03769592540592104
2.091,2.6816230288753258,-0.5906230288753256
1.918,1.9836471695222524,-0.06564716952225247
2.046,2.49317814873169,-0.44717814873169015
2.292,2.9847815852283794,-0.6927815852283796
3.02,3.0106564980031782,0.009343501996821768
2.212,2.694451441599367,-0.4824514415993666
2.383,2.4553971635133838,-0.07239716351338377
2.441,2.9571824045893504,-0.5161824045893506
2.298,3.043119659612362,-0.7451196596123619
2.367,3.036013767935891,-0.669013767935891
2.27,3.025532938825439,-0.7555329388254388
3.35,2.9837440673337827,0.36625593266621737
3.25,1.9959813530017834,1.2540186469982166
3.3,4.017768531393125,-0.7177685313931255
3.439,3.34733589865576,0.09166410134423986
2.48,3.0031584587311118,-0.5231584587311118
2.765,3.219666521588335,-0.45466652158833476
0.691,0.8398365265168073,-0.14883652651680734
0.76,0.9142386040342962,-0.15423860403429623
0.802,1.1662951730073567,-0.3642951730073567
0.748,0.9357961775133563,-0.1877961775133563
0.678,1.0717451243061125,-0.3937451243061124
0.696,0.6402317369242136,0.055768263075786306
2.25,1.1734754383249926,1.0765245616750074
0.325,0.843029445312433,-0.518029445312433
0.866,1.3619546737113153,-0.4959546737113153
0.862,1.3768448599465963,-0.5148448599465963
0.743,0.7378175496105357,0.005182450389464299
0.823,1.0177406415457126,-0.1947406415457127
0.764,0.9685120892644237,-0.20451208926442366
0.792,1.0516009124376025,-0.2596009124376024
1.185,1.7311469329443825,-0.5461469329443824
0.731,1.3354597918505078,-0.6044597918505078
1.469,1.5928000352389962,-0.12380003523899608
1.159,1.57384235828687,-0.4148423582868699
1.417,1.4445601003673565,-0.027560100367356455
1.569,1.9417698688991698,-0.37276986889916985
3.1,0.6727194528887335,2.4272805471112666
2.232,1.9189553341040217,0.31304466589597846
2.043,1.2372035024872918,0.8057964975127083
2.018,1.2571060115718007,0.7608939884281991
2.86,2.453571921709906,0.406428078290094
1.536,1.2889321020320093,0.24706789796799078
3.265,1.6416034587221555,1.6233965412778446
1.791,0.8944812976708878,0.8965187023291121
1.485,0.974775737883236,0.5102242621167641
1.308,1.4117716879479596,-0.10377168794795955
1.375,0.6551808121323499,0.7198191878676501
1.452,1.3008572896123252,0.1511427103876748
1.641,1.7371438686610223,-0.09614386866102231
1.943,1.4023433507433118,0.5406566492566882
2.265,1.8349721520789668,0.4300278479210333
2.362,2.0299381012474957,0.33206189875250436
1.826,1.0064083679324116,0.8195916320675884
2.194,0.9416936171404038,1.2523063828595962
2.277,1.685465225848007,0.5915347741519932
1.231,1.6904549974305776,-0.4594549974305775
1.079,1.20476470405795,-0.12576470405795015
0.694,0.843397102229619,-0.149397102229619
1.222,1.46947979464607,-0.24747979464607006
1.031,1.1970918658277978,-0.1660918658277979
0.958,1.2571822278595888,-0.2991822278595888
1.206,1.4887166949787658,-0.28271669497876584
0.953,1.2764876564446046,-0.32348765644460464
0.978,1.089678413976947,-0.11167841397694711
1.72,1.2542881209359997,0.46571187906400024
1.525,0.9663867377161071,0.5586132622838929
1.194,1.2653677447885041,-0.07136774478850416
1.544,1.8132806285522738,-0.26928062855227375
1.672,1.9666204022064904,-0.29462040220649044
1.469,1.7793542491933716,-0.3103542491933715
1.089,1.1402895958973005,-0.05128959589730053
1.072,1.3944516800229863,-0.3224516800229862
1.325,1.2490417249327657,0.0759582750672343
1.514,1.3314062691143282,0.18259373088567177
2.25,1.0579628415012543,1.1920371584987457
2.007,1.8964035352859208,0.11059646471407936
1.65,2.0760084143243835,-0.42600841432438363
1.399,1.8709321629314895,-0.47193216293148943
1.334,1.7164999433723644,-0.38249994337236437
1.396,1.4116671275361585,-0.01566712753615862
1.273,1.4133632295483274,-0.14036322954832747
1.267,1.3635982666506667,-0.09659826665066684
2.25,2.5037223395297996,-0.2537223395297996
1.938,0.7784254663140973,1.1595745336859027
1.875,1.7652271805703,0.10977281942970007
0.984,1.4789495706426874,-0.4949495706426874
0.917,1.0664570103451525,-0.14945701034515246
2.75,1.2654553551434125,1.4845446448565875
0.784,0.9506092679507447,-0.1666092679507447
0.879,1.2704403271594487,-0.39144032715944865
1.234,1.4537486111925646,-0.2197486111925646
0.927,1.796645763389619,-0.8696457633896189
1.375,1.82001083734564,-0.44501083734564006
0.698,1.439987580894442,-0.7419875808944421
0.836,1.4539604392275403,-0.6179604392275403
0.963,1.3631415802976647,-0.4001415802976648
0.703,0.4452118934061644,0.25778810659383555
0.613,0.5742591344071375,0.038740865592862495
0.589,0.739561916414075,-0.15056191641407501
0.713,0.6967726760148363,0.01622732398516369
0.555,0.6533987863366684,-0.09839878633666832
0.55,0.47713628248352835,0.0728637175164717
0.798,1.1714144910797564,-0.3734144910797563
0.847,1.1734199422542964,-0.3264199422542964
0.888,0.8547004054476912,0.0332995945523088
0.685,0.9298647782736582,-0.24486477827365816
0.687,0.7131425373772728,-0.02614253737727279
0.555,0.7412305076612353,-0.18623050766123528
0.63,0.5164901966518936,0.11350980334810645
0.717,1.0828588767928866,-0.36585887679288664
0.579,0.5608626980984275,0.018137301901572478
0.697,0.4565213931525214,0.24047860684747857
0.596,0.32628154666847875,0.2697184533315212
0.65,0.6797346112666132,-0.029734611266613142
0.612,0.5984249728196354,0.01357502718036463
0.566,0.7010813228877886,-0.13508132288778862
0.623,0.67244594321724,-0.04944594321724005
0.488,0.6178453002120743,-0.1298453002120743
0.575,0.7271220698963456,-0.1521220698963457
0.455,0.4390478467543937,0.015952153245606338
0.47,0.4283396893009932,0.041660310699006775
0.483,0.44100039020487447,0.041999609795125514
0.534,0.463813810957618,0.07018618904238205
0.58,0.8209372712256906,-0.24093727122569064
0.575,0.7557472475468456,-0.18074724754684568
0.551,0.6592808038631031,-0.10828080386310301
0.708,1.1158981843149465,-0.4078981843149465
0.634,0.692560948276409,-0.05856094827640901
0.991,0.8801598393405592,0.1108401606594408
1.0,1.8561064651001138,-0.8561064651001138
0.775,0.9362529607237766,-0.1612529607237766
0.67,0.7132783908601856,-0.04327839086018559
0.655,1.0195997826501475,-0.3645997826501475
0.872,0.883973306910919,-0.011973306910919024
0.72,1.5222738917890883,-0.8022738917890884
0.938,0.5753619703546775,0.36263802964532244
1.625,0.6924547542345618,0.9325452457654382
0.924,0.802210714727509,0.121789285272491
1.083,0.5249259070423453,0.5580740929576546
1.12,0.9611057076786895,0.15889429232131058
1.072,0.9768132864551711,0.095186713544829
1.156,0.8312803119605143,0.3247196880394856
0.983,0.8176677922657154,0.1653322077342846
1.168,1.2155405521999227,-0.047540552199922814
0.781,0.13365579568177788,0.6473442043182221
0.771,0.5535283308919585,0.2174716691080415
0.923,0.17125140811546435,0.7517485918845357
0.847,0.31910523524011136,0.5278947647598886
0.894,0.515803629278287,0.37819637072171297
