datetime,open,close,high,low,vol
2010-01-05,3254.47,3282.18,3290.51,3221.46,1422749.0
2010-01-06,3277.52,3254.21,3295.87,3253.04,1351313.0
2010-01-07,3253.99,3192.78,3268.82,3176.71,1452287.0
2010-01-08,3177.26,3196.0,3198.92,3149.02,1146025.0
2010-01-11,3301.61,3212.75,3306.75,3197.33,1615021.0
2010-01-12,3205.7,3273.97,3275.2,3180.08,1591287.0
2010-01-13,3204.98,3172.66,3232.82,3165.49,1852131.0
2010-01-14,3183.38,3215.55,3219.02,3165.6,1519866.0
2010-01-15,3217.19,3224.15,3241.82,3197.22,1314140.0
2010-01-18,3213.64,3237.1,3238.24,3202.21,1457035.0
2010-01-19,3242.22,3246.87,3268.81,3236.84,1449501.0
2010-01-20,3252.04,3151.85,3255.13,3148.33,1725556.0
2010-01-21,3154.19,3158.86,3176.15,3126.9,1326396.0
2010-01-22,3118.72,3128.59,3147.83,3062.63,1564270.0
2010-01-25,3103.32,3094.41,3137.0,3092.93,939940.0
2010-01-26,3094.85,3019.39,3107.2,3001.96,1094946.0
2010-01-27,3020.54,2986.61,3028.65,2972.63,931502.0
2010-01-28,2985.21,2994.14,3006.04,2963.89,851671.0
2010-01-29,2979.74,2989.29,3024.85,2968.45,912711.0
2010-02-01,2981.37,2941.36,2981.37,2912.89,1005643.0
2010-02-02,2955.75,2934.71,2990.75,2930.56,937349.0
2010-02-03,2945.03,3003.83,3005.13,2890.02,1190053.0
2010-02-04,2983.05,2995.31,3015.13,2968.68,1114419.0
2010-02-05,2936.2,2939.4,2959.23,2918.91,1077461.0
2010-02-08,2936.45,2935.17,2954.27,2922.19,684523.0
2010-02-09,2932.09,2948.84,2957.47,2929.21,690936.0
2010-02-10,2967.14,2982.5,2983.18,2958.22,623224.0
2010-02-11,2985.08,2985.5,3001.64,2976.08,624620.0
2010-02-12,2996.09,3018.13,3018.86,2993.44,606949.0
2010-02-22,3016.7,3003.4,3026.66,3002.81,751938.0
2010-02-23,2998.91,2982.58,2998.91,2938.75,890115.0
2010-02-24,2964.98,3022.18,3023.74,2955.07,996259.0
2010-02-25,3026.66,3060.62,3063.0,3022.37,1305444.0
2010-02-26,3053.5,3051.94,3067.52,3041.69,1095998.0
2010-03-01,3057.01,3087.84,3093.09,3054.55,1209499.0
2010-03-02,3089.71,3073.11,3095.99,3060.96,1136538.0
2010-03-03,3074.1,3097.01,3098.46,3061.47,1231340.0
2010-03-04,3098.07,3023.37,3102.4,3016.22,1367445.0
2010-03-05,3026.64,3031.06,3044.16,3011.09,982801.0
2010-03-08,3036.41,3053.23,3058.83,3030.9,855980.0
2010-03-09,3053.26,3069.14,3084.85,3028.69,995640.0
2010-03-10,3067.15,3048.93,3085.99,3034.74,905531.0
2010-03-11,3050.64,3051.28,3070.94,3025.31,878505.0
2010-03-12,3051.47,3013.41,3057.52,3011.97,778955.0
2010-03-15,3010.72,2976.94,3013.52,2963.49,733182.0
2010-03-16,2974.49,2992.84,2993.84,2963.44,649867.0
2010-03-17,2999.82,3050.48,3050.76,2994.89,963396.0
2010-03-18,3053.16,3046.09,3063.59,3035.02,981929.0
2010-03-19,3046.75,3067.75,3069.66,3031.02,1023918.0
2010-03-22,3069.66,3074.58,3083.35,3061.76,1059682.0
2010-03-23,3076.96,3053.13,3082.97,3051.21,1012818.0
2010-03-24,3058.93,3056.81,3076.75,3052.21,981583.0
2010-03-25,3051.36,3019.18,3051.36,3012.31,973244.0
2010-03-26,3017.21,3059.72,3067.71,3009.91,1040935.0
2010-03-29,3076.05,3123.8,3130.28,3071.69,1519034.0
2010-03-30,3123.83,3128.47,3132.58,3113.77,1126285.0
2010-03-31,3129.57,3109.1,3130.11,3101.76,1115349.0
2010-04-01,3111.93,3147.42,3148.34,3111.93,1407843.0
2010-04-02,3154.77,3157.96,3159.6,3141.87,1333397.0
2010-04-06,3170.61,3158.68,3177.97,3141.93,1322346.0
2010-04-07,3156.31,3148.22,3161.08,3132.24,1141377.0
2010-04-08,3143.45,3118.71,3143.83,3110.26,1268994.0
2010-04-09,3118.93,3145.35,3146.46,3114.79,1141655.0
2010-04-12,3151.89,3129.26,3156.21,3111.9,1477307.0
2010-04-13,3129.69,3161.25,3173.63,3101.48,1614337.0
2010-04-14,3161.55,3166.18,3167.66,3145.55,1148887.0
2010-04-15,3168.14,3164.97,3181.66,3135.99,1164732.0
2010-04-16,3159.67,3130.3,3159.67,3121.37,951261.0
2010-04-19,3096.78,2980.3,3096.78,2977.77,1531479.0
2010-04-20,2980.08,2979.53,2998.91,2941.35,1181653.0
2010-04-21,2984.62,3033.28,3034.33,2972.1,1311514.0
2010-04-22,3021.29,2999.48,3023.64,2978.46,1369977.0
2010-04-23,2995.57,2983.54,3015.63,2966.78,1176020.0
2010-04-26,2988.08,2969.5,2996.83,2965.83,1040961.0
2010-04-27,2962.15,2907.93,2962.15,2866.34,1243988.0
2010-04-28,2883.17,2900.33,2916.68,2865.47,955193.0
2010-04-29,2912.2,2868.43,2928.93,2867.94,999427.0
2010-04-30,2867.65,2870.61,2875.81,2820.95,1036319.0
2010-05-04,2821.35,2835.28,2862.56,2809.13,790104.0
2010-05-05,2804.51,2857.15,2857.29,2770.33,1126855.0
2010-05-06,2838.95,2739.7,2838.95,2735.0,1137108.0
2010-05-07,2685.99,2688.38,2732.18,2665.81,1115995.0
2010-05-10,2690.86,2698.76,2713.06,2646.59,998855.0
2010-05-11,2745.6,2647.57,2751.07,2638.53,1161819.0
2010-05-12,2628.02,2655.71,2668.12,2604.2,1067818.0
2010-05-13,2653.58,2710.51,2711.07,2646.9,1032041.0
2010-05-14,2692.1,2696.63,2712.86,2677.19,881188.0
2010-05-17,2663.88,2559.93,2663.88,2557.24,1021582.0
2010-05-18,2555.14,2594.78,2603.32,2529.63,1037966.0
2010-05-19,2581.63,2587.81,2623.96,2554.98,904666.0
2010-05-20,2571.54,2555.94,2609.64,2551.45,827426.0
2010-05-21,2492.57,2583.52,2584.45,2481.97,1030336.0
2010-05-24,2596.32,2673.42,2680.49,2596.32,1333220.0
2010-05-25,2654.36,2622.63,2659.74,2609.09,1060114.0
2010-05-26,2620.85,2625.79,2644.94,2610.51,815704.0
2010-05-27,2615.1,2655.92,2662.08,2583.55,1056853.0
2010-05-28,2680.4,2655.77,2686.54,2641.41,1125063.0
2010-05-31,2647.87,2592.15,2665.39,2591.53,973905.0
2010-06-01,2577.76,2568.28,2598.9,2534.27,932890.0
2010-06-02,2548.54,2571.42,2572.34,2521.06,760924.0
2010-06-03,2575.77,2552.66,2596.14,2551.53,869904.0
2010-06-04,2536.23,2553.59,2556.97,2527.87,670279.0
2010-06-07,2508.33,2511.73,2527.1,2491.66,773611.0
2010-06-08,2510.08,2513.95,2531.88,2491.65,718106.0
2010-06-09,2523.88,2583.87,2589.47,2501.12,1180999.0
2010-06-10,2561.55,2562.58,2581.05,2554.79,883186.0
2010-06-11,2574.9,2569.94,2590.98,2566.62,777182.0
2010-06-17,2588.97,2560.25,2595.51,2559.72,654019.0
2010-06-18,2556.6,2513.22,2568.86,2505.33,815201.0
2010-06-21,2517.29,2586.21,2587.34,2504.31,995219.0
2010-06-22,2579.63,2588.7,2598.35,2572.96,724283.0
2010-06-23,2576.34,2569.87,2593.67,2546.52,739815.0
2010-06-24,2563.64,2566.75,2586.9,2554.34,582376.0
2010-06-25,2556.54,2552.82,2572.83,2534.27,584771.0
2010-06-28,2550.65,2535.28,2561.48,2528.39,514368.0
2010-06-29,2534.5,2427.05,2541.14,2425.93,934731.0
2010-06-30,2409.54,2398.37,2411.44,2382.36,672718.0
2010-07-01,2393.95,2373.79,2410.77,2371.78,608302.0
2010-07-02,2371.32,2382.9,2386.4,2319.74,846193.0
2010-07-05,2358.76,2363.95,2378.09,2335.57,668791.0
2010-07-06,2358.28,2409.42,2409.78,2356.55,810028.0
2010-07-07,2407.67,2421.12,2421.68,2392.57,671522.0
2010-07-08,2429.68,2415.15,2436.28,2402.0,611642.0
2010-07-09,2416.58,2470.92,2485.6,2398.68,1007216.0
2010-07-12,2468.54,2490.72,2501.02,2455.81,946174.0
2010-07-13,2468.69,2450.29,2468.69,2439.24,776402.0
2010-07-14,2456.1,2470.44,2494.59,2456.1,828053.0
2010-07-15,2465.99,2424.3,2487.24,2423.65,1175103.0
2010-07-16,2414.68,2424.27,2428.46,2389.07,809341.0
2010-07-19,2399.58,2475.42,2484.19,2392.27,1057097.0
2010-07-20,2477.75,2528.73,2530.33,2477.46,1323824.0
2010-07-21,2529.62,2535.39,2553.45,2520.15,1258452.0
2010-07-22,2525.98,2562.41,2563.24,2522.2,1166998.0
2010-07-23,2566.85,2572.03,2579.52,2549.24,1258651.0
2010-07-26,2576.37,2588.68,2589.48,2556.47,1045406.0
2010-07-27,2581.59,2575.37,2588.0,2565.64,990310.0
2010-07-28,2574.32,2633.66,2636.0,2564.16,1461930.0
2010-07-29,2635.05,2648.12,2656.41,2623.94,1565721.0
2010-07-30,2642.85,2637.5,2643.03,2614.73,1070664.0
2010-08-02,2635.81,2672.52,2675.76,2633.65,1319257.0
2010-08-03,2678.79,2627.0,2681.79,2626.72,1455980.0
2010-08-04,2620.5,2638.52,2638.9,2589.99,1337621.0
2010-08-05,2636.24,2620.76,2640.59,2606.62,1280488.0
2010-08-06,2618.71,2658.39,2659.41,2598.91,1347727.0
2010-08-09,2656.36,2672.53,2676.09,2650.4,1371004.0
2010-08-10,2672.79,2595.27,2675.31,2594.34,1415356.0
2010-08-11,2587.61,2607.5,2618.45,2586.02,1002866.0
2010-08-12,2584.92,2575.48,2608.76,2570.96,1064810.0
2010-08-13,2576.69,2606.7,2607.03,2564.84,994617.0
2010-08-16,2603.79,2661.71,2665.31,2596.77,1401000.0
2010-08-17,2663.18,2671.89,2677.57,2654.01,1337310.0
2010-08-18,2674.5,2666.3,2687.76,2654.41,1490403.0
2010-08-19,2669.43,2687.98,2701.93,2659.3,1432113.0
2010-08-20,2677.02,2642.31,2683.29,2636.91,1338443.0
2010-08-23,2637.82,2639.37,2656.12,2629.71,975719.0
2010-08-24,2636.53,2650.31,2667.17,2614.56,1238960.0
2010-08-25,2634.95,2596.58,2645.5,2595.73,1226611.0
2010-08-26,2604.88,2603.48,2616.96,2590.61,893440.0
2010-08-27,2602.5,2610.74,2613.49,2588.64,769869.0
2010-08-30,2622.27,2652.66,2656.36,2620.19,1234869.0
2010-08-31,2644.79,2638.8,2647.25,2626.79,1195867.0
2010-09-01,2641.05,2622.88,2662.88,2604.49,1464118.0
2010-09-02,2646.89,2655.78,2659.98,2636.42,1347960.0
2010-09-03,2658.13,2655.39,2660.54,2631.85,1394089.0
2010-09-06,2667.2,2696.25,2698.6,2664.24,1601138.0
2010-09-07,2698.22,2698.36,2704.93,2679.02,1223602.0
2010-09-08,2687.71,2695.29,2695.84,2674.32,1210397.0
2010-09-09,2698.64,2656.35,2698.64,2651.6,1438976.0
2010-09-10,2657.23,2663.21,2667.84,2628.83,1275473.0
2010-09-13,2665.65,2688.32,2696.67,2660.61,1310560.0
2010-09-14,2694.07,2688.52,2703.78,2678.97,1311938.0
2010-09-15,2688.39,2652.5,2688.49,2645.86,1315453.0
2010-09-16,2646.92,2602.46,2653.27,2583.34,1329046.0
2010-09-17,2607.55,2598.69,2615.08,2592.54,914590.0
2010-09-20,2601.48,2588.71,2607.35,2573.63,879313.0
2010-09-21,2593.76,2591.55,2601.1,2580.18,635139.0
2010-09-27,2600.54,2627.97,2629.04,2597.14,852351.0
2010-09-28,2625.33,2611.35,2625.33,2607.02,1056405.0
2010-09-29,2608.92,2610.68,2634.12,2603.93,947051.0
2010-09-30,2599.71,2655.66,2656.0,2597.6,999656.0
2010-10-08,2681.25,2738.74,2747.8,2677.99,1548427.0
2010-10-11,2755.03,2806.94,2823.6,2755.03,2341073.0
2010-10-12,2795.76,2841.41,2843.43,2782.34,1833451.0
2010-10-13,2842.14,2861.36,2862.03,2826.22,2048562.0
2010-10-14,2881.55,2879.64,2919.41,2864.52,2523158.0
2010-10-15,2863.74,2971.16,2971.16,2858.22,2703456.0
2010-10-18,2985.46,2955.23,3026.1,2944.71,3137317.0
2010-10-19,2949.63,3001.85,3002.37,2931.91,2000313.0
2010-10-20,2947.51,3003.95,3041.15,2942.5,2489423.0
2010-10-21,3009.22,2983.53,3018.24,2958.55,1841948.0
2010-10-22,2976.75,2975.04,2997.62,2954.62,1644700.0
2010-10-25,2979.71,3051.42,3051.54,2959.3,2150133.0
2010-10-26,3065.84,3041.54,3073.38,3017.82,2187186.0
2010-10-27,3031.65,2997.05,3056.4,2988.87,2003532.0
2010-10-28,2989.29,2992.58,3007.01,2969.3,1638219.0
2010-10-29,2993.3,2978.83,2996.77,2955.48,1692999.0
2010-11-01,2986.89,3054.02,3054.05,2986.89,2121367.0
2010-11-02,3061.63,3045.43,3089.57,3029.32,2471012.0
2010-11-03,3044.02,3030.99,3069.07,3017.1,2122757.0
2010-11-04,3035.37,3086.94,3087.42,3035.37,1963428.0
2010-11-05,3129.87,3129.5,3142.59,3105.92,2279701.0
2010-11-08,3140.4,3159.51,3160.7,3124.09,2236999.0
2010-11-09,3159.02,3135.0,3159.02,3110.34,2100976.0
2010-11-10,3120.44,3115.36,3124.26,3093.88,2046789.0
2010-11-11,3108.51,3147.74,3186.72,3102.77,2350394.0
2010-11-12,3121.92,2985.43,3150.15,2975.16,2757326.0
2010-11-15,2984.87,3014.41,3016.13,2939.68,1826431.0
2010-11-16,3007.64,2894.54,3007.64,2885.75,2027486.0
2010-11-17,2852.48,2838.86,2891.05,2824.12,1507555.0
2010-11-18,2855.61,2865.45,2873.7,2827.18,1283598.0
2010-11-19,2879.65,2888.57,2888.75,2806.64,1517050.0
2010-11-22,2861.61,2884.37,2904.97,2852.77,1490044.0
2010-11-23,2872.17,2828.28,2872.17,2791.58,1385286.0
2010-11-24,2794.86,2859.94,2861.48,2794.86,1388594.0
2010-11-25,2875.86,2898.26,2901.67,2856.96,1509933.0
2010-11-26,2890.29,2871.7,2894.42,2851.96,1246799.0
2010-11-29,2861.15,2866.36,2878.83,2841.79,1150341.0
2010-11-30,2863.41,2820.18,2881.16,2758.92,1645853.0
2010-12-01,2810.54,2823.45,2834.2,2795.81,930956.0
2010-12-02,2860.46,2843.61,2870.81,2841.47,1157368.0
2010-12-03,2846.72,2842.43,2853.4,2822.74,964810.0
2010-12-06,2850.38,2857.18,2871.41,2831.7,1039285.0
2010-12-07,2843.77,2875.86,2884.53,2809.11,1011841.0
2010-12-08,2868.73,2848.55,2880.56,2843.94,992249.0
2010-12-09,2837.61,2810.95,2854.7,2808.51,1047406.0
2010-12-10,2798.74,2841.04,2850.42,2792.52,924102.0
2010-12-13,2850.33,2922.95,2923.77,2847.66,1440363.0
2010-12-14,2928.3,2927.08,2933.41,2912.42,1327894.0
2010-12-15,2927.26,2911.41,2939.05,2905.65,1211155.0
2010-12-16,2908.87,2898.14,2921.27,2891.86,950869.0
2010-12-17,2896.77,2893.74,2898.81,2881.0,810448.0
2010-12-20,2901.47,2852.92,2911.56,2804.56,1336462.0
2010-12-21,2857.59,2904.11,2908.17,2846.63,1264434.0
2010-12-22,2910.73,2877.9,2917.2,2867.05,1115277.0
2010-12-23,2874.2,2855.22,2893.71,2849.84,1010625.0
2010-12-24,2841.35,2835.16,2853.49,2813.5,948336.0
2010-12-27,2842.81,2781.4,2876.81,2774.54,1135733.0
2010-12-28,2768.03,2732.99,2775.15,2730.41,994022.0
2010-12-29,2735.48,2751.53,2753.03,2721.48,730727.0
2010-12-30,2751.97,2759.58,2768.13,2724.54,830452.0
2010-12-31,2759.16,2808.08,2808.93,2758.13,945746.0
2011-01-04,2825.33,2852.65,2855.4,2810.11,1226037.0
2011-01-05,2833.12,2838.59,2850.49,2824.3,1150800.0
2011-01-06,2838.43,2824.2,2853.88,2816.95,932623.0
2011-01-07,2820.66,2838.8,2868.01,2807.87,1308924.0
2011-01-10,2832.62,2791.81,2847.36,2786.86,1023505.0
2011-01-11,2783.48,2804.05,2810.76,2770.34,910007.0
2011-01-12,2811.79,2821.31,2828.47,2788.13,883068.0
2011-01-13,2830.53,2827.71,2837.53,2810.87,824917.0
2011-01-14,2817.05,2791.34,2817.05,2780.44,845457.0
2011-01-17,2772.45,2706.66,2780.94,2698.78,1088334.0
2011-01-18,2696.15,2708.98,2715.41,2683.37,699546.0
2011-01-19,2707.82,2758.1,2759.6,2700.81,887878.0
2011-01-20,2752.8,2677.65,2752.8,2676.13,969397.0
2011-01-21,2668.68,2715.29,2746.18,2667.29,1104519.0
2011-01-24,2716.52,2695.72,2736.11,2690.65,977612.0
2011-01-25,2691.69,2677.43,2701.04,2661.45,795922.0
2011-01-26,2677.17,2708.81,2710.74,2676.77,670518.0
2011-01-27,2690.82,2749.15,2753.0,2677.21,1172842.0
2011-01-28,2741.31,2752.75,2759.44,2733.29,913303.0
2011-01-31,2751.53,2790.69,2790.92,2748.54,983984.0
2011-02-01,2795.07,2798.96,2805.05,2785.3,786545.0
2011-02-09,2778.7,2774.07,2804.21,2764.87,956610.0
2011-02-10,2769.65,2818.16,2819.06,2760.18,1068599.0
2011-02-11,2815.12,2827.33,2835.41,2807.6,1168185.0
2011-02-14,2828.57,2899.13,2906.26,2828.57,1712367.0
2011-02-15,2900.43,2899.24,2934.47,2892.64,1681222.0
2011-02-16,2893.68,2923.9,2924.19,2882.55,1392297.0
2011-02-17,2929.26,2926.96,2939.28,2905.03,1410377.0
2011-02-18,2924.23,2899.79,2924.23,2890.26,1244131.0
2011-02-21,2886.54,2932.25,2932.82,2884.19,1300037.0
2011-02-22,2941.32,2855.52,2944.41,2851.62,1714224.0
2011-02-23,2844.99,2862.63,2868.48,2839.2,1204399.0
2011-02-24,2861.39,2878.6,2881.54,2854.56,1191967.0
2011-02-25,2876.78,2878.57,2890.32,2848.65,1096030.0
2011-02-28,2880.17,2905.05,2906.17,2861.82,1272749.0
2011-03-01,2906.28,2918.92,2931.58,2901.55,1486450.0
2011-03-02,2905.51,2913.81,2924.96,2883.57,1441733.0
2011-03-03,2918.73,2902.98,2937.56,2900.76,1648289.0
2011-03-04,2902.19,2942.31,2944.46,2898.08,1292719.0
2011-03-07,2952.72,2996.21,3000.43,2952.72,1775100.0
2011-03-08,2996.73,2999.94,3001.62,2976.6,1372696.0
2011-03-09,3002.55,3002.15,3012.04,2989.34,1350539.0
2011-03-10,2995.77,2957.14,2995.77,2954.37,1352389.0
2011-03-11,2942.42,2933.8,2966.98,2927.68,1278459.0
2011-03-14,2923.98,2937.63,2939.65,2914.46,1255820.0
2011-03-15,2927.98,2896.26,2927.98,2850.94,1722726.0
2011-03-16,2894.25,2930.8,2934.02,2894.25,1400446.0
2011-03-17,2906.95,2897.3,2935.63,2885.65,1474217.0
2011-03-18,2920.81,2906.89,2930.61,2900.87,1078084.0
2011-03-21,2913.91,2909.14,2927.07,2895.15,1050979.0
2011-03-22,2917.69,2919.14,2923.39,2884.75,1064691.0
2011-03-23,2919.02,2948.48,2950.42,2911.63,1228103.0
2011-03-24,2949.85,2946.71,2958.66,2942.13,1163076.0
2011-03-25,2948.54,2977.81,2985.08,2946.7,1532054.0
2011-03-28,2985.36,2984.0,3005.78,2979.2,1693060.0
2011-03-29,2979.86,2958.08,2994.17,2953.54,1806401.0
2011-03-30,2955.45,2955.77,2968.18,2935.75,1393700.0
2011-03-31,2954.65,2928.11,2961.63,2914.38,1167676.0
2011-04-01,2932.48,2967.41,2967.85,2924.39,1102197.0
2011-04-06,2964.21,3001.36,3005.24,2963.9,1567184.0
2011-04-07,3003.2,3007.91,3012.29,2990.31,1338867.0
2011-04-08,3005.37,3030.02,3031.1,2998.34,1238170.0
2011-04-11,3037.91,3022.75,3059.57,3019.89,1580874.0
2011-04-12,3012.79,3021.37,3039.12,3003.45,1579562.0
2011-04-13,3006.83,3050.4,3050.4,2994.47,1385856.0
2011-04-14,3049.67,3042.64,3058.24,3036.73,1408018.0
2011-04-15,3036.34,3050.53,3062.53,3020.16,1417419.0
2011-04-18,3040.53,3057.33,3067.46,3037.19,1507641.0
2011-04-19,3038.81,2999.04,3038.81,2996.22,1534852.0
2011-04-20,3005.97,3007.04,3019.12,2992.67,1283171.0
2011-04-21,3021.77,3026.67,3035.47,3012.54,1283325.0
2011-04-22,3025.7,3010.52,3032.97,3004.46,1243751.0
2011-04-25,3003.03,2964.95,3003.61,2964.64,1282848.0
2011-04-26,2956.95,2938.98,2970.28,2931.5,1064975.0
2011-04-27,2946.33,2925.41,2961.13,2907.66,1167095.0
2011-04-28,2937.95,2887.04,2953.19,2884.84,1212756.0
2011-04-29,2886.63,2911.51,2913.56,2871.01,1019893.0
2011-05-03,2911.51,2932.19,2933.46,2890.22,1083439.0
2011-05-04,2916.84,2866.02,2916.97,2860.07,1243790.0
2011-05-05,2854.77,2872.4,2880.13,2849.91,988610.0
2011-05-06,2842.76,2863.89,2881.71,2834.46,1025771.0
2011-05-09,2868.24,2872.46,2885.18,2861.42,876321.0
2011-05-10,2876.98,2890.63,2891.03,2865.1,875832.0
2011-05-11,2890.35,2883.42,2897.14,2868.35,975842.0
2011-05-12,2864.98,2844.08,2876.45,2843.1,1064284.0
2011-05-13,2846.31,2871.03,2871.99,2832.25,1037976.0
2011-05-16,2864.38,2849.07,2877.09,2846.31,911468.0
2011-05-17,2846.45,2852.77,2869.23,2821.2,1028721.0
2011-05-18,2846.72,2872.77,2877.43,2843.68,838141.0
2011-05-19,2879.39,2859.57,2884.14,2856.83,834072.0
2011-05-20,2858.31,2858.46,2866.76,2850.45,751514.0
2011-05-23,2853.29,2774.57,2853.29,2771.12,1079109.0
2011-05-24,2766.06,2767.06,2771.75,2744.78,825568.0
2011-05-25,2764.56,2741.74,2771.18,2737.33,808729.0
2011-05-26,2755.39,2736.53,2764.89,2734.54,862961.0
2011-05-27,2739.39,2709.95,2746.84,2708.55,936079.0
2011-05-30,2704.48,2706.36,2728.06,2689.21,738114.0
2011-05-31,2707.56,2743.47,2744.93,2702.09,784320.0
2011-06-01,2737.06,2743.57,2744.56,2726.49,794443.0
2011-06-02,2715.32,2705.18,2727.99,2676.54,968065.0
2011-06-03,2701.77,2728.02,2732.43,2701.25,747106.0
2011-06-07,2720.97,2744.3,2745.77,2717.31,717843.0
2011-06-08,2742.04,2750.29,2754.12,2715.25,805516.0
2011-06-09,2743.54,2703.35,2747.33,2702.69,887054.0
2011-06-10,2696.13,2705.14,2707.74,2672.32,796388.0
2011-06-13,2687.65,2700.38,2703.42,2669.4,697605.0
2011-06-14,2696.22,2730.04,2735.55,2691.67,898538.0
2011-06-15,2717.68,2705.43,2730.48,2705.07,793479.0
2011-06-16,2685.63,2664.28,2691.94,2663.12,764555.0
2011-06-17,2661.41,2642.82,2675.03,2641.39,702445.0
2011-06-20,2635.83,2621.25,2637.88,2610.99,676296.0
2011-06-21,2628.02,2646.48,2648.02,2618.81,715642.0
2011-06-22,2648.53,2649.32,2657.73,2633.47,637454.0
2011-06-23,2640.66,2688.25,2693.42,2630.34,810929.0
2011-06-24,2678.05,2746.21,2759.71,2674.3,1394454.0
2011-06-27,2746.79,2758.23,2769.04,2743.5,1101508.0
2011-06-28,2759.71,2759.2,2763.28,2736.4,949747.0
2011-06-29,2757.4,2728.48,2759.23,2727.25,945711.0
2011-06-30,2729.99,2762.08,2774.37,2729.99,1023226.0
2011-07-01,2767.83,2759.36,2778.67,2752.97,1018931.0
2011-07-04,2770.94,2812.82,2813.27,2770.94,1384192.0
2011-07-05,2812.72,2816.35,2818.14,2799.11,1172363.0
2011-07-06,2811.82,2810.48,2811.82,2780.73,1100070.0
2011-07-07,2813.19,2794.27,2825.12,2793.89,1267375.0
2011-07-08,2797.03,2797.77,2807.38,2784.13,922371.0
2011-07-11,2789.45,2802.69,2807.32,2780.67,918360.0
2011-07-12,2783.72,2754.58,2783.72,2752.19,1036743.0
2011-07-13,2756.03,2795.48,2797.27,2756.03,996590.0
2011-07-14,2798.21,2810.44,2811.7,2788.98,1045020.0
2011-07-15,2803.58,2820.17,2821.34,2794.16,1074700.0
2011-07-18,2821.36,2816.69,2826.96,2807.11,1081086.0
2011-07-19,2804.92,2796.98,2809.32,2790.69,927408.0
2011-07-20,2810.44,2794.2,2817.29,2779.38,840306.0
2011-07-21,2795.9,2765.89,2799.85,2763.42,817605.0
2011-07-22,2769.86,2770.79,2782.17,2763.8,702118.0
2011-07-25,2759.63,2688.75,2759.63,2680.75,1112422.0
2011-07-26,2685.75,2703.03,2704.94,2677.12,728814.0
2011-07-27,2690.14,2723.49,2726.8,2680.43,804077.0
2011-07-28,2701.77,2708.78,2712.09,2684.66,784749.0
2011-07-29,2706.5,2701.73,2721.53,2681.27,754716.0
2011-08-01,2697.57,2703.78,2712.89,2688.53,590007.0
2011-08-02,2689.97,2679.26,2689.97,2651.28,699931.0
2011-08-03,2659.12,2678.48,2688.06,2654.36,639816.0
2011-08-04,2683.19,2684.04,2698.82,2675.53,588721.0
2011-08-05,2620.28,2626.42,2644.58,2605.14,785718.0
2011-08-08,2599.29,2526.82,2614.19,2497.92,1103025.0
2011-08-09,2468.03,2526.07,2537.41,2437.68,1037238.0
2011-08-10,2562.39,2549.18,2579.16,2544.95,1003693.0
2011-08-11,2508.86,2581.51,2582.16,2505.01,955972.0
2011-08-12,2593.4,2593.17,2605.45,2585.85,971712.0
2011-08-15,2598.14,2626.77,2627.1,2584.41,886768.0
2011-08-16,2627.85,2608.17,2636.36,2601.5,852268.0
2011-08-17,2603.96,2601.26,2617.17,2596.04,701091.0
2011-08-18,2601.99,2559.47,2603.48,2556.86,709892.0
2011-08-19,2519.65,2534.36,2538.27,2513.75,706068.0
2011-08-22,2534.57,2515.86,2553.42,2507.78,612144.0
2011-08-23,2524.88,2554.02,2554.18,2514.95,609441.0
2011-08-24,2562.41,2541.09,2569.28,2536.26,654624.0
2011-08-25,2546.4,2615.26,2616.3,2545.05,1045379.0
2011-08-26,2602.21,2612.19,2616.64,2593.24,778504.0
2011-08-29,2595.47,2576.41,2595.47,2570.84,736960.0
2011-08-30,2592.6,2566.59,2615.14,2563.69,759106.0
2011-08-31,2566.53,2567.34,2574.42,2545.1,591697.0
2011-09-01,2569.8,2556.04,2584.8,2547.85,572909.0
2011-09-02,2551.56,2528.28,2557.31,2517.62,544365.0
2011-09-05,2510.1,2478.74,2510.1,2478.2,550310.0
2011-09-06,2465.57,2470.52,2482.24,2459.54,492231.0
2011-09-07,2480.94,2516.09,2516.75,2475.22,596658.0
2011-09-08,2523.96,2498.94,2524.38,2498.11,552719.0
2011-09-09,2506.97,2497.75,2528.42,2487.14,512533.0
2011-09-13,2467.73,2471.3,2477.08,2453.8,499309.0
2011-09-14,2478.59,2484.83,2485.93,2439.37,540659.0
2011-09-15,2482.86,2479.05,2496.57,2477.65,560036.0
2011-09-16,2490.18,2482.34,2499.48,2475.76,479868.0
2011-09-19,2469.6,2437.79,2469.6,2437.17,487468.0
2011-09-20,2433.72,2447.76,2460.03,2426.7,462658.0
2011-09-21,2450.12,2512.96,2517.67,2438.85,866892.0
2011-09-22,2491.21,2443.06,2499.98,2442.46,746954.0
2011-09-23,2411.83,2433.16,2440.75,2400.14,673026.0
2011-09-26,2416.23,2393.18,2441.73,2384.64,574250.0
2011-09-27,2410.99,2415.05,2423.91,2395.16,552314.0
2011-09-28,2427.29,2392.06,2430.27,2383.4,557584.0
2011-09-29,2378.42,2365.34,2387.54,2358.57,591912.0
2011-09-30,2368.4,2359.22,2377.54,2348.22,488183.0
2011-10-10,2363.08,2344.79,2368.15,2338.69,417453.0
2011-10-11,2401.74,2348.52,2412.38,2323.41,639758.0
2011-10-12,2335.49,2420.0,2421.69,2318.63,915085.0
2011-10-13,2412.83,2438.79,2439.64,2406.28,878601.0
2011-10-14,2429.88,2431.37,2437.59,2409.29,606731.0
2011-10-17,2434.49,2440.4,2452.99,2424.73,582676.0
2011-10-18,2423.28,2383.49,2425.65,2378.67,795257.0
2011-10-19,2387.83,2377.51,2401.69,2374.42,585346.0
2011-10-20,2365.91,2331.37,2368.64,2315.9,654252.0
2011-10-21,2330.51,2317.28,2340.31,2313.78,484367.0
2011-10-24,2322.02,2370.33,2371.09,2307.15,708740.0
2011-10-25,2366.4,2409.67,2414.05,2357.39,908888.0
2011-10-26,2398.19,2427.48,2448.98,2394.73,1074471.0
2011-10-27,2432.47,2435.61,2449.7,2426.32,824089.0
2011-10-28,2462.08,2473.41,2483.76,2456.18,1100327.0
2011-10-31,2470.25,2468.25,2478.31,2455.2,841725.0
2011-11-01,2450.33,2470.02,2491.36,2445.53,888924.0
2011-11-02,2437.87,2504.11,2505.12,2433.72,1054682.0
2011-11-03,2510.84,2508.09,2535.24,2507.3,1365763.0
2011-11-04,2525.24,2528.29,2536.78,2512.9,1018736.0
2011-11-07,2518.9,2509.8,2536.18,2507.62,788671.0
2011-11-08,2514.26,2503.84,2524.82,2500.02,786726.0
2011-11-09,2512.59,2524.92,2527.7,2489.02,782085.0
2011-11-10,2498.59,2479.54,2507.45,2478.14,871110.0
2011-11-11,2483.96,2481.08,2496.53,2472.76,661376.0
2011-11-14,2498.67,2528.71,2529.63,2496.34,812298.0
2011-11-15,2525.95,2529.76,2534.06,2518.7,792277.0
2011-11-16,2529.07,2466.96,2529.46,2456.86,933821.0
2011-11-17,2467.7,2463.05,2482.53,2459.16,664142.0
2011-11-18,2448.39,2416.56,2448.51,2411.04,721808.0
2011-11-21,2416.73,2415.13,2419.24,2396.09,501703.0
2011-11-22,2400.98,2412.63,2414.85,2387.83,514432.0
2011-11-23,2415.2,2395.06,2418.56,2390.65,505478.0
2011-11-24,2379.15,2397.55,2409.72,2370.69,521541.0
2011-11-25,2393.33,2380.22,2403.94,2372.62,453625.0
2011-11-28,2383.89,2383.03,2396.83,2372.16,460646.0
2011-11-29,2398.99,2412.39,2413.33,2388.2,551231.0
2011-11-30,2406.33,2333.41,2407.33,2319.44,766111.0
2011-12-01,2392.48,2386.86,2423.56,2376.92,986500.0
2011-12-02,2374.9,2360.66,2378.3,2344.85,598688.0
2011-12-05,2363.11,2333.23,2363.13,2327.61,522149.0
2011-12-06,2326.66,2325.9,2331.89,2310.16,459170.0
2011-12-07,2325.56,2332.73,2339.85,2317.81,415703.0
2011-12-08,2329.91,2329.82,2346.65,2302.64,514735.0
2011-12-09,2315.51,2315.27,2331.26,2309.46,399885.0
2011-12-12,2312.15,2291.54,2315.81,2290.26,396325.0
2011-12-13,2283.22,2248.59,2285.81,2245.87,586274.0
2011-12-14,2241.39,2228.53,2256.74,2224.73,440798.0
2011-12-15,2215.79,2180.9,2216.91,2179.47,567121.0
2011-12-16,2179.51,2224.84,2225.54,2170.75,572659.0
2011-12-19,2208.07,2218.24,2221.45,2164.89,578184.0
2011-12-20,2209.7,2215.93,2239.86,2206.52,527611.0
2011-12-21,2230.18,2191.15,2237.47,2188.71,508772.0
2011-12-22,2178.57,2186.3,2201.59,2149.42,589861.0
2011-12-23,2183.91,2204.78,2219.79,2178.14,524213.0
2011-12-26,2193.66,2190.11,2213.45,2186.07,436136.0
2011-12-27,2186.71,2166.21,2196.97,2162.72,457121.0
2011-12-28,2157.65,2170.01,2170.67,2134.02,496334.0
2011-12-29,2161.18,2173.56,2181.95,2157.11,447492.0
2011-12-30,2177.52,2199.42,2200.99,2177.52,519438.0
2012-01-04,2212.0,2169.39,2217.52,2168.64,492455.0
2012-01-05,2160.9,2148.45,2183.4,2145.56,587434.0
2012-01-06,2148.15,2163.39,2164.32,2132.63,505830.0
2012-01-09,2164.74,2225.89,2226.22,2148.45,767598.0
2012-01-10,2221.83,2285.74,2288.63,2218.28,1095854.0
2012-01-11,2282.91,2276.05,2290.64,2265.19,844417.0
2012-01-12,2268.74,2275.01,2295.22,2265.26,715699.0
2012-01-13,2277.08,2244.58,2281.53,2225.74,714743.0
2012-01-16,2230.43,2206.19,2241.26,2206.05,458595.0
2012-01-17,2206.53,2298.38,2298.38,2196.12,878035.0
2012-01-18,2298.83,2266.38,2311.58,2257.9,899404.0
2012-01-19,2266.08,2296.08,2305.71,2259.34,724988.0
2012-01-20,2300.5,2319.12,2322.89,2293.89,699227.0
2012-01-30,2324.49,2285.04,2324.49,2284.29,584136.0
2012-01-31,2285.95,2292.61,2296.38,2277.06,487383.0
2012-02-01,2288.07,2268.08,2305.86,2263.34,535538.0
2012-02-02,2273.85,2312.56,2312.56,2268.69,634718.0
2012-02-03,2306.66,2330.4,2336.27,2300.98,789436.0
2012-02-06,2334.25,2331.14,2341.58,2317.42,757344.0
2012-02-07,2319.42,2291.9,2319.71,2278.82,673269.0
2012-02-08,2291.81,2347.53,2350.96,2286.82,871145.0
2012-02-09,2344.22,2349.59,2363.61,2333.93,980323.0
2012-02-10,2342.01,2351.98,2368.98,2339.88,965016.0
2012-02-13,2332.05,2351.85,2365.34,2325.03,862635.0
2012-02-14,2348.88,2344.77,2352.47,2332.25,731304.0
2012-02-15,2340.45,2366.7,2374.28,2335.1,988610.0
2012-02-16,2363.9,2356.86,2373.8,2342.07,950511.0
2012-02-17,2366.63,2357.18,2372.51,2344.76,719248.0
2012-02-20,2383.69,2363.6,2388.01,2362.01,889115.0
2012-02-21,2365.49,2381.43,2382.15,2345.05,793486.0
2012-02-22,2380.5,2403.59,2404.44,2374.03,1186842.0
2012-02-23,2401.74,2409.55,2416.8,2396.71,1125535.0
2012-02-24,2410.88,2439.63,2439.98,2405.27,1349032.0
2012-02-27,2447.41,2447.06,2478.38,2444.63,1580732.0
2012-02-28,2440.91,2451.86,2458.65,2431.83,1183619.0
2012-02-29,2446.23,2428.49,2453.07,2426.33,955369.0
2012-03-01,2418.79,2426.11,2437.87,2418.33,750832.0
2012-03-02,2430.1,2460.69,2461.12,2430.1,1032283.0
2012-03-05,2464.85,2445.0,2469.84,2442.11,1126933.0
2012-03-06,2439.78,2410.45,2442.0,2406.06,1037090.0
2012-03-07,2391.2,2394.79,2413.69,2388.52,947906.0
2012-03-08,2401.1,2420.28,2426.7,2401.1,967821.0
2012-03-09,2425.89,2439.46,2440.51,2414.97,1006240.0
2012-03-12,2438.55,2434.86,2440.86,2420.84,1062230.0
2012-03-13,2432.84,2455.8,2457.22,2428.61,1046497.0
2012-03-14,2464.92,2391.23,2476.22,2382.84,1797860.0
2012-03-15,2388.06,2373.77,2403.74,2366.02,1200255.0
2012-03-16,2377.76,2404.74,2406.15,2368.31,1036756.0
2012-03-19,2401.22,2410.18,2412.34,2383.67,1021534.0
2012-03-20,2407.54,2376.84,2407.54,2376.03,979039.0
2012-03-21,2384.71,2378.2,2396.72,2361.22,956865.0
2012-03-22,2376.99,2375.77,2386.1,2364.13,793488.0
2012-03-23,2369.08,2349.54,2371.26,2342.12,768621.0
2012-03-26,2349.09,2350.6,2358.0,2339.14,554277.0
2012-03-27,2358.55,2347.18,2363.77,2344.3,608811.0
2012-03-28,2341.0,2284.88,2341.42,2281.43,836452.0
2012-03-29,2276.74,2252.16,2280.96,2242.35,742480.0
2012-03-30,2256.04,2262.79,2266.21,2246.25,620241.0
2012-04-05,2258.03,2302.24,2303.82,2251.39,801014.0
2012-04-06,2299.06,2306.55,2309.64,2291.56,721365.0
2012-04-09,2300.05,2285.78,2304.65,2284.44,597606.0
2012-04-10,2281.02,2305.86,2306.39,2258.85,673455.0
2012-04-11,2286.72,2308.93,2319.05,2280.04,751300.0
2012-04-12,2310.48,2350.86,2351.06,2307.84,976878.0
2012-04-13,2351.51,2359.16,2369.7,2346.94,987744.0
2012-04-16,2346.31,2357.03,2364.11,2342.2,853226.0
2012-04-17,2355.37,2334.99,2363.01,2333.34,846884.0
2012-04-18,2341.14,2380.85,2383.64,2337.86,1086125.0
2012-04-19,2378.63,2378.63,2386.98,2369.46,942724.0
2012-04-20,2374.66,2406.86,2407.29,2372.13,1155220.0
2012-04-23,2403.52,2388.59,2411.51,2383.07,1229075.0
2012-04-24,2380.24,2388.83,2415.75,2350.4,1337223.0
2012-04-25,2382.21,2406.81,2411.42,2376.63,1309728.0
2012-04-26,2408.56,2404.7,2414.75,2393.26,1155295.0
2012-04-27,2402.43,2396.32,2408.42,2393.87,912283.0
2012-05-02,2421.08,2438.44,2446.35,2407.79,1280060.0
2012-05-03,2433.59,2440.08,2441.95,2427.73,1022484.0
2012-05-04,2437.47,2452.01,2453.73,2427.97,1022048.0
2012-05-07,2441.76,2451.95,2451.95,2432.74,1088301.0
2012-05-08,2451.58,2448.88,2451.6,2431.03,1048555.0
2012-05-09,2432.47,2408.59,2432.47,2407.51,979022.0
2012-05-10,2409.95,2410.23,2419.12,2402.2,816984.0
2012-05-11,2406.07,2394.98,2415.98,2393.38,748639.0
2012-05-14,2408.26,2380.73,2411.27,2377.98,905263.0
2012-05-15,2367.08,2374.84,2376.59,2354.61,779229.0
2012-05-16,2369.3,2346.19,2372.03,2344.5,767338.0
2012-05-17,2347.18,2378.89,2383.31,2342.35,868700.0
2012-05-18,2364.9,2344.52,2369.6,2338.24,896894.0
2012-05-21,2343.58,2348.3,2360.39,2330.33,748403.0
2012-05-22,2355.73,2373.31,2374.06,2354.87,767797.0
2012-05-23,2369.26,2363.44,2378.08,2350.55,842165.0
2012-05-24,2359.68,2350.97,2373.06,2344.58,792068.0
2012-05-25,2350.54,2333.55,2355.81,2327.41,740192.0
2012-05-28,2325.32,2361.37,2361.74,2309.07,949621.0
2012-05-29,2361.0,2389.64,2393.28,2358.37,1171577.0
2012-05-30,2385.39,2384.67,2391.69,2378.13,898097.0
2012-05-31,2370.01,2372.23,2382.99,2362.31,778902.0
2012-06-01,2373.22,2373.44,2388.09,2365.44,770219.0
2012-06-04,2346.98,2308.55,2348.2,2308.23,901793.0
2012-06-05,2313.74,2311.92,2323.3,2304.05,660785.0
2012-06-06,2315.56,2309.56,2323.11,2301.04,585320.0
2012-06-07,2324.67,2293.13,2328.67,2288.67,602320.0
2012-06-08,2306.22,2281.45,2306.88,2276.71,679246.0
2012-06-11,2282.89,2305.86,2311.77,2278.16,641979.0
2012-06-12,2295.07,2289.79,2298.95,2280.95,599419.0
2012-06-13,2289.71,2318.92,2319.71,2284.65,784543.0
2012-06-14,2306.78,2295.95,2314.58,2293.06,716337.0
2012-06-15,2299.78,2306.85,2314.24,2283.4,686875.0
2012-06-18,2313.53,2316.05,2325.05,2309.71,605946.0
2012-06-19,2313.46,2300.79,2313.46,2298.39,601359.0
2012-06-20,2300.41,2292.88,2304.46,2291.54,541039.0
2012-06-21,2288.45,2260.88,2288.45,2253.79,589920.0
2012-06-25,2253.51,2224.11,2253.51,2223.05,597689.0
2012-06-26,2214.65,2222.07,2229.24,2203.94,529408.0
2012-06-27,2219.94,2216.93,2233.54,2213.32,510491.0
2012-06-28,2220.24,2195.84,2224.16,2195.36,541821.0
2012-06-29,2190.58,2225.43,2226.49,2188.72,614418.0
2012-07-02,2234.32,2226.11,2234.87,2215.36,621962.0
2012-07-03,2225.57,2229.19,2244.83,2219.05,627030.0
2012-07-04,2233.33,2227.31,2239.27,2219.45,552736.0
2012-07-05,2218.22,2201.35,2218.22,2192.65,579679.0
2012-07-06,2203.73,2223.58,2227.47,2185.52,765579.0
2012-07-09,2210.71,2170.81,2216.7,2168.61,751114.0
2012-07-10,2166.95,2164.44,2178.2,2156.73,589939.0
2012-07-11,2160.02,2175.38,2176.49,2156.6,586144.0
2012-07-12,2172.06,2185.49,2197.04,2152.68,821337.0
2012-07-13,2180.17,2185.9,2198.66,2177.92,575468.0
2012-07-16,2187.89,2147.96,2188.06,2146.15,674876.0
2012-07-17,2142.43,2161.19,2165.33,2141.48,551844.0
2012-07-18,2159.86,2169.1,2170.3,2138.79,665526.0
2012-07-19,2164.27,2184.84,2197.79,2159.94,793380.0
2012-07-20,2180.01,2168.64,2185.73,2162.06,643466.0
2012-07-23,2154.17,2141.4,2154.17,2135.56,556770.0
2012-07-24,2132.32,2146.59,2158.95,2131.01,544112.0
2012-07-25,2141.04,2136.15,2151.45,2132.83,485758.0
2012-07-26,2134.99,2126.0,2147.66,2124.16,528840.0
2012-07-27,2132.01,2128.76,2139.15,2120.63,520769.0
2012-07-30,2128.16,2109.91,2137.74,2107.63,519923.0
2012-07-31,2109.32,2103.63,2116.9,2100.25,534560.0
2012-08-01,2101.72,2123.36,2130.71,2101.71,538046.0
2012-08-02,2120.15,2111.18,2126.46,2103.5,534675.0
2012-08-03,2113.96,2132.8,2133.27,2108.33,533713.0
2012-08-06,2129.15,2154.92,2158.68,2127.26,718432.0
2012-08-07,2153.09,2157.62,2159.68,2148.9,750498.0
2012-08-08,2158.98,2160.99,2168.73,2153.02,728695.0
2012-08-09,2159.43,2174.1,2175.54,2148.69,725292.0
2012-08-10,2172.96,2168.81,2176.79,2165.28,683685.0
2012-08-13,2164.04,2136.08,2164.04,2134.55,713523.0
2012-08-14,2137.05,2142.52,2144.01,2119.25,675715.0
2012-08-15,2138.28,2118.95,2139.14,2118.5,546093.0
2012-08-16,2116.08,2112.2,2122.68,2109.66,451730.0
2012-08-17,2111.65,2114.89,2120.71,2100.79,443906.0
2012-08-20,2102.23,2106.96,2110.78,2089.02,467175.0
2012-08-21,2106.38,2118.27,2124.2,2103.07,607565.0
2012-08-22,2118.88,2107.71,2121.15,2097.61,584414.0
2012-08-23,2106.96,2113.07,2118.74,2097.08,584723.0
2012-08-24,2108.36,2092.1,2109.82,2089.22,601789.0
2012-08-27,2085.37,2055.71,2085.37,2055.38,603148.0
2012-08-28,2054.97,2073.15,2083.96,2052.49,544221.0
2012-08-29,2066.82,2053.24,2073.95,2051.77,522098.0
2012-08-30,2044.03,2052.58,2060.19,2032.54,619637.0
2012-08-31,2046.29,2047.52,2059.3,2044.65,461439.0
2012-09-03,2044.82,2059.15,2066.78,2041.16,606354.0
2012-09-04,2060.61,2043.65,2063.82,2039.27,574621.0
2012-09-05,2038.87,2037.68,2048.32,2029.05,576498.0
2012-09-06,2040.67,2051.92,2052.95,2036.37,560918.0
2012-09-07,2062.99,2127.76,2145.0,2062.99,1399326.0
2012-09-10,2128.06,2134.89,2140.17,2120.49,1035800.0
2012-09-11,2127.52,2120.55,2127.52,2107.22,804266.0
2012-09-12,2129.69,2126.55,2137.89,2109.14,841147.0
2012-09-13,2123.84,2110.38,2130.08,2110.0,790449.0
2012-09-14,2127.39,2123.85,2136.23,2111.12,912482.0
2012-09-17,2120.62,2078.5,2121.58,2077.48,763922.0
2012-09-18,2069.34,2059.54,2074.76,2053.66,537948.0
2012-09-19,2061.06,2067.83,2069.95,2055.2,522436.0
2012-09-20,2060.31,2024.84,2060.31,2023.08,674826.0
2012-09-21,2020.55,2026.69,2041.95,2018.26,602894.0
2012-09-24,2015.77,2033.19,2040.85,2005.26,576377.0
2012-09-25,2028.63,2029.29,2039.1,2021.81,482194.0
2012-09-26,2027.86,2004.17,2033.04,1999.48,504008.0
2012-09-27,2003.1,2056.32,2068.07,2002.32,766914.0
2012-09-28,2042.89,2086.17,2089.63,2040.35,794489.0
2012-10-08,2084.85,2074.42,2096.26,2063.09,551316.0
2012-10-09,2081.59,2115.23,2119.34,2081.59,845637.0
2012-10-10,2111.59,2119.94,2121.99,2102.53,789120.0
2012-10-11,2114.23,2102.87,2117.84,2101.14,744970.0
2012-10-12,2109.07,2104.93,2127.31,2092.51,682629.0
2012-10-15,2105.02,2098.7,2107.2,2085.12,539407.0
2012-10-16,2097.05,2098.81,2111.78,2089.7,578184.0
2012-10-17,2104.28,2105.62,2113.16,2088.04,598740.0
2012-10-18,2108.5,2131.69,2137.69,2107.49,871910.0
2012-10-19,2129.82,2128.3,2136.87,2125.74,676412.0
2012-10-22,2118.52,2132.76,2138.03,2112.75,601172.0
2012-10-23,2132.11,2114.45,2136.22,2111.92,726838.0
2012-10-24,2106.83,2115.99,2124.0,2104.67,728866.0
2012-10-25,2114.76,2101.58,2128.74,2100.61,853931.0
2012-10-26,2100.1,2066.21,2102.16,2058.06,786064.0
2012-10-29,2061.85,2058.94,2068.24,2053.09,536350.0
2012-10-30,2059.2,2062.35,2075.91,2054.26,605690.0
2012-10-31,2061.12,2068.88,2070.48,2053.58,595272.0
2012-11-01,2070.02,2104.43,2109.5,2069.95,828866.0
2012-11-02,2105.45,2117.05,2119.22,2096.53,765572.0
2012-11-05,2113.33,2114.03,2123.33,2104.58,715387.0
2012-11-06,2113.66,2106.0,2114.79,2078.47,713438.0
2012-11-07,2102.42,2105.73,2112.63,2093.29,593801.0
2012-11-08,2091.25,2071.51,2092.56,2070.65,665945.0
2012-11-09,2066.5,2069.07,2077.23,2062.42,542234.0
2012-11-12,2069.21,2079.27,2079.57,2061.84,566948.0
2012-11-13,2078.13,2047.89,2078.13,2044.04,610872.0
2012-11-14,2047.26,2055.42,2056.49,2040.17,480930.0
2012-11-15,2045.46,2030.29,2053.56,2029.87,505568.0
2012-11-16,2026.56,2014.73,2028.69,2001.72,495816.0
2012-11-19,2013.25,2016.98,2018.38,1995.72,453270.0
2012-11-20,2020.43,2008.92,2023.61,2004.17,425806.0
2012-11-21,2008.21,2030.32,2031.15,1995.17,532820.0
2012-11-22,2021.21,2015.61,2023.08,2009.72,455778.0
2012-11-23,2020.02,2027.38,2034.88,2017.0,515514.0
2012-11-26,2023.34,2017.46,2027.27,2014.03,447795.0
2012-11-27,2012.07,1991.17,2014.21,1990.34,566274.0
2012-11-28,1984.48,1973.52,1984.86,1968.21,505055.0
2012-11-29,1972.93,1963.49,1980.56,1961.82,495400.0
2012-11-30,1961.81,1980.12,1983.42,1959.33,568934.0
2012-12-03,1977.25,1959.77,1988.19,1957.88,616533.0
2012-12-04,1956.62,1975.14,1980.12,1949.46,623781.0
2012-12-05,1973.11,2031.91,2040.6,1970.2,1199730.0
2012-12-06,2029.56,2029.24,2036.61,2018.38,814592.0
2012-12-07,2028.77,2061.79,2065.75,2023.96,1151572.0
2012-12-10,2067.32,2083.77,2087.01,2064.62,1153832.0
2012-12-11,2077.56,2074.7,2088.64,2070.19,933708.0
2012-12-12,2073.27,2082.73,2085.93,2066.39,785591.0
2012-12-13,2077.42,2061.48,2081.36,2059.47,722723.0
2012-12-14,2062.69,2150.63,2152.5,2062.54,1608738.0
2012-12-17,2152.1,2160.34,2169.57,2151.94,1442422.0
2012-12-18,2155.86,2162.46,2183.71,2144.73,1260994.0
2012-12-19,2158.67,2162.24,2175.4,2154.29,943915.0
2012-12-20,2156.19,2168.35,2174.82,2142.95,993841.0
2012-12-21,2169.57,2153.31,2190.4,2148.17,1033728.0
2012-12-24,2150.65,2159.05,2170.39,2149.82,784696.0
2012-12-25,2154.32,2213.61,2220.26,2146.86,1433277.0
2012-12-26,2211.59,2219.13,2220.48,2206.79,1218586.0
2012-12-27,2223.66,2205.9,2234.72,2204.79,1290235.0
2012-12-28,2207.91,2233.25,2234.87,2204.0,1159249.0
2012-12-31,2236.46,2269.13,2269.51,2236.46,1280314.0
2013-01-04,2289.51,2276.99,2296.11,2256.56,1394699.0
2013-01-07,2271.66,2285.36,2293.32,2266.86,1181628.0
2013-01-08,2284.65,2276.07,2289.14,2262.98,1229078.0
2013-01-09,2271.3,2275.34,2283.9,2259.05,1220149.0
2013-01-10,2274.38,2283.66,2295.48,2268.65,1200666.0
2013-01-11,2285.19,2243.0,2290.21,2234.95,1250682.0
2013-01-14,2236.29,2311.74,2317.62,2235.11,1447498.0
2013-01-15,2312.47,2325.68,2332.78,2309.32,1656459.0
2013-01-16,2322.16,2309.5,2326.76,2279.51,1535111.0
2013-01-17,2305.14,2284.91,2305.6,2275.88,1191018.0
2013-01-18,2295.81,2317.07,2324.51,2285.97,1254380.0
2013-01-21,2321.49,2328.22,2329.58,2305.1,1346804.0
2013-01-22,2326.49,2315.14,2335.81,2301.3,1494665.0
2013-01-23,2308.52,2320.91,2325.12,2296.49,1181797.0
2013-01-24,2320.26,2302.6,2362.94,2287.3,1610316.0
2013-01-25,2300.0,2291.3,2308.38,2288.26,926057.0
2013-01-28,2295.35,2346.5,2346.92,2295.35,1283837.0
2013-01-29,2347.22,2358.98,2363.8,2337.35,1418539.0
2013-01-30,2360.75,2382.48,2383.76,2347.89,1498789.0
2013-01-31,2383.43,2385.42,2391.82,2371.23,1397078.0
2013-02-01,2377.41,2419.02,2421.15,2369.57,1408181.0
2013-02-04,2425.92,2428.15,2440.38,2417.58,1675514.0
2013-02-05,2411.0,2433.13,2437.42,2403.3,1507545.0
2013-02-06,2432.68,2434.48,2441.73,2427.7,1165799.0
2013-02-07,2430.69,2418.53,2433.89,2394.22,1200086.0
2013-02-08,2416.62,2432.4,2443.03,2414.4,1090703.0
2013-02-18,2441.91,2421.56,2444.8,2415.43,1161749.0
2013-02-19,2420.26,2382.91,2427.07,2373.53,1234733.0
2013-02-20,2383.49,2397.18,2397.94,2370.61,1102805.0
2013-02-21,2378.82,2325.95,2378.82,2309.17,1440594.0
2013-02-22,2322.94,2314.16,2330.88,2308.76,969818.0
2013-02-25,2320.62,2325.82,2338.78,2315.01,883673.0
2013-02-26,2313.74,2293.34,2340.71,2289.89,1176386.0
2013-02-27,2297.77,2313.22,2324.63,2292.03,978248.0
2013-02-28,2322.32,2365.59,2366.16,2308.92,1269505.0
2013-03-01,2364.54,2359.51,2369.65,2330.86,1203127.0
2013-03-04,2332.08,2273.4,2333.54,2259.25,1617500.0
2013-03-05,2274.81,2326.31,2328.14,2270.1,1311366.0
2013-03-06,2333.62,2347.18,2351.44,2321.6,1413337.0
2013-03-07,2340.44,2324.29,2352.02,2304.27,1397563.0
2013-03-08,2326.42,2318.61,2333.67,2314.59,987941.0
2013-03-11,2314.68,2310.59,2320.96,2296.58,841119.0
2013-03-12,2309.16,2286.61,2333.29,2264.83,1176644.0
2013-03-13,2282.17,2263.97,2286.33,2253.25,909727.0
2013-03-14,2255.77,2270.28,2276.22,2253.31,802940.0
2013-03-15,2269.31,2278.4,2312.08,2250.0,1164778.0
2013-03-18,2267.29,2240.02,2276.05,2239.21,931227.0
2013-03-19,2244.26,2257.43,2261.31,2232.02,875821.0
2013-03-20,2257.74,2317.37,2317.86,2257.42,1312412.0
2013-03-21,2318.21,2324.24,2330.81,2311.6,1192009.0
2013-03-22,2321.4,2328.28,2332.0,2314.97,1011672.0
2013-03-25,2334.74,2326.72,2344.89,2319.91,970315.0
2013-03-26,2318.58,2297.67,2319.99,2281.12,1044490.0
2013-03-27,2299.38,2301.26,2323.48,2289.0,963311.0
2013-03-28,2273.55,2236.3,2273.55,2232.91,1276587.0
2013-03-29,2238.49,2236.62,2246.87,2228.81,855654.0
2013-04-01,2229.46,2234.4,2243.95,2227.31,774117.0
2013-04-02,2234.9,2227.74,2253.42,2220.44,897143.0
2013-04-03,2232.69,2225.29,2241.34,2217.25,817952.0
2013-04-08,2196.24,2211.59,2212.59,2180.67,862574.0
2013-04-09,2215.47,2225.77,2234.73,2215.47,828965.0
2013-04-10,2224.93,2226.13,2233.04,2212.56,806196.0
2013-04-11,2236.98,2219.55,2242.48,2217.26,736327.0
2013-04-12,2218.1,2206.78,2226.26,2204.44,668463.0
2013-04-15,2199.91,2181.94,2204.99,2177.39,716323.0
2013-04-16,2169.63,2194.85,2196.43,2165.78,799921.0
2013-04-17,2195.03,2193.8,2197.51,2178.47,683141.0
2013-04-18,2181.82,2197.6,2206.03,2175.44,716169.0
2013-04-19,2201.12,2244.64,2250.11,2200.58,1096605.0
2013-04-22,2236.4,2242.17,2245.12,2232.26,952337.0
2013-04-23,2242.62,2184.54,2242.62,2182.81,965413.0
2013-04-24,2187.35,2218.32,2226.12,2184.11,916002.0
2013-04-25,2213.19,2199.31,2224.63,2191.85,967041.0
2013-04-26,2203.89,2177.91,2210.58,2173.86,766739.0
2013-05-02,2170.78,2174.12,2179.65,2161.14,683379.0
2013-05-03,2179.05,2205.5,2222.81,2179.05,885834.0
2013-05-06,2212.5,2231.17,2236.07,2212.5,922681.0
2013-05-07,2227.86,2235.57,2240.26,2219.44,864523.0
2013-05-08,2242.39,2246.3,2255.21,2235.42,903719.0
2013-05-09,2246.96,2232.97,2247.86,2221.38,985316.0
2013-05-10,2228.82,2246.83,2247.67,2225.81,903354.0
2013-05-13,2247.68,2241.92,2250.85,2231.36,862112.0
2013-05-14,2238.9,2217.01,2239.93,2205.87,832449.0
2013-05-15,2217.09,2224.8,2225.19,2213.58,717228.0
2013-05-16,2221.34,2251.81,2252.87,2210.77,1102843.0
2013-05-17,2249.81,2282.87,2288.09,2248.41,1261260.0
2013-05-20,2286.33,2299.99,2309.39,2281.9,1391505.0
2013-05-21,2297.11,2305.11,2305.3,2290.12,1241731.0
2013-05-22,2303.75,2302.4,2314.18,2292.43,1283600.0
2013-05-23,2293.81,2275.67,2304.95,2274.1,1240198.0
2013-05-24,2281.45,2288.53,2292.6,2270.25,1014412.0
2013-05-27,2286.66,2293.08,2301.7,2283.94,1073250.0
2013-05-28,2293.4,2321.32,2322.1,2281.47,1326329.0
2013-05-29,2323.54,2324.02,2334.33,2321.17,1252507.0
2013-05-30,2316.25,2317.75,2325.72,2310.49,1119130.0
2013-05-31,2320.74,2300.6,2325.53,2299.37,1081625.0
2013-06-03,2300.21,2299.25,2313.43,2294.11,968828.0
2013-06-04,2297.1,2272.42,2297.1,2264.76,1018958.0
2013-06-05,2270.71,2270.93,2276.87,2260.87,764833.0
2013-06-06,2264.43,2242.11,2266.69,2240.07,815386.0
2013-06-07,2242.26,2210.9,2250.63,2205.07,899780.0
2013-06-13,2190.1,2148.36,2190.1,2126.22,943710.0
2013-06-14,2150.06,2162.04,2163.85,2142.78,778574.0
2013-06-17,2165.99,2156.22,2169.36,2147.03,757577.0
2013-06-18,2158.55,2159.29,2161.68,2138.35,696322.0
2013-06-19,2150.82,2143.45,2150.82,2115.79,754250.0
2013-06-20,2132.81,2084.02,2132.81,2082.82,777879.0
2013-06-21,2058.98,2073.1,2085.86,2042.88,796732.0
2013-06-24,2068.86,1963.24,2068.86,1958.4,1091982.0
2013-06-25,1948.31,1959.51,1963.57,1849.65,1381585.0
2013-06-26,1954.47,1951.5,1959.16,1922.82,1011925.0
2013-06-27,1955.13,1950.01,1980.54,1942.37,1058133.0
2013-06-28,1935.52,1979.21,1987.98,1925.65,1007379.0
2013-07-01,1965.99,1995.24,1995.92,1957.57,780513.0
2013-07-02,1992.89,2006.56,2007.62,1978.43,864154.0
2013-07-03,1996.51,1994.27,1996.54,1965.52,934664.0
2013-07-04,1982.87,2006.1,2022.14,1974.1,1003941.0
2013-07-05,2006.19,2007.2,2021.54,2002.37,913452.0
2013-07-08,1983.21,1958.27,1983.21,1953.12,841364.0
2013-07-09,1953.6,1965.45,1969.15,1946.37,645387.0
2013-07-10,1962.84,2008.13,2009.36,1960.28,897979.0
2013-07-11,2011.02,2072.99,2092.87,2010.4,1599707.0
2013-07-12,2068.04,2039.49,2074.86,2036.05,1211741.0
2013-07-15,2046.12,2059.39,2076.67,2037.25,1014703.0
2013-07-16,2054.6,2065.72,2066.36,2038.54,967374.0
2013-07-17,2061.19,2044.92,2075.81,2043.23,1032513.0
2013-07-18,2038.4,2023.4,2043.37,2016.9,921320.0
2013-07-19,2025.32,1992.65,2035.22,1990.25,1045775.0
2013-07-22,1977.73,2004.76,2005.47,1970.64,829221.0
2013-07-23,2008.95,2043.88,2051.53,2005.09,1095173.0
2013-07-24,2035.69,2033.33,2042.77,2010.42,1066557.0
2013-07-25,2037.34,2021.17,2045.37,2016.43,985453.0
2013-07-26,2013.19,2010.85,2021.57,2000.8,738004.0
2013-07-29,1997.84,1976.31,1997.84,1969.85,786832.0
2013-07-30,1981.45,1990.06,2006.23,1965.36,772197.0
2013-07-31,2000.79,1993.8,2015.47,1987.88,701606.0
2013-08-01,2000.82,2029.07,2029.93,1997.06,912566.0
2013-08-02,2039.51,2029.42,2047.08,2025.65,935927.0
2013-08-05,2031.72,2050.48,2050.91,2025.23,855179.0
2013-08-06,2043.65,2060.5,2066.74,2034.96,1055809.0
2013-08-07,2056.37,2046.78,2069.56,2043.75,1077125.0
2013-08-08,2044.44,2044.9,2058.56,2037.25,841332.0
2013-08-09,2052.24,2052.24,2061.71,2030.13,953164.0
2013-08-12,2058.42,2101.28,2102.35,2055.72,1351289.0
2013-08-13,2101.32,2106.16,2106.4,2093.8,1177088.0
2013-08-14,2109.23,2100.14,2122.97,2093.04,1144378.0
2013-08-15,2099.28,2081.88,2108.41,2079.97,993966.0
2013-08-16,2075.98,2068.45,2198.85,2061.65,1530633.0
2013-08-19,2055.13,2085.6,2091.13,2052.7,974467.0
2013-08-20,2081.97,2072.6,2098.98,2066.07,1073817.0
2013-08-21,2076.27,2072.96,2076.32,2056.91,874459.0
2013-08-22,2069.31,2067.12,2083.33,2062.37,909283.0
2013-08-23,2075.93,2057.46,2079.85,2029.37,1124263.0
2013-08-26,2061.42,2096.47,2097.34,2056.13,1199326.0
2013-08-27,2095.44,2103.57,2105.38,2090.43,1263419.0
2013-08-28,2092.31,2101.3,2113.82,2080.86,1613920.0
2013-08-29,2108.44,2097.23,2110.89,2088.24,1332682.0
2013-08-30,2097.22,2098.38,2114.39,2089.1,1700756.0
2013-09-02,2104.09,2098.45,2108.68,2078.46,1491585.0
2013-09-03,2100.45,2123.11,2123.85,2095.46,1388931.0
2013-09-04,2121.68,2127.62,2133.0,2115.75,1420003.0
2013-09-05,2125.25,2122.43,2127.86,2115.24,1265441.0
2013-09-06,2119.33,2139.99,2143.24,2119.02,1432606.0
2013-09-09,2151.35,2212.52,2218.53,2151.35,2194271.0
2013-09-10,2214.81,2237.98,2238.55,2202.82,2372066.0
2013-09-11,2244.96,2241.27,2258.07,2233.0,2443494.0
2013-09-12,2236.17,2255.61,2270.27,2226.29,2097151.0
2013-09-13,2251.46,2236.22,2259.42,2228.48,1719842.0
2013-09-16,2244.46,2231.4,2248.47,2226.17,1548840.0
2013-09-17,2230.39,2185.56,2230.93,2184.92,1545425.0
2013-09-18,2185.94,2191.85,2195.9,2172.04,1151118.0
2013-09-23,2199.36,2221.04,2223.07,2198.34,1331748.0
2013-09-24,2219.47,2207.53,2219.54,2187.24,1604150.0
2013-09-25,2206.23,2198.51,2217.97,2193.72,1602127.0
2013-09-26,2192.23,2155.81,2192.23,2154.72,1404153.0
2013-09-27,2150.96,2160.03,2165.78,2149.59,1054017.0
2013-09-30,2167.73,2174.67,2176.3,2165.16,928100.0
2013-10-08,2171.9,2198.2,2200.02,2161.49,1267102.0
2013-10-09,2191.39,2211.77,2212.35,2185.18,1308717.0
2013-10-10,2214.41,2190.93,2214.59,2186.48,1497759.0
2013-10-11,2201.41,2228.15,2228.87,2200.53,1568921.0
2013-10-14,2232.22,2237.77,2242.98,2226.4,1659833.0
2013-10-15,2237.93,2233.41,2240.25,2221.14,1537228.0
2013-10-16,2228.11,2193.07,2228.11,2183.4,1546386.0
2013-10-17,2201.71,2188.54,2211.03,2183.25,1267679.0
2013-10-18,2188.71,2193.78,2203.29,2184.36,1037246.0
2013-10-21,2198.11,2229.24,2230.28,2190.39,1366944.0
2013-10-22,2227.34,2210.65,2227.34,2204.24,1491328.0
2013-10-23,2213.27,2183.11,2226.85,2177.73,1463470.0
2013-10-24,2178.82,2164.32,2183.41,2159.87,1030089.0
2013-10-25,2163.69,2132.96,2170.61,2122.68,1139245.0
2013-10-28,2135.88,2133.87,2140.96,2123.07,884013.0
2013-10-29,2135.23,2128.86,2163.66,2093.2,1430928.0
2013-10-30,2126.69,2160.46,2161.94,2121.84,1196433.0
2013-10-31,2155.51,2141.61,2155.51,2137.47,1080630.0
2013-11-01,2139.88,2149.56,2157.31,2132.63,891184.0
2013-11-04,2156.09,2149.63,2160.58,2143.21,761479.0
2013-11-05,2139.84,2157.24,2158.15,2124.85,919000.0
2013-11-06,2149.39,2139.61,2166.17,2138.78,1004873.0
2013-11-07,2136.63,2129.4,2141.6,2119.19,818426.0
2013-11-08,2120.92,2106.13,2128.58,2103.51,830968.0
2013-11-11,2103.3,2109.47,2117.28,2093.63,696782.0
2013-11-12,2110.72,2126.77,2127.94,2108.4,794467.0
2013-11-13,2117.89,2087.94,2117.91,2086.01,882570.0
2013-11-14,2087.12,2100.51,2102.38,2078.99,837993.0
2013-11-15,2100.9,2135.83,2153.21,2100.79,1258945.0
2013-11-18,2147.37,2197.22,2198.32,2143.77,1575027.0
2013-11-19,2198.32,2193.13,2203.3,2186.11,1250823.0
2013-11-20,2201.47,2206.61,2207.11,2186.64,1189618.0
2013-11-21,2197.01,2205.77,2206.53,2177.74,1372455.0
2013-11-22,2206.47,2196.38,2211.07,2188.77,1138664.0
2013-11-25,2186.06,2186.12,2209.15,2181.42,1082826.0
2013-11-26,2184.33,2183.07,2192.58,2176.18,1004608.0
2013-11-27,2181.73,2201.07,2207.62,2176.85,1153844.0
2013-11-28,2204.38,2219.37,2234.39,2202.62,1344567.0
2013-11-29,2221.62,2220.5,2224.94,2212.26,1069590.0
2013-12-02,2203.12,2207.37,2231.92,2172.63,1742819.0
2013-12-03,2196.82,2222.67,2227.92,2193.25,1135064.0
2013-12-04,2219.97,2251.76,2260.87,2215.92,1572929.0
2013-12-05,2252.72,2247.06,2255.26,2239.14,1220484.0
2013-12-06,2242.56,2237.11,2248.15,2228.63,1037009.0
2013-12-09,2241.79,2238.2,2249.17,2231.73,932736.0
2013-12-10,2239.86,2237.49,2250.5,2231.68,1090431.0
2013-12-11,2228.63,2204.17,2228.63,2193.16,1094731.0
2013-12-12,2199.32,2202.8,2214.55,2194.9,861086.0
2013-12-13,2188.26,2196.07,2204.64,2183.84,851010.0
2013-12-16,2197.23,2160.86,2201.7,2159.99,1013875.0
2013-12-17,2161.54,2151.08,2165.54,2146.31,785789.0
2013-12-18,2150.41,2148.29,2156.59,2142.62,641735.0
2013-12-19,2153.67,2127.79,2159.14,2126.25,731234.0
2013-12-20,2128.37,2084.79,2131.74,2082.85,867752.0
2013-12-23,2089.54,2089.71,2099.52,2068.54,681466.0
2013-12-24,2094.07,2092.91,2111.81,2079.81,702514.0
2013-12-25,2095.02,2106.35,2107.23,2088.3,651390.0
2013-12-26,2102.66,2073.1,2102.66,2070.55,785414.0
2013-12-27,2074.59,2101.25,2110.36,2069.59,767568.0
2013-12-30,2108.88,2097.53,2112.01,2095.06,740850.0
2013-12-31,2090.68,2115.98,2120.27,2087.42,804743.0
2014-01-02,2112.13,2109.39,2113.11,2101.02,684854.0
2014-01-03,2101.54,2083.14,2102.17,2075.9,844972.0
2014-01-06,2078.68,2045.71,2078.68,2034.01,895876.0
2014-01-07,2034.22,2047.32,2052.28,2029.25,634029.0
2014-01-08,2047.26,2044.34,2062.95,2037.11,716473.0
2014-01-09,2041.77,2027.62,2057.2,2026.45,759418.0
2014-01-10,2023.54,2013.3,2029.3,2008.01,756161.0
2014-01-13,2014.98,2009.56,2027.18,2000.4,665447.0
2014-01-14,2007.16,2026.84,2027.43,2001.14,703666.0
2014-01-15,2024.23,2023.35,2027.41,2010.2,674362.0
2014-01-16,2022.54,2023.7,2034.71,2014.41,727557.0
2014-01-17,2017.52,2004.95,2017.87,2001.33,673057.0
2014-01-20,2001.89,1991.25,2005.94,1984.82,562712.0
2014-01-21,1992.02,2008.31,2014.15,1992.02,598449.0
2014-01-22,2009.97,2051.75,2052.34,2008.93,988928.0
2014-01-23,2048.33,2042.18,2052.53,2039.05,842105.0
2014-01-24,2037.67,2054.39,2060.99,2034.45,929479.0
2014-01-27,2044.27,2033.3,2044.85,2029.63,888154.0
2014-01-28,2036.4,2038.51,2047.13,2026.99,725290.0
2014-01-29,2042.18,2049.91,2051.58,2039.77,738654.0
2014-01-30,2045.93,2033.08,2045.93,2031.47,626151.0
2014-02-07,2022.32,2044.5,2044.73,2014.7,735987.0
2014-02-10,2049.98,2086.07,2087.97,2049.98,1243318.0
2014-02-11,2086.18,2103.67,2111.06,2082.52,1422113.0
2014-02-12,2103.83,2109.96,2110.9,2096.51,1263331.0
2014-02-13,2106.93,2098.4,2122.83,2096.97,1465326.0
2014-02-14,2097.32,2115.85,2116.19,2095.09,1115179.0
2014-02-17,2124.88,2135.41,2136.45,2117.69,1402444.0
2014-02-18,2134.14,2119.07,2134.14,2113.13,1428693.0
2014-02-19,2116.92,2142.55,2152.96,2111.17,1512612.0
2014-02-20,2152.89,2138.78,2177.98,2136.48,1570522.0
2014-02-21,2131.59,2113.69,2132.7,2098.33,1176626.0
2014-02-24,2099.72,2076.69,2099.72,2058.79,1235553.0
2014-02-25,2077.28,2034.22,2087.62,2026.54,1401329.0
2014-02-26,2026.61,2041.25,2041.63,2014.38,1101126.0
2014-02-27,2045.1,2047.35,2068.31,2036.39,1321638.0
2014-02-28,2040.62,2056.3,2058.49,2020.93,1116379.0
2014-03-03,2052.08,2075.23,2078.33,2047.07,1274608.0
2014-03-04,2068.11,2071.47,2074.02,2050.13,1159257.0
2014-03-05,2073.29,2053.08,2074.81,2050.18,1077330.0
2014-03-06,2050.03,2059.58,2065.79,2030.95,1092901.0
2014-03-07,2058.38,2057.91,2079.49,2050.47,1037095.0
2014-03-10,2042.35,1999.06,2042.63,1995.55,1156966.0
2014-03-11,1994.42,2001.16,2008.07,1985.6,927052.0
2014-03-12,1996.24,1997.69,2011.06,1974.38,1013617.0
2014-03-13,2000.69,2019.11,2029.12,1996.53,1009781.0
2014-03-14,2008.82,2004.34,2017.91,1990.98,877751.0
2014-03-17,2009.88,2023.67,2024.37,1999.25,862503.0
2014-03-18,2026.22,2025.2,2034.92,2020.41,967771.0
2014-03-19,2019.98,2021.73,2022.18,2002.44,951808.0
2014-03-20,2017.22,1993.48,2030.85,1993.0,1103330.0
2014-03-21,1987.68,2047.62,2052.47,1986.07,1444776.0
2014-03-24,2050.83,2066.28,2074.06,2043.33,1477000.0
2014-03-25,2063.32,2067.31,2079.55,2057.49,1318222.0
2014-03-26,2070.57,2063.67,2074.57,2057.65,1026111.0
2014-03-27,2060.81,2046.59,2073.98,2042.71,1191493.0
2014-03-28,2046.85,2041.71,2060.13,2035.24,1216819.0
2014-03-31,2043.05,2033.31,2048.13,2024.19,943565.0
2014-04-01,2031.0,2047.46,2050.68,2028.1,832865.0
2014-04-02,2049.42,2058.99,2060.78,2046.74,1026585.0
2014-04-03,2063.5,2043.7,2066.01,2037.45,1086184.0
2014-04-04,2037.55,2058.83,2060.1,2035.22,831890.0
2014-04-08,2054.53,2098.28,2102.45,2052.9,1333709.0
2014-04-09,2100.65,2105.24,2108.75,2095.64,1053404.0
2014-04-10,2105.88,2134.3,2146.67,2098.08,1567896.0
2014-04-11,2130.37,2130.54,2138.65,2120.18,1317683.0
2014-04-14,2127.41,2131.54,2134.43,2116.61,1020778.0
2014-04-15,2125.9,2101.6,2125.9,2098.15,1075311.0
2014-04-16,2097.21,2105.12,2112.05,2092.16,893616.0
2014-04-17,2108.95,2098.88,2110.72,2095.71,898963.0
2014-04-18,2091.48,2097.75,2099.64,2081.19,881556.0
2014-04-21,2085.98,2065.83,2103.08,2065.23,963783.0
2014-04-22,2062.79,2072.83,2073.66,2047.33,987198.0
2014-04-23,2068.08,2067.38,2076.35,2059.11,785315.0
2014-04-24,2064.16,2057.03,2075.76,2056.19,781859.0
2014-04-25,2060.54,2036.52,2065.64,2035.57,930423.0
2014-04-28,2033.34,2003.49,2035.99,2000.14,897952.0
2014-04-29,2001.9,2020.34,2021.68,1997.64,762212.0
2014-04-30,2020.44,2026.36,2029.54,2016.58,745285.0
2014-05-05,2022.18,2027.35,2028.96,2007.35,799333.0
2014-05-06,2024.26,2028.04,2038.7,2021.49,746094.0
2014-05-07,2023.15,2010.08,2024.63,2008.45,743601.0
2014-05-08,2006.85,2015.27,2036.94,2005.69,778653.0
2014-05-09,2016.5,2011.13,2020.45,2001.3,762242.0
2014-05-12,2022.93,2052.87,2055.51,2016.64,1157420.0
2014-05-13,2055.08,2050.73,2061.06,2043.55,972233.0
2014-05-14,2049.27,2047.91,2056.57,2042.74,720111.0
2014-05-15,2044.38,2024.97,2047.32,2022.86,758451.0
2014-05-16,2023.6,2026.5,2027.76,2012.69,663536.0
2014-05-19,2023.01,2005.18,2023.27,1996.01,653294.0
2014-05-20,2011.85,2008.12,2018.16,2002.76,613453.0
2014-05-21,2001.31,2024.95,2025.19,1991.06,618115.0
2014-05-22,2023.15,2021.29,2041.96,2018.88,747284.0
2014-05-23,2020.11,2034.57,2034.57,2017.74,634880.0
2014-05-26,2042.03,2041.48,2045.38,2035.09,702812.0
2014-05-27,2039.79,2034.57,2044.15,2032.84,675778.0
2014-05-28,2034.56,2050.23,2052.66,2029.34,813386.0
2014-05-29,2051.84,2040.6,2057.08,2039.24,812429.0
2014-05-30,2040.39,2039.21,2046.96,2031.37,751488.0
2014-06-03,2039.2,2038.31,2049.58,2037.3,715841.0
2014-06-04,2037.99,2024.83,2038.48,2012.91,724127.0
2014-06-05,2019.44,2040.88,2041.7,2016.17,679495.0
2014-06-06,2040.86,2029.96,2041.57,2022.16,660217.0
2014-06-09,2024.94,2030.5,2045.26,2023.2,647883.0
2014-06-10,2033.21,2052.53,2052.77,2026.39,796237.0
2014-06-11,2049.13,2054.95,2056.63,2045.41,744443.0
2014-06-12,2051.58,2051.71,2057.1,2045.96,817111.0
2014-06-13,2049.21,2070.71,2073.6,2048.62,971748.0
2014-06-16,2070.7,2085.98,2087.32,2069.44,959397.0
2014-06-17,2080.48,2066.7,2080.48,2064.67,878004.0
2014-06-18,2064.38,2055.52,2066.91,2051.75,872453.0
2014-06-19,2054.62,2023.73,2059.25,2017.65,929142.0
2014-06-20,2013.41,2026.67,2027.15,2010.53,671672.0
2014-06-23,2026.23,2024.37,2033.32,2022.92,704851.0
2014-06-24,2023.7,2033.93,2034.71,2021.75,712146.0
2014-06-25,2030.43,2025.5,2030.62,2018.36,675396.0
2014-06-26,2025.66,2038.68,2040.75,2025.31,809557.0
2014-06-27,2031.91,2036.51,2043.98,2025.07,975920.0
2014-06-30,2038.61,2048.33,2052.34,2038.53,966666.0
2014-07-01,2051.22,2050.38,2052.63,2041.94,984574.0
2014-07-02,2049.48,2059.42,2060.6,2044.04,1095539.0
2014-07-03,2051.63,2063.23,2066.64,2048.08,1229265.0
2014-07-04,2062.36,2059.37,2065.08,2054.22,1050087.0
2014-07-07,2058.13,2059.93,2064.04,2050.89,971687.0
2014-07-08,2058.13,2064.02,2064.43,2047.2,950533.0
2014-07-09,2061.63,2038.61,2062.47,2037.6,1133058.0
2014-07-10,2036.54,2038.34,2045.53,2034.96,979438.0
2014-07-11,2033.87,2046.96,2051.74,2033.0,1050880.0
2014-07-14,2047.74,2066.65,2067.34,2044.9,1151197.0
2014-07-15,2065.9,2070.36,2070.36,2059.68,1244887.0
2014-07-16,2068.34,2067.28,2075.49,2061.57,1371280.0
2014-07-17,2062.89,2055.59,2062.89,2046.19,1044918.0
2014-07-18,2047.5,2059.07,2067.23,2046.0,1066411.0
2014-07-21,2057.77,2054.48,2061.82,2049.18,938578.0
2014-07-22,2050.5,2075.48,2078.08,2049.81,1231918.0
2014-07-23,2074.2,2078.49,2088.19,2072.23,1372922.0
2014-07-24,2079.63,2105.06,2107.95,2079.63,1656769.0
2014-07-25,2108.71,2126.61,2127.22,2106.71,1424958.0
2014-07-28,2135.25,2177.95,2181.5,2135.25,2361857.0
2014-07-29,2179.83,2183.19,2193.52,2172.1,2002642.0
2014-07-30,2178.18,2181.24,2194.57,2177.24,1849221.0
2014-07-31,2179.54,2201.56,2202.13,2173.9,1646916.0
2014-08-01,2194.17,2185.3,2218.79,2184.64,1914750.0
2014-08-04,2190.04,2223.33,2224.07,2186.92,1740974.0
2014-08-05,2224.63,2219.95,2226.84,2206.85,1753869.0
2014-08-06,2212.0,2217.46,2223.89,2192.99,1777117.0
2014-08-07,2216.66,2187.67,2220.57,2185.76,1752332.0
2014-08-08,2188.71,2194.42,2199.58,2180.6,1351814.0
2014-08-11,2199.43,2224.65,2225.96,2198.31,1505834.0
2014-08-12,2222.7,2221.6,2222.98,2210.0,1547990.0
2014-08-13,2223.05,2222.88,2230.99,2202.44,1780628.0
2014-08-14,2221.54,2206.47,2230.89,2204.38,1701491.0
2014-08-15,2207.23,2226.73,2230.87,2203.24,1499786.0
2014-08-18,2229.8,2239.47,2242.04,2228.13,1639286.0
2014-08-19,2242.34,2245.33,2246.02,2227.92,1777445.0
2014-08-20,2241.66,2240.21,2248.94,2233.89,1676583.0
2014-08-21,2239.57,2230.46,2240.08,2211.63,1657335.0
2014-08-22,2228.97,2240.81,2243.3,2225.27,1601116.0
2014-08-25,2241.1,2229.27,2241.55,2222.01,1621195.0
2014-08-26,2225.29,2207.11,2232.78,2200.62,1635074.0
2014-08-27,2207.03,2209.47,2216.67,2204.05,1208858.0
2014-08-28,2210.48,2195.82,2219.47,2194.86,1242290.0
2014-08-29,2198.95,2217.2,2218.7,2193.26,1052025.0
2014-09-01,2220.13,2235.51,2236.29,2217.68,1291665.0
2014-09-02,2239.68,2266.05,2267.51,2234.38,1921248.0
2014-09-03,2268.39,2288.63,2290.55,2268.1,2124790.0
2014-09-04,2290.03,2306.86,2307.7,2283.28,1994899.0
2014-09-05,2311.3,2326.43,2327.56,2307.45,2131819.0
2014-09-09,2328.43,2326.53,2331.92,2315.89,1969903.0
2014-09-10,2318.5,2318.31,2321.91,2306.42,1898289.0
2014-09-11,2315.73,2311.68,2343.59,2304.6,2222218.0
2014-09-12,2308.35,2331.95,2331.95,2302.77,1934715.0
2014-09-15,2330.19,2339.14,2340.45,2321.59,2151124.0
2014-09-16,2341.03,2296.56,2347.94,2293.87,3026941.0
2014-09-17,2298.98,2307.89,2309.05,2282.79,2108424.0
2014-09-18,2303.85,2315.93,2319.88,2297.93,1890890.0
2014-09-19,2312.98,2329.45,2331.56,2305.52,1746484.0
2014-09-22,2323.55,2289.87,2323.55,2284.38,1758423.0
2014-09-23,2289.09,2309.72,2311.53,2289.02,1568551.0
2014-09-24,2302.23,2343.57,2345.75,2297.88,2225257.0
2014-09-25,2352.87,2345.1,2365.15,2336.81,2256883.0
2014-09-26,2339.29,2347.72,2350.11,2329.96,1747482.0
2014-09-29,2353.71,2357.71,2363.06,2346.58,2001110.0
2014-09-30,2361.32,2363.87,2365.49,2354.27,1939186.0
2014-10-08,2368.58,2382.79,2382.79,2354.29,2043973.0
2014-10-09,2383.86,2389.37,2391.35,2367.11,2359200.0
2014-10-10,2380.76,2374.54,2386.28,2365.07,2246711.0
2014-10-13,2366.43,2366.01,2366.86,2341.12,2008993.0
2014-10-14,2362.8,2359.47,2380.52,2349.19,1968314.0
2014-10-15,2358.23,2373.67,2374.81,2344.37,2028049.0
2014-10-16,2361.13,2356.5,2389.67,2353.41,2482011.0
2014-10-17,2352.78,2341.18,2360.6,2312.83,2123009.0
2014-10-20,2346.05,2356.73,2357.51,2340.46,1600223.0
2014-10-21,2355.03,2339.66,2361.65,2337.55,1688282.0
2014-10-22,2339.22,2326.55,2352.12,2324.59,1526984.0
2014-10-23,2322.32,2302.42,2329.93,2297.33,1626363.0
2014-10-24,2303.08,2302.28,2314.87,2296.66,1322252.0
2014-10-27,2293.57,2290.44,2293.64,2279.84,1302615.0
2014-10-28,2294.01,2337.87,2338.28,2294.01,1785903.0
2014-10-29,2343.72,2373.03,2381.64,2339.71,2655887.0
2014-10-30,2371.89,2391.08,2397.26,2365.92,2946459.0
2014-10-31,2393.18,2420.18,2423.6,2384.48,3257635.0
2014-11-03,2425.22,2430.03,2436.79,2418.17,2988212.0
2014-11-04,2428.27,2430.68,2435.22,2417.22,3090130.0
2014-11-05,2432.17,2419.25,2434.36,2415.5,2636066.0
2014-11-06,2419.62,2425.86,2426.89,2401.75,2220051.0
2014-11-07,2427.9,2418.17,2454.42,2407.44,2911722.0
2014-11-10,2436.63,2473.67,2474.16,2428.19,3006282.0
2014-11-11,2483.65,2469.67,2508.62,2445.96,4119040.0
2014-11-12,2454.6,2494.48,2494.92,2444.81,2529338.0
2014-11-13,2495.0,2485.61,2507.74,2471.41,2950370.0
2014-11-14,2477.97,2478.82,2481.02,2457.05,2206076.0
2014-11-17,2506.86,2474.01,2508.77,2472.45,2156878.0
2014-11-18,2474.18,2456.37,2477.05,2449.81,2010625.0
2014-11-19,2452.15,2450.99,2461.49,2442.71,1862357.0
2014-11-20,2443.28,2452.66,2458.32,2437.48,1654952.0
2014-11-21,2452.63,2486.79,2488.2,2446.65,2122397.0
2014-11-24,2505.53,2532.88,2546.75,2495.52,3634858.0
2014-11-25,2532.0,2567.6,2568.38,2527.08,3143155.0
2014-11-26,2572.65,2604.35,2605.07,2570.4,3371272.0
2014-11-27,2615.37,2630.49,2631.4,2599.11,3640757.0
2014-11-28,2629.63,2682.83,2683.18,2622.06,4658800.0
2014-12-01,2691.72,2680.16,2720.74,2668.84,4467917.0
2014-12-02,2667.82,2763.54,2777.37,2665.69,4377334.0
2014-12-03,2768.68,2779.53,2824.18,2733.87,5621202.0
2014-12-04,2783.47,2899.46,2900.51,2772.43,5326877.0
2014-12-05,2926.57,2937.65,2978.03,2813.05,6405003.0
2014-12-08,2907.82,3020.26,3041.66,2879.85,5875709.0
2014-12-09,2992.49,2856.27,3091.32,2834.59,7719984.0
2014-12-10,2855.94,2940.01,2946.71,2807.68,5128869.0
2014-12-11,2912.35,2925.74,2965.67,2892.61,4826327.0
2014-12-12,2929.36,2938.17,2962.51,2914.96,4094808.0
2014-12-15,2921.45,2953.42,2960.23,2890.9,4003716.0
2014-12-16,2953.81,3021.52,3021.9,2943.91,4538427.0
2014-12-17,3031.95,3061.02,3076.6,2993.33,5425031.0
2014-12-18,3062.8,3057.52,3089.79,3030.32,4359049.0
2014-12-19,3053.07,3108.6,3117.53,3018.42,5210735.0
2014-12-22,3129.27,3127.44,3189.87,3090.51,6793719.0
2014-12-23,3085.08,3032.61,3136.84,3025.67,4377624.0
2014-12-24,3039.21,2972.53,3050.51,2934.91,3768052.0
2014-12-25,2992.46,3072.54,3073.35,2969.87,3769477.0
2014-12-26,3078.01,3157.6,3164.16,3064.18,4607009.0
2014-12-29,3212.56,3168.02,3223.86,3126.94,5101114.0
2014-12-30,3160.8,3165.81,3190.3,3130.35,3977253.0
2014-12-31,3172.6,3234.68,3239.36,3157.26,4059985.0
2015-01-05,3258.63,3350.52,3369.28,3253.88,5313524.0
2015-01-06,3330.8,3351.45,3394.22,3303.18,5016617.0
2015-01-07,3326.65,3373.95,3374.9,3312.21,3919188.0
2015-01-08,3371.96,3293.46,3381.57,3285.1,3711311.0
2015-01-09,3276.97,3285.41,3404.83,3267.51,4102408.0
2015-01-12,3258.21,3229.32,3275.19,3191.58,3220646.0
2015-01-13,3223.54,3235.3,3259.39,3214.41,2307257.0
2015-01-14,3242.34,3222.44,3268.48,3193.98,2401907.0
2015-01-15,3224.07,3336.45,3337.08,3207.55,2825462.0
2015-01-16,3343.6,3376.5,3400.32,3340.49,3398767.0
2015-01-19,3189.73,3116.35,3262.21,3095.07,4010987.0
2015-01-20,3114.56,3173.05,3190.25,3100.48,3570808.0
2015-01-21,3189.08,3323.61,3337.0,3178.34,4109560.0
2015-01-22,3327.32,3343.34,3352.38,3293.98,3533829.0
2015-01-23,3357.1,3351.76,3406.79,3328.29,3662492.0
2015-01-26,3347.26,3383.18,3384.8,3321.31,3175410.0
2015-01-27,3389.85,3352.96,3390.22,3290.22,3745175.0
2015-01-28,3325.72,3305.74,3354.8,3294.65,3019271.0
2015-01-29,3259.0,3262.3,3286.79,3234.24,2746586.0
2015-01-30,3273.75,3210.36,3288.5,3210.31,2583125.0
2015-02-02,3148.14,3128.3,3175.13,3122.57,2508616.0
2015-02-03,3156.09,3204.91,3207.94,3129.73,2481921.0
2015-02-04,3212.82,3174.13,3238.98,3171.14,2490980.0
2015-02-05,3251.21,3136.53,3251.21,3135.82,3061393.0
2015-02-06,3120.09,3075.91,3129.54,3052.94,2467496.0
2015-02-09,3063.51,3095.12,3119.03,3049.11,2061083.0
2015-02-10,3090.49,3141.59,3142.1,3084.25,1938171.0
2015-02-11,3145.77,3157.7,3166.42,3139.05,1728401.0
2015-02-12,3157.96,3173.42,3181.77,3134.24,1945923.0
2015-02-13,3186.81,3203.83,3237.16,3182.79,2612904.0
2015-02-16,3206.14,3222.36,3228.85,3195.88,2237974.0
2015-02-17,3230.88,3246.91,3255.73,3230.77,2283326.0
2015-02-25,3256.48,3228.84,3257.22,3215.55,2333481.0
2015-02-26,3222.15,3298.36,3300.62,3202.19,3012638.0
2015-02-27,3296.83,3310.3,3324.55,3291.01,2991637.0
2015-03-02,3332.72,3336.28,3336.76,3298.67,3464456.0
2015-03-03,3317.69,3263.05,3317.69,3260.43,3820446.0
2015-03-04,3264.18,3279.53,3286.59,3250.48,2936395.0
2015-03-05,3264.08,3248.48,3266.64,3221.67,3206635.0
2015-03-06,3248.04,3241.19,3266.93,3234.53,2829157.0
2015-03-09,3224.31,3302.41,3307.7,3198.37,3214954.0
2015-03-10,3289.08,3286.07,3309.92,3277.09,2858175.0
2015-03-11,3289.59,3290.9,3325.05,3278.47,2829855.0
2015-03-12,3314.81,3349.32,3360.05,3300.49,3572951.0
2015-03-13,3359.49,3372.91,3391.25,3352.15,3284101.0
2015-03-16,3391.16,3449.3,3449.3,3377.09,3991324.0
2015-03-17,3469.6,3502.85,3504.12,3459.69,5209395.0
2015-03-18,3510.5,3577.3,3577.66,3503.85,5452171.0
2015-03-19,3576.02,3582.27,3600.68,3546.84,5373466.0
2015-03-20,3587.08,3617.32,3632.34,3569.38,5166616.0
2015-03-23,3640.1,3687.73,3688.25,3635.48,5360628.0
2015-03-24,3692.57,3691.41,3715.87,3600.7,6395547.0
2015-03-25,3680.95,3660.73,3693.15,3634.56,5218863.0
2015-03-26,3641.94,3682.1,3707.32,3615.01,4886472.0
2015-03-27,3686.13,3691.1,3710.48,3656.83,4089451.0
2015-03-30,3710.61,3786.57,3795.93,3710.61,5647023.0
2015-03-31,3822.99,3747.9,3835.57,3737.04,5616760.0
2015-04-01,3748.34,3810.29,3817.08,3742.21,4474583.0
2015-04-02,3827.69,3825.78,3835.45,3775.89,4792997.0
2015-04-03,3803.38,3863.93,3864.4,3792.21,4730333.0
2015-04-07,3899.42,3961.38,3961.67,3891.73,5704475.0
2015-04-08,3976.53,3994.81,4000.22,3903.65,6180854.0
2015-04-09,4006.13,3957.53,4016.4,3900.03,5851768.0
2015-04-10,3947.49,4034.31,4040.35,3929.32,4842836.0
2015-04-13,4072.72,4121.71,4128.07,4057.29,5898142.0
2015-04-14,4125.78,4135.57,4168.35,4091.26,6106835.0
2015-04-15,4135.65,4084.16,4175.49,4069.01,6130058.0
2015-04-16,4055.92,4194.82,4195.31,4031.24,5512429.0
2015-04-17,4254.72,4287.3,4317.22,4238.91,7017062.0
2015-04-20,4301.35,4217.08,4356.0,4190.68,8571328.0
2015-04-21,4212.19,4293.62,4294.37,4188.57,6344706.0
2015-04-22,4304.6,4398.49,4400.19,4297.95,6803051.0
2015-04-23,4414.48,4414.51,4444.41,4358.84,6673446.0
2015-04-24,4355.95,4393.69,4416.38,4318.12,6285550.0
2015-04-27,4441.93,4527.4,4529.74,4441.93,6710885.0
2015-04-28,4527.64,4476.21,4572.39,4432.9,7676764.0
2015-04-29,4446.12,4476.62,4499.94,4398.64,5198342.0
2015-04-30,4483.01,4441.66,4507.34,4441.05,5267279.0
2015-05-04,4441.34,4480.46,4487.57,4387.43,4941734.0
2015-05-05,4479.85,4298.71,4488.87,4282.24,5728586.0
2015-05-06,4311.64,4229.27,4376.35,4187.37,4817330.0
2015-05-07,4197.9,4112.21,4213.76,4108.01,3945666.0
2015-05-08,4152.98,4205.92,4206.86,4099.04,3974281.0
2015-05-11,4231.27,4333.58,4334.88,4187.82,4887505.0
2015-05-12,4342.37,4401.22,4402.31,4317.98,5218664.0
2015-05-13,4402.38,4375.76,4415.63,4342.48,5104904.0
2015-05-14,4372.82,4378.31,4397.75,4329.04,4490779.0
2015-05-15,4366.82,4308.69,4366.82,4278.55,4397062.0
2015-05-18,4277.9,4283.49,4324.83,4260.51,3800574.0
2015-05-19,4285.78,4417.55,4418.4,4285.78,4367352.0
2015-05-20,4434.98,4446.29,4520.54,4432.28,5141062.0
2015-05-21,4456.43,4529.42,4530.48,4438.26,4649965.0
2015-05-22,4584.98,4657.6,4658.27,4562.99,6555913.0
2015-05-25,4660.08,4813.8,4814.67,4656.82,6824614.0
2015-05-26,4854.85,4910.9,4911.68,4779.08,7048928.0
2015-05-27,4932.85,4941.71,4958.16,4857.06,6811654.0
2015-05-28,4943.74,4620.27,4986.5,4614.24,7829646.0
2015-05-29,4603.47,4611.74,4698.19,4431.56,6112624.0
2015-06-01,4633.1,4828.74,4829.5,4615.23,5933890.0
2015-06-02,4844.7,4910.53,4911.57,4797.55,6237481.0
2015-06-03,4924.38,4909.98,4942.06,4822.44,6114538.0
2015-06-04,4912.95,4947.1,4947.96,4647.41,6749524.0
2015-06-05,5016.09,5023.1,5051.63,4898.07,7722408.0
2015-06-08,5045.69,5131.88,5146.95,4997.48,8550351.0
2015-06-09,5145.98,5113.53,5147.45,5042.96,7298938.0
2015-06-10,5049.2,5106.04,5164.16,5001.49,5969690.0
2015-06-11,5101.44,5121.59,5122.46,5050.76,5639905.0
2015-06-12,5143.34,5166.35,5178.19,5103.4,6256278.0
2015-06-15,5174.42,5062.99,5176.79,5048.74,6378039.0
2015-06-16,5004.41,4887.43,5029.68,4842.1,5508014.0
2015-06-17,4890.55,4967.9,4983.66,4767.22,5371012.0
2015-06-18,4942.52,4785.36,4966.77,4780.87,5074409.0
2015-06-19,4689.93,4478.36,4744.08,4476.5,4526896.0
2015-06-23,4471.61,4576.49,4577.94,4264.77,4735261.0
2015-06-24,4604.58,4690.15,4691.77,4552.13,5430037.0
2015-06-25,4711.76,4527.78,4720.7,4483.55,5727975.0
2015-06-26,4399.93,4192.87,4456.9,4139.53,5652178.0
2015-06-29,4289.77,4053.03,4297.47,3875.05,6737863.0
2015-06-30,4006.75,4277.22,4279.97,3847.88,7091766.0
2015-07-01,4214.15,4053.7,4317.05,4043.37,5987694.0
2015-07-02,4058.62,3912.77,4080.39,3795.25,5860156.0
2015-07-03,3793.71,3686.92,3927.13,3629.56,5481631.0
2015-07-06,3975.21,3775.91,3975.21,3653.04,8311392.0
2015-07-07,3654.78,3727.12,3750.57,3585.4,6988187.0
2015-07-08,3467.4,3507.19,3599.25,3421.53,6803569.0
2015-07-09,3432.45,3709.33,3748.48,3373.54,6569146.0
2015-07-10,3707.46,3877.8,3959.22,3677.43,5863642.0
2015-07-13,3918.99,3970.39,4030.19,3858.64,6434890.0
2015-07-14,3958.37,3924.49,4035.43,3855.56,6705588.0
2015-07-15,3874.97,3805.7,3914.27,3741.25,6013013.0
2015-07-16,3758.5,3823.18,3877.51,3688.44,4922562.0
2015-07-17,3831.42,3957.35,3994.48,3814.15,4817262.0
2015-07-20,3948.42,3992.11,4021.33,3927.12,5391067.0
2015-07-21,3939.9,4017.67,4041.82,3912.8,5042880.0
2015-07-22,3996.43,4026.04,4042.34,3960.86,5207322.0
2015-07-23,4022.27,4123.92,4132.61,4019.04,5635860.0
2015-07-24,4124.75,4070.91,4184.45,4044.83,6274248.0
2015-07-27,3985.57,3725.56,4051.16,3720.44,5560032.0
2015-07-28,3573.14,3663.0,3762.53,3537.36,5633300.0
2015-07-29,3689.82,3789.17,3792.07,3612.06,4343521.0
2015-07-30,3773.79,3705.77,3844.37,3685.96,4579432.0
2015-07-31,3655.67,3663.73,3729.51,3620.17,3509557.0
2015-08-03,3614.99,3622.91,3648.94,3549.5,3639687.0
2015-08-04,3621.86,3756.54,3757.03,3601.29,3629016.0
2015-08-05,3745.65,3694.57,3782.35,3676.39,3664229.0
2015-08-06,3625.5,3661.54,3710.57,3614.74,2740746.0
2015-08-07,3692.61,3744.2,3756.74,3686.3,3407571.0
2015-08-10,3786.03,3928.42,3943.62,3775.85,4973043.0
2015-08-11,3928.81,3927.91,3970.34,3891.18,5389234.0
2015-08-12,3881.23,3886.32,3937.77,3871.14,4426883.0
2015-08-13,3869.91,3954.56,3955.79,3838.16,4300733.0
2015-08-14,3976.41,3965.33,4000.68,3939.83,4679882.0
2015-08-17,3947.84,3993.67,3994.54,3907.4,4604320.0
2015-08-18,3999.13,3748.16,4006.34,3743.39,5437708.0
2015-08-19,3646.8,3794.11,3811.43,3558.38,4753962.0
2015-08-20,3754.57,3664.29,3788.01,3663.61,3900630.0
2015-08-21,3609.96,3507.74,3652.84,3490.54,3699204.0
2015-08-24,3373.48,3209.91,3388.36,3191.88,3346718.0
2015-08-25,3004.13,2964.97,3123.03,2947.94,3523251.0
2015-08-26,2980.79,2927.29,3092.04,2850.71,4666996.0
2015-08-27,2978.03,3083.59,3085.42,2906.49,4003083.0
2015-08-28,3125.26,3232.35,3235.84,3102.95,4431369.0
2015-08-31,3203.56,3205.99,3207.86,3109.16,3974314.0
2015-09-01,3157.83,3166.62,3180.33,3053.74,4324325.0
2015-09-02,3027.68,3160.17,3194.48,3019.09,4381701.0
2015-09-07,3149.38,3080.42,3217.58,3066.3,2964681.0
2015-09-08,3054.44,3170.45,3174.71,3011.12,2554154.0
2015-09-09,3182.55,3243.09,3256.74,3165.7,3753279.0
2015-09-10,3190.55,3197.89,3243.28,3178.9,2732617.0
2015-09-11,3189.48,3200.23,3223.76,3163.45,2245578.0
2015-09-14,3221.17,3114.8,3229.48,3049.23,3466311.0
2015-09-15,3043.8,3005.17,3081.7,2983.92,2491944.0
2015-09-16,2998.04,3152.26,3182.93,2983.54,2775245.0
2015-09-17,3131.98,3086.06,3204.7,3085.31,3176028.0
2015-09-18,3100.28,3097.92,3122.05,3070.34,2091753.0
2015-09-21,3072.09,3156.54,3159.88,3060.86,2398973.0
2015-09-22,3161.32,3185.62,3213.48,3152.48,2747861.0
2015-09-23,3137.72,3115.89,3164.04,3104.74,2363226.0
2015-09-24,3126.49,3142.69,3151.16,3109.69,2128877.0
2015-09-25,3130.85,3092.35,3149.95,3063.0,2362638.0
2015-09-28,3085.57,3100.76,3103.07,3042.31,1567275.0
2015-09-29,3055.22,3038.14,3068.3,3021.16,1632226.0
2015-09-30,3052.84,3052.78,3073.3,3039.74,1466424.0
2015-10-08,3156.07,3143.36,3172.28,3133.13,2342760.0
2015-10-09,3146.64,3183.15,3192.72,3137.79,2348514.0
2015-10-12,3193.54,3287.66,3318.71,3188.41,3862947.0
2015-10-13,3262.16,3293.23,3298.63,3253.25,2971531.0
2015-10-14,3280.02,3262.44,3307.32,3256.25,2950777.0
2015-10-15,3255.03,3338.07,3338.3,3254.39,3162838.0
2015-10-16,3358.3,3391.35,3393.02,3334.85,3954605.0
2015-10-19,3401.63,3386.7,3423.4,3355.57,3781122.0
2015-10-20,3377.55,3425.33,3425.52,3357.86,3189737.0
2015-10-21,3428.56,3320.68,3447.26,3265.44,4584554.0
2015-10-22,3292.29,3368.74,3373.78,3282.99,3237393.0
2015-10-23,3377.55,3412.43,3422.02,3360.22,3473728.0
2015-10-26,3448.65,3429.58,3457.52,3402.0,3655608.0
2015-10-27,3409.14,3434.34,3441.57,3332.62,3281727.0
2015-10-28,3417.01,3375.2,3439.76,3367.23,2935233.0
2015-10-29,3387.77,3387.32,3411.71,3362.51,2356760.0
2015-10-30,3380.28,3382.56,3417.2,3346.59,2435951.0
2015-11-02,3337.58,3325.08,3391.06,3322.31,2309511.0
2015-11-03,3330.32,3316.7,3346.27,3302.18,1928974.0
2015-11-04,3325.62,3459.64,3459.65,3325.62,3390787.0
2015-11-05,3459.22,3522.82,3585.66,3455.53,5532550.0
2015-11-06,3514.44,3590.03,3596.38,3508.83,4291670.0
2015-11-09,3588.5,3646.88,3673.76,3588.5,5030166.0
2015-11-10,3617.4,3640.49,3669.53,3607.89,4297465.0
2015-11-11,3635.0,3650.25,3654.88,3605.62,3609726.0
2015-11-12,3656.82,3632.9,3659.31,3603.23,3617176.0
2015-11-13,3600.76,3580.84,3632.56,3564.81,3458709.0
2015-11-16,3522.46,3606.96,3607.61,3519.42,2761870.0
2015-11-17,3629.98,3604.8,3678.27,3598.07,3835754.0
2015-11-18,3605.06,3568.47,3617.07,3558.7,2975807.0
2015-11-19,3573.78,3617.06,3618.21,3561.04,2479155.0
2015-11-20,3620.79,3630.5,3640.53,3607.92,3108019.0
2015-11-23,3630.87,3610.31,3654.75,3598.87,3159974.0
2015-11-24,3602.89,3616.11,3616.48,3563.1,2488105.0
2015-11-25,3614.07,3647.93,3648.37,3607.52,2730248.0
2015-11-26,3659.57,3635.55,3668.38,3629.86,3067615.0
2015-11-27,3616.54,3436.3,3621.9,3412.43,3542875.0
2015-11-30,3433.86,3445.4,3470.37,3327.81,3041979.0
2015-12-01,3442.44,3456.31,3483.41,3417.54,2523907.0
2015-12-02,3450.28,3536.91,3538.85,3427.66,3014915.0
2015-12-03,3525.73,3584.82,3591.73,3517.23,2811112.0
2015-12-04,3558.15,3524.99,3568.97,3510.41,2517364.0
2015-12-07,3529.81,3536.93,3543.95,3506.62,2083025.0
2015-12-08,3518.65,3470.07,3518.65,3466.79,2243673.0
2015-12-09,3462.58,3472.44,3495.7,3454.88,1956988.0
2015-12-10,3469.81,3455.5,3503.65,3446.27,2004275.0
2015-12-11,3441.6,3434.58,3455.55,3410.92,1829088.0
2015-12-14,3403.51,3520.67,3521.78,3399.28,2153746.0
2015-12-15,3518.13,3510.35,3529.96,3496.85,2004713.0
2015-12-16,3522.09,3516.19,3538.69,3506.29,1934823.0
2015-12-17,3533.63,3580.0,3583.41,3533.63,2838564.0
2015-12-18,3574.94,3578.96,3614.7,3568.16,2737079.0
2015-12-21,3568.58,3642.47,3651.06,3565.75,2998492.0
2015-12-22,3645.99,3651.77,3652.63,3616.87,2611787.0
2015-12-23,3653.28,3636.09,3684.57,3633.03,2982018.0
2015-12-24,3631.31,3612.49,3640.22,3572.28,2277852.0
2015-12-25,3614.05,3627.91,3635.26,3601.74,1984511.0
2015-12-28,3635.77,3533.78,3641.59,3533.78,2699832.0
2015-12-29,3528.4,3563.74,3564.17,3515.52,1825519.0
2015-12-30,3566.73,3572.88,3573.68,3538.11,1878896.0
2015-12-31,3570.47,3539.18,3580.6,3538.35,1769636.0
2016-01-04,3536.59,3296.26,3538.69,3295.74,1844184.0
2016-01-05,3196.65,3287.71,3328.14,3189.6,2668820.0
2016-01-06,3291.19,3361.84,3362.97,3288.93,2388866.0
2016-01-07,3309.66,3125.0,3309.66,3115.89,705691.0
2016-01-08,3194.63,3186.41,3235.45,3056.88,2864408.0
2016-01-11,3131.85,3016.7,3166.22,3016.7,2716436.0
2016-01-12,3026.16,3022.86,3047.66,2978.46,2076596.0
2016-01-13,3041.11,2949.6,3059.01,2949.29,1942821.0
2016-01-14,2874.05,3007.65,3012.29,2867.55,2129056.0
2016-01-15,2988.05,2900.97,3001.71,2883.87,1987217.0
2016-01-18,2847.54,2913.84,2945.45,2844.7,1646997.0
2016-01-19,2914.41,3007.74,3012.07,2906.4,2052797.0
2016-01-20,2993.01,2976.69,3016.28,2951.92,2165054.0
2016-01-21,2934.39,2880.48,2998.79,2880.08,1916756.0
2016-01-22,2911.11,2916.56,2931.36,2851.73,1598107.0
2016-01-25,2934.08,2938.51,2955.78,2911.83,1530390.0
2016-01-26,2907.72,2749.79,2911.99,2743.84,2108360.0
2016-01-27,2756.08,2735.56,2768.77,2638.3,2157220.0
2016-01-28,2711.16,2655.66,2740.54,2647.49,1711202.0
2016-01-29,2652.85,2737.6,2755.37,2649.79,1866731.0
2016-02-01,2730.98,2688.85,2735.26,2655.62,1563837.0
2016-02-02,2687.98,2749.57,2755.16,2687.98,1580782.0
2016-02-03,2719.57,2739.25,2746.07,2696.88,1483972.0
2016-02-04,2751.43,2781.02,2793.3,2751.31,1703820.0
2016-02-05,2783.08,2763.49,2790.06,2762.16,1411862.0
2016-02-15,2684.96,2746.2,2760.36,2682.09,1292639.0
2016-02-16,2758.58,2836.57,2840.62,2758.58,1959616.0
2016-02-17,2829.76,2867.34,2868.7,2824.36,2169099.0
2016-02-18,2881.78,2862.89,2893.21,2857.7,2192038.0
2016-02-19,2854.9,2860.02,2872.72,2840.49,1633914.0
2016-02-22,2888.6,2927.18,2933.96,2880.35,2321760.0
2016-02-23,2925.71,2903.33,2928.05,2872.28,1997406.0
2016-02-24,2889.88,2928.9,2929.87,2872.27,2134103.0
2016-02-25,2922.24,2741.25,2922.24,2729.85,2702844.0
2016-02-26,2760.06,2767.21,2784.75,2715.87,1911104.0
2016-02-29,2754.81,2687.98,2755.89,2638.96,2074107.0
2016-03-01,2688.38,2733.17,2747.56,2668.76,1872074.0
2016-03-02,2733.77,2849.68,2852.7,2732.54,2709618.0
2016-03-03,2847.33,2859.76,2878.45,2840.87,2874782.0
2016-03-04,2848.54,2874.15,2880.37,2808.85,3124951.0
2016-03-07,2886.64,2897.34,2911.84,2871.35,2174668.0
2016-03-08,2895.67,2901.39,2902.62,2802.56,2334826.0
2016-03-09,2839.41,2862.56,2863.01,2811.72,1833553.0
2016-03-10,2847.57,2804.73,2863.18,2803.48,1389794.0
2016-03-11,2781.6,2810.31,2815.61,2772.55,1272475.0
2016-03-14,2830.08,2859.5,2889.82,2823.03,1948160.0
2016-03-15,2853.98,2864.37,2865.79,2819.79,1633866.0
2016-03-16,2858.71,2870.43,2881.53,2854.19,1864925.0
2016-03-17,2875.41,2904.83,2921.0,2857.19,2002902.0
2016-03-18,2915.52,2955.15,2971.55,2908.74,3133327.0
2016-03-21,2978.46,3018.8,3028.32,2973.76,3524004.0
2016-03-22,3001.63,2999.36,3019.1,2988.43,2703773.0
2016-03-23,2991.17,3009.96,3012.56,2980.86,2169774.0
2016-03-24,2986.8,2960.97,2998.15,2960.54,2370064.0
2016-03-25,2956.2,2979.43,2981.41,2952.11,1750743.0
2016-03-28,2988.01,2957.82,3008.17,2948.53,2020212.0
2016-03-29,2956.71,2919.83,2962.2,2905.25,1829653.0
2016-03-30,2941.22,3000.65,3001.11,2941.22,2103714.0
2016-03-31,3009.37,3003.92,3023.41,2992.92,2204134.0
2016-04-01,2997.09,3009.53,3009.67,2956.25,2065458.0
2016-04-05,3000.94,3053.07,3057.33,2993.15,2567303.0
2016-04-06,3039.74,3050.59,3059.79,3029.0,2322620.0
2016-04-07,3058.34,3008.42,3062.36,3007.06,2209195.0
2016-04-08,2988.2,2984.96,2996.17,2960.46,1879046.0
2016-04-11,3006.91,3033.96,3048.98,3006.91,2200183.0
2016-04-12,3031.3,3023.65,3036.82,3001.32,1827186.0
2016-04-13,3041.36,3066.64,3097.16,3041.36,3100032.0
2016-04-14,3080.09,3082.36,3086.7,3056.99,2082378.0
2016-04-15,3085.03,3078.12,3089.95,3066.87,1896130.0
2016-04-18,3058.46,3033.66,3058.46,3022.97,1833045.0
2016-04-19,3047.13,3042.82,3054.5,3024.9,1565332.0
2016-04-20,3050.38,2972.58,3055.69,2905.05,2831442.0
2016-04-21,2954.37,2952.89,2990.67,2943.46,1894068.0
2016-04-22,2933.03,2959.24,2960.21,2926.78,1372116.0
2016-04-25,2949.97,2946.67,2954.09,2917.02,1258562.0
2016-04-26,2944.72,2964.7,2965.43,2933.97,1177116.0
2016-04-27,2967.19,2953.67,2976.02,2949.43,1308676.0
2016-04-28,2955.74,2945.59,2959.51,2916.37,1386632.0
2016-04-29,2935.38,2938.32,2950.58,2930.36,1093106.0
2016-05-03,2940.39,2992.64,2993.53,2929.81,1687036.0
2016-05-04,2983.03,2991.27,3004.42,2978.33,1654071.0
2016-05-05,2987.02,2997.84,2999.12,2977.2,1448313.0
2016-05-06,2998.4,2913.25,3003.59,2913.04,2067965.0
2016-05-09,2896.16,2832.11,2896.16,2821.83,1803783.0
2016-05-10,2822.33,2832.59,2845.24,2820.16,1208293.0
2016-05-11,2843.54,2837.04,2857.25,2818.7,1357954.0
2016-05-12,2812.11,2835.86,2839.28,2781.24,1363376.0
2016-05-13,2828.46,2827.11,2850.09,2814.11,1143197.0
2016-05-16,2816.78,2850.86,2851.23,2804.99,1146535.0
2016-05-17,2850.93,2843.68,2860.32,2832.46,1233690.0
2016-05-18,2828.18,2807.51,2828.26,2781.42,1404878.0
2016-05-19,2802.31,2806.91,2829.4,2801.55,1115950.0
2016-05-20,2792.89,2825.48,2825.95,2785.08,1087009.0
2016-05-23,2826.31,2843.65,2848.07,2826.26,1204704.0
2016-05-24,2839.68,2821.67,2839.7,2807.19,1114524.0
2016-05-25,2835.03,2815.09,2843.17,2807.75,1035272.0
2016-05-26,2813.54,2822.44,2827.09,2780.76,1147668.0
2016-05-27,2817.97,2821.05,2832.8,2809.8,1098458.0
2016-05-30,2814.65,2822.45,2830.97,2794.66,1063195.0
2016-05-31,2822.59,2916.62,2917.14,2822.59,2152603.0
2016-06-01,2917.15,2913.51,2929.08,2909.51,1883864.0
2016-06-02,2911.22,2925.23,2925.67,2906.52,1597169.0
2016-06-03,2929.79,2938.68,2945.52,2915.19,1720210.0
2016-06-06,2940.99,2934.1,2945.94,2922.28,1419937.0
2016-06-07,2936.28,2936.04,2938.44,2923.5,1329878.0
2016-06-08,2932.38,2927.16,2937.99,2908.37,1430460.0
2016-06-13,2897.27,2833.07,2911.16,2832.51,1692554.0
2016-06-14,2824.23,2842.19,2843.46,2822.06,1197552.0
2016-06-15,2814.69,2887.21,2894.26,2811.78,1666710.0
2016-06-16,2878.4,2872.82,2887.74,2865.39,1738827.0
2016-06-17,2873.01,2885.11,2900.3,2872.18,1714725.0
2016-06-20,2887.64,2888.81,2891.66,2864.02,1365710.0
2016-06-21,2898.38,2878.56,2919.3,2869.18,1643590.0
2016-06-22,2872.73,2905.55,2905.98,2869.51,1305904.0
2016-06-23,2902.4,2891.96,2904.11,2878.66,1361373.0
2016-06-24,2883.76,2854.29,2899.57,2807.6,1908426.0
2016-06-27,2840.56,2895.7,2895.73,2840.28,1566974.0
2016-06-28,2885.01,2912.56,2913.58,2878.82,1738710.0
2016-06-29,2918.53,2931.59,2934.0,2915.06,1932155.0
2016-06-30,2931.48,2929.61,2938.14,2922.31,1544649.0
2016-07-01,2931.8,2932.48,2944.99,2925.81,1412462.0
2016-07-04,2924.29,2988.6,2992.5,2922.52,2220171.0
2016-07-05,2991.75,3006.39,3010.27,2990.64,2352044.0
2016-07-06,2998.52,3017.29,3017.65,2984.83,2123709.0
2016-07-07,3009.35,3016.85,3024.11,2994.64,2226816.0
2016-07-08,3000.33,2988.09,3001.55,2983.88,1689868.0
2016-07-11,2993.75,2994.92,3022.94,2990.91,2243382.0
2016-07-12,2992.52,3049.38,3049.68,2984.42,2594863.0
2016-07-13,3049.51,3060.69,3069.05,3048.2,2536594.0
2016-07-14,3054.97,3054.02,3057.05,3036.52,1801948.0
2016-07-15,3056.68,3054.3,3062.68,3044.54,1728664.0
2016-07-18,3047.64,3043.56,3058.32,3031.64,1774965.0
2016-07-19,3040.23,3036.6,3043.6,3014.29,1553614.0
2016-07-20,3034.71,3027.9,3043.0,3022.63,1382428.0
2016-07-21,3027.6,3039.01,3053.33,3027.37,1637673.0
2016-07-22,3038.12,3012.82,3039.27,3007.46,1620101.0
2016-07-25,3008.09,3015.83,3027.12,3003.29,1442065.0
2016-07-26,3014.04,3050.17,3050.61,3013.8,1566945.0
2016-07-27,3050.37,2992.0,3057.42,2939.23,2801609.0
2016-07-28,2980.5,2994.32,3003.36,2968.18,1905649.0
2016-07-29,2992.54,2979.34,3000.05,2972.92,1501015.0
2016-08-01,2971.95,2953.39,2972.88,2931.96,1474077.0
2016-08-02,2950.08,2971.28,2971.28,2946.64,1154689.0
2016-08-03,2963.21,2978.46,2981.16,2956.79,1411413.0
2016-08-04,2976.41,2982.43,2982.86,2958.93,1339333.0
2016-08-05,2978.78,2976.7,2991.68,2971.56,1418571.0
2016-08-08,2972.62,3004.28,3004.72,2959.05,1557298.0
2016-08-09,3001.31,3025.68,3025.91,2998.68,1699954.0
2016-08-10,3023.47,3018.75,3033.2,3017.09,1646751.0
2016-08-11,3013.68,3002.64,3038.05,3001.17,1618794.0
2016-08-12,3000.27,3050.67,3051.05,2999.04,1681736.0
2016-08-15,3056.48,3125.2,3137.48,3053.87,2976165.0
2016-08-16,3130.53,3110.04,3140.44,3102.07,2783289.0
2016-08-17,3106.99,3109.55,3114.25,3090.28,2138396.0
2016-08-18,3107.75,3104.11,3125.58,3093.32,2293591.0
2016-08-19,3100.39,3108.1,3113.34,3082.77,1943474.0
2016-08-22,3107.38,3084.81,3112.74,3083.59,1853879.0
2016-08-23,3081.57,3089.71,3101.11,3073.53,1613689.0
2016-08-24,3092.02,3085.88,3097.15,3079.55,1457074.0
2016-08-25,3073.44,3068.33,3073.44,3041.51,1740329.0
2016-08-26,3069.85,3070.31,3087.65,3063.89,1496639.0
2016-08-29,3068.46,3070.03,3074.94,3058.79,1445000.0
2016-08-30,3071.44,3074.68,3082.99,3065.97,1404348.0
2016-08-31,3072.92,3085.49,3087.7,3063.4,1413686.0
2016-09-01,3083.96,3063.31,3088.7,3062.88,1551910.0
2016-09-02,3057.49,3067.35,3072.53,3050.49,1504469.0
2016-09-05,3070.71,3072.1,3085.49,3065.33,1449633.0
2016-09-06,3071.06,3090.71,3095.51,3053.19,1729085.0
2016-09-07,3091.33,3091.93,3105.68,3087.88,1869567.0
2016-09-08,3089.95,3095.95,3096.78,3083.9,1458837.0
2016-09-09,3095.43,3078.85,3101.79,3078.22,1606929.0
2016-09-12,3037.51,3021.98,3040.95,2999.93,2060120.0
2016-09-13,3025.03,3023.51,3029.72,3008.74,1353875.0
2016-09-14,3008.9,3002.85,3017.94,2995.42,1334134.0
2016-09-19,3005.32,3026.05,3026.65,3005.32,1192250.0
2016-09-20,3027.17,3023.0,3027.82,3015.88,1189241.0
2016-09-21,3021.58,3025.87,3032.45,3017.54,1157212.0
2016-09-22,3038.42,3042.31,3054.44,3035.07,1393095.0
2016-09-23,3044.79,3033.9,3046.8,3032.8,1255909.0
2016-09-26,3028.24,2980.43,3028.24,2980.12,1443302.0
2016-09-27,2974.59,2998.17,2998.23,2969.13,1217014.0
2016-09-28,3000.7,2987.86,3000.7,2984.32,1046256.0
2016-09-29,2992.17,2998.48,3009.2,2991.91,1132139.0
2016-09-30,2994.25,3004.7,3009.2,2993.06,1013335.0
2016-10-10,3020.46,3048.14,3048.24,3014.62,1600511.0
2016-10-11,3051.62,3065.25,3066.1,3048.02,1672735.0
2016-10-12,3057.32,3058.5,3060.51,3048.89,1424935.0
2016-10-13,3057.97,3061.35,3065.0,3052.64,1547567.0
2016-10-14,3056.99,3063.81,3064.79,3043.18,1553737.0
2016-10-17,3064.69,3041.17,3068.81,3033.75,1637332.0
2016-10-18,3037.4,3083.88,3084.19,3037.4,1820424.0
2016-10-19,3085.75,3084.72,3096.22,3076.77,1824701.0
2016-10-20,3084.91,3084.46,3089.68,3076.29,1606913.0
2016-10-21,3081.39,3090.94,3101.85,3069.27,1873880.0
2016-10-24,3092.05,3128.25,3137.03,3090.79,2405223.0
2016-10-25,3127.97,3131.94,3132.5,3121.05,2033809.0
2016-10-26,3129.84,3116.31,3129.84,3110.39,1916632.0
2016-10-27,3112.6,3112.35,3114.76,3100.39,1580087.0
2016-10-28,3111.7,3104.27,3128.64,3101.24,1817741.0
2016-10-31,3097.19,3100.49,3102.3,3081.07,1515067.0
2016-11-01,3101.66,3122.44,3122.61,3097.04,1602320.0
2016-11-02,3115.73,3102.73,3118.98,3099.82,1827220.0
2016-11-03,3096.76,3128.94,3140.93,3094.1,2229862.0
2016-11-04,3126.35,3125.32,3141.33,3119.54,1976832.0
2016-11-07,3124.89,3133.33,3139.2,3117.1,1794185.0
2016-11-08,3140.94,3147.89,3156.88,3134.95,1908469.0
2016-11-09,3146.08,3128.37,3146.95,3096.95,2411149.0
2016-11-10,3148.54,3171.28,3172.31,3148.54,2441926.0
2016-11-11,3169.4,3196.04,3202.74,3166.07,3108546.0
2016-11-14,3187.71,3210.37,3221.46,3186.8,3296083.0
2016-11-15,3209.95,3206.99,3214.29,3195.04,2408863.0
2016-11-16,3208.5,3205.06,3210.89,3195.41,2217670.0
2016-11-17,3198.5,3208.45,3211.05,3187.21,2142062.0
2016-11-18,3207.19,3192.86,3212.39,3187.5,2098266.0
2016-11-21,3188.5,3218.15,3229.76,3188.28,2306528.0
2016-11-22,3220.98,3248.35,3249.68,3220.98,2616315.0
2016-11-23,3247.94,3241.14,3262.88,3231.59,2499595.0
2016-11-24,3237.43,3241.74,3257.86,3232.87,2323245.0
2016-11-25,3241.24,3261.94,3262.44,3209.6,2339216.0
2016-11-28,3270.05,3277.0,3288.34,3267.67,2815512.0
2016-11-29,3269.23,3282.92,3301.21,3263.4,3208363.0
2016-11-30,3272.14,3250.03,3277.27,3239.52,2435760.0
2016-12-01,3257.03,3273.31,3279.67,3256.26,2377598.0
2016-12-02,3270.12,3243.84,3279.71,3235.28,2595672.0
2016-12-05,3203.78,3204.71,3219.52,3194.88,2230104.0
2016-12-06,3202.03,3199.65,3215.31,3196.52,1575726.0
2016-12-07,3198.47,3222.24,3222.43,3189.49,1690728.0
2016-12-08,3225.55,3215.37,3228.12,3211.47,1707101.0
2016-12-09,3209.34,3232.88,3244.8,3207.04,2040239.0
2016-12-12,3233.67,3152.97,3245.09,3149.9,2747084.0
2016-12-13,3138.99,3155.04,3162.5,3118.71,1851645.0
2016-12-14,3149.38,3140.53,3170.02,3136.35,2013588.0
2016-12-15,3125.76,3117.68,3138.78,3100.91,1899906.0
2016-12-16,3111.51,3122.98,3128.87,3106.35,1649887.0
2016-12-19,3120.7,3118.08,3125.28,3110.08,1541697.0
2016-12-20,3115.9,3102.88,3117.01,3084.8,1574267.0
2016-12-21,3107.24,3137.43,3140.25,3107.24,1867066.0
2016-12-22,3132.16,3139.56,3143.17,3126.89,1678049.0
2016-12-23,3134.93,3110.15,3138.4,3103.75,1661767.0
2016-12-26,3095.58,3122.57,3122.88,3068.42,1525718.0
2016-12-27,3117.39,3114.66,3127.88,3113.75,1415289.0
2016-12-28,3113.77,3102.24,3118.78,3094.55,1357270.0
2016-12-29,3095.84,3096.1,3111.8,3087.34,1326233.0
2016-12-30,3097.35,3103.64,3108.84,3089.99,1332671.0
2017-01-03,3105.31,3135.92,3136.46,3105.31,1415671.0
2017-01-04,3133.79,3158.79,3160.1,3130.11,1678608.0
2017-01-05,3157.91,3165.41,3168.5,3154.28,1747276.0
2017-01-06,3163.78,3154.32,3172.03,3153.03,1837089.0
2017-01-09,3148.53,3171.24,3173.14,3147.74,1717140.0
2017-01-10,3167.57,3161.67,3174.58,3157.33,1797592.0
2017-01-11,3156.69,3136.75,3167.03,3136.27,1783622.0
2017-01-12,3133.6,3119.29,3144.97,3115.98,1488892.0
2017-01-13,3116.08,3112.76,3130.51,3102.16,1562742.0
2017-01-16,3104.49,3103.43,3105.14,3044.29,2578860.0
2017-01-17,3087.03,3108.77,3108.91,3072.34,1361578.0
2017-01-18,3104.77,3113.01,3123.72,3098.59,1317801.0
2017-01-19,3104.97,3101.3,3115.78,3094.01,1238514.0
2017-01-20,3095.82,3123.14,3125.66,3095.21,1223667.0
2017-01-23,3125.42,3136.77,3145.84,3125.42,1326603.0
2017-01-24,3134.59,3142.55,3149.53,3131.22,1259738.0
2017-01-25,3137.65,3149.55,3151.47,3133.19,1120738.0
2017-01-26,3149.22,3159.17,3163.1,3148.91,1138767.0
2017-02-03,3160.08,3140.17,3162.68,3136.01,922247.0
2017-02-06,3143.09,3156.98,3158.84,3135.39,1271982.0
2017-02-07,3154.4,3153.09,3159.54,3140.04,1283374.0
2017-02-08,3148.09,3166.98,3167.45,3132.03,1449201.0
2017-02-09,3164.69,3183.18,3186.84,3162.57,1916403.0
2017-02-10,3183.01,3196.7,3205.05,3182.8,2393489.0
2017-02-13,3198.99,3216.84,3219.41,3198.99,2201915.0
2017-02-14,3216.14,3217.93,3219.4,3205.29,1887980.0
2017-02-15,3215.46,3212.99,3236.0,3206.56,2415077.0
2017-02-16,3210.36,3229.62,3230.28,3207.79,2169559.0
2017-02-17,3227.71,3202.08,3238.4,3199.42,2262281.0
2017-02-20,3198.96,3239.96,3241.46,3198.96,2321521.0
2017-02-21,3242.22,3253.33,3254.34,3239.88,2116730.0
2017-02-22,3252.69,3261.22,3261.38,3243.84,2074537.0
2017-02-23,3258.83,3251.38,3264.08,3236.36,2091798.0
2017-02-24,3246.86,3253.43,3253.96,3233.53,1864063.0
2017-02-27,3249.19,3228.66,3251.65,3224.09,1825810.0
2017-02-28,3225.97,3241.73,3242.68,3225.97,1512443.0
2017-03-01,3240.07,3246.93,3259.98,3237.87,1906775.0
2017-03-02,3250.52,3230.03,3256.81,3228.66,1812150.0
2017-03-03,3219.2,3218.31,3221.16,3206.61,1570823.0
2017-03-06,3217.33,3233.87,3234.66,3215.07,1560921.0
2017-03-07,3233.09,3242.41,3242.66,3226.82,1640642.0
2017-03-08,3240.53,3240.66,3245.3,3230.61,1607313.0
2017-03-09,3233.7,3216.75,3233.88,3205.28,1673711.0
2017-03-10,3213.73,3212.76,3222.32,3208.45,1366727.0
2017-03-13,3209.45,3237.02,3237.12,3193.16,1636737.0
2017-03-14,3235.25,3239.33,3246.33,3231.52,1469460.0
2017-03-15,3235.4,3241.76,3243.71,3227.74,1440556.0
2017-03-16,3247.16,3268.94,3269.77,3247.16,1894160.0
2017-03-17,3271.87,3237.45,3274.19,3232.28,2005832.0
2017-03-20,3241.11,3250.81,3251.13,3228.12,1705484.0
2017-03-21,3250.25,3261.61,3262.22,3246.7,1627193.0
2017-03-22,3246.22,3245.22,3255.78,3229.13,1897316.0
2017-03-23,3245.81,3248.55,3262.09,3221.93,1930291.0
2017-03-24,3247.35,3269.45,3275.21,3241.12,2197779.0
2017-03-27,3268.92,3266.96,3283.24,3262.12,2018526.0
2017-03-28,3265.63,3252.95,3265.63,3246.09,1617100.0
2017-03-29,3252.87,3241.31,3262.1,3233.28,2161055.0
2017-03-30,3235.14,3210.24,3240.02,3195.85,2471354.0
2017-03-31,3206.25,3222.51,3226.25,3205.54,1964429.0
2017-04-05,3235.66,3270.31,3270.65,3233.24,2483202.0
2017-04-06,3272.19,3281.0,3286.67,3265.76,2452880.0
2017-04-07,3280.62,3286.62,3295.19,3275.05,2361089.0
2017-04-10,3285.46,3269.39,3285.46,3265.01,2326946.0
2017-04-11,3266.22,3288.97,3290.39,3244.4,2812812.0
2017-04-12,3283.84,3273.83,3284.93,3262.28,2693818.0
2017-04-13,3265.22,3275.96,3281.14,3261.49,2073468.0
2017-04-14,3276.14,3246.07,3276.71,3238.9,2145085.0
2017-04-17,3229.95,3222.17,3229.95,3199.91,2127371.0
2017-04-18,3215.4,3196.71,3225.05,3196.49,1886613.0
2017-04-19,3184.67,3170.69,3189.44,3147.07,2132380.0
2017-04-20,3165.67,3172.1,3178.18,3148.18,1908739.0
2017-04-21,3170.29,3173.15,3180.79,3158.63,1647617.0
2017-04-24,3164.25,3129.53,3164.25,3111.21,1862774.0
2017-04-25,3123.89,3134.57,3145.27,3117.45,1534183.0
2017-04-26,3132.92,3140.85,3152.95,3131.42,1698781.0
2017-04-27,3131.35,3152.19,3155.0,3097.33,2117930.0
2017-04-28,3144.02,3154.66,3154.73,3136.58,1628899.0
2017-05-02,3147.23,3143.71,3154.78,3136.54,1542229.0
2017-05-03,3138.31,3135.35,3148.29,3123.75,1637639.0
2017-05-04,3127.11,3127.37,3143.82,3111.39,1779674.0
2017-05-05,3114.77,3103.04,3117.61,3092.09,1762136.0
2017-05-08,3090.07,3078.61,3093.45,3067.69,1805269.0
2017-05-09,3064.85,3080.53,3084.21,3056.56,1350666.0
2017-05-10,3078.17,3052.78,3090.82,3051.59,1607944.0
2017-05-11,3036.79,3061.5,3063.56,3016.53,1913419.0
2017-05-12,3054.11,3083.51,3090.49,3051.87,1596841.0
2017-05-15,3085.93,3090.23,3098.91,3085.93,1356607.0
2017-05-16,3082.87,3112.96,3113.51,3060.53,1737755.0
2017-05-17,3107.8,3104.44,3119.58,3101.3,1686741.0
2017-05-18,3082.33,3090.14,3103.44,3077.96,1486200.0
2017-05-19,3086.71,3090.63,3095.48,3081.28,1296352.0
2017-05-22,3087.17,3075.68,3103.94,3063.15,1536837.0
2017-05-23,3069.39,3061.95,3084.24,3050.84,1783105.0
2017-05-24,3047.57,3064.08,3064.81,3022.3,1398133.0
2017-05-25,3055.34,3107.83,3114.66,3052.83,1913918.0
2017-05-26,3101.29,3110.06,3120.66,3100.39,1559234.0
2017-05-31,3125.33,3117.18,3143.28,3111.56,1529504.0
2017-06-01,3108.42,3102.62,3113.52,3097.68,1630157.0
2017-06-02,3094.23,3105.54,3110.39,3081.85,1425049.0
2017-06-05,3102.11,3091.66,3105.51,3084.83,1325703.0
2017-06-06,3084.54,3102.13,3102.86,3078.79,1134399.0
2017-06-07,3101.76,3140.32,3140.77,3098.95,1732290.0
2017-06-08,3136.47,3150.33,3153.26,3132.83,1522776.0
2017-06-09,3147.45,3158.4,3165.92,3146.11,1601363.0
2017-06-12,3149.53,3139.88,3164.95,3135.31,1467294.0
2017-06-13,3134.01,3153.74,3155.99,3131.04,1283182.0
2017-06-14,3146.75,3130.67,3149.17,3125.35,1383470.0
2017-06-15,3125.59,3132.49,3137.59,3117.08,1469542.0
2017-06-16,3126.37,3123.17,3134.25,3117.86,1296527.0
2017-06-19,3122.16,3144.37,3146.77,3121.78,1348917.0
2017-06-20,3148.02,3140.01,3150.46,3134.61,1411918.0
2017-06-21,3148.99,3156.21,3157.03,3132.62,1366882.0
2017-06-22,3152.24,3147.45,3186.98,3146.64,1913440.0
2017-06-23,3138.44,3157.87,3158.05,3118.09,1548436.0
2017-06-26,3157.0,3185.44,3187.89,3156.98,1735792.0
2017-06-27,3183.42,3191.2,3193.46,3172.46,1482012.0
2017-06-28,3183.63,3173.2,3193.44,3170.79,1465167.0
2017-06-29,3174.98,3188.06,3188.77,3174.28,1287554.0
2017-06-30,3176.95,3192.43,3193.24,3171.57,1214645.0
2017-07-03,3192.0,3195.91,3196.29,3177.02,1403057.0
2017-07-04,3192.89,3182.8,3193.06,3174.31,1411149.0
2017-07-05,3179.22,3207.13,3207.31,3174.71,1482964.0
2017-07-06,3203.86,3212.44,3215.95,3188.77,1758092.0
2017-07-07,3203.82,3217.96,3219.52,3195.29,1767154.0
2017-07-10,3208.46,3212.63,3223.34,3203.21,1989280.0
2017-07-11,3201.52,3203.04,3226.91,3199.22,1878372.0
2017-07-12,3201.93,3197.54,3215.2,3177.93,1869008.0
2017-07-13,3192.36,3218.16,3219.27,3190.34,1953036.0
2017-07-14,3212.03,3222.42,3222.98,3204.85,1601267.0
2017-07-17,3219.79,3176.46,3230.35,3139.5,2662052.0
2017-07-18,3159.73,3187.57,3187.67,3150.13,1906230.0
2017-07-19,3181.4,3230.98,3232.94,3179.73,2724207.0
2017-07-20,3227.51,3244.86,3246.24,3225.43,2321083.0
2017-07-21,3236.59,3237.98,3247.71,3231.96,2060032.0
2017-07-24,3230.9,3250.6,3261.1,3230.07,2330564.0
2017-07-25,3249.14,3243.69,3261.65,3233.14,2055738.0
2017-07-26,3244.46,3247.67,3264.85,3228.04,2135420.0
2017-07-27,3243.76,3249.78,3251.93,3220.64,2284859.0
2017-07-28,3240.17,3253.24,3256.37,3232.96,1822268.0
2017-07-31,3252.75,3273.03,3276.95,3251.19,2460394.0
2017-08-01,3274.37,3292.64,3292.64,3273.5,2371946.0
2017-08-02,3288.52,3285.06,3305.43,3282.04,2667306.0
2017-08-03,3279.99,3272.93,3293.37,3262.16,2332770.0
2017-08-04,3269.32,3262.08,3287.19,3261.31,2759063.0
2017-08-07,3257.67,3279.46,3280.1,3243.72,2311733.0
2017-08-08,3277.19,3281.87,3285.48,3269.66,2520435.0
2017-08-09,3277.81,3275.57,3277.94,3263.85,2355979.0
2017-08-10,3269.73,3261.75,3282.52,3236.18,2406846.0
2017-08-11,3237.92,3208.54,3245.12,3200.75,2629630.0
2017-08-14,3206.04,3237.36,3240.05,3206.04,1903468.0
2017-08-15,3235.23,3251.26,3263.59,3235.1,1822980.0
2017-08-16,3247.85,3246.45,3248.78,3228.87,1768520.0
2017-08-17,3253.85,3268.43,3269.14,3251.46,2036225.0
2017-08-18,3253.24,3268.72,3275.08,3248.08,1911224.0
2017-08-21,3274.58,3286.91,3287.52,3270.48,1861224.0
2017-08-22,3287.61,3290.23,3293.48,3274.94,1865379.0
2017-08-23,3283.8,3287.7,3299.46,3274.44,1798322.0
2017-08-24,3287.96,3271.51,3297.99,3266.36,1634689.0
2017-08-25,3271.46,3331.52,3331.91,3271.46,2058394.0
2017-08-28,3336.13,3362.65,3375.03,3336.13,2574614.0
2017-08-29,3362.06,3365.23,3374.59,3354.46,2195045.0
2017-08-30,3361.82,3363.63,3376.65,3357.08,2468633.0
2017-08-31,3361.46,3360.81,3367.36,3340.69,2344197.0
2017-09-01,3365.99,3367.12,3381.93,3358.47,2824976.0
2017-09-04,3369.72,3379.58,3381.4,3359.13,2674278.0
2017-09-05,3377.2,3384.32,3390.82,3371.57,2165529.0
2017-09-06,3372.43,3385.39,3391.01,3364.76,2290907.0
2017-09-07,3383.63,3365.5,3387.8,3363.18,2211187.0
2017-09-08,3364.43,3365.24,3380.89,3353.69,1984051.0
2017-09-11,3365.35,3376.42,3384.81,3360.05,2190110.0
2017-09-12,3381.49,3379.49,3391.07,3370.85,2729103.0
2017-09-13,3374.72,3384.15,3387.14,3366.54,1945507.0
2017-09-14,3383.47,3371.43,3391.64,3361.33,2213064.0
2017-09-15,3365.15,3353.62,3365.53,3345.33,2197658.0
2017-09-18,3352.51,3362.86,3371.75,3352.51,1903196.0
2017-09-19,3365.53,3356.84,3370.4,3344.71,1911297.0
2017-09-20,3352.18,3366.0,3370.1,3346.54,1921966.0
2017-09-21,3364.7,3357.81,3377.88,3356.88,1974486.0
2017-09-22,3347.16,3352.53,3356.45,3334.98,1792340.0
2017-09-25,3344.59,3341.55,3350.96,3334.94,1696213.0
2017-09-26,3336.35,3343.58,3347.16,3332.6,1326285.0
2017-09-27,3340.82,3345.27,3349.69,3340.3,1430869.0
2017-09-28,3343.84,3339.64,3344.6,3336.18,1494443.0
2017-09-29,3340.31,3348.94,3357.02,3340.31,1448624.0
2017-10-09,3403.25,3374.38,3410.17,3366.97,1917360.0
2017-10-10,3373.34,3382.99,3384.03,3358.8,1794238.0
2017-10-11,3381.49,3388.28,3395.78,3379.16,1814767.0
2017-10-12,3385.53,3386.1,3390.2,3372.53,1618093.0
2017-10-13,3384.49,3390.52,3395.75,3383.24,1399547.0
2017-10-16,3393.21,3378.47,3400.51,3374.77,1743306.0
2017-10-17,3373.23,3372.04,3382.41,3365.56,1253817.0
2017-10-18,3373.53,3381.79,3383.23,3371.92,1572287.0
2017-10-19,3374.64,3370.17,3378.74,3359.63,1584765.0
2017-10-20,3363.51,3378.65,3379.77,3360.1,1271728.0
2017-10-23,3382.28,3380.7,3385.29,3374.71,1308462.0
2017-10-24,3376.6,3388.25,3388.69,3374.12,1398975.0
2017-10-25,3384.86,3396.9,3398.3,3382.03,1231312.0
2017-10-26,3397.52,3407.57,3414.24,3391.45,1837686.0
2017-10-27,3404.5,3416.81,3421.1,3402.11,1702571.0
2017-10-30,3413.87,3390.34,3419.73,3357.28,2083492.0
2017-10-31,3381.0,3393.34,3397.1,3376.12,1534982.0
2017-11-01,3393.97,3395.91,3410.35,3388.6,1805661.0
2017-11-02,3391.65,3383.31,3391.65,3372.21,1668642.0
2017-11-03,3377.74,3371.74,3380.57,3347.36,1727147.0
2017-11-06,3369.69,3388.17,3389.38,3356.53,1546364.0
2017-11-07,3389.47,3413.57,3415.15,3387.95,1905717.0
2017-11-08,3409.15,3415.46,3434.49,3404.88,1854364.0
2017-11-09,3410.67,3427.79,3428.77,3408.62,1586504.0
2017-11-10,3423.18,3432.67,3438.79,3414.33,1892765.0
2017-11-13,3435.18,3447.84,3449.16,3435.08,2053890.0
2017-11-14,3446.55,3429.55,3450.49,3419.69,1964726.0
2017-11-15,3416.21,3402.52,3423.75,3396.38,1687920.0
2017-11-16,3393.19,3399.25,3409.65,3390.59,1566843.0
2017-11-17,3392.68,3382.91,3403.29,3373.3,2494581.0
2017-11-20,3361.36,3392.4,3393.11,3337.12,1765246.0
2017-11-21,3382.36,3410.5,3419.8,3377.6,1968718.0
2017-11-22,3417.33,3430.46,3442.18,3404.29,2135671.0
2017-11-23,3425.01,3351.92,3429.42,3342.33,2152654.0
2017-11-24,3340.38,3353.82,3360.75,3328.33,1595696.0
2017-11-27,3346.66,3322.23,3347.05,3315.26,1664391.0
2017-11-28,3311.23,3333.66,3333.8,3300.78,1382477.0
2017-11-29,3335.57,3337.86,3343.06,3305.57,1838059.0
2017-11-30,3328.64,3317.19,3340.92,3306.28,1565958.0
2017-12-01,3315.11,3317.62,3324.52,3302.44,1391983.0
2017-12-04,3310.38,3309.62,3324.0,3304.1,1480532.0
2017-12-05,3301.69,3303.68,3315.74,3300.51,2082788.0
2017-12-06,3291.31,3293.96,3296.2,3254.61,1516044.0
2017-12-07,3283.28,3272.05,3291.28,3259.16,1321059.0
2017-12-08,3264.48,3289.99,3297.13,3258.76,1332093.0
2017-12-11,3290.49,3322.2,3322.67,3288.29,1319659.0
2017-12-12,3320.31,3280.81,3320.31,3280.33,1246048.0
2017-12-13,3278.4,3303.04,3304.01,3273.32,1119986.0
2017-12-14,3302.93,3292.44,3309.53,3282.57,1205442.0
2017-12-15,3287.53,3266.14,3287.53,3259.39,1309406.0
2017-12-18,3268.03,3267.92,3280.54,3254.18,1207003.0
2017-12-19,3266.02,3296.54,3296.94,3266.02,1151401.0
2017-12-20,3296.74,3287.61,3300.21,3276.12,1377451.0
2017-12-21,3281.12,3300.06,3309.22,3267.4,1421279.0
2017-12-22,3297.69,3297.06,3307.33,3293.44,1240473.0
2017-12-25,3296.21,3280.46,3312.3,3270.44,1468936.0
2017-12-26,3277.84,3306.12,3307.3,3274.33,1424345.0
2017-12-27,3302.46,3275.78,3307.08,3270.35,1626749.0
2017-12-28,3272.29,3296.38,3304.1,3263.73,1753716.0
2017-12-29,3295.25,3307.17,3308.22,3292.77,1415868.0
2018-01-02,3314.03,3348.33,3349.05,3314.03,2022788.0
2018-01-03,3347.74,3369.11,3379.92,3345.29,2138361.0
2018-01-04,3371.0,3385.71,3392.83,3365.3,2069553.0
2018-01-05,3386.46,3391.75,3402.07,3380.25,2130607.0
2018-01-08,3391.55,3409.48,3412.73,3384.56,2361651.0
2018-01-09,3406.11,3413.9,3417.23,3403.59,1914885.0
2018-01-10,3414.11,3421.83,3430.21,3398.84,2090949.0
2018-01-11,3415.58,3425.35,3426.48,3405.64,1738121.0
2018-01-12,3423.88,3428.94,3435.42,3417.98,1740634.0
2018-01-15,3428.95,3410.49,3442.5,3402.31,2320092.0
2018-01-16,3403.47,3436.59,3437.58,3401.96,2114754.0
2018-01-17,3438.58,3444.67,3465.2,3430.51,2610450.0
2018-01-18,3449.88,3474.75,3476.55,3448.79,2200395.0
2018-01-19,3481.62,3487.86,3498.43,3474.29,2475367.0
2018-01-22,3476.99,3501.36,3503.39,3475.67,2174875.0
2018-01-23,3504.34,3546.5,3547.22,3504.34,2387059.0
2018-01-24,3553.48,3559.47,3569.49,3527.11,2529545.0
2018-01-25,3555.17,3548.31,3571.48,3528.03,2434134.0
2018-01-26,3535.49,3558.13,3574.9,3534.2,2226983.0
2018-01-29,3563.64,3523.0,3587.03,3510.27,2360269.0
2018-01-30,3511.5,3488.01,3523.05,3484.66,1863699.0
2018-01-31,3470.51,3480.83,3495.45,3454.73,2072534.0
2018-02-01,3478.67,3446.98,3495.09,3424.42,2605047.0
2018-02-02,3419.22,3462.08,3463.16,3388.86,2081205.0
2018-02-05,3411.67,3487.5,3487.72,3406.24,2176737.0
2018-02-06,3418.01,3370.65,3440.12,3364.22,2805555.0
2018-02-07,3412.74,3309.26,3425.54,3304.01,2609397.0
2018-02-08,3281.05,3262.05,3307.16,3225.71,2012625.0
2018-02-09,3172.85,3129.85,3180.11,3062.74,2563891.0
2018-02-12,3128.37,3154.13,3168.13,3113.61,1533108.0
2018-02-13,3176.11,3184.96,3219.22,3176.11,1515276.0
2018-02-14,3188.25,3199.16,3203.5,3171.38,1003228.0
2018-02-22,3237.57,3268.56,3269.92,3234.12,1387304.0
2018-02-23,3275.43,3289.02,3294.13,3258.49,1457903.0
2018-02-26,3307.29,3329.57,3335.99,3281.62,1885686.0
2018-02-27,3328.67,3292.07,3328.67,3284.63,1742193.0
2018-02-28,3264.06,3259.41,3277.83,3239.84,1510435.0
2018-03-01,3235.09,3273.75,3280.15,3228.58,1590983.0
2018-03-02,3248.45,3254.53,3269.94,3242.27,1508610.0
2018-03-05,3255.87,3256.93,3269.4,3236.72,1448359.0
2018-03-06,3266.49,3289.64,3290.25,3243.65,1953580.0
2018-03-07,3288.86,3271.67,3308.41,3264.76,1686650.0
2018-03-08,3268.35,3288.41,3289.5,3261.55,1498275.0
2018-03-09,3291.43,3307.17,3309.72,3283.56,1684245.0
2018-03-12,3319.21,3326.7,3333.56,3313.56,2065324.0
2018-03-13,3324.12,3310.24,3333.88,3307.38,1771143.0
2018-03-14,3298.67,3291.38,3304.98,3287.36,1574910.0
2018-03-15,3277.51,3291.11,3297.1,3273.2,1485736.0
2018-03-16,3290.21,3269.88,3300.57,3269.28,1412036.0
2018-03-19,3264.93,3279.25,3280.57,3251.05,1379549.0
2018-03-20,3257.22,3290.64,3292.57,3252.43,1398810.0
2018-03-21,3299.73,3280.95,3314.21,3268.88,1683982.0
2018-03-22,3281.26,3263.48,3288.8,3242.76,1504329.0
2018-03-23,3172.77,3152.76,3188.24,3110.66,2755320.0
2018-03-26,3117.32,3133.72,3134.28,3091.46,1863663.0
2018-03-27,3164.8,3166.65,3172.78,3143.57,1890733.0
2018-03-28,3130.57,3122.29,3165.21,3117.53,1635004.0
2018-03-29,3127.26,3160.53,3174.51,3098.25,1703123.0
2018-03-30,3161.79,3168.9,3177.72,3152.89,1546465.0
2018-04-02,3169.78,3163.18,3192.34,3159.99,1777277.0
2018-04-03,3130.01,3136.63,3144.33,3119.13,1522166.0
2018-04-04,3147.05,3131.11,3163.34,3128.87,1469766.0
2018-04-09,3125.44,3138.29,3146.09,3110.3,1396086.0
2018-04-10,3144.26,3190.32,3190.65,3139.08,1682013.0
2018-04-11,3197.37,3208.08,3220.85,3191.59,1758672.0
2018-04-12,3203.28,3180.16,3205.25,3177.05,1482313.0
2018-04-13,3192.04,3159.05,3197.9,3155.51,1275523.0
2018-04-16,3152.89,3110.65,3153.11,3096.1,1544157.0
2018-04-17,3112.97,3066.8,3118.76,3064.03,1472228.0
2018-04-18,3091.91,3091.4,3096.89,3041.63,1592905.0
2018-04-19,3094.27,3117.38,3127.44,3090.29,1600568.0
2018-04-20,3105.46,3071.54,3111.17,3065.92,1551470.0
2018-04-23,3063.44,3068.01,3085.06,3045.94,1316863.0
2018-04-24,3069.75,3128.93,3136.04,3069.75,1622748.0
2018-04-25,3112.4,3117.97,3122.91,3107.0,1273110.0
2018-04-26,3119.5,3075.03,3121.93,3067.93,1339727.0
2018-04-27,3082.41,3082.23,3088.03,3049.91,1312256.0
2018-05-02,3087.41,3081.18,3097.6,3064.76,1341845.0
2018-05-03,3074.52,3100.86,3105.66,3056.16,1399856.0
2018-05-04,3093.12,3091.03,3104.09,3086.78,1187112.0
2018-05-07,3094.9,3136.64,3136.84,3091.66,1389481.0
2018-05-08,3135.3,3161.5,3169.7,3134.06,1469270.0
2018-05-09,3160.14,3159.15,3165.37,3145.66,1226372.0
2018-05-10,3169.05,3174.41,3176.14,3155.53,1330007.0
2018-05-11,3179.8,3163.26,3180.76,3162.21,1306597.0
2018-05-14,3167.04,3174.03,3183.82,3163.48,1293273.0
2018-05-15,3180.42,3192.12,3192.81,3164.52,1245490.0
2018-05-16,3180.23,3169.57,3191.95,3166.81,1305249.0
2018-05-17,3170.01,3154.28,3172.77,3148.62,1139955.0
2018-05-18,3151.08,3193.3,3193.45,3144.78,1365169.0
2018-05-21,3206.18,3213.84,3219.74,3203.34,1644594.0
2018-05-22,3211.25,3214.35,3214.59,3192.23,1442926.0
2018-05-23,3205.44,3168.96,3205.44,3168.96,1578076.0
2018-05-24,3167.94,3154.65,3173.53,3152.07,1240858.0
2018-05-25,3148.41,3141.3,3156.73,3131.07,1286108.0
2018-05-28,3136.81,3135.08,3149.66,3115.96,1287559.0
2018-05-29,3129.62,3120.46,3143.21,3112.15,1357177.0
2018-05-30,3081.14,3041.44,3085.4,3041.0,1551151.0
2018-05-31,3061.83,3095.47,3098.08,3054.27,1404755.0
2018-06-01,3084.75,3075.14,3102.09,3059.79,1298722.0
2018-06-04,3083.43,3091.19,3098.4,3076.99,1145939.0
2018-06-05,3088.01,3114.21,3114.77,3080.05,1187355.0
2018-06-06,3109.17,3115.18,3117.53,3103.53,1201961.0
2018-06-07,3121.18,3109.5,3128.72,3105.58,1277849.0
2018-06-08,3100.6,3067.15,3100.68,3053.29,1346882.0
2018-06-11,3057.34,3052.78,3063.61,3037.91,1085637.0
2018-06-12,3053.03,3079.8,3081.45,3034.1,1132751.0
2018-06-13,3071.46,3049.8,3071.46,3044.12,1196078.0
2018-06-14,3038.07,3044.16,3066.05,3032.41,1154694.0
2018-06-15,3037.45,3021.9,3048.8,3008.73,1445325.0
2018-06-19,2982.65,2907.82,2984.97,2871.35,2305500.0
2018-06-20,2889.98,2915.73,2925.56,2872.16,1443014.0
2018-06-21,2912.0,2875.81,2940.59,2872.62,1543783.0
2018-06-22,2855.58,2889.76,2891.97,2837.14,1261431.0
2018-06-25,2903.45,2859.34,2908.62,2857.87,1219176.0
2018-06-26,2829.99,2844.51,2850.24,2803.79,1259184.0
2018-06-27,2842.4,2813.18,2854.26,2798.8,1294208.0
2018-06-28,2799.9,2786.9,2825.99,2782.45,1183579.0
2018-06-29,2789.81,2847.42,2848.37,2782.38,1256716.0
2018-07-02,2841.58,2775.56,2845.68,2756.81,1370350.0
2018-07-03,2774.57,2786.89,2786.89,2722.45,1424984.0
2018-07-04,2776.63,2759.13,2793.18,2754.16,1232621.0
2018-07-05,2755.34,2733.88,2777.52,2727.94,1292261.0
2018-07-06,2731.35,2747.23,2768.87,2691.02,1362943.0
2018-07-09,2752.45,2815.11,2815.79,2752.45,1215493.0
2018-07-10,2819.71,2827.63,2828.49,2800.63,1170627.0
2018-07-11,2780.7,2777.77,2794.36,2752.44,1268211.0
2018-07-12,2771.04,2837.66,2844.19,2771.04,1469801.0
2018-07-13,2831.43,2831.18,2835.46,2818.85,1176893.0
2018-07-16,2827.08,2814.04,2837.51,2804.49,1077671.0
2018-07-17,2806.89,2798.13,2806.92,2774.76,1054092.0
2018-07-18,2801.78,2787.26,2818.4,2786.04,1209611.0
2018-07-19,2791.02,2772.55,2805.01,2764.49,1144865.0
2018-07-20,2769.75,2829.27,2837.86,2753.84,1459076.0
2018-07-23,2815.2,2859.54,2863.57,2809.62,1733828.0
2018-07-24,2862.27,2905.56,2911.46,2862.27,2295783.0
2018-07-25,2911.45,2903.65,2912.31,2894.04,1678002.0
2018-07-26,2905.79,2882.23,2915.3,2875.7,1684282.0
2018-07-27,2879.69,2873.59,2889.69,2864.11,1463716.0
2018-07-30,2871.94,2869.05,2896.01,2850.3,1516522.0
2018-07-31,2866.9,2876.4,2884.68,2854.32,1189311.0
2018-08-01,2882.51,2824.53,2897.4,2823.93,1495143.0
2018-08-02,2815.34,2768.02,2815.34,2726.48,1741790.0
2018-08-03,2763.4,2740.44,2777.66,2740.43,1270063.0
2018-08-06,2736.53,2705.16,2760.47,2692.32,1297530.0
2018-08-07,2711.74,2779.37,2779.37,2696.04,1495797.0
2018-08-08,2771.13,2744.07,2779.91,2741.07,1476887.0
2018-08-09,2729.58,2794.38,2801.66,2726.22,1516603.0
2018-08-10,2791.4,2795.31,2806.12,2777.51,1215322.0
2018-08-13,2769.02,2785.87,2789.8,2742.56,1275322.0
2018-08-14,2780.74,2780.96,2789.44,2766.57,1095710.0
2018-08-15,2777.25,2723.26,2777.7,2721.24,1161617.0
2018-08-16,2691.43,2705.19,2732.95,2672.74,1202778.0
2018-08-17,2723.89,2668.97,2730.33,2665.59,1124453.0
2018-08-20,2673.07,2698.47,2698.47,2653.11,1107841.0
2018-08-21,2700.34,2733.83,2739.17,2696.29,1135868.0
2018-08-22,2731.96,2714.61,2731.96,2709.06,936646.0
2018-08-23,2714.87,2724.62,2736.01,2700.8,984464.0
2018-08-24,2717.08,2729.43,2748.82,2705.32,1005162.0
2018-08-27,2736.32,2780.9,2780.9,2736.32,1327625.0
2018-08-28,2782.29,2777.98,2791.39,2769.4,1187493.0
2018-08-29,2774.86,2769.29,2778.54,2762.35,1001569.0
2018-08-30,2769.33,2737.74,2780.53,2736.35,1060609.0
2018-08-31,2730.11,2725.25,2744.63,2710.54,1097587.0
2018-09-03,2716.4,2720.73,2722.85,2692.36,1022130.0
2018-09-04,2720.65,2750.58,2756.61,2712.38,1090103.0
2018-09-05,2741.38,2704.34,2745.47,2704.34,1050022.0
2018-09-06,2697.58,2691.59,2719.41,2683.74,990178.0
2018-09-07,2696.68,2702.3,2728.55,2683.72,1075233.0
2018-09-10,2698.01,2669.48,2703.43,2667.32,1035591.0
2018-09-11,2668.49,2664.8,2680.57,2652.7,998659.0
2018-09-12,2659.74,2656.11,2672.07,2647.17,900267.0
2018-09-13,2679.21,2686.58,2689.06,2653.19,1073350.0
2018-09-14,2688.78,2681.64,2694.92,2675.29,1000050.0
2018-09-17,2671.29,2651.79,2671.29,2647.92,882388.0
2018-09-18,2644.3,2699.95,2700.19,2644.3,1157679.0
2018-09-19,2694.8,2730.85,2746.08,2690.99,1415503.0
2018-09-20,2732.17,2729.24,2743.96,2724.08,1113874.0
2018-09-21,2733.87,2797.48,2797.49,2722.03,1580166.0
2018-09-25,2775.07,2781.14,2790.03,2771.16,1119831.0
2018-09-26,2785.32,2806.81,2827.34,2783.34,1395677.0
2018-09-27,2805.79,2791.77,2810.51,2786.32,1239977.0
2018-09-28,2794.26,2821.35,2821.76,2791.84,1342904.0
2018-10-08,2768.21,2716.51,2771.94,2710.18,1495013.0
2018-10-09,2713.73,2721.01,2734.31,2711.2,1167719.0
2018-10-10,2723.72,2725.84,2743.55,2703.06,1134857.0
2018-10-11,2643.07,2583.46,2661.29,2560.32,1971507.0
2018-10-12,2574.04,2606.91,2615.92,2536.67,1700816.0
2018-10-15,2605.91,2568.1,2611.97,2564.74,1185762.0
2018-10-16,2567.76,2546.33,2597.72,2536.44,1194191.0
2018-10-17,2574.31,2561.61,2582.55,2517.57,1299540.0
2018-10-18,2544.91,2486.42,2544.91,2485.62,1254285.0
2018-10-19,2460.08,2550.47,2553.39,2449.2,1473235.0
2018-10-22,2565.64,2654.88,2675.41,2565.64,2118884.0
2018-10-23,2652.65,2594.83,2659.81,2583.26,1783435.0
2018-10-24,2579.97,2603.3,2640.4,2577.77,1600604.0
2018-10-25,2540.93,2603.8,2606.1,2531.53,1620329.0
2018-10-26,2610.9,2598.85,2626.12,2580.85,1589361.0
2018-10-29,2593.59,2542.1,2595.54,2529.19,1342419.0
2018-10-30,2538.57,2568.05,2586.92,2521.78,1666823.0
2018-10-31,2573.01,2602.78,2612.92,2567.03,1805503.0
2018-11-01,2617.03,2606.24,2636.8,2603.65,2009039.0
2018-11-02,2649.25,2676.48,2676.48,2628.87,2250269.0
2018-11-05,2665.43,2665.43,2673.19,2639.27,1937601.0
2018-11-06,2660.72,2659.36,2660.86,2635.32,1636694.0
2018-11-07,2659.84,2641.34,2675.68,2639.25,1732019.0
2018-11-08,2660.09,2635.63,2662.37,2632.3,1596354.0
2018-11-09,2621.24,2598.87,2621.24,2598.16,1524463.0
2018-11-12,2593.2,2630.52,2631.17,2590.21,1750313.0
2018-11-13,2600.5,2654.88,2666.49,2597.35,2492824.0
2018-11-14,2648.31,2632.24,2658.31,2627.96,2384493.0
2018-11-15,2632.14,2668.17,2668.17,2631.89,2078487.0
2018-11-16,2669.78,2679.11,2695.57,2657.03,2421988.0
2018-11-19,2681.9,2703.51,2703.51,2674.18,2316628.0
2018-11-20,2684.29,2645.85,2690.83,2643.36,2158913.0
2018-11-21,2619.82,2651.51,2653.8,2617.78,1825964.0
2018-11-22,2655.9,2645.43,2658.0,2634.48,1493090.0
2018-11-23,2640.67,2579.48,2642.04,2577.35,1914745.0
2018-11-26,2580.84,2575.81,2595.0,2568.04,1343145.0
2018-11-27,2585.83,2574.68,2592.54,2566.17,1236584.0
2018-11-28,2575.45,2601.74,2601.96,2561.56,1459634.0
2018-11-29,2613.78,2567.44,2617.55,2567.44,1571687.0
2018-11-30,2564.56,2588.19,2590.21,2555.32,1393290.0
2018-12-03,2647.13,2654.8,2665.3,2629.18,2074789.0
2018-12-04,2651.56,2665.96,2666.08,2644.9,1679405.0
2018-12-05,2629.83,2649.81,2660.39,2625.91,1545020.0
2018-12-06,2629.82,2605.18,2633.68,2603.13,1416616.0
2018-12-07,2609.34,2605.89,2614.58,2599.28,1090749.0
2018-12-10,2589.19,2584.58,2599.76,2576.24,1131996.0
2018-12-11,2587.01,2594.09,2596.15,2583.2,1013043.0
2018-12-12,2608.11,2602.15,2610.01,2595.07,1035183.0
2018-12-13,2607.14,2634.05,2645.84,2599.46,1507381.0
2018-12-14,2627.28,2593.74,2629.16,2593.74,1459425.0
2018-12-17,2587.26,2597.97,2598.97,2573.87,1173632.0
2018-12-18,2583.63,2576.65,2599.15,2563.57,1170333.0
2018-12-19,2578.68,2549.56,2579.87,2547.08,1076618.0
2018-12-20,2544.51,2536.27,2554.86,2516.02,1205665.0
2018-12-21,2526.55,2516.25,2527.42,2498.69,1156712.0
2018-12-24,2506.74,2527.01,2529.44,2500.44,973398.0
2018-12-25,2503.95,2504.82,2513.96,2462.84,1406705.0
2018-12-26,2501.12,2498.29,2513.83,2492.08,1087996.0
2018-12-27,2527.72,2483.09,2532.0,2483.09,1354068.0
2018-12-28,2483.62,2493.9,2505.11,2478.32,1192452.0
2019-01-02,2497.88,2465.29,2500.28,2456.42,1099320.0
2019-01-03,2461.78,2464.36,2488.48,2455.93,1243975.0
2019-01-04,2446.02,2514.87,2515.32,2440.91,1688776.0
2019-01-07,2528.7,2533.09,2536.98,2515.51,1773050.0
2019-01-08,2530.3,2526.46,2531.35,2520.16,1580991.0
2019-01-09,2536.42,2544.35,2574.41,2536.16,1918879.0
2019-01-10,2543.85,2535.1,2551.83,2531.66,1598743.0
2019-01-11,2539.55,2553.83,2554.79,2533.36,1494441.0
2019-01-14,2553.33,2535.77,2556.29,2533.01,1448254.0
2019-01-15,2537.37,2570.35,2571.5,2532.43,1602655.0
2019-01-16,2569.07,2570.42,2574.24,2563.01,1493015.0
2019-01-17,2573.58,2559.64,2582.56,2557.71,1624681.0
2019-01-18,2567.74,2596.01,2598.88,2565.9,1907672.0
2019-01-21,2599.06,2610.51,2618.98,2599.06,1634251.0
2019-01-22,2609.64,2579.7,2609.64,2573.06,1525377.0
2019-01-23,2575.26,2581.0,2589.51,2572.41,1314268.0
2019-01-24,2584.65,2591.69,2597.29,2569.7,1540420.0
2019-01-25,2596.26,2601.72,2617.0,2595.63,1593940.0
2019-01-28,2615.71,2596.98,2630.32,2591.1,1469817.0
2019-01-29,2592.36,2594.25,2601.74,2559.98,1555811.0
2019-01-30,2584.75,2575.58,2598.81,2575.41,1205025.0
2019-01-31,2581.33,2584.57,2606.63,2571.58,1543038.0
2019-02-01,2597.78,2618.23,2618.48,2590.55,1319868.0
2019-02-11,2613.17,2653.9,2654.1,2613.17,1548988.0
2019-02-12,2654.03,2671.89,2674.48,2648.83,1841011.0
2019-02-13,2674.52,2721.07,2727.07,2666.52,2437940.0
2019-02-14,2715.54,2719.7,2729.46,2707.49,1970373.0
2019-02-15,2712.79,2682.39,2715.63,2679.78,1960042.0
2019-02-18,2699.82,2754.36,2754.36,2699.82,2604360.0
2019-02-19,2759.5,2755.65,2780.78,2737.59,2880462.0
2019-02-20,2761.06,2761.22,2767.41,2739.98,2459725.0
2019-02-21,2759.94,2751.8,2794.01,2744.98,2986499.0
2019-02-22,2749.46,2804.23,2804.23,2736.33,3014814.0
2019-02-25,2838.39,2961.28,2961.8,2838.39,5286586.0
2019-02-26,2969.1,2941.52,2995.68,2938.62,5655579.0
2019-02-27,2939.93,2953.82,2997.49,2924.64,4749764.0
2019-02-28,2950.05,2940.95,2965.3,2930.2,3502066.0
2019-03-01,2954.4,2994.0,2994.0,2930.83,3457862.0
2019-03-04,3015.94,3027.58,3090.8,3006.94,5256494.0
2019-03-05,3019.88,3054.25,3054.96,3009.45,4241425.0
2019-03-06,3060.43,3102.1,3103.83,3050.11,5550063.0
2019-03-07,3103.67,3106.42,3129.94,3074.98,5838171.0
2019-03-08,3038.34,2969.86,3075.05,2969.58,5778555.0
2019-03-11,2969.08,3026.99,3028.25,2963.58,4262130.0
2019-03-12,3049.08,3060.31,3093.39,3029.9,5111731.0
2019-03-13,3062.33,3026.95,3065.29,3013.93,4532146.0
2019-03-14,3013.6,2990.69,3041.16,2968.82,3731418.0
2019-03-15,3000.88,3021.75,3048.12,2999.43,3412061.0
2019-03-18,3027.8,3096.42,3096.42,3009.51,3977971.0
2019-03-19,3099.9,3090.98,3113.43,3076.36,3509088.0
2019-03-20,3084.17,3090.64,3102.52,3053.45,3585575.0
2019-03-21,3094.12,3101.46,3125.02,3086.85,4142511.0
2019-03-22,3100.73,3104.15,3107.28,3064.88,3648483.0
2019-03-25,3058.8,3043.03,3087.0,3041.95,3802787.0
2019-03-26,3057.56,2997.1,3062.69,2988.49,3534980.0
2019-03-27,3012.26,3022.72,3022.76,2987.77,2913903.0
2019-03-28,3009.8,2994.94,3025.78,2991.78,2881064.0
2019-03-29,3000.68,3090.76,3093.03,2999.99,3750829.0
2019-04-01,3111.66,3170.36,3176.62,3111.66,4661247.0
2019-04-02,3183.27,3176.82,3193.27,3164.91,4470690.0
2019-04-03,3159.15,3216.3,3219.26,3152.33,4305486.0
2019-04-04,3233.69,3246.57,3254.14,3216.85,4691176.0
2019-04-08,3271.27,3244.81,3288.45,3210.52,5045184.0
2019-04-09,3240.39,3239.66,3251.65,3215.7,3641699.0
2019-04-10,3224.65,3241.93,3264.78,3204.88,3801344.0
2019-04-11,3241.55,3189.96,3254.13,3185.55,3530318.0
2019-04-12,3184.86,3188.63,3199.28,3168.04,2897890.0
2019-04-15,3233.46,3177.79,3253.98,3177.27,3488098.0
2019-04-16,3164.4,3253.6,3253.6,3153.21,3579187.0
2019-04-17,3250.15,3263.12,3275.33,3239.8,3575418.0
2019-04-18,3261.07,3250.2,3271.39,3241.83,3255399.0
2019-04-19,3250.15,3270.8,3274.33,3226.81,3151980.0
2019-04-22,3278.49,3215.04,3279.49,3206.88,3532173.0
2019-04-23,3211.87,3198.59,3231.58,3186.76,3283612.0
2019-04-24,3203.56,3201.61,3210.65,3156.61,2748721.0
2019-04-25,3190.59,3123.83,3193.75,3123.03,3258791.0
2019-04-26,3108.16,3086.4,3129.21,3085.8,2808738.0
2019-04-29,3090.63,3062.5,3107.76,3050.03,2921148.0
2019-04-30,3052.62,3078.34,3088.41,3052.62,2223025.0
2019-05-06,2984.73,2906.46,2986.54,2876.47,3269722.0
2019-05-07,2914.29,2926.39,2937.28,2889.07,2532817.0
2019-05-08,2873.14,2893.76,2929.43,2866.7,2315305.0
2019-05-09,2871.2,2850.95,2888.86,2845.04,2000411.0
2019-05-10,2878.23,2939.21,2941.45,2838.38,2823068.0
2019-05-13,2905.07,2903.71,2921.41,2892.17,2120299.0
2019-05-14,2872.83,2883.61,2909.2,2872.83,2083453.0
2019-05-15,2902.64,2938.68,2945.39,2902.64,2305197.0
2019-05-16,2933.5,2955.71,2956.17,2929.06,2483857.0
2019-05-17,2955.77,2882.3,2956.78,2873.8,2663016.0
2019-05-20,2874.8,2870.6,2882.63,2838.45,2094724.0
2019-05-21,2867.71,2905.97,2919.24,2862.5,2113870.0
2019-05-22,2905.52,2891.7,2912.4,2879.64,2000269.0
2019-05-23,2880.84,2852.52,2885.14,2846.96,1973403.0
2019-05-24,2847.84,2852.99,2871.86,2846.02,1672054.0
2019-05-27,2851.28,2892.38,2898.13,2833.04,1967209.0
2019-05-28,2890.27,2909.91,2924.04,2887.08,2233105.0
2019-05-29,2894.83,2914.7,2934.98,2890.66,1989588.0
2019-05-30,2903.42,2905.81,2907.85,2881.38,2057587.0
2019-05-31,2904.5,2898.7,2922.91,2895.58,1952305.0
2019-06-03,2901.74,2890.08,2920.83,2875.9,2159435.0
2019-06-04,2887.64,2862.28,2888.39,2851.97,1884635.0
2019-06-05,2882.94,2861.42,2888.77,2858.57,1815610.0
2019-06-06,2862.33,2827.8,2862.33,2822.19,1770644.0
2019-06-10,2833.01,2852.13,2861.13,2824.36,1665859.0
2019-06-11,2854.07,2925.72,2927.43,2854.07,2605258.0
2019-06-12,2917.22,2909.38,2924.7,2903.88,2402557.0
2019-06-13,2905.29,2910.74,2918.42,2885.92,2129578.0
2019-06-14,2913.0,2881.97,2924.32,2879.66,2154358.0
2019-06-17,2880.42,2887.62,2902.48,2877.39,1539649.0
2019-06-18,2891.09,2890.16,2898.33,2874.31,1477053.0
2019-06-19,2944.12,2917.8,2953.34,2916.21,2307569.0
2019-06-20,2917.33,2987.12,2997.39,2915.09,2910115.0
2019-06-21,2990.37,3001.98,3010.35,2989.25,2869738.0
2019-06-24,3004.29,3008.15,3012.83,2994.42,2104939.0
2019-06-25,3004.91,2982.07,3004.91,2948.99,2436992.0
2019-06-26,2964.62,2976.28,2986.91,2958.46,1744495.0
2019-06-27,2982.61,2996.79,3011.54,2981.04,1953970.0
2019-06-28,2992.24,2978.88,2992.24,2961.22,1814315.0
2019-07-01,3024.62,3044.9,3045.37,3014.69,2508404.0
2019-07-02,3042.58,3043.94,3048.48,3033.78,2145206.0
2019-07-03,3031.83,3015.26,3031.83,3006.32,2122961.0
2019-07-04,3015.68,3005.25,3024.5,2991.91,1944151.0
2019-07-05,3004.74,3011.06,3014.85,2990.92,1567554.0
2019-07-08,2997.81,2933.36,2997.81,2918.72,2115412.0
2019-07-09,2928.82,2928.23,2937.76,2912.81,1451106.0
2019-07-10,2935.19,2915.3,2936.75,2908.16,1354835.0
2019-07-11,2928.06,2917.76,2945.8,2907.89,1436925.0
2019-07-12,2915.34,2930.55,2938.53,2905.81,1377947.0
2019-07-15,2921.55,2942.19,2955.0,2886.7,1676433.0
2019-07-16,2938.64,2937.62,2944.82,2931.29,1318117.0
2019-07-17,2933.02,2931.69,2942.07,2924.46,1496316.0
2019-07-18,2921.74,2901.18,2921.74,2901.18,1498888.0
2019-07-19,2909.68,2924.2,2939.6,2909.68,1494695.0
2019-07-22,2925.79,2886.97,2927.16,2879.69,1806749.0
2019-07-23,2886.9,2899.94,2901.36,2883.05,1293105.0
2019-07-24,2907.93,2923.28,2936.45,2907.79,1552457.0
2019-07-25,2923.19,2937.36,2937.36,2916.15,1456843.0
2019-07-26,2928.06,2944.54,2948.33,2924.45,1393433.0
2019-07-29,2943.92,2941.01,2948.47,2932.98,1279918.0
2019-07-30,2946.26,2952.34,2965.63,2946.26,1483164.0
2019-07-31,2944.4,2932.51,2944.4,2926.49,1410523.0
2019-08-01,2920.85,2908.77,2927.34,2901.75,1423898.0
2019-08-02,2861.33,2867.84,2872.47,2851.44,1848884.0
2019-08-05,2854.58,2821.5,2863.69,2821.5,1674194.0
2019-08-06,2776.99,2777.56,2787.42,2733.92,2311237.0
2019-08-07,2789.02,2768.68,2792.69,2768.68,1577167.0
2019-08-08,2784.18,2794.55,2799.69,2782.24,1495395.0
2019-08-09,2805.59,2774.75,2808.33,2770.48,1482402.0
2019-08-12,2781.98,2814.99,2814.99,2776.62,1315634.0
2019-08-13,2798.05,2797.26,2802.04,2790.61,1309165.0
2019-08-14,2824.49,2808.91,2829.89,2807.72,1440146.0
2019-08-15,2762.34,2815.8,2815.9,2756.83,1527721.0
2019-08-16,2817.57,2823.82,2840.32,2811.8,1485823.0
2019-08-19,2835.52,2883.1,2883.1,2829.85,2145466.0
2019-08-20,2879.08,2880.0,2892.08,2875.0,1896772.0
2019-08-21,2875.47,2880.33,2885.59,2872.56,1590196.0
2019-08-22,2887.66,2883.44,2888.5,2867.55,1492062.0
2019-08-23,2885.15,2897.43,2902.46,2878.74,1591568.0
2019-08-26,2851.02,2863.57,2870.49,2849.24,1698953.0
2019-08-27,2879.52,2902.19,2919.64,2879.41,2081417.0
2019-08-28,2901.63,2893.76,2905.44,2887.01,1830979.0
2019-08-29,2896.0,2890.92,2898.6,2878.59,1786130.0
2019-08-30,2907.38,2886.24,2914.58,2874.1,1939599.0
2019-09-02,2886.94,2924.11,2928.48,2883.68,2027868.0
2019-09-03,2925.94,2930.15,2930.15,2915.2,1890012.0
2019-09-04,2927.75,2957.41,2957.41,2925.88,2254959.0
2019-09-05,2972.66,2985.86,3015.84,2972.66,3054387.0
2019-09-06,2996.62,2999.6,2999.94,2981.6,2168260.0
2019-09-09,3023.78,3024.74,3026.24,3005.69,2433777.0
2019-09-10,3027.41,3021.2,3027.41,3005.38,2400129.0
2019-09-11,3029.93,3008.81,3030.56,3004.22,2298373.0
2019-09-12,3016.63,3031.24,3033.47,3005.19,1969687.0
2019-09-16,3041.92,3030.75,3042.93,3020.05,2218789.0
2019-09-17,3023.71,2978.12,3023.71,2970.57,2233380.0
2019-09-18,2984.08,2985.66,2996.4,2982.4,1680467.0
2019-09-19,2992.92,2999.28,2999.28,2975.4,1626906.0
2019-09-20,3004.81,3006.45,3011.34,2996.19,1821453.0
2019-09-23,2998.4,2977.08,2998.4,2960.83,1681394.0
2019-09-24,2979.48,2985.34,3002.9,2973.76,1639027.0
2019-09-25,2977.67,2955.43,2977.67,2955.43,1685431.0
2019-09-26,2964.48,2929.09,2970.04,2928.26,1889325.0
2019-09-27,2929.49,2932.17,2939.08,2920.93,1329057.0
2019-09-30,2927.92,2905.19,2936.48,2905.19,1166468.0
2019-10-08,2905.76,2913.57,2933.02,2905.76,1255358.0
2019-10-09,2902.08,2924.86,2924.86,2891.54,1304241.0
2019-10-10,2923.71,2947.71,2949.24,2918.23,1342397.0
2019-10-11,2954.82,2973.66,2980.79,2943.01,1612037.0
2019-10-14,2993.96,3007.88,3026.38,2989.81,2086148.0
2019-10-15,3005.66,2991.05,3005.66,2986.3,1553769.0
2019-10-16,2992.61,2978.71,3010.42,2975.92,1498855.0
2019-10-17,2979.99,2977.33,2986.72,2969.57,1225276.0
2019-10-18,2982.34,2938.14,2987.2,2933.24,1499906.0
2019-10-21,2933.9,2939.62,2940.32,2917.69,1324751.0
2019-10-22,2945.6,2954.38,2954.64,2934.39,1174820.0
2019-10-23,2952.97,2941.62,2957.3,2934.63,1238128.0
2019-10-24,2944.01,2940.92,2953.04,2927.06,1265402.0
2019-10-25,2940.47,2954.93,2958.24,2920.52,1368607.0
2019-10-28,2958.69,2980.05,2980.13,2956.96,1737314.0
2019-10-29,2979.04,2954.18,2979.04,2954.18,1661100.0
2019-10-30,2949.46,2939.32,2953.3,2934.83,1587981.0
2019-10-31,2944.84,2929.06,2946.75,2923.52,1615714.0
2019-11-01,2924.34,2958.2,2959.83,2917.15,1599073.0
2019-11-04,2964.58,2975.49,2983.06,2964.58,1672483.0
2019-11-05,2977.7,2991.56,3008.31,2968.03,1798916.0
2019-11-06,2992.04,2978.6,2995.56,2969.72,1652635.0
2019-11-07,2978.15,2978.71,2988.96,2969.12,1369526.0
2019-11-08,2993.98,2964.18,2998.76,2962.84,1497421.0
2019-11-11,2949.96,2909.97,2949.96,2906.77,1579161.0
2019-11-12,2913.0,2914.82,2918.3,2891.51,1297291.0
2019-11-13,2913.02,2905.24,2913.86,2893.97,1297658.0
2019-11-14,2907.74,2909.87,2917.37,2899.62,1291454.0
2019-11-15,2911.35,2891.34,2917.83,2891.2,1355194.0
2019-11-18,2889.55,2909.2,2911.38,2884.09,1244331.0
2019-11-19,2904.28,2933.99,2933.99,2902.86,1354176.0
2019-11-20,2928.11,2911.05,2930.49,2907.42,1373575.0
2019-11-21,2902.55,2903.64,2910.36,2891.53,1234586.0
2019-11-22,2906.24,2885.29,2925.02,2873.99,1586233.0
2019-11-25,2885.61,2906.17,2906.61,2880.65,1785874.0
2019-11-26,2912.52,2907.06,2915.04,2897.93,1700046.0
2019-11-27,2905.4,2903.19,2914.49,2893.42,1338622.0
2019-11-28,2902.36,2889.69,2909.84,2883.43,1195224.0
2019-11-29,2885.97,2871.98,2892.39,2858.58,1226129.0
2019-12-02,2874.45,2875.81,2888.89,2870.24,1287558.0
2019-12-03,2869.88,2884.7,2884.86,2857.32,1237787.0
2019-12-04,2876.91,2878.12,2882.5,2869.42,1255436.0
2019-12-05,2886.52,2899.47,2902.0,2885.08,1431631.0
2019-12-06,2902.28,2912.01,2912.01,2894.75,1341288.0
2019-12-09,2914.46,2914.48,2919.59,2905.25,1607965.0
2019-12-10,2908.94,2917.32,2919.2,2902.79,1701240.0
2019-12-11,2922.6,2924.42,2928.26,2915.0,1655410.0
2019-12-12,2926.34,2915.7,2926.34,2913.48,1517608.0
2019-12-13,2937.78,2967.68,2969.98,2935.85,2119786.0
2019-12-16,2970.97,2984.39,2984.64,2958.71,2118621.0
2019-12-17,2985.26,3022.42,3039.38,2982.5,2930322.0
2019-12-18,3021.47,3017.04,3033.23,3011.72,2440897.0
2019-12-19,3017.15,3017.07,3021.42,3007.99,2086242.0
2019-12-20,3019.64,3004.94,3027.48,3002.26,2150757.0
2019-12-23,2999.04,2962.75,3009.34,2960.44,2057166.0
2019-12-24,2965.83,2982.68,2983.82,2960.68,1630302.0
2019-12-25,2980.43,2981.88,2988.29,2970.66,1756540.0
2019-12-26,2981.25,3007.35,3007.35,2980.4,1824404.0
2019-12-27,3006.85,3005.04,3036.11,3003.63,2471027.0
2019-12-30,2998.17,3040.02,3041.4,2983.34,2480665.0
2019-12-31,3036.39,3050.12,3051.68,3030.51,2174290.0
2020-01-02,3066.34,3085.2,3098.1,3066.34,2924702.0
2020-01-03,3089.02,3083.79,3093.82,3074.52,2614966.0
2020-01-06,3070.91,3083.41,3107.2,3065.31,3125758.0
2020-01-07,3085.49,3104.8,3105.45,3084.33,2765831.0
2020-01-08,3094.24,3066.89,3094.24,3059.13,2978725.0
2020-01-09,3082.64,3094.88,3097.33,3080.13,2434356.0
2020-01-10,3102.29,3092.29,3105.22,3081.4,2104424.0
2020-01-13,3091.49,3115.57,3115.57,3075.38,2106210.0
2020-01-14,3120.67,3106.82,3127.17,3105.61,2299737.0
2020-01-15,3103.17,3090.04,3107.94,3082.04,2023130.0
2020-01-16,3095.73,3074.08,3096.37,3070.88,2033754.0
2020-01-17,3081.46,3075.5,3091.95,3067.25,1903043.0
2020-01-20,3082.11,3095.79,3096.31,3070.48,2104933.0
2020-01-21,3085.79,3052.14,3085.79,3051.23,2348307.0
2020-01-22,3038.49,3060.75,3069.25,3006.27,2238528.0
2020-01-23,3037.95,2976.53,3045.04,2955.35,2727632.0
2020-02-03,2716.7,2746.61,2766.58,2716.7,2159121.0
2020-02-04,2685.27,2783.29,2786.16,2685.27,3640462.0
2020-02-05,2792.37,2818.09,2842.74,2778.86,3097618.0
2020-02-06,2826.89,2866.51,2876.59,2807.61,3163921.0
2020-02-07,2858.93,2875.96,2875.96,2838.77,3094796.0
2020-02-10,2860.5,2890.49,2891.85,2851.05,2949298.0
2020-02-11,2894.54,2901.67,2913.82,2882.24,2691683.0
2020-02-12,2895.56,2926.9,2926.9,2892.42,2487334.0
2020-02-13,2927.14,2906.07,2935.41,2901.24,2748048.0
2020-02-14,2899.87,2917.01,2926.94,2899.57,2506506.0
2020-02-17,2924.99,2983.62,2983.64,2924.99,3131980.0
2020-02-18,2981.41,2984.97,2990.6,2960.78,3116659.0
2020-02-19,2979.52,2975.4,2998.27,2971.82,3151411.0
2020-02-20,2981.88,3030.15,3031.37,2968.45,3457329.0
2020-02-21,3022.25,3039.67,3058.9,3020.14,3645572.0
2020-02-24,3027.89,3031.23,3042.18,3007.36,3704300.0
2020-02-25,2982.07,3013.05,3016.95,2943.72,4416227.0
2020-02-26,2978.42,2987.93,3028.78,2974.94,4690495.0
2020-02-27,2992.49,2991.33,3009.46,2980.48,3505236.0
2020-02-28,2924.64,2880.3,2948.13,2878.54,4012169.0
2020-03-02,2899.31,2970.93,2982.51,2899.31,3673333.0
2020-03-03,3006.89,2992.9,3026.84,2976.62,4101080.0
2020-03-04,2981.81,3011.67,3012.0,2974.36,3533382.0
2020-03-05,3036.15,3071.68,3074.26,3022.93,4454258.0
2020-03-06,3039.94,3034.51,3052.44,3029.46,3620615.0
2020-03-09,2987.18,2943.29,2989.21,2940.71,4145607.0
2020-03-10,2918.93,2996.76,3000.3,2904.8,3932966.0
2020-03-11,3001.76,2968.52,3010.03,2968.52,3524709.0
2020-03-12,2936.02,2923.49,2944.47,2906.28,3077784.0
2020-03-13,2804.23,2887.43,2910.88,2799.98,3664504.0
2020-03-16,2897.3,2789.25,2898.04,2784.66,3518786.0
2020-03-17,2796.28,2779.64,2826.91,2715.22,3061496.0
2020-03-18,2792.32,2728.76,2815.87,2728.76,2911598.0
2020-03-19,2719.41,2702.13,2736.82,2646.8,3023027.0
2020-03-20,2727.02,2745.62,2751.9,2702.49,2520195.0
2020-03-23,2677.59,2660.17,2703.33,2656.5,2498202.0
2020-03-24,2703.02,2722.44,2723.41,2667.13,2570219.0
2020-03-25,2775.3,2781.59,2788.64,2757.8,2731444.0
2020-03-26,2761.9,2764.91,2788.5,2753.43,2340840.0
2020-03-27,2792.98,2772.2,2805.55,2771.76,2407640.0
2020-03-30,2739.72,2747.21,2759.1,2723.05,2397066.0
2020-03-31,2767.31,2750.3,2771.17,2743.12,2185986.0
2020-04-01,2743.54,2734.52,2773.36,2731.08,2172534.0
2020-04-02,2720.23,2780.64,2780.64,2719.9,2178646.0
2020-04-03,2773.58,2763.99,2780.59,2754.07,2008374.0
2020-04-07,2806.97,2820.76,2823.28,2801.84,2701981.0
2020-04-08,2805.92,2815.37,2823.21,2800.3,2435153.0
2020-04-09,2825.84,2825.9,2832.4,2820.43,2381848.0
2020-04-10,2827.19,2796.63,2833.02,2789.98,2334547.0
2020-04-13,2784.6,2783.05,2792.89,2774.08,1771245.0
2020-04-14,2794.8,2827.28,2827.3,2789.43,2026965.0
2020-04-15,2826.66,2811.17,2829.75,2808.7,2056211.0
2020-04-16,2798.43,2819.94,2823.34,2796.84,2030037.0
2020-04-17,2835.56,2838.49,2854.96,2830.02,2457367.0
2020-04-20,2840.41,2852.55,2852.99,2833.26,2118470.0
2020-04-21,2842.24,2827.01,2842.24,2808.02,2332358.0
2020-04-22,2814.07,2843.98,2843.98,2808.48,2173200.0
2020-04-23,2850.51,2838.5,2853.64,2835.9,2487790.0
2020-04-24,2834.94,2808.53,2834.94,2802.5,2351850.0
2020-04-27,2812.24,2815.49,2832.67,2802.96,2101309.0
2020-04-28,2819.99,2810.02,2821.75,2758.25,2538727.0
2020-04-29,2801.38,2822.44,2831.76,2800.74,2020618.0
2020-04-30,2832.38,2860.08,2865.59,2832.38,2424552.0
2020-05-06,2831.63,2878.14,2879.26,2830.65,2498266.0
2020-05-07,2876.47,2871.52,2882.02,2864.58,2267369.0
2020-05-08,2882.71,2895.34,2903.8,2879.2,2268220.0
2020-05-11,2901.57,2894.8,2914.28,2884.38,2251204.0
2020-05-12,2894.62,2891.56,2897.9,2871.23,1970829.0
2020-05-13,2882.96,2898.05,2900.26,2875.54,1850613.0
2020-05-14,2887.06,2870.34,2887.06,2869.18,1977762.0
2020-05-15,2880.71,2868.46,2884.22,2863.37,1889835.0
2020-05-18,2872.52,2875.42,2889.98,2862.27,2260228.0
2020-05-19,2897.69,2898.58,2900.22,2887.58,1972224.0
2020-05-20,2896.47,2883.74,2896.47,2876.18,2105199.0
2020-05-21,2890.72,2867.92,2891.52,2864.21,2035320.0
2020-05-22,2863.05,2813.77,2863.05,2808.02,2090637.0
2020-05-25,2816.24,2817.97,2821.5,2802.47,1728855.0
2020-05-26,2827.9,2846.55,2848.34,2825.9,1745623.0
2020-05-27,2847.32,2836.8,2849.0,2831.93,1981493.0
2020-05-28,2838.21,2846.22,2861.92,2820.15,2075460.0
2020-05-29,2835.58,2852.35,2855.38,2829.63,2067928.0
2020-06-01,2871.96,2915.43,2917.15,2871.96,2601960.0
2020-06-02,2916.32,2921.4,2926.36,2909.13,2561080.0
2020-06-03,2930.39,2923.37,2942.76,2922.66,2556639.0
2020-06-04,2931.84,2919.25,2932.97,2910.75,2266058.0
2020-06-05,2923.19,2930.8,2930.8,2909.12,2173606.0
2020-06-08,2941.98,2937.77,2950.07,2934.21,2311243.0
2020-06-09,2939.54,2956.11,2957.12,2932.94,2090485.0
2020-06-10,2951.28,2943.75,2951.33,2934.84,2079259.0
2020-06-11,2939.79,2920.9,2952.65,2912.19,2337229.0
2020-06-12,2876.8,2919.74,2930.26,2872.62,2360086.0
2020-06-15,2908.28,2890.03,2922.54,2890.03,2432050.0
2020-06-16,2912.83,2931.75,2931.78,2909.13,2233130.0
2020-06-17,2932.67,2935.87,2936.62,2919.04,2346543.0
2020-06-18,2929.88,2939.32,2942.9,2920.11,2586913.0
2020-06-19,2938.79,2967.63,2973.32,2935.82,2643139.0
2020-06-22,2966.9,2965.27,2983.44,2959.04,2678838.0
2020-06-23,2960.89,2970.62,2972.4,2949.85,2252122.0
2020-06-24,2972.98,2979.55,2982.94,2971.22,2132007.0
2020-06-29,2973.08,2961.52,2977.91,2951.77,2206227.0
2020-06-30,2965.11,2984.67,2990.83,2965.11,2149572.0
2020-07-01,2991.18,3025.98,3026.19,2984.98,2733131.0
2020-07-02,3023.72,3090.57,3092.44,3021.67,3911280.0
2020-07-03,3104.0,3152.81,3152.81,3104.0,4587938.0
2020-07-06,3187.84,3332.88,3337.27,3187.84,6438789.0
2020-07-07,3380.95,3345.34,3407.08,3336.24,6578401.0
2020-07-08,3337.55,3403.44,3421.53,3327.71,5870816.0
2020-07-09,3403.48,3450.59,3456.97,3393.64,6200018.0
2020-07-10,3418.93,3383.32,3433.11,3372.51,5561200.0
2020-07-13,3379.39,3443.29,3458.79,3369.04,5580068.0
2020-07-14,3435.02,3414.62,3451.22,3366.08,5432115.0
2020-07-15,3422.08,3361.3,3432.45,3345.75,4920305.0
2020-07-16,3356.36,3210.1,3373.53,3209.73,4906131.0
2020-07-17,3214.4,3214.13,3252.78,3181.27,3596524.0
2020-07-20,3243.91,3314.15,3314.15,3220.68,4185553.0
2020-07-21,3330.55,3320.89,3336.68,3300.57,3592520.0
2020-07-22,3315.18,3333.16,3381.98,3311.79,3933353.0
2020-07-23,3306.15,3325.11,3336.3,3257.83,4070425.0
2020-07-24,3310.65,3196.77,3319.13,3184.96,4270540.0
2020-07-27,3210.39,3205.23,3221.98,3174.66,2993190.0
2020-07-28,3226.13,3227.96,3245.3,3208.49,2893778.0
2020-07-29,3221.99,3294.55,3294.55,3209.99,3249240.0
2020-07-30,3299.57,3286.82,3312.45,3282.16,3407041.0
2020-07-31,3280.8,3310.01,3333.79,3261.61,3537589.0
2020-08-03,3332.18,3367.97,3368.1,3327.68,4074608.0
2020-08-04,3376.44,3371.69,3391.07,3352.5,4423285.0
2020-08-05,3363.33,3377.56,3383.64,3333.88,3858230.0
2020-08-06,3380.76,3386.46,3392.7,3334.33,4153025.0
2020-08-07,3370.59,3354.04,3374.13,3307.71,4039296.0
2020-08-10,3341.53,3379.25,3399.93,3335.04,3813796.0
2020-08-11,3379.49,3340.29,3409.06,3336.09,4004527.0
2020-08-12,3327.49,3319.27,3335.73,3263.27,3783289.0
2020-08-13,3328.18,3320.73,3338.15,3309.46,3242912.0
2020-08-14,3315.67,3360.1,3362.03,3302.74,3059983.0
2020-08-17,3373.9,3438.8,3450.9,3369.37,4345982.0
2020-08-18,3441.93,3451.09,3456.72,3432.64,3807292.0
2020-08-19,3444.56,3408.13,3454.46,3406.16,4057222.0
2020-08-20,3385.96,3363.9,3394.56,3352.78,3356010.0
2020-08-21,3380.23,3380.68,3393.92,3358.0,2874883.0
2020-08-24,3391.11,3385.64,3396.57,3368.03,2662278.0
2020-08-25,3392.88,3373.58,3408.87,3364.16,2771134.0
2020-08-26,3371.81,3329.74,3382.6,3320.14,2944510.0
2020-08-27,3333.49,3350.11,3351.83,3312.99,2370993.0
2020-08-28,3346.29,3403.81,3405.88,3339.65,2713255.0
2020-08-31,3416.55,3395.68,3442.74,3395.47,3234739.0
2020-09-01,3389.74,3410.61,3410.61,3381.71,2469992.0
2020-09-02,3420.47,3404.8,3421.4,3377.21,2615463.0
2020-09-03,3404.03,3384.98,3425.63,3374.26,2553462.0
2020-09-04,3336.41,3355.37,3360.11,3328.55,2216365.0
2020-09-07,3349.92,3292.59,3368.24,3285.63,2606165.0
2020-09-08,3301.22,3316.42,3324.39,3276.44,2710662.0
2020-09-09,3281.0,3254.63,3289.61,3238.56,3515097.0
2020-09-10,3282.23,3234.82,3285.47,3227.64,3124728.0
2020-09-11,3225.78,3260.35,3262.5,3220.54,2216988.0
2020-09-14,3275.92,3278.81,3283.53,3261.15,2139241.0
2020-09-15,3277.13,3295.68,3297.69,3263.75,1976844.0
2020-09-16,3293.17,3283.92,3302.46,3271.08,2004433.0
2020-09-17,3277.32,3270.44,3290.41,3248.5,2029319.0
2020-09-18,3270.91,3338.09,3338.32,3268.53,2562607.0
2020-09-21,3348.9,3316.94,3350.59,3313.07,2165031.0
2020-09-22,3290.67,3274.3,3320.23,3265.7,2140150.0
2020-09-23,3278.84,3279.71,3289.76,3264.89,1691780.0
2020-09-24,3262.88,3223.18,3265.35,3221.24,2067360.0
2020-09-25,3234.37,3219.42,3239.47,3208.04,1648224.0
2020-09-28,3224.98,3217.53,3238.18,3210.89,1559827.0
2020-09-29,3231.86,3224.36,3242.79,3219.79,1513498.0
2020-09-30,3232.71,3218.05,3244.91,3202.34,1535044.0
2020-10-09,3262.61,3272.08,3280.51,3260.19,1883256.0
2020-10-12,3287.33,3358.47,3359.15,3286.11,2596224.0
2020-10-13,3353.12,3359.75,3361.83,3334.5,2049261.0
2020-10-14,3353.62,3340.78,3353.62,3332.96,1986593.0
2020-10-15,3342.92,3332.18,3354.58,3330.0,1910312.0
2020-10-16,3334.46,3336.36,3348.95,3319.11,1942954.0
2020-10-19,3351.1,3312.67,3371.09,3307.84,2123035.0
2020-10-20,3307.15,3328.1,3328.1,3293.77,1650847.0
2020-10-21,3332.15,3325.02,3332.15,3304.17,1776321.0
2020-10-22,3315.82,3312.5,3320.88,3281.37,1659499.0
2020-10-23,3308.16,3278.0,3326.05,3276.62,1742089.0
2020-10-26,3258.7,3251.12,3264.45,3226.6,1677317.0
2020-10-27,3240.74,3254.32,3258.34,3235.54,1491155.0
2020-10-28,3256.22,3269.24,3275.87,3238.38,1731819.0
2020-10-29,3235.76,3272.73,3289.77,3231.12,1847035.0
2020-10-30,3278.63,3224.53,3279.86,3219.42,2301888.0
2020-11-02,3228.72,3225.12,3242.8,3209.91,2267791.0
2020-11-03,3239.81,3271.07,3278.38,3237.85,2152978.0
2020-11-04,3273.43,3277.44,3286.62,3254.11,1885141.0
2020-11-05,3305.58,3320.13,3320.41,3291.6,2268014.0
2020-11-06,3326.46,3312.16,3326.46,3292.15,2348641.0
2020-11-09,3329.43,3373.73,3380.82,3329.43,3102197.0
2020-11-10,3387.62,3360.15,3387.62,3346.17,2787011.0
2020-11-11,3354.02,3342.2,3365.84,3339.04,2712046.0
2020-11-12,3344.46,3338.68,3350.29,3329.49,2165013.0
2020-11-13,3327.23,3310.1,3327.23,3291.64,2278983.0
2020-11-16,3325.62,3346.97,3346.97,3313.65,2795937.0
2020-11-17,3347.15,3339.9,3347.7,3323.95,2836324.0
2020-11-18,3337.33,3347.3,3358.89,3333.99,2875312.0
2020-11-19,3339.09,3363.09,3367.33,3330.45,2532630.0
2020-11-20,3359.6,3377.73,3380.15,3356.31,2612712.0
2020-11-23,3384.1,3414.49,3431.65,3377.99,3738720.0
2020-11-24,3407.41,3402.82,3413.93,3396.24,3009941.0
2020-11-25,3417.52,3362.33,3423.49,3362.33,3221102.0
2020-11-26,3360.06,3369.73,3371.45,3344.28,2558868.0
2020-11-27,3373.84,3408.31,3408.31,3364.49,2806499.0
2020-11-30,3418.16,3391.76,3456.74,3391.76,3849899.0
2020-12-01,3388.99,3451.94,3457.64,3386.91,3161890.0
2020-12-02,3453.52,3449.38,3465.73,3435.87,3128111.0
2020-12-03,3448.54,3442.14,3452.16,3428.8,2984599.0
2020-12-04,3436.73,3444.58,3448.4,3417.05,2562767.0
2020-12-07,3446.65,3416.6,3449.58,3414.31,2545225.0
2020-12-08,3417.69,3410.18,3428.66,3403.03,2269073.0
2020-12-09,3416.08,3371.96,3422.54,3371.92,2607474.0
2020-12-10,3365.73,3373.28,3384.89,3357.75,2473083.0
2020-12-11,3381.01,3347.19,3383.18,3325.17,2986171.0
2020-12-14,3349.53,3369.12,3371.13,3338.63,2398079.0
2020-12-15,3366.58,3367.23,3373.56,3348.42,2256674.0
2020-12-16,3371.26,3366.98,3378.66,3359.17,2208139.0
2020-12-17,3367.28,3404.87,3406.15,3354.01,2754636.0
2020-12-18,3400.49,3394.9,3413.81,3382.75,2809926.0
2020-12-21,3394.39,3420.57,3423.61,3381.12,2837598.0
2020-12-22,3410.97,3356.78,3415.75,3353.86,3230376.0
2020-12-23,3362.47,3382.32,3394.21,3360.2,2995235.0
2020-12-24,3382.19,3363.11,3394.07,3354.02,2750444.0
2020-12-25,3351.79,3396.56,3397.01,3348.35,2945468.0
2020-12-28,3396.36,3397.29,3412.52,3383.65,3161815.0
2020-12-29,3399.29,3379.04,3407.09,3376.09,3117691.0
2020-12-30,3375.01,3414.45,3414.45,3374.42,2910235.0
2020-12-31,3419.73,3473.07,3474.92,3419.73,3356739.0
2021-01-04,3474.68,3502.96,3511.66,3457.21,3807907.0
2021-01-05,3492.19,3528.68,3528.68,3484.72,4079959.0
2021-01-06,3530.91,3550.88,3556.8,3513.13,3702309.0
2021-01-07,3552.91,3576.2,3576.2,3526.62,4053482.0
2021-01-08,3577.69,3570.11,3588.06,3544.89,3455579.0
2021-01-11,3571.32,3531.5,3597.7,3516.99,3624791.0
2021-01-12,3518.01,3608.34,3608.34,3517.47,3234061.0
2021-01-13,3613.28,3598.65,3622.35,3575.59,3881277.0
2021-01-14,3584.93,3565.9,3599.06,3559.6,3476668.0
2021-01-15,3566.28,3566.38,3589.27,3533.79,3246127.0
2021-01-18,3554.8,3596.22,3608.77,3544.26,3016525.0
2021-01-19,3596.36,3566.38,3603.15,3553.02,3234395.0
2021-01-20,3564.12,3583.09,3589.96,3556.44,2722716.0
2021-01-21,3590.92,3621.26,3636.24,3585.8,3274670.0
2021-01-22,3616.54,3606.75,3616.54,3585.03,3244630.0
2021-01-25,3605.36,3624.24,3637.1,3591.02,3273410.0
2021-01-26,3610.97,3569.43,3610.97,3564.74,2781398.0
2021-01-27,3567.55,3573.34,3578.8,3546.49,2641071.0
2021-01-28,3534.67,3505.18,3549.54,3496.88,2708624.0
2021-01-29,3521.72,3483.07,3531.6,3446.55,2936626.0
2021-02-01,3477.17,3505.28,3506.39,3469.88,2775679.0
2021-02-02,3510.81,3533.68,3535.5,3495.57,2645406.0
2021-02-03,3531.15,3517.31,3544.01,3508.51,2973517.0
2021-02-04,3503.78,3501.86,3524.72,3465.77,2988348.0
2021-02-05,3509.49,3496.33,3536.54,3492.96,2901461.0
2021-02-08,3504.56,3532.45,3542.21,3492.13,2497996.0
2021-02-09,3539.77,3603.49,3604.01,3528.68,2538217.0
2021-02-10,3612.61,3655.09,3662.77,3612.51,2579408.0
2021-02-18,3721.09,3675.36,3731.69,3663.66,3403090.0
2021-02-19,3661.78,3696.17,3699.65,3634.02,3610598.0
2021-02-22,3707.19,3642.44,3717.27,3642.44,4888214.0
2021-02-23,3617.7,3636.36,3672.15,3617.7,3988731.0
2021-02-24,3638.94,3564.08,3645.65,3531.59,3621589.0
2021-02-25,3595.54,3585.05,3608.56,3568.47,3662323.0
2021-02-26,3514.56,3509.08,3550.41,3500.7,3332800.0
2021-03-01,3531.48,3551.4,3552.57,3511.99,3154875.0
2021-03-02,3566.85,3508.59,3566.85,3485.36,3398305.0
2021-03-03,3500.16,3576.9,3577.62,3498.72,3476568.0
2021-03-04,3546.64,3503.49,3552.2,3487.38,3936161.0
2021-03-05,3463.31,3501.99,3523.57,3456.67,3564092.0
2021-03-08,3524.98,3421.41,3542.3,3421.22,3870479.0
2021-03-09,3415.34,3359.29,3429.15,3328.31,4076525.0
2021-03-10,3389.84,3357.74,3397.03,3354.82,2997491.0
2021-03-11,3369.9,3436.83,3436.83,3369.9,3221120.0
2021-03-12,3447.2,3453.08,3454.51,3417.24,3580270.0
2021-03-15,3441.88,3419.95,3457.49,3392.51,3678132.0
2021-03-16,3424.65,3446.73,3448.88,3406.17,3166687.0
2021-03-17,3435.73,3445.55,3454.06,3410.28,2800598.0
2021-03-18,3449.64,3463.07,3478.14,3449.38,2844039.0
2021-03-19,3423.87,3404.66,3439.52,3389.29,3091617.0
2021-03-22,3406.12,3443.44,3443.66,3404.23,3125590.0
2021-03-23,3445.34,3411.51,3445.42,3390.05,3263894.0
2021-03-24,3394.13,3367.06,3415.3,3362.18,3173987.0
2021-03-25,3355.07,3363.59,3382.23,3344.97,2706761.0
2021-03-26,3373.32,3418.33,3423.22,3373.32,2746149.0
2021-03-29,3429.63,3435.3,3449.83,3409.89,2848242.0
2021-03-30,3432.53,3456.68,3457.63,3423.32,2854230.0
2021-03-31,3452.21,3441.91,3452.21,3420.83,2830492.0
2021-04-01,3444.81,3466.33,3470.03,3438.83,2752443.0
2021-04-02,3472.63,3484.39,3487.59,3462.83,2626548.0
2021-04-06,3491.63,3482.97,3493.28,3471.76,2347466.0
2021-04-07,3483.42,3479.63,3483.42,3453.19,2957869.0
2021-04-08,3467.49,3482.55,3495.91,3459.32,3317553.0
2021-04-09,3475.44,3450.68,3475.45,3442.14,2800851.0
2021-04-12,3445.97,3412.95,3456.16,3403.9,3095772.0
2021-04-13,3411.29,3396.47,3425.39,3387.9,2706260.0
2021-04-14,3397.02,3416.72,3420.03,3392.98,2332423.0
2021-04-15,3409.61,3398.99,3409.61,3373.09,2340050.0
2021-04-16,3407.19,3426.62,3432.63,3394.13,2585796.0
2021-04-19,3427.55,3477.55,3479.01,3414.36,3027358.0
2021-04-20,3467.15,3472.94,3494.3,3463.46,2853001.0
2021-04-21,3456.3,3472.93,3481.25,3450.11,2537778.0
2021-04-22,3482.83,3465.11,3485.36,3456.32,2511145.0
2021-04-23,3462.09,3474.17,3482.36,3456.33,2493604.0
2021-04-26,3484.11,3441.17,3497.12,3438.57,2769707.0
2021-04-27,3440.09,3442.61,3443.85,3417.26,2530324.0
2021-04-28,3432.16,3457.07,3457.07,3423.33,2473811.0
2021-04-29,3458.08,3474.9,3478.23,3447.59,2766314.0
2021-04-30,3468.3,3446.86,3469.09,3426.9,3126603.0
2021-05-06,3446.07,3441.28,3471.24,3426.85,3104242.0
2021-05-07,3446.41,3418.87,3457.89,3416.78,3537853.0
2021-05-10,3423.59,3427.99,3429.74,3401.93,3741708.0
2021-05-11,3406.6,3441.85,3448.1,3384.7,3509341.0
2021-05-12,3429.75,3462.75,3466.37,3428.39,3114445.0
2021-05-13,3432.14,3429.54,3448.02,3418.38,3193253.0
2021-05-14,3436.09,3490.38,3490.64,3422.57,3369823.0
2021-05-17,3490.41,3517.62,3530.51,3490.14,3221359.0
2021-05-18,3520.65,3529.01,3529.01,3510.86,2713085.0
2021-05-19,3521.11,3510.96,3521.11,3503.82,2783211.0
2021-05-20,3500.88,3506.94,3517.74,3486.07,3260093.0
2021-05-21,3510.84,3486.56,3518.38,3479.67,2838262.0
2021-05-24,3486.27,3497.28,3498.3,3469.87,2895092.0
2021-05-25,3502.54,3581.34,3584.58,3502.44,3412411.0
2021-05-26,3586.84,3593.36,3603.49,3585.37,3419803.0
2021-05-27,3585.73,3608.85,3626.36,3579.26,3095515.0
2021-05-28,3610.77,3600.78,3622.18,3582.36,3492088.0
2021-05-31,3600.07,3615.48,3615.66,3580.65,3315237.0
2021-06-01,3608.6,3624.71,3626.07,3581.91,3528114.0
2021-06-02,3626.33,3597.14,3629.29,3584.6,3485584.0
2021-06-03,3595.42,3584.21,3618.51,3584.21,3542330.0
2021-06-04,3565.47,3591.84,3618.8,3561.89,3308930.0
2021-06-07,3597.14,3599.54,3600.38,3581.9,3037187.0
2021-06-08,3598.75,3580.11,3621.52,3563.25,3044914.0
2021-06-09,3576.8,3591.4,3598.71,3572.64,2983233.0
2021-06-10,3587.53,3610.86,3624.34,3584.13,3181748.0
2021-06-11,3614.11,3589.75,3614.4,3587.15,3605549.0
2021-06-15,3587.47,3556.56,3592.95,3547.19,3491685.0
2021-06-16,3556.71,3518.33,3561.09,3513.56,3125973.0
2021-06-17,3508.32,3525.6,3534.2,3507.35,2772299.0
2021-06-18,3520.5,3525.1,3535.62,3503.18,2967085.0
2021-06-21,3515.5,3529.18,3540.3,3504.01,2808982.0
2021-06-22,3539.79,3557.41,3560.19,3536.81,3075363.0
2021-06-23,3559.4,3566.22,3577.47,3549.85,3107095.0
2021-06-24,3568.58,3566.65,3570.49,3548.82,3354407.0
2021-06-25,3567.38,3607.56,3614.3,3564.52,3460878.0
2021-06-28,3612.25,3606.37,3614.36,3594.22,3212749.0
2021-06-29,3601.68,3573.18,3601.83,3570.53,3060711.0
2021-06-30,3572.62,3591.2,3594.12,3569.5,2681628.0
2021-07-01,3600.55,3588.78,3607.7,3573.94,2918832.0
2021-07-02,3569.89,3518.76,3569.89,3514.34,2919455.0
2021-07-05,3516.92,3534.32,3534.32,3510.58,2880948.0
2021-07-06,3533.13,3530.26,3538.35,3496.93,3140702.0
2021-07-07,3508.59,3553.72,3557.88,3504.47,3188392.0
2021-07-08,3557.22,3525.5,3558.68,3521.06,3508778.0
2021-07-09,3512.23,3524.09,3529.31,3485.05,3498843.0
2021-07-12,3545.2,3547.84,3565.03,3527.39,4036395.0
2021-07-13,3547.59,3566.52,3567.48,3542.82,3624167.0
2021-07-14,3560.83,3528.5,3560.83,3525.49,3722217.0
2021-07-15,3519.06,3564.59,3565.93,3514.26,3632591.0
2021-07-16,3559.53,3539.3,3566.0,3537.73,3660147.0
2021-07-19,3530.49,3539.12,3544.88,3506.34,3367609.0
2021-07-20,3515.07,3536.79,3538.64,3509.19,2937806.0
2021-07-21,3543.05,3562.66,3569.09,3543.05,3389787.0
2021-07-22,3563.66,3574.73,3576.47,3558.29,3810670.0
2021-07-23,3571.72,3550.4,3571.85,3541.51,4464212.0
2021-07-26,3538.01,3467.44,3538.01,3424.74,4428822.0
2021-07-27,3467.45,3381.18,3483.87,3380.28,4690754.0
2021-07-28,3355.82,3361.59,3385.54,3312.72,3958254.0
2021-07-29,3403.84,3411.72,3416.61,3382.57,3445694.0
2021-07-30,3398.2,3397.36,3404.88,3370.45,3814409.0
2021-08-02,3385.69,3464.29,3464.29,3367.64,4329278.0
2021-08-03,3446.78,3447.99,3470.66,3435.46,4006980.0
2021-08-04,3442.94,3477.22,3477.6,3440.78,3487442.0
2021-08-05,3461.72,3466.55,3486.16,3449.39,3484369.0
2021-08-06,3465.48,3458.23,3466.39,3436.93,3368243.0
2021-08-09,3441.75,3494.63,3502.84,3438.7,3499100.0
2021-08-10,3488.66,3529.93,3529.93,3477.06,3451130.0
2021-08-11,3527.11,3532.62,3544.09,3524.04,3837835.0
2021-08-12,3522.72,3524.74,3538.4,3513.45,3810746.0
2021-08-13,3514.47,3516.3,3540.08,3500.8,3781873.0
2021-08-16,3514.34,3517.34,3537.85,3510.9,3910997.0
2021-08-17,3512.11,3446.98,3531.73,3438.12,4228858.0
2021-08-18,3442.35,3485.29,3487.44,3437.69,3892037.0
2021-08-19,3475.3,3465.55,3480.46,3446.01,3823830.0
2021-08-20,3442.51,3427.33,3453.15,3394.97,3911369.0
2021-08-23,3436.8,3477.13,3481.25,3436.67,3847274.0
2021-08-24,3482.27,3514.47,3522.7,3481.14,4302364.0
2021-08-25,3517.92,3540.38,3540.39,3510.07,4500470.0
2021-08-26,3537.31,3501.66,3537.32,3499.45,5029031.0
2021-08-27,3494.42,3522.16,3530.19,3493.38,4553459.0
2021-08-30,3535.07,3528.15,3539.49,3512.99,5127857.0
2021-08-31,3519.02,3543.94,3543.94,3496.39,5242050.0
2021-09-01,3543.87,3567.1,3582.32,3514.67,6672763.0
2021-09-02,3559.9,3597.04,3597.37,3557.68,5726840.0
2021-09-03,3602.74,3581.73,3613.95,3569.4,6145323.0
2021-09-06,3580.14,3621.86,3626.29,3580.14,5217133.0
2021-09-07,3621.71,3676.59,3681.93,3615.14,5477218.0
2021-09-08,3673.4,3675.19,3695.32,3661.0,5864362.0
2021-09-09,3666.82,3693.13,3693.45,3662.16,6048103.0
2021-09-10,3691.19,3703.11,3722.87,3681.64,6352004.0
2021-09-13,3699.25,3715.37,3716.83,3692.82,5574840.0
2021-09-14,3709.63,3662.6,3723.85,3655.63,5649524.0
2021-09-15,3651.16,3656.22,3677.53,3638.32,4749700.0
2021-09-16,3664.84,3607.09,3677.92,3606.73,5467415.0
2021-09-17,3595.27,3613.97,3620.96,3569.27,5168502.0
2021-09-22,3563.21,3628.49,3629.45,3560.5,4722960.0
2021-09-23,3651.27,3642.22,3670.95,3632.28,5349955.0
2021-09-24,3637.87,3613.07,3651.43,3607.79,5073047.0
2021-09-27,3625.96,3582.83,3640.81,3559.92,5108028.0
2021-09-28,3577.89,3602.22,3610.92,3568.82,4441688.0
2021-09-29,3573.52,3536.29,3573.52,3518.05,4525111.0
2021-09-30,3541.93,3568.17,3572.43,3541.93,3956296.0
2021-10-08,3609.09,3592.17,3612.55,3571.73,4071611.0
2021-10-11,3600.36,3591.71,3614.7,3586.75,3943611.0
2021-10-12,3581.3,3546.94,3583.64,3515.14,4053937.0
2021-10-13,3543.49,3561.76,3569.13,3515.65,3250506.0
2021-10-14,3555.11,3558.28,3569.69,3547.18,2949691.0
2021-10-15,3551.99,3572.37,3578.77,3542.69,3202930.0
2021-10-18,3571.05,3568.14,3571.05,3539.48,3409506.0
2021-10-19,3562.3,3593.15,3596.79,3560.62,3341976.0
2021-10-20,3583.24,3587.0,3596.05,3574.3,3442450.0
2021-10-21,3590.05,3594.78,3610.96,3576.35,3523108.0
2021-10-22,3594.75,3582.6,3607.58,3578.76,3531572.0
2021-10-25,3574.26,3609.86,3611.09,3564.21,3211968.0
2021-10-26,3612.83,3597.64,3625.02,3589.71,3372783.0
2021-10-27,3589.86,3562.31,3589.86,3553.13,3506209.0
2021-10-28,3548.7,3518.42,3552.04,3509.49,3781716.0
2021-10-29,3519.33,3547.34,3547.34,3502.8,3588093.0
2021-11-01,3530.4,3544.48,3556.59,3519.29,3822513.0
2021-11-02,3543.38,3505.63,3559.05,3477.66,4175631.0
2021-11-03,3501.11,3498.54,3512.61,3480.49,3066076.0
2021-11-04,3505.89,3526.87,3527.95,3503.01,3194408.0
2021-11-05,3520.21,3491.57,3525.87,3491.46,3545335.0
2021-11-08,3491.97,3498.63,3507.27,3484.24,2981837.0
2021-11-09,3507.11,3507.0,3514.95,3489.04,2873160.0
2021-11-10,3498.94,3492.46,3498.94,3448.44,3070307.0
2021-11-11,3486.45,3532.79,3534.2,3482.83,3220879.0
2021-11-12,3534.15,3539.1,3543.65,3527.39,3086833.0
2021-11-15,3542.9,3533.3,3550.44,3521.29,3130176.0
2021-11-16,3530.46,3521.79,3549.77,3517.81,3103999.0
2021-11-17,3518.56,3537.37,3537.51,3513.52,2767356.0
2021-11-18,3531.49,3520.71,3537.98,3513.11,3124269.0
2021-11-19,3519.28,3560.37,3561.91,3517.65,3179899.0
2021-11-22,3562.76,3582.08,3585.19,3562.75,3300093.0
2021-11-23,3580.51,3589.09,3598.38,3577.36,3600115.0
2021-11-24,3590.02,3592.7,3602.74,3575.29,3367752.0
2021-11-25,3593.39,3584.18,3597.15,3579.53,3064515.0
2021-11-26,3576.11,3564.09,3576.11,3554.88,3010000.0
2021-11-29,3528.67,3562.7,3563.68,3526.36,3336183.0
2021-11-30,3570.75,3563.89,3582.12,3546.36,3491879.0
2021-12-01,3561.89,3576.89,3576.89,3558.69,3298735.0
2021-12-02,3573.25,3573.84,3586.87,3567.14,3540415.0
2021-12-03,3576.45,3607.43,3608.47,3573.21,3775510.0
2021-12-06,3615.24,3589.31,3626.13,3586.81,4186767.0
2021-12-07,3611.22,3595.09,3614.22,3572.57,4038426.0
2021-12-08,3602.82,3637.57,3637.72,3591.99,3610366.0
2021-12-09,3641.16,3673.04,3688.4,3638.7,4319181.0
2021-12-10,3654.37,3666.35,3667.85,3651.35,4199888.0
2021-12-13,3686.94,3681.08,3708.94,3678.06,4240920.0
2021-12-14,3669.81,3661.53,3671.68,3654.66,3621719.0
2021-12-15,3655.05,3647.63,3668.4,3645.24,3774776.0
2021-12-16,3648.93,3675.02,3675.02,3644.66,3813295.0
2021-12-17,3670.26,3632.36,3673.65,3631.66,4084878.0
2021-12-20,3620.04,3593.6,3643.95,3589.36,4238514.0
2021-12-21,3591.45,3625.13,3627.09,3591.45,4081843.0
2021-12-22,3632.68,3622.62,3635.9,3616.55,3948251.0
2021-12-23,3625.47,3643.34,3643.55,3618.05,3829257.0
2021-12-24,3645.39,3618.05,3648.96,3612.07,3903476.0
2021-12-27,3613.05,3615.97,3632.19,3601.94,3292353.0
2021-12-28,3619.64,3630.11,3631.08,3607.36,3162022.0
2021-12-29,3630.92,3597.0,3630.92,3596.32,3051317.0
2021-12-30,3596.49,3619.19,3628.92,3595.5,3078393.0
2021-12-31,3626.24,3639.78,3642.84,3624.94,3296819.0
2022-01-04,3649.15,3632.33,3651.89,3610.09,4050277.0
2022-01-05,3628.26,3595.18,3628.26,3583.47,4239020.0
2022-01-06,3581.22,3586.08,3594.49,3559.88,3715405.0
2022-01-07,3588.99,3579.54,3607.23,3577.1,4363070.0
2022-01-10,3572.74,3593.52,3593.52,3555.13,3562226.0
2022-01-11,3589.9,3567.44,3602.15,3562.75,3597618.0
2022-01-12,3578.16,3597.43,3599.5,3572.1,3431329.0
2022-01-13,3601.03,3555.26,3601.07,3555.16,3693683.0
2022-01-14,3544.07,3521.26,3548.42,3519.32,3769370.0
2022-01-17,3522.09,3541.67,3546.09,3519.43,3128867.0
2022-01-18,3541.89,3569.91,3579.31,3531.33,3771464.0
2022-01-19,3567.63,3558.18,3578.73,3541.66,3332352.0
2022-01-20,3556.23,3555.06,3576.26,3540.55,3795098.0
2022-01-21,3546.75,3522.57,3547.0,3514.89,3265348.0
2022-01-24,3508.24,3524.11,3531.61,3500.14,2802683.0
2022-01-25,3509.28,3433.06,3519.83,3433.06,3273538.0
2022-01-26,3442.69,3455.67,3462.12,3417.76,2751228.0
2022-01-27,3456.1,3394.25,3456.36,3392.02,2806065.0
2022-01-28,3407.59,3361.44,3417.05,3356.56,2908552.0
2022-02-07,3407.76,3429.58,3434.03,3407.76,3204852.0
2022-02-08,3428.54,3452.63,3453.19,3390.46,3660938.0
2022-02-09,3450.82,3479.95,3484.74,3444.08,3502499.0
2022-02-10,3481.91,3485.91,3488.86,3464.22,3556662.0
2022-02-11,3472.28,3462.95,3500.15,3459.33,3613561.0
2022-02-14,3451.85,3428.88,3457.26,3415.45,3152744.0
2022-02-15,3428.04,3446.09,3447.49,3421.64,2755593.0
2022-02-16,3457.07,3465.83,3475.06,3453.8,2749939.0
2022-02-17,3464.21,3468.04,3480.97,3454.28,2972627.0
2022-02-18,3451.63,3490.76,3490.76,3447.03,2951499.0
2022-02-21,3488.41,3490.61,3492.2,3471.69,3015417.0
2022-02-22,3473.29,3457.15,3473.39,3437.67,3262795.0
2022-02-23,3458.51,3489.15,3490.76,3458.18,3256049.0
2022-02-24,3474.37,3429.96,3486.98,3400.21,4883549.0
2022-02-25,3445.34,3451.41,3480.18,3440.93,3775425.0
2022-02-28,3450.32,3462.31,3462.31,3425.52,3458384.0
2022-03-01,3471.36,3488.83,3491.13,3465.72,3260016.0
2022-03-02,3478.29,3484.19,3486.62,3467.0,3293676.0
2022-03-03,3495.93,3481.11,3500.29,3473.34,4125943.0
2022-03-04,3459.98,3447.65,3474.88,3437.7,3935266.0
2022-03-07,3438.56,3372.86,3438.56,3360.74,3935890.0
2022-03-08,3372.55,3293.53,3383.63,3287.34,4159267.0
2022-03-09,3303.71,3256.39,3321.48,3147.68,4662855.0
2022-03-10,3312.18,3296.09,3326.58,3291.24,3783363.0
2022-03-11,3259.32,3309.75,3315.66,3217.42,3840671.0
2022-03-14,3271.89,3223.53,3297.8,3223.53,3379686.0
2022-03-15,3192.36,3063.97,3196.92,3063.97,4650371.0
2022-03-16,3107.67,3170.71,3177.79,3023.3,4446672.0
